expression,reading,meaningChinese,partOfSpeech,exampleJapanese,exampleChinese,jlptLevel,tags
"昭和","しょうわ","（日本年号）昭和","名词","昭和初期の風俗","昭和初期的风俗","N1","eggrolls;N1中频;原词性:名;音调:⓪①"
"班","はん","组","名词/造语成分","三つの班に分かれる","分成三个小组","N1","eggrolls;N1中频;原词性:名・造;音调:①"
"高名","こうめい","著名，有名；大名","名词","高名な学者","著名的学者","N1","eggrolls;N1低频;原词性:名;音调:⓪①"
"うやむや","うやむや","含糊，暧昧","な形容词","問題がうやむやになる","问题不了了之","N1","eggrolls;N1低频;原词性:ナ形;音调:⓪;オノマトペ"
"一握り","ひとにぎり","一把，少量，一小撮；轻易捏碎，轻松击败","名词","一握りの米","一把米","N1","eggrolls;N1低频;原词性:名;音调:②③"
"頻発","ひんぱつ","频发，屡次发生","名词/サ变动词","鉱山事故が頻発する","矿难频发","N1","eggrolls;N1低频;原词性:名・自動3;音调:⓪"
"悪循環","あくじゅんかん","恶性循环","名词","悪循環を引き起こす","引起恶性循环","N1","eggrolls;N1低频;原词性:名;音调:③"
"イギリス","イギリス","英国","名词","イギリスの首都ロンドン","英国首都伦敦","N1","eggrolls;N1低频;原词性:名;音调:⓪;カタカナ語"
"オーストラリア","オーストラリア","澳大利亚","名词","豪州","澳大利亚","N1","eggrolls;N1低频;原词性:名;音调:⑤;カタカナ語"
"すき焼き","すきやき","寿喜烧","名词","すき焼きには柔らかい上等の肉を使う","寿喜烧要用柔嫩的上等肉","N1","eggrolls;N1低频;原词性:名;音调:⓪"
"ずらり","ずらり","（人或物）排列状","副词","ずらりと並べる","摆成一排","N1","eggrolls;N1中频;原词性:副;音调:②;オノマトペ"
"ちらり","ちらり","（稍微看到）一闪，一晃；（稍微听到）略微，偶尔","副词","ちらり見える","隐约可见","N1","eggrolls;N1低频;原词性:副;音调:②;オノマトペ"
"レコード","レコード","纪录；唱片","名词","レコードを破る","打破纪录","N1","eggrolls;N1中频;原词性:名;音调:①②;カタカナ語"
"魚屋","さかなや","鱼店，水产店","名词","魚屋を営む","经营鱼店","N1","eggrolls;N1低频;原词性:名;音调:⓪"
"銀","ぎん","银；银色","名词","銀メダル","银牌；银质奖章","N1","eggrolls;N1低频;原词性:名;音调:①"
"先々週","せんせんしゅう","上上周","名词","再来週","下下周","N1","eggrolls;N1低频;原词性:名;音调:⓪③"
"大学院生","だいがくいんせい","硕士生","名词","学校は今年も20名の大学院生を受け入れた","学校今年又收了二十名研究生","N1","eggrolls;N1中频;原词性:名;音调:⑤"
"露","つゆ","露水；短暂，无常","名词","露が降りる","下露水","N1","eggrolls;N1低频;原词性:名;音调:①"
"グレー","グレー","灰色","名词","グレーのスーツ","灰色西装","N1","eggrolls;N1中频;原词性:名;音调:②;カタカナ語"
"ゲート","ゲート","大门","名词","空港のゲート","机场的登机口","N1","eggrolls;N1低频;原词性:名;音调:①;カタカナ語"
"サンドイッチ","サンドイッチ","三明治；（比喻）被夹在中间","名词","今日のお昼はサンドイッチです","今天的午餐是三明治","N1","eggrolls;N1低频;原词性:名;音调:④;カタカナ語"
"テント","テント","帐篷","名词","テント1張","一顶帐篷","N1","eggrolls;N1低频;原词性:名;音调:①;カタカナ語"
"延び延び","のびのび","拖拖拉拉","な形容词/名词","返事が延び延びになる","回信一拖再拖","N1","eggrolls;N1低频;原词性:ナ形・名;音调:⓪;オノマトペ"
"ぱらぱら","ぱらぱら","（雨滴、眼泪等较轻的颗粒状物体）连续掉落状①；快速翻页时发出的声音①；稀稀落落⓪","副词","小雨がぱらぱら降っている","淅淅沥沥地下着小雨","N1","eggrolls;N1低频;原词性:副;音调:①⓪;オノマトペ"
"ボーイフレンド","ボーイフレンド","男朋友；男性朋友","名词","彼女はボーイフレンドができた","她有了男朋友","N1","eggrolls;N1低频;原词性:名;音调:⑤;カタカナ語"
"わさび","わさび","绿芥末；山葵，辣根","名词","わさびしょうゆで食べる","蘸芥末酱油吃","N1","eggrolls;N1低频;原词性:名;音调:①"
"遺産","いさん","遗产","名词","遺産相続","遗产继承","N1","eggrolls;N1低频;原词性:名;音调:⓪"
"下宿","げしゅく","寄宿，租房间住，供膳宿的公寓","名词/サ变动词","賄い付きの下宿に転宿する","搬到附伙食的寄宿处","N1","eggrolls;N1低频;原词性:名・自動3;音调:⓪"
"下着","したぎ","内衣","名词","インナー","内衣","N1","eggrolls;N1低频;原词性:名;音调:⓪"
"化学","かがく","化学","名词","化学の実験","化学实验","N1","eggrolls;N1高频;原词性:名;音调:①"
"歌舞伎","かぶき","歌舞伎","名词","歌舞伎役者","歌舞伎演员","N1","eggrolls;N1中频;原词性:名;音调:⓪"
"各種","かくしゅ","各种，各样","名词","各種各様","各种各样","N1","eggrolls;N1高频;原词性:名;音调:①"
"渇く","かわく","渴；渴望","动词/自动词/五段动词","喉が渇く","口渴","N1","eggrolls;N1低频;原词性:自動1;音调:②"
"岸","きし","岸，岸边","名词","海の岸","海岸","N1","eggrolls;N1低频;原词性:名;音调:②"
"気が付く","きがつく","注意到，发觉；清醒过来，苏醒过来","成句","彼だっていずれは気が付くだろう","他早晚也会察觉的吧","N1","eggrolls;N1低频;原词性:成句"
"叫ぶ","さけぶ","大声呼喊；呼吁，主张","动词/他动词/五段动词","大声で叫ぶ","大声喊","N1","eggrolls;N1高频;原词性:他動1;音调:②"
"堅い","かたい","牢固的；肯定的；可靠的","い形容词","うちのチームの優勝は堅い","我们队肯定夺冠","N1","eggrolls;N1低频;原词性:イ形;音调:⓪"
"研究員","けんきゅういん","研究员","名词","アメリカの大学から研究員として2年間招かれた","被美国的大学招聘为研究员，工作了两年","N1","eggrolls;N1中频;原词性:名;音调:③"
"語彙","ごい","词汇","名词","語彙の乏しい人","词汇贫乏的人","N1","eggrolls;N1低频;原词性:名;音调:①"
"航空券","こうくうけん","机票","名词","航空券を予約する","订机票","N1","eggrolls;N1低频;原词性:名;音调:③"
"最古","さいこ","最早，最古老","名词","現存する最古の建築","现存的最古老的建筑","N1","eggrolls;N1中频;原词性:名;音调:①"
"三角","さんかく","三角，三角形","な形容词/名词","三角関係","三角关系","N1","eggrolls;N1低频;原词性:ナ形・名;音调:①"
"紙くず","かみくず","纸屑，废纸","名词","落ちている紙くずを拾う","捡起掉在地上的纸屑","N1","eggrolls;N1低频;原词性:名;音调:③"
"事項","じこう","项目，事项","名词","注意事項","注意事项","N1","eggrolls;N1高频;原词性:名;音调:①⓪"
"主","おも","主要的，重点的","な形容词","主な内容","主要内容","N1","eggrolls;N1低频;原词性:ナ形;音调:①"
"女房","にょうぼう","（自己的）妻子，老婆","名词","家内","老婆，妻子","N1","eggrolls;N1低频;原词性:名;音调:①"
"小便","しょうべん","小便","名词/サ变动词","小便を我慢する","憋尿","N1","eggrolls;N1低频;原词性:名・自動3;音调:③"
"焼肉","やきにく","烤肉","名词","焼肉屋","烤肉店","N1","eggrolls;N1低频;原词性:名;音调:⓪"
"赤字","あかじ","赤字，亏空","名词","財政赤字","财政赤字","N1","eggrolls;N1中频;原词性:名;音调:⓪"
"先年","せんねん","前几年","名词","先年書いた論文が今ごろ話題になっている","前些年写的论文最近成为了话题","N1","eggrolls;N1低频;原词性:名;音调:⓪"
"扇風機","せんぷうき","电风扇","名词","扇風機の羽根","电风扇的叶片","N1","eggrolls;N1低频;原词性:名;音调:③"
"存じる","ぞんじる","想，打算，认为；知道，认识","动词/他动词/一段动词","たいへん結構だと存じます","我认为很好","N1","eggrolls;N1低频;原词性:他動2;音调:⓪③"
"大地","だいち","大地","名词","光が大地を照らす","阳光普照大地","N1","eggrolls;N1中频;原词性:名;音调:①"
"淡い","あわい","浅的，淡的；些微","い形容词","淡い色の服","浅色衣服","N1","eggrolls;N1高频;原词性:イ形;音调:②"
"暖める","あたためる","弄暖和","动词/他动词/一段动词","部屋を暖める","把房间弄暖和","N1","eggrolls;N1低频;原词性:他動2;音调:④"
"地理","ちり","地理；地理情况","名词","得意な科目は地理だ","最拿手的科目是地理","N1","eggrolls;N1低频;原词性:名;音调:①"
"長ねぎ","ながねぎ","葱，大葱","名词","玉ねぎ","洋葱","N1","eggrolls;N1低频;原词性:名;音调:⓪"
"通じる","つうじる","通；理解；弄通；通过，经过","动词/自他动词/一段动词","電話が通じる","通电话","N1","eggrolls;N1中频;原词性:自他動2;音调:⓪"
"島々","しまじま","群岛；各个岛屿","名词","日本は多くの島々からなっている","日本是由许多岛屿构成的","N1","eggrolls;N1低频;原词性:名;音调:②"
"年賀状","ねんがじょう","贺年卡","名词","年賀状を書く","写贺年片","N1","eggrolls;N1中频;原词性:名;音调:③⓪"
"麦","むぎ","麦，麦子","名词","麦を刈り取る","割麦子；收麦子","N1","eggrolls;N1低频;原词性:名;音调:①"
"髭","ひげ","胡子；（动物的）须","名词","髭を生やす","留胡子","N1","eggrolls;N1低频;原词性:名;音调:⓪"
"編み物","あみもの","编织物，编织；毛线活","名词","手先の器用な人は編み物がうまい","手巧的人很擅长编织","N1","eggrolls;N1低频;原词性:名;音调:②"
"夜景","やけい","夜景","名词","ビルの屋上から夜景を楽しむ","在楼顶观赏夜景","N1","eggrolls;N1中频;原词性:名;音调:⓪"
"有名人","ゆうめいじん","名人","名词","有名人にあやかる","沾名人的光","N1","eggrolls;N1中频;原词性:名;音调:③"
"イコール","イコール","等于；等号","名词","AイコールB","A等于B","N1","eggrolls;N1低频;原词性:名;音调:②;カタカナ語"
"いたずら","いたずら","捉弄，恶作剧","な形容词/名词/サ变动词","運命のいたずら","命运的捉弄","N1","eggrolls;N1高频;原词性:ナ形・名・自他動3;音调:⓪"
"イヤリング","イヤリング","耳环","名词","イヤリングをつける","戴耳环","N1","eggrolls;N1低频;原词性:名;音调:①;カタカナ語"
"かわいがる","かわいがる","喜爱，疼爱","动词/他动词/五段动词","孫をかわいがる","宠爱孙子","N1","eggrolls;N1低频;原词性:他動1;音调:④"
"こっそり","こっそり","悄悄地，偷偷地","副词","こっそりと出ていく","偷偷地走出去","N1","eggrolls;N1高频;原词性:副;音调:③;オノマトペ"
"スマート","スマート","潇洒，俊俏，苗条；高性能，尖端","な形容词","スマートな体つき","苗条的身材","N1","eggrolls;N1高频;原词性:ナ形;音调:②;カタカナ語"
"ゼミナール","ゼミナール","（大学）研讨会","名词","佐藤教授のゼミナールにいます","在佐藤教授的研究班里学习","N1","eggrolls;N1低频;原词性:名;音调:③;カタカナ語"
"ダブル","ダブル","双重的，双倍的","名词","ダブルベッド","双人床","N1","eggrolls;N1低频;原词性:名;音调:①;カタカナ語"
"だます","だます","欺骗；哄","动词/他动词/五段动词","人をだます","骗人","N1","eggrolls;N1高频;原词性:他動1;音调:②"
"ためる","ためる","积攒；积压","动词/他动词/一段动词","お金をためる","攒钱","N1","eggrolls;N1低频;原词性:他動2;音调:⓪"
"チャイム","チャイム","（打击乐器的一种）组钟；门铃；钟声，铃声","名词","ドアチャイム","门铃","N1","eggrolls;N1低频;原词性:名;音调:①;カタカナ語"
"ドライヤー","ドライヤー","吹风机","名词","ドライヤーで髪を乾かす","用吹风机吹干头发","N1","eggrolls;N1低频;原词性:名;音调:⓪②;カタカナ語"
"パック","パック","打包，包装；做面膜；（「パックツアー」の略）包价旅行","サ变动词/名词","真空パック","真空包装","N1","eggrolls;N1中频;原词性:他動3・名;音调:①;カタカナ語"
"はめる","はめる","镶嵌，戴上；引诱","动词/他动词/一段动词","指輪をはめる","戴上戒指","N1","eggrolls;N1低频;原词性:他動2;音调:⓪"
"へこむ","へこむ","凹下，瘪；无精打采；吃亏","动词/自动词/五段动词","ボールがへこむ","球瘪了","N1","eggrolls;N1低频;原词性:自動1;音调:⓪"
"ボーナス","ボーナス","奖金","名词","社員に特別ボーナスが支給された","给职工发了特别奖金","N1","eggrolls;N1高频;原词性:名;音调:①;カタカナ語"
"まとまる","まとまる","归纳；谈妥；凑齐","动词/自动词/五段动词","この論文はよくまとまっている","这篇论文归纳得很好","N1","eggrolls;N1高频;原词性:自動1;音调:⓪"
"ものすごい","ものすごい","可怕的；猛烈的","い形容词","ものすごい顔つき","可怕的表情","N1","eggrolls;N1高频;原词性:イ形;音调:④"
"宛名","あてな","收信人姓名（地址）","名词","手紙が宛名不明で戻ってくる","信件因为收件人姓名不清楚退了回来","N1","eggrolls;N1低频;原词性:名;音调:⓪"
"以後","いご","（在某时期）以后，之后；今后","名词","明治以後の文化","明治以后的文化","N1","eggrolls;N1高频;原词性:名;音调:①"
"援助","えんじょ","援助，支援","名词/サ变动词","資金を援助する","援助资金","N1","eggrolls;N1中频;原词性:名・他動3;音调:①"
"応対","おうたい","应对，接待，应酬","名词/サ变动词","電話の応対","电话应答","N1","eggrolls;N1中频;原词性:名・自動3;音调:⓪①"
"下水","げすい","脏水；下水道","名词","下水処理","污水处理","N1","eggrolls;N1中频;原词性:名;音调:⓪"
"火山","かざん","火山","名词","火山が噴火する","火山喷发","N1","eggrolls;N1低频;原词性:名;音调:①"
"いじめる","いじめる","欺负，虐待","动词/他动词/一段动词","弱い者をいじめる","欺负弱者","N1","eggrolls;N1低频;原词性:他動2;音调:⓪"
"蚊","か","蚊子","名词","蚊に刺されてかゆい","被蚊子叮了，好痒","N1","eggrolls;N1高频;原词性:名;音调:⓪"
"会館","かいかん","（集会和活动的场所）会馆","名词","市民会館","市民会馆","N1","eggrolls;N1中频;原词性:名;音调:⓪"
"外科","げか","外科","名词","形成外科","整形外科","N1","eggrolls;N1中频;原词性:名;音调:⓪"
"学費","がくひ","学费","名词","アルバイトをして学費を稼ぐ","打工挣学费","N1","eggrolls;N1低频;原词性:名;音调:⓪"
"刈る","かる","割，剪","动词/他动词/五段动词","草を刈る","割草","N1","eggrolls;N1低频;原词性:他動1;音调:⓪"
"関西","かんさい","关西地区","名词","関西弁","关西方言","N1","eggrolls;N1低频;原词性:名;音调:①"
"及ぼす","およぼす","波及，带来，牵涉","动词/他动词/五段动词","影響を及ぼす","带来影响","N1","eggrolls;N1高频;原词性:他動1;音调:③⓪"
"近寄る","ちかよる","靠近；亲近","动词/自动词/五段动词","プールに近寄るな","不要靠近游泳池","N1","eggrolls;N1中频;原词性:自動1;音调:③⓪"
"空","から","空；身上什么都没有；只有形式没有实质内容","名词/接头词","空の箱","空箱子","N1","eggrolls;N1低频;原词性:名・接頭;音调:②"
"隙","すき","空隙；闲暇；漏洞","名词","雨戸の隙から光が漏れてくる","阳光透过窗板缝射进来","N1","eggrolls;N1中频;原词性:名;音调:⓪"
"欠勤","けっきん","缺勤，请假","名词/サ变动词","病気で会社を欠勤する","因病请假不上班","N1","eggrolls;N1中频;原词性:名・自動3;音调:⓪"
"見かけ","みかけ","外观，外貌","名词","人は見かけによらぬもの","人不可貌相","N1","eggrolls;N1高频;原词性:名;音调:⓪"
"言い換える","いいかえる","换句话说，换种说法；重新说","动词/他动词/一段动词","わかりやすく言い換える","换个通俗易懂的说法","N1","eggrolls;N1中频;原词性:他動2;音调:③④"
"交際","こうさい","交往，应酬","名词/サ变动词","交際が広い","交际广","N1","eggrolls;N1中频;原词性:名・自動3;音调:⓪"
"公害","こうがい","公害","名词","産業公害","工业公害；工业污染","N1","eggrolls;N1低频;原词性:名;音调:⓪"
"口癖","くちぐせ","口头禅","名词","口癖になる","成为口头禅","N1","eggrolls;N1低频;原词性:名;音调:⓪"
"広める","ひろめる","扩大（抽象的范围）；普及，推广","动词/他动词/一段动词","知識を広める","扩大知识面","N1","eggrolls;N1高频;原词性:他動2;音调:③"
"国籍","こくせき","国籍","名词","日本国籍を取得する","取得日本国籍","N1","eggrolls;N1低频;原词性:名;音调:⓪"
"砕ける","くだける","破碎，粉碎；受挫折","动词/自动词/一段动词","氷が砕ける","冰块碎裂","N1","eggrolls;N1低频;原词性:自動2;音调:③"
"罪","つみ","犯罪，罪过","名词","罪を犯す","犯罪","N1","eggrolls;N1低频;原词性:名;音调:①"
"殺す","ころす","杀；忍住","动词/他动词/五段动词","人を殺す","杀人","N1","eggrolls;N1低频;原词性:他動1;音调:⓪"
"惨め","みじめ","凄惨，悲惨","な形容词","惨めな生活","凄惨的生活","N1","eggrolls;N1中频;原词性:ナ形;音调:①"
"私立","しりつ","私立","名词","私立大学","私立大学","N1","eggrolls;N1低频;原词性:名;音调:①"
"資金","しきん","资金","名词","結婚資金をためる","积攒结婚资金","N1","eggrolls;N1高频;原词性:名;音调:②①"
"失業","しつぎょう","失业","名词/サ变动词","会社がつぶれて彼は失業した","公司倒闭，他失业了","N1","eggrolls;N1中频;原词性:名・自動3;音调:⓪"
"失恋","しつれん","失恋","名词/サ变动词","失恋に泣く娘","因失恋哭泣的姑娘","N1","eggrolls;N1中频;原词性:名・自動3;音调:⓪"
"住居","じゅうきょ","住所，住宅","名词/サ变动词","他人の住居に侵入する","侵入他人住宅","N1","eggrolls;N1中频;原词性:名・自動3;音调:①"
"祝日","しゅくじつ","节日","名词","祝日を祝う","庆祝节日","N1","eggrolls;N1中频;原词性:名;音调:⓪"
"傷める","いためる","使损坏，弄伤","动词/他动词/一段动词","果物を傷めないように緩衝材を入れる","为了不损伤水果塞进缓冲材料","N1","eggrolls;N1低频;原词性:他動2;音调:③"
"賞味期限","しょうみきげん","品尝期限，有效期","名词","賞味期限が切れたインスタント麺","过期泡面","N1","eggrolls;N1中频;原词性:名;音调:④"
"蒸気","じょうき","蒸汽；水蒸气","名词","蒸気機関","蒸汽机","N1","eggrolls;N1高频;原词性:名;音调:①"
"尻尾","しっぽ","尾巴；末端","名词","尻尾を巻いて逃げる","夹起尾巴逃跑","N1","eggrolls;N1中频;原词性:名;音调:③"
"真っ赤","まっか","通红，鲜红；纯粹","名词/な形容词","真っ赤な太陽","通红的太阳","N1","eggrolls;N1低频;原词性:名・ナ形;音调:③"
"人事","じんじ","人事；人世间的事","名词","人事異動","人事变动","N1","eggrolls;N1高频;原词性:名;音调:①"
"水蒸気","すいじょうき","水蒸气","名词","沸騰したやかんから水蒸気が盛んに出る","水蒸气从开水壶里腾腾地冒出来","N1","eggrolls;N1中频;原词性:名;音调:③"
"祖先","そせん","祖先","名词","人類の祖先","人类的祖先","N1","eggrolls;N1高频;原词性:名;音调:①"
"組合","くみあい","公会，行会，合作社；工会","名词","信用組合","信用合作社","N1","eggrolls;N1中频;原词性:名;音调:⓪"
"霜","しも","霜","名词","霜が降りる","降霜","N1","eggrolls;N1低频;原词性:名;音调:②"
"足首","あしくび","脚踝","名词","足首をくじいた","把脚踝扭了","N1","eggrolls;N1中频;原词性:名;音调:③②"
"対照","たいしょう","相互对照；对比","名词/サ变动词","原文と訳文を対照する","对照原文与译文","N1","eggrolls;N1中频;原词性:名・他動3;音调:⓪"
"怠ける","なまける","懒惰，怠惰","动词/自他动词/一段动词","仕事を怠ける","工作懒惰；玩忽职守","N1","eggrolls;N1低频;原词性:自他動2;音调:③"
"大気","たいき","大气","名词","大気圧","大气压，气压","N1","eggrolls;N1中频;原词性:名;音调:①"
"大工","だいく","木匠，木工","名词","日曜大工","星期天干木匠活；业余木匠","N1","eggrolls;N1低频;原词性:名;音调:①"
"大陸","たいりく","大陆","名词","南アメリカ大陸","南美洲大陆","N1","eggrolls;N1低频;原词性:名;音调:⓪①"
"中年","ちゅうねん","（40至50岁）中年","名词","少年","少年；（法律上）二十岁未满的人","N1","eggrolls;N1低频;原词性:名;音调:⓪"
"頂戴","ちょうだい","接受；吃，喝；请给","名词/サ变动词","賞状を頂戴する","领到奖状","N1","eggrolls;N1高频;原词性:名・他動3;音调:③⓪"
"爪","つめ","指甲；爪子","名词","爪が伸びた","指甲长了","N1","eggrolls;N1低频;原词性:名;音调:⓪"
"天然","てんねん","天然，自然","な形容词/名词","天然果汁100%","百分之百的纯果汁","N1","eggrolls;N1高频;原词性:ナ形・名;音调:⓪"
"転がる","ころがる","滚；倒下，躺下；到处都是","动词/自动词/五段动词","ボールが転がる","球滚动着","N1","eggrolls;N1高频;原词性:自動1;音调:⓪"
"電線","でんせん","电线，电缆","名词","海底電線","海底电缆","N1","eggrolls;N1低频;原词性:名;音调:⓪"
"統計","とうけい","统计","名词/サ变动词","統計を取る","进行统计","N1","eggrolls;N1高频;原词性:名・他動3;音调:⓪"
"燃やす","もやす","燃烧；激发","动词/他动词/五段动词","落ち葉を燃やす","烧落叶","N1","eggrolls;N1低频;原词性:他動1;音调:⓪"
"農村","のうそん","农村","名词","過疎化が進む農村","人口持续外流的农村","N1","eggrolls;N1低频;原词性:名;音调:⓪"
"農民","のうみん","农民","名词","農民一揆","农民起义","N1","eggrolls;N1低频;原词性:名;音调:⓪"
"犯す","おかす","违反；犯罪","动词/他动词/五段动词","規則を犯す","违反规则","N1","eggrolls;N1中频;原词性:他動1;音调:②⓪"
"犯罪","はんざい","犯罪","名词","犯罪を犯す","犯罪","N1","eggrolls;N1中频;原词性:名;音调:⓪"
"肘","ひじ","肘，肘关节","名词","肘を曲げる","曲肘；弯胳膊","N1","eggrolls;N1低频;原词性:名;音调:②"
"不幸","ふこう","不幸；委婉地表示亲人去世","名词/な形容词","不幸を招く","招致不幸","N1","eggrolls;N1高频;原词性:名・ナ形;音调:②"
"不注意","ふちゅうい","不小心，疏忽","名词/な形容词","不注意から事故を起こす","因为不小心而引发事故","N1","eggrolls;N1中频;原词性:名・ナ形;音调:②"
"沸かす","わかす","烧开；使……沸腾","动词/他动词/五段动词","お湯を沸かす","烧水","N1","eggrolls;N1低频;原词性:他動1;音调:⓪"
"捕まる","つかまる","被捉住；抓住，拽住","动词/自动词/五段动词","犯人が捕まった","犯人被逮住了","N1","eggrolls;N1低频;原词性:自動1;音调:⓪"
"暮れる","くれる","天黑；年终","动词/自动词/一段动词","日が暮れる","天黑了","N1","eggrolls;N1低频;原词性:自動2;音调:⓪"
"坊ちゃん","ぼっちゃん","令郎；小男孩，少爷","名词","坊ちゃん、これをあげるよ","少爷，这个给你","N1","eggrolls;N1低频;原词性:名;音调:①"
"防止","ぼうし","防止","名词/サ变动词","交通事故を防止する","防止交通事故的发生","N1","eggrolls;N1高频;原词性:名・他動3;音调:⓪"
"味見","あじみ","尝味道，尝咸淡","名词/サ变动词","料理の味見をする","尝菜的味道","N1","eggrolls;N1低频;原词性:名・他動3;音调:⓪③"
"霧","きり","雾；喷雾","名词","霧が晴れる","雾消","N1","eggrolls;N1低频;原词性:名;音调:⓪"
"名詞","めいし","名词","名词","固有名詞","固有名词；专有名词","N1","eggrolls;N1低频;原词性:名;音调:⓪"
"裸","はだか","裸体；裸露","名词","服を脱いで裸になる","脱光衣服","N1","eggrolls;N1中频;原词性:名;音调:⓪"
"列島","れっとう","列岛，群岛","名词","日本列島","日本列岛","N1","eggrolls;N1低频;原词性:名;音调:⓪"
"朗らか","ほがらか","开朗，（声音）爽朗；晴朗","な形容词","朗らかに笑う","爽朗地笑","N1","eggrolls;N1低频;原词性:ナ形;音调:②"
"隻","せき","……只，……艘","接尾词","船1隻","一艘船","N1","eggrolls;N1低频;原词性:接尾"
"殿","どの","……先生，……女士，……台启","接尾词","（手紙で）人事課長殿","人事科长台启","N1","eggrolls;N1低频;原词性:接尾"
"額","がく","……金额","名词","目標額","目标额","N1","eggrolls;N1高频;原词性:名;音调:⓪"
"いじめ","いじめ","（校园）暴力，欺负，霸凌","名词","いじめ事件が起こった","发生了欺凌事件","N1","eggrolls;N1低频;原词性:名;音调:⓪"
"ウィンドー","ウィンドー","窗户；橱窗","名词","ショーウィンドーに服を飾る","橱窗中展示着衣服","N1","eggrolls;N1低频;原词性:名;音调:②⓪;カタカナ語"
"がたがた","がたがた","（硬物相互接触的）咔嗒咔嗒①；(因为害怕或寒冷）哆哆嗦嗦地⓪","副词/サ变动词","部屋の中で何かがたがたしている","屋子里有什么东西喀哒喀哒响","N1","eggrolls;N1低频;原词性:副・自動3;音调:①⓪;オノマトペ"
"癌","がん","癌症；祸害","名词","父は胃がんで死んだ","父亲死于胃癌","N1","eggrolls;N1高频;原词性:名;音调:①"
"こたつ","こたつ","被炉，暖炉","名词","こたつに入る","把腿伸进被炉里取暖","N1","eggrolls;N1中频;原词性:名;音调:⓪"
"サイエンス","サイエンス","科学，自然科学","名词","サイエンス・フィクション","科学幻想，科幻","N1","eggrolls;N1中频;原词性:名;音调:①;カタカナ語"
"ざっくり","ざっくり","（织物的质地、手感）粗糙；（用力切开、劈开）咔嚓；裂成大块或裂口很深的样子；（讨论）粗略","副词/サ变动词","ざっくりした織物","织得不密实的织品","N1","eggrolls;N1低频;原词性:副・自動3;音调:③;オノマトペ"
"サラダ油","さらだゆ","色拉油","名词","サラダあぶら・サラダオイル","色拉油","N1","eggrolls;N1低频;原词性:名;音调:③;カタカナ語"
"しっくり","しっくり","（事物、人心等）合适，符合，融洽","副词/サ变动词","スーツにしっくりと合ったネクタイ","与西装十分相配的领带","N1","eggrolls;N1低频;原词性:副・自動3;音调:③;オノマトペ"
"すくすく","すくすく","（植物、孩子等长得快）噌噌","副词","子どもがすくすくと育つ","孩子茁壮成长","N1","eggrolls;N1低频;原词性:副;音调:②①;オノマトペ"
"ため息","ためいき","叹气，长吁短叹","名词","ため息をつく","叹气","N1","eggrolls;N1低频;原词性:名;音调:③"
"バンド","バンド","带子；腰带；乐队","名词","ヘアバンド","发带","N1","eggrolls;N1中频;原词性:名;音调:⓪;カタカナ語"
"ブラウス","ブラウス","女式罩衫，衬衫","名词","白いブラウスに紺のスカート","白衬衫配深蓝裙子","N1","eggrolls;N1低频;原词性:名;音调:②;カタカナ語"
"ぷりぷり","ぷりぷり","（肉）结实而有弹力⓪；生气不开心状①","副词/サ变动词","ぷりぷりした魚","（肉紧绷绷的）新鲜鱼","N1","eggrolls;N1低频;原词性:副・自動3;音调:①⓪;オノマトペ"
"ベビーカー","ベビーカー","婴儿车","名词","乳母車","婴儿车","N1","eggrolls;N1中频;原词性:名;音调:②;カタカナ語"
"もくもく","もくもく","（浓烟、浓雾等）滚滚状","副词","煙がもくもくと出る","滚滚地冒烟","N1","eggrolls;N1低频;原词性:副;音调:①;オノマトペ"
"もむ","もむ","揉；按摩；挤；讨论；担心","动词/他动词/五段动词","肩をもむ","按摩肩膀","N1","eggrolls;N1中频;原词性:他動1;音调:⓪"
"よだれ","よだれ","口水","名词","よだれを垂らす","流口水；垂涎","N1","eggrolls;N1低频;原词性:名;音调:⓪"
"安静","あんせい","（病人）静养","な形容词/名词","絶対安静が必要だ","必须保持绝对静养","N1","eggrolls;N1低频;原词性:ナ形・名;音调:⓪"
"一周","いっしゅう","一周；周游","名词/サ变动词","世界一周","环游世界","N1","eggrolls;N1中频;原词性:名・自動3;音调:⓪"
"一方通行","いっぽうつうこう","单向通行；只传达单方面的意见","名词","一方通行の道路","单行路","N1","eggrolls;N1低频;原词性:名;音调:⑤"
"引き起こす","ひきおこす","引起；扶起","动词/他动词/五段动词","戦争を引き起こす","引发战争","N1","eggrolls;N1高频;原词性:他動1;音调:④"
"運行","うんこう","运行","名词/サ变动词","列車がダイヤ通りに運行する","列车准点运行","N1","eggrolls;N1中频;原词性:名・自他動3;音调:⓪"
"英文","えいぶん","（书面语）英文；英国文学","名词","英文和訳","英文日译","N1","eggrolls;N1低频;原词性:名;音调:⓪"
"延びる","のびる","（时间、距离、长度）延长；（时间）推迟","动词/自动词/一段动词","地下鉄の路線が延びる","地铁线路延长","N1","eggrolls;N1中频;原词性:自動2;音调:②"
"加工","かこう","加工","名词/サ变动词","石を建築材に加工する","将石头加工成建筑材料","N1","eggrolls;N1高频;原词性:名・他動3;音调:⓪"
"家屋","かおく","房屋，住房","名词","木造家屋","木造房屋","N1","eggrolls;N1中频;原词性:名;音调:①"
"家畜","かちく","家畜","名词","家畜を飼う","饲养家畜","N1","eggrolls;N1中频;原词性:名;音调:⓪"
"我","われ","自己，自身","名词","我に返る","清醒过来，醒悟","N1","eggrolls;N1低频;原词性:名;音调:①"
"画質","がしつ","画质","名词","高画質テレビ","高清电视","N1","eggrolls;N1低频;原词性:名;音调:⓪"
"解答","かいとう","解答，答案","名词/サ变动词","まちがった解答","错误的解答","N1","eggrolls;N1低频;原词性:名・自動3;音调:⓪"
"外貨","がいか","外币；进口货","名词","外貨を獲得する","赚外汇","N1","eggrolls;N1低频;原词性:名;音调:①"
"核","かく","核，核心；核武器","名词","クルミの核","核桃仁","N1","eggrolls;N1中频;原词性:名;音调:①"
"学長","がくちょう","大学校长","名词","校長","小、中学校长","N1","eggrolls;N1中频;原词性:名;音调:⓪"
"幹事","かんじ","干事；组织人员，负责人","名词","幹事長","干事长","N1","eggrolls;N1中频;原词性:名;音调:①"
"缶詰","かんづめ","罐头","名词","サケの缶詰","鲑鱼罐头","N1","eggrolls;N1高频;原词性:名;音调:③④⓪"
"喜ばしい","よろこばしい","可喜的，令人高兴的","い形容词","喜ばしいニュース","令人高兴的消息","N1","eggrolls;N1高频;原词性:イ形;音调:⑤"
"喜劇","きげき","喜剧；滑稽剧","名词","喜劇を演じる","演喜剧","N1","eggrolls;N1低频;原词性:名;音调:①"
"気がかり","きがかり","挂念，担心","名词/な形容词","試験の結果が気がかりだ","担心考试的结果","N1","eggrolls;N1中频;原词性:名・ナ形;音调:②"
"起点","きてん","起点","名词","東海道の起点は日本橋です","东海道的起点是日本桥","N1","eggrolls;N1低频;原词性:名;音调:⓪"
"偽物","にせもの","冒牌货，赝品","名词","名画の偽物","名画的赝品","N1","eggrolls;N1中频;原词性:名;音调:⓪"
"叫び声","さけびごえ","叫喊声，呼声","名词","叫び声がかすかに聞こえた","微微地听到呼叫声","N1","eggrolls;N1低频;原词性:名;音调:④"
"驚かす","おどろかす","使吃惊；轰动","动词/他动词/五段动词","友だちを驚かす","吓唬朋友","N1","eggrolls;N1中频;原词性:他動1;音调:④"
"勤勉","きんべん","勤勉，勤劳，勤奋","名词/な形容词","勤勉に働く","勤奋工作","N1","eggrolls;N1中频;原词性:名・ナ形;音调:⓪"
"緊急","きんきゅう","紧急，急迫","名词/な形容词","緊急会議","紧急会议","N1","eggrolls;N1中频;原词性:名・ナ形;音调:⓪"
"近々","ちかぢか","不久，过几天","副词","近々行く予定だ","准备过几天去","N1","eggrolls;N1高频;原词性:副;音调:⓪②"
"空っぽ","からっぽ","空，空虚","名词/な形容词","空っぽの箱","空箱子","N1","eggrolls;N1低频;原词性:名・ナ形;音调:⓪"
"隅","すみ","角落","名词","部屋の隅","房间的角落","N1","eggrolls;N1高频;原词性:名;音调:①"
"形状","けいじょう","形状","名词","複雑な形状をした生物","有着复杂形状的生物","N1","eggrolls;N1中频;原词性:名;音调:⓪"
"見かける","みかける","（偶然）看见","动词/他动词/一段动词","不審な人を見かける","看到可疑的人","N1","eggrolls;N1高频;原词性:他動2;音调:⓪③"
"古代","こだい","古代","名词","古代の遺物","古代的遗物","N1","eggrolls;N1高频;原词性:名;音调:①"
"黒字","くろじ","盈余，赚钱","名词","わが社は黒字だ","我们公司是盈利的","N1","eggrolls;N1中频;原词性:名;音调:⓪"
"恨む","うらむ","恨，抱怨；遗憾，悔恨","动词/他动词/五段动词","人に恨まれる","招人恨","N1","eggrolls;N1中频;原词性:他動1;音调:②"
"差し込む","さしこむ","（「射し込む」とも）光线射入；（「挿し込む」とも）插入；绞痛","动词/自他动词/五段动词","部屋いっぱいに朝日が射し込んでいる","屋子里洒满早晨的阳光","N1","eggrolls;N1中频;原词性:自他動1;音调:③⓪"
"災難","さいなん","灾难","名词","災難を免れる","躲过灾难","N1","eggrolls;N1低频;原词性:名;音调:③"
"在住","ざいじゅう","居住","名词/サ变动词","東京在住の外国人","住在东京的外国人","N1","eggrolls;N1中频;原词性:名・自動3;音调:⓪"
"使い道","つかいみち","用法，用途","名词","金の使い道を知らない","不知道钱怎么用","N1","eggrolls;N1低频;原词性:名;音调:⓪"
"刺さる","ささる","刺，扎进；带来强烈的冲击和感动","动词/自动词/五段动词","指にとげが刺さる","手指上扎了一根刺","N1","eggrolls;N1低频;原词性:自動1;音调:②"
"指先","ゆびさき","手指尖","名词","指先が器用だ","手巧","N1","eggrolls;N1高频;原词性:名;音调:⓪④"
"歯ブラシ","はぶらし","牙刷","名词","歯ブラシで歯を磨く","用牙刷刷牙","N1","eggrolls;N1低频;原词性:名;音调:②;カタカナ語"
"寺院","じいん","寺庙","名词","寺院に詣でる","前往寺庙参拜","N1","eggrolls;N1低频;原词性:名;音调:①"
"持ち運ぶ","もちはこぶ","搬运（东西）","动词/他动词/五段动词","持ち運ぶ際ご注意ください","搬运时请注意","N1","eggrolls;N1中频;原词性:他動1;音调:④⓪"
"自然科学","しぜんかがく","自然科学","名词","理学、化学、天文学、生物学、医学などは自然科学に含まれます","自然科学包括物理科学、化学、天文学、生物学、医学等","N1","eggrolls;N1中频;原词性:名;音调:④"
"実生活","じっせいかつ","现实生活","名词","実生活に役立つ","对现实生活有用","N1","eggrolls;N1中频;原词性:名;音调:③"
"社会科学","しゃかいかがく","社会科学","名词","自然科学","自然科学","N1","eggrolls;N1低频;原词性:名;音调:④"
"弱み","よわみ","弱点，缺点","名词","弱みを握られる","被人抓住弱点","N1","eggrolls;N1低频;原词性:名;音调:③"
"弱める","よわめる","减弱，使变弱","动词/他动词/一段动词","火を弱めて20分ぐらい煮る","调成小火煮二十分钟","N1","eggrolls;N1中频;原词性:他動2;音调:③"
"主任","しゅにん","主任","名词","主任に昇格した","升为主任","N1","eggrolls;N1中频;原词性:名;音调:⓪"
"手配","てはい","筹备，安排；（为了逮捕犯人的）部署","名词/サ变动词","食事の手配をする","安排用餐","N1","eggrolls;N1高频;原词性:名・他動3;音调:①②"
"修める","おさめる","学习学问、技艺等；端正行为举止","动词/他动词/一段动词","仏道を修める","修行佛法","N1","eggrolls;N1低频;原词性:他動2;音调:③"
"重たい","おもたい","重的；沉重的","い形容词","荷物が重たい","东西重","N1","eggrolls;N1低频;原词性:イ形;音调:⓪③"
"書面","しょめん","书信；书面文件","名词","結果を書面で知らせる","结果以书面形式通知","N1","eggrolls;N1低频;原词性:名;音调:⓪①"
"昇る","のぼる","升起；晋升","动词/自动词/五段动词","月が昇る","月亮升起","N1","eggrolls;N1低频;原词性:自動1;音调:⓪"
"笑い声","わらいごえ","笑声","名词","笑い声を立てる","发出笑声","N1","eggrolls;N1中频;原词性:名;音调:④⓪"
"尻","しり","臀部，屁股；末尾，倒数；底部","名词","子どもの尻をたたく","打小孩屁股","N1","eggrolls;N1低频;原词性:名;音调:②"
"親父","おやじ","父亲；老头子；老板；头目","名词","おれも親父になった","我也当上爸爸了","N1","eggrolls;N1低频;原词性:名;音调:①⓪"
"人手","ひとで","人为，人工；人手，劳力；别人的帮忙；他人之手","名词","人手のかかっていない天然のもの","未经人工处理的天然物","N1","eggrolls;N1高频;原词性:名;音调:⓪"
"人出","ひとで","外出的人群","名词","祭りは大変な人出だった","庆典时人潮汹涌","N1","eggrolls;N1低频;原词性:名;音调:⓪"
"水温","すいおん","水温","名词","水温を調節する","调水温","N1","eggrolls;N1中频;原词性:名;音调:⓪"
"水着","みずぎ","游衣，泳装","名词","水着に着替える","换上泳衣","N1","eggrolls;N1低频;原词性:名;音调:⓪"
"炊飯器","すいはんき","炊饭锅，电饭煲","名词","電気炊飯器","电饭锅","N1","eggrolls;N1低频;原词性:名;音调:③"
"星空","ほしぞら","星空","名词","星空をあおぐ","仰望星空","N1","eggrolls;N1中频;原词性:名;音调:③⓪"
"清い","きよい","清澈；纯洁","い形容词","清く澄んだ月","清澈明净的月亮","N1","eggrolls;N1中频;原词性:イ形;音调:②"
"生まれ育つ","うまれそだつ","（在那里或那时）出生并成长","动词/自动词/五段动词","生まれ育ったこの町","生我养我的小镇","N1","eggrolls;N1中频;原词性:自動1;音调:⑤"
"生意気","なまいき","傲慢，狂妄，自大，不知天高地厚","名词/な形容词","生意気なことを言う","出言不逊","N1","eggrolls;N1低频;原词性:名・ナ形;音调:⓪"
"青少年","せいしょうねん","青少年","名词","青少年の非行防止に努める","致力于防止青少年犯罪","N1","eggrolls;N1低频;原词性:名;音调:③"
"全力","ぜんりょく","全部力量","名词","全力を尽くす","竭尽全力","N1","eggrolls;N1高频;原词性:名;音调:⓪"
"粗い","あらい","（编织物的纹路或颗粒）粗的，大的；粗糙的；粗枝大叶的，草率的","い形容词","粗く挽いたコーヒー","粗磨的咖啡","N1","eggrolls;N1中频;原词性:イ形;音调:⓪"
"損失","そんしつ","损失","名词","大きな損失が生じた","造成了巨大损失","N1","eggrolls;N1高频;原词性:名;音调:⓪"
"待合室","まちあいしつ","（车站或医院等的）等候室","名词","病院の待合室","候诊室","N1","eggrolls;N1中频;原词性:名;音调:③"
"大いに","おおいに","非常，大量地","副词","グルメに大いに興味がある","对美食很感兴趣","N1","eggrolls;N1高频;原词性:副;音调:①"
"大昔","おおむかし","远古，很久以前","名词","大昔の遺物","远古的遗物","N1","eggrolls;N1低频;原词性:名;音调:③"
"団地","だんち","住宅区，小区","名词","団地の住民","小区的居民","N1","eggrolls;N1低频;原词性:名;音调:⓪①"
"断水","だんすい","停水","名词/サ变动词","断水のお知らせ","停水通知","N1","eggrolls;N1低频;原词性:名・自他動3;音调:⓪"
"断定","だんてい","断定，判断","名词/サ变动词","いじめが原因の自殺とは断定できない","无法断定是霸凌导致的自杀","N1","eggrolls;N1低频;原词性:名・他動3;音调:⓪"
"着替える","きがえる","换衣服","动词/他动词/一段动词","パジャマに着替える","换上睡衣","N1","eggrolls;N1中频;原词性:他動2;音调:②③"
"注意深い","ちゅういぶかい","小心翼翼的，小心谨慎的","い形容词","この人はとても注意深い","这个人心很细","N1","eggrolls;N1低频;原词性:イ形;音调:⑤"
"朝晩","あさばん","早晚；每天，经常","名词","最近、朝晩涼しくなった","最近早晚变凉了","N1","eggrolls;N1中频;原词性:名;音调:①"
"聴講","ちょうこう","听讲，旁听","名词/サ变动词","聴講生","旁听生","N1","eggrolls;N1低频;原词性:名・自他動3;音调:⓪"
"長","なが","长……","造语成分","長生き","长寿","N1","eggrolls;N1低频;原词性:造"
"賃貸","ちんたい","租赁，出租","名词/サ变动词","賃貸契約","租房合同","N1","eggrolls;N1低频;原词性:名・他動3;音调:①"
"怒りっぽい","おこりっぽい","爱生气的，易怒的","い形容词","彼は怒りっぽい人だ","他是个爱发脾气的人","N1","eggrolls;N1中频;原词性:イ形;音调:⑤"
"糖分","とうぶん","糖分，甜味","名词","糖分の多い果実","糖分多的水果","N1","eggrolls;N1中频;原词性:名;音调:①"
"同","どう","同……，该……","造语成分","同時代","同时代","N1","eggrolls;N1低频;原词性:造"
"同行","どうこう","同行，一起走","名词/サ变动词","課長に同行して客先を訪問する","和课长一起去拜访客户","N1","eggrolls;N1中频;原词性:名・自動3;音调:⓪"
"同窓会","どうそうかい","同学会","名词","同窓会名簿","同学录","N1","eggrolls;N1中频;原词性:名;音调:③"
"銅","どう","铜","名词","銅のなべ","铜锅","N1","eggrolls;N1低频;原词性:名;音调:①"
"読み物","よみもの","读物；（有内容的）可以一读的文章","名词","少年向きの読み物","适合少年的读物","N1","eggrolls;N1低频;原词性:名;音调:③②"
"入れ物","いれもの","容器，器具","名词","容器","容器","N1","eggrolls;N1低频;原词性:名;音调:⓪"
"ばかばかしい","ばかばかしい","愚蠢的，无聊的；荒谬的，离谱的","い形容词","ばかばかしい考え","愚蠢的想法","N1","eggrolls;N1高频;原词性:イ形;音调:⑤"
"かぶせる","かぶせる","蒙上，盖上，包上；嫁祸，推委","动词/他动词/一段动词","布団をかぶせる","盖上被子","N1","eggrolls;N1中频;原词性:他動2;音调:③"
"被害者","ひがいしゃ","受灾者；被害人","名词","台風による被害者","台风受灾者","N1","eggrolls;N1中频;原词性:名;音调:②"
"尾","お","尾巴；尾部","名词","犬が尾を振る","狗摇尾巴","N1","eggrolls;N1中频;原词性:名;音调:①"
"微笑む","ほほえむ","微笑；花蕾绽放","动词/自动词/五段动词","にっこりと微笑む","嫣然一笑","N1","eggrolls;N1低频;原词性:自動1;音调:③"
"眉","まゆ","眉毛","名词","濃い眉","浓眉","N1","eggrolls;N1中频;原词性:名;音调:①"
"筆","ふで","毛笔；用毛笔写（的书法或绘画）；文章","名词","筆で字を書く","用毛笔写字","N1","eggrolls;N1高频;原词性:名;音调:⓪"
"病室","びょうしつ","病房，病室","名词","4人部屋の病室","住四个人的病房","N1","eggrolls;N1中频;原词性:名;音调:⓪"
"病人","びょうにん","病人","名词","病人がいるので静かにしてください","有病人，请安静","N1","eggrolls;N1低频;原词性:名;音调:⓪"
"婦人","ふじん","妇女，女士","名词","婦人服","女装","N1","eggrolls;N1中频;原词性:名;音调:⓪"
"物音","ものおと","响动，声音","名词","物音を立てる","发出响声","N1","eggrolls;N1中频;原词性:名;音调:③④"
"聞き出す","ききだす","问出；开始听","动词/他动词/五段动词","彼女からは何も聞き出せなかった","从她那里什么也没打听到","N1","eggrolls;N1中频;原词性:他動1;音调:③"
"片手","かたて","一只手；一只","名词","片手運転は危ないよ","单手开车很危险哦","N1","eggrolls;N1低频;原词性:名;音调:⓪③"
"満開","まんかい","盛开，全开","名词/サ变动词","サクラが満開だ","樱花盛开","N1","eggrolls;N1中频;原词性:名・自動3;音调:⓪"
"未成年","みせいねん","未成年","名词","未成年者の喫煙を禁ずる","禁止未成年人吸烟","N1","eggrolls;N1低频;原词性:名;音调:②"
"民間","みんかん","民间；私营","名词","民間の伝説","民间传说","N1","eggrolls;N1低频;原词性:名;音调:⓪"
"無関心","むかんしん","不关心，不感兴趣","名词/な形容词","スポーツに無関心な人","对体育不感兴趣的人","N1","eggrolls;N1高频;原词性:名・ナ形;音调:②"
"無駄遣い","むだづかい","浪费，乱花钱","名词/サ变动词","2万円を無駄遣いする","浪费2万日元","N1","eggrolls;N1中频;原词性:名・他動3;音调:③"
"面倒臭い","めんどうくさい","非常麻烦的","い形容词","面倒臭い仕事","非常麻烦的工作","N1","eggrolls;N1低频;原词性:イ形;音调:⑥"
"模様","もよう","花纹，图案；情况","名词","花柄模様のワンピース","花连衣裙","N1","eggrolls;N1中频;原词性:名;音调:⓪"
"猛暑","もうしょ","炎热，酷暑","名词","猛暑日","最高气温超过摄氏35度的高温天气","N1","eggrolls;N1低频;原词性:名;音调:①"
"網","あみ","网；法网","名词","網にかかった魚","落网之鱼","N1","eggrolls;N1中频;原词性:名;音调:②"
"餅","もち","年糕","名词","この地方には、昔からお祝いのとき餅を食べる風習がある","这个地方自古以来就有庆祝时吃年糕的习俗","N1","eggrolls;N1中频;原词性:名;音调:⓪"
"役員","やくいん","（团体等的）负责人；（公司的）董事","名词","PTAの役員","家长会的干事","N1","eggrolls;N1中频;原词性:名;音调:②"
"躍動","やくどう","跳动，朝气蓬勃","名词/サ变动词","生命の躍動を感じる","感受到勃勃生机","N1","eggrolls;N1中频;原词性:名・自動3;音调:⓪"
"油絵","あぶらえ","油画","名词","油絵を描く","画油画","N1","eggrolls;N1中频;原词性:名;音调:③"
"由来","ゆらい","由来，来历；原本，本来","名词/サ变动词/副词","この地名の由来","这个地名的由来","N1","eggrolls;N1高频;原词性:名・自動3・副;音调:⓪"
"夕暮れ","ゆうぐれ","黄昏，傍晚","名词","秋の夕暮れ","秋天的傍晚","N1","eggrolls;N1低频;原词性:名;音调:⓪"
"洋","よう","西洋……，西式……","名词/造语成分","洋菓子","西点，西式点心，西式糕点","N1","eggrolls;N1中频;原词性:名・造"
"欲望","よくぼう","欲望","名词","欲望を満たす","满足欲望","N1","eggrolls;N1高频;原词性:名;音调:⓪"
"頼りない","たよりない","无依无靠，令人不安；不可靠，不可信赖","い形容词","頼りない身の上だ","无依无靠的处境","N1","eggrolls;N1中频;原词性:イ形;音调:④"
"離婚","りこん","离婚","名词/サ变动词","妻とは協議離婚をした","和妻子协议离婚了","N1","eggrolls;N1中频;原词性:名・自動3;音调:⓪"
"粒","つぶ","颗粒，圆粒","名词","米の粒","米粒","N1","eggrolls;N1低频;原词性:名;音调:①"
"例える","たとえる","比喻，比作","动词/他动词/一段动词","美人を花に例える","将美人比作花","N1","eggrolls;N1高频;原词性:他動2;音调:③"
"連日","れんじつ","连日，接连几天","名词/副词","連日の大雨","连日的大雨","N1","eggrolls;N1高频;原词性:名・副;音调:⓪"
"解かす","とかす","梳理","动词/他动词/五段动词","髪をくしで解かす","用梳子梳头","N1","eggrolls;N1低频;原词性:他動1;音调:②"
"いびき","いびき","鼾声","名词","いびきをかく","打鼾","N1","eggrolls;N1低频;原词性:名;音调:③"
"論じる","ろんじる","论述，说明；讨论，争论；论，问，管","动词/他动词/一段动词","人口問題を論じる","论述人口问题","N1","eggrolls;N1中频;原词性:他動2;音调:③⓪"
"輪","わ","圆圈，圆形；车轮","名词","月の輪","月亮的光环","N1","eggrolls;N1低频;原词性:名;音调:①"
"くぎ","くぎ","钉子","名词","くぎを打つ","钉钉子","N1","eggrolls;N1中频;原词性:名;音调:⓪"
"さじ","さじ","勺子","名词","大さじ","大勺子","N1","eggrolls;N1低频;原词性:名;音调:②①"
"要領","ようりょう","要点，要领；窍门，诀窍","名词","指導要領","指导要点","N1","eggrolls;N1中频;原词性:名;音调:③"
"為す","なす","做，为","动词/他动词/五段动词","善を為す","行善","N1","eggrolls;N1中频;原词性:他動1;音调:①"
"ざらざら","ざらざら","粗糙，不光滑；（粗糙颗粒状的物体相互接触发出声音）哗啦哗啦","副词/サ变动词/な形容词","手がざらざらに荒れる","手很粗糙","N1","eggrolls;N1低频;原词性:副①・自動3①・ナ形⓪;音调:⓪①;オノマトペ"
"水平","すいへい","水平；平衡","名词/な形容词","正しく水平になるように調節する","调节至正确的水平状态","N1","eggrolls;N1低频;原词性:名・ナ形;音调:⓪"
"可決","かけつ","赞成，通过","名词/サ变动词","全員一致で可決する","全体一致通过","N1","eggrolls;N1低频;原词性:名・他動3;音调:⓪"
"方言","ほうげん","方言，土话","名词","関西方言","关西方言","N1","eggrolls;N1低频;原词性:名;音调:③"
"不利","ふり","不利，不妙","名词/な形容词","不利な条件","不利条件","N1","eggrolls;N1高频;原词性:名・ナ形;音调:①"
"図表","ずひょう","图表；曲线图，坐标图","名词","統計図表","统计图表","N1","eggrolls;N1中频;原词性:名;音调:⓪"
"複写","ふくしゃ","复印，复制","名词/サ变动词","書類を複写する","复印文件","N1","eggrolls;N1中频;原词性:名・他動3;音调:⓪"
"署名","しょめい","署名，签名","名词/サ变动词","契約書に署名する","在契约书上签名","N1","eggrolls;N1高频;原词性:名・自動3;音调:⓪"
"体系","たいけい","体系，系统","名词","理論体系","理论体系","N1","eggrolls;N1中频;原词性:名;音调:⓪"
"しきりに","しきりに","屡次，频繁地；强烈，深深地","副词","しきりに注意される","屡次被提醒","N1","eggrolls;N1中频;原词性:副;音调:⓪"
"クレーム","クレーム","索赔；投诉，抱怨","名词","クレームをつける","投诉","N1","eggrolls;N1中频;原词性:名;音调:⓪②;カタカナ語"
"詫びる","わびる","道歉，谢罪","动词/他动词/一段动词","失礼を詫びる","赔礼道歉","N1","eggrolls;N1高频;原词性:他動2;音调:②⓪"
"功績","こうせき","功绩，功业","名词","功績をあげる","立功","N1","eggrolls;N1低频;原词性:名;音调:⓪"
"会合","かいごう","集合，集会","名词/サ变动词","会合を開く","举行集会","N1","eggrolls;N1低频;原词性:名・自動3;音调:⓪"
"洗面台","せんめんだい","洗脸池","名词","洗面所","盥洗室，厕所，洗手间","N1","eggrolls;N1低频;原词性:名;音调:⓪"
"先祖","せんぞ","祖先，祖宗","名词","先祖伝来","祖传，代代相传","N1","eggrolls;N1低频;原词性:名;音调:①"
"利害","りがい","利害，得失","名词","利害関係","利害关系","N1","eggrolls;N1低频;原词性:名;音调:①"
"大木","たいぼく","大树，巨树","名词","大木の下に小木育つ","大树底下好乘凉","N1","eggrolls;N1中频;原词性:名;音调:⓪"
"物置","ものおき","库房，储藏室","名词","物置小屋","小库房","N1","eggrolls;N1低频;原词性:名;音调:③④"
"記号","きごう","记号，符号","名词","化学記号","化学符号","N1","eggrolls;N1高频;原词性:名;音调:⓪"
"傑作","けっさく","杰作，名作；奇妙有趣","な形容词/名词","数々の傑作を残す","留下许多杰作","N1","eggrolls;N1低频;原词性:ナ形・名;音调:⓪"
"一人前","いちにんまえ","一人份；成年；够格，独当一面","名词","すし一人前","一份寿司","N1","eggrolls;N1中频;原词性:名;音调:⓪"
"難点","なんてん","难点；缺点","名词","難点を克服する","克服难点","N1","eggrolls;N1中频;原词性:名;音调:③⓪"
"上り","のぼり","从下往上（的路）；逆流而上；从终点到起点方向（的列车或巴士）；由地方去首都","名词","上りのエレベーターを待つ","等上行电梯","N1","eggrolls;N1高频;原词性:名;音调:⓪"
"身動き","みうごき","活动身体；自由行动","名词/サ变动词","車内は超満員で、身動きもできなかった","车厢里挤得水泄不通，动弹不得","N1","eggrolls;N1低频;原词性:名・自動3;音调:②"
"ねばねば","ねばねば","（手上等粘上黏东西后）黏糊糊","副词/サ变动词/名词","ねばねばした土","发黏的土","N1","eggrolls;N1低频;原词性:副①・自動3①・名⓪;音调:①⓪;オノマトペ"
"ひとまず","ひとまず","暂且，总之","副词","ひとまず安心する","暂且放心","N1","eggrolls;N1高频;原词性:副;音调:②"
"くつろぐ","くつろぐ","轻松自在，放松","动词/自动词/五段动词","くつろいだ雰囲気","轻松的氛围","N1","eggrolls;N1中频;原词性:自動1;音调:③"
"くず","くず","碎屑；废物","名词","紙くず","纸屑","N1","eggrolls;N1低频;原词性:名;音调:①"
"よこす","よこす","寄来，送来，交来；（動詞連用形＋「て」の形に付いて）……过来","动词/他动词/五段动词","手紙をよこす","寄信来","N1","eggrolls;N1低频;原词性:他動1;音调:②"
"跡","あと","痕迹；迹象；行踪；遗迹","名词","手術の跡","手术后的疤痕","N1","eggrolls;N1高频;原词性:名;音调:①"
"くじける","くじける","挫伤，扭伤；气馁，消沉","动词/自动词/一段动词","足がくじけて歩けない","脚扭伤了，走不了路","N1","eggrolls;N1低频;原词性:自動2;音调:③"
"散々","さんざん","狠狠地，深深地；惨，糟糕，狼狈","な形容词/副词","さんざん叱られた","被狠狠批评了一顿","N1","eggrolls;N1高频;原词性:ナ形・副;音调:③⓪"
"縞","しま","条纹，格纹；条纹花样","名词","縞模様","条纹花样","N1","eggrolls;N1低频;原词性:名;音调:②"
"甚だしい","はなはだしい","非常，很","い形容词","非常識も甚だしい","太没常识了","N1","eggrolls;N1低频;原词性:イ形;音调:⑤"
"澄む","すむ","清澈；清静；清晰","动词/自动词/五段动词","水が澄んでいる","水很清澈","N1","eggrolls;N1高频;原词性:自動1;音调:①"
"せいぜい","せいぜい","尽可能；至多，充其量","副词","せいぜいやってみよう","尽力试试看吧","N1","eggrolls;N1中频;原词性:副;音调:①"
"相槌","あいづち","随声附和，帮腔","名词","相槌を打つ","随声附和","N1","eggrolls;N1低频;原词性:名;音调:⓪④③"
"どける","どける","挪开，移开，腾出地方","动词/他动词/一段动词","石をどける","挪开石块","N1","eggrolls;N1低频;原词性:他動2;音调:⓪"
"大ざっぱ","おおざっぱ","粗枝大叶的，大概的","な形容词","大ざっぱな計画","大致的方案","N1","eggrolls;N1中频;原词性:ナ形;音调:③"
"ほどよい","ほどよい","恰好的，程度刚好的","い形容词","風呂はほどよい熱さだ","洗澡水的温度刚好","N1","eggrolls;N1低频;原词性:イ形;音调:③"
"田んぼ","たんぼ","田地","名词","田んぼのあぜ","田埂","N1","eggrolls;N1中频;原词性:名;音调:⓪"
"当てはめる","あてはめる","适用，使……符合","动词/他动词/一段动词","公式に当てはめる","套用公式","N1","eggrolls;N1高频;原词性:他動2;音调:④"
"ばね","ばね","发条，弹簧；（腿、腰等的）弹性","名词","ばねを仕掛ける","装上发条","N1","eggrolls;N1低频;原词性:名;音调:①"
"かねがね","かねがね","很久以前","副词","お名前はかねがねうかがっております","久仰大名","N1","eggrolls;N1中频;原词性:副;音调:②③"
"れんが","れんが","砖，砖块","名词","れんが舗装の道路","用砖铺的道路","N1","eggrolls;N1低频;原词性:名;音调:①"
"つまずく","つまずく","绊倒；受挫","动词/自动词/五段动词","石につまずいて転ぶ","绊到石头而摔倒","N1","eggrolls;N1低频;原词性:自動1;音调:③⓪"
"隕石","いんせき","陨石","名词","砂漠に隕石が落ちる","陨石落在沙漠里","N1","eggrolls;N1低频;原词性:名;音调:①⓪"
"くよくよ","くよくよ","想不开，耿耿于怀","副词/サ变动词","つまらないことにくよくよするな","不要在意那样的小事","N1","eggrolls;N1中频;原词性:副・自動3;音调:①;オノマトペ"
"ケア","ケア","照顾，护理；保养，管理；关心，照顾","サ变动词/名词","在宅ケア","居家照护","N1","eggrolls;N1低频;原词性:他動3・名;音调:①;カタカナ語"
"コンクリート","コンクリート","混凝土","名词","鉄筋コンクリート","钢筋混凝土","N1","eggrolls;N1中频;原词性:名;音调:④;カタカナ語"
"シンボル","シンボル","象征；符号","名词","富士山は日本のシンボルだ","富士山是日本的象征","N1","eggrolls;N1低频;原词性:名;音调:①;カタカナ語"
"すっと","すっと","行动轻快地；舒畅","副词/サ变动词","すっと立ち上がる","立刻站起来","N1","eggrolls;N1中频;原词性:副・自動3;音调:⓪①;オノマトペ"
"スライド","スライド","幻灯片，幻灯机；滑动，滑座","名词/サ变动词","講演にスライドを使う","在演讲中使用幻灯片","N1","eggrolls;N1低频;原词性:名・自他動3;音调:⓪;カタカナ語"
"ナース","ナース","护士，女护士","名词","ナースステーション","护士值班室","N1","eggrolls;N1低频;原词性:名;音调:①;カタカナ語"
"ネットワーク","ネットワーク","网络；网状组织","名词","ネットワークアドレス","网络地址","N1","eggrolls;N1高频;原词性:名;音调:④;カタカナ語"
"パーソナル","パーソナル","个人的","な形容词","パーソナル・コンピュータ","个人电脑","N1","eggrolls;N1低频;原词性:ナ形;音调:①;カタカナ語"
"パフォーマンス","パフォーマンス","表演，演出；效果，性能","名词","ドラムのソロパフォーマンス","独奏鼓表演","N1","eggrolls;N1中频;原词性:名;音调:②;カタカナ語"
"ふざける","ふざける","开玩笑；嘲弄","动词/自动词/一段动词","ふざけて笑わせる","开玩笑逗乐","N1","eggrolls;N1中频;原词性:自動2;音调:③"
"フリーター","フリーター","靠打工维持生计的人","名词","一まとめにフリーターと呼ばれる人々","被统称为自由职业者","N1","eggrolls;N1低频;原词性:名;音调:⓪;カタカナ語"
"へとへと","へとへと","筋疲力尽","な形容词","へとへとに疲れる","累得精疲力尽","N1","eggrolls;N1中频;原词性:ナ形;音调:⓪;オノマトペ"
"ぼうっと","ぼうっと","朦胧，模糊；发呆，出神；（火）熊熊燃烧","副词/サ变动词","目がぼうっとかすむ","眼睛模糊看不清楚","N1","eggrolls;N1中频;原词性:副・自動3;音调:⓪;オノマトペ"
"マスター","マスター","老板；硕士；掌握","サ变动词/名词","マスターコース","硕士课程","N1","eggrolls;N1中频;原词性:他動3・名;音调:①;カタカナ語"
"マッサージ","マッサージ","按摩","サ变动词/名词","全身をマッサージする","全身按摩","N1","eggrolls;N1中频;原词性:他動3・名;音调:③;カタカナ語"
"みっともない","みっともない","难看的，丢脸，不体面的","い形容词","みっともない格好","不体面的形象","N1","eggrolls;N1低频;原词性:イ形;音调:⑤"
"めっきり","めっきり","显著，明显","副词","めっきりと痩せた","明显消瘦","N1","eggrolls;N1中频;原词性:副;音调:③;オノマトペ"
"モーター","モーター","马达，发动机；车","名词","モーターを止める","关上发动机","N1","eggrolls;N1低频;原词性:名;音调:①;カタカナ語"
"モダン","モダン","现代的，流行的","な形容词","モダンなデザイン","流行设计","N1","eggrolls;N1中频;原词性:ナ形;音调:⓪;カタカナ語"
"ヨット","ヨット","帆船，游艇","名词","ヨットレース","帆船竞赛","N1","eggrolls;N1中频;原词性:名;音调:①;カタカナ語"
"ランダム","ランダム","无规则的，随机","な形容词/名词","ランダムに抽出する","随机抽样","N1","eggrolls;N1低频;原词性:ナ形・名;音调:①;カタカナ語"
"リスク","リスク","危险，风险","名词","リスクを冒す","冒风险","N1","eggrolls;N1高频;原词性:名;音调:①;カタカナ語"
"リストラ","リストラ","裁员","サ变动词/名词","会社にリストラされる","被公司裁员","N1","eggrolls;N1低频;原词性:他動3・名;音调:⓪;カタカナ語"
"レジャー","レジャー","余暇，空闲；休闲娱乐","名词","レジャー産業","休闲娱乐产业","N1","eggrolls;N1中频;原词性:名;音调:①;カタカナ語"
"ローン","ローン","贷款","名词","住宅ローン","房贷","N1","eggrolls;N1低频;原词性:名;音调:①;カタカナ語"
"圧縮","あっしゅく","压缩；缩短，缩减；（电脑）压缩","名词/サ变动词","気体を圧縮する","压缩气体","N1","eggrolls;N1低频;原词性:名・他動3;音调:⓪"
"為替","かわせ","外汇","名词","為替レート","汇率","N1","eggrolls;N1低频;原词性:名;音调:⓪"
"衣食住","いしょくじゅう","吃穿住","名词","衣食住に困らない","吃穿住都不愁","N1","eggrolls;N1中频;原词性:名;音调:③②"
"一家","いっか","一家；全家，一家人","名词","結婚して一家を構える","结婚成家","N1","eggrolls;N1中频;原词性:名;音调:①"
"引っ掛かる","ひっかかる","挂住；卷入；中圈套；溅到","动词/自动词/五段动词","凧が電線に引っ掛かる","风筝挂在电线上","N1","eggrolls;N1低频;原词性:自動1;音调:④"
"引力","いんりょく","引力，相互吸引的力","名词","万有引力","万有引力","N1","eggrolls;N1低频;原词性:名;音调:①"
"衛生","えいせい","卫生","名词","公衆衛生","公共卫生","N1","eggrolls;N1中频;原词性:名;音调:⓪"
"園芸","えんげい","园艺，园林栽培","名词","家庭園芸","业余园艺","N1","eggrolls;N1中频;原词性:名;音调:⓪"
"演説","えんぜつ","演讲，演说","名词/サ变动词","議会で演説する","在议会发表演说","N1","eggrolls;N1中频;原词性:名・自動3;音调:⓪"
"煙突","えんとつ","烟囱","名词","煙突が煙る","烟囱冒烟","N1","eggrolls;N1低频;原词性:名;音调:⓪"
"応じる","おうじる","回答，同意；接受，响应；适应，按照","动词/自动词/一段动词","学生の質問に応じる","回答学生的问题","N1","eggrolls;N1低频;原词性:自動2;音调:⓪③"
"下町","したまち","城市中位于低洼地带，商业和工业繁荣的地区","名词","下町育ち","在平民区长大","N1","eggrolls;N1低频;原词性:名;音调:⓪"
"架空","かくう","虚构；架空","名词","架空の人物","虚构的人物","N1","eggrolls;N1低频;原词性:名;音调:⓪"
"過失","かしつ","过失","名词","過失による事故","过失事故","N1","eggrolls;N1低频;原词性:名;音调:⓪"
"解雇","かいこ","解雇","名词/サ变动词","従業員を解雇する","解雇员工","N1","eggrolls;N1低频;原词性:名・他動3;音调:①"
"外交","がいこう","外交","名词","外交特権を濫用する","滥用外交特权","N1","eggrolls;N1低频;原词性:名;音调:⓪"
"概論","がいろん","概论","名词/サ变动词","文学概論","文学概论","N1","eggrolls;N1中频;原词性:名・自他動3;音调:⓪"
"街角","まちかど","街角；街头","名词","街角を曲がる","转过街角","N1","eggrolls;N1低频;原词性:名;音调:⓪"
"垣根","かきね","栅栏，篱笆；障碍（物）","名词","垣根を作る","围篱笆；作栅栏","N1","eggrolls;N1低频;原词性:名;音调:②③"
"殻","から","壳，外皮；取出内容物后所剩的外部部分；独自的空间","名词","貝の殻","贝壳","N1","eggrolls;N1高频;原词性:名;音调:②"
"学術","がくじゅつ","学术","名词","学術の振興をはかる","谋求振兴学术","N1","eggrolls;N1低频;原词性:名;音调:⓪②"
"危うい","あやうい","危险的；危急的","い形容词","命が危うい","生命垂危","N1","eggrolls;N1高频;原词性:イ形;音调:⓪③"
"基地","きち","基地，根据地","名词","軍事基地","军事基地","N1","eggrolls;N1中频;原词性:名;音调:①②"
"基盤","きばん","根基，基础","名词","基盤を固める","巩固根基","N1","eggrolls;N1高频;原词性:名;音调:⓪"
"希薄","きはく","稀薄；缺乏（某个要素）","名词/な形容词","酸素が希薄になる","氧气变得稀薄","N1","eggrolls;N1高频;原词性:名・ナ形;音调:⓪"
"機関車","きかんしゃ","机车，火车头","名词","機関車が蒸気を吐き出す","火车头喷出蒸汽","N1","eggrolls;N1低频;原词性:名;音调:②"
"飢える","うえる","饥饿；渴望，渴求","动词/自动词/一段动词","内戦で子どもたちが飢える","内战使孩子们遭受饥饿","N1","eggrolls;N1低频;原词性:自動2;音调:②"
"休息","きゅうそく","休息，放松","名词/サ变动词","休息をとる","休息","N1","eggrolls;N1中频;原词性:名・自動3;音调:⓪"
"急用","きゅうよう","急事","名词","急用ができた","有急事","N1","eggrolls;N1中频;原词性:名;音调:⓪"
"給与","きゅうよ","给予；薪酬","名词/サ变动词","食糧を給与する","供应食粮","N1","eggrolls;N1高频;原词性:名・他動3;音调:①"
"漁業","ぎょぎょう","渔业","名词","漁業に従事する","以捕鱼为业","N1","eggrolls;N1中频;原词性:名;音调:①"
"響き","ひびき","声音；听起来的感觉；影响","名词","すばらしいソプラノの響き","优美的女高音","N1","eggrolls;N1中频;原词性:名;音调:③"
"琴","こと","（日本乐器）古琴，筝","名词","琴を習う","学弹筝","N1","eggrolls;N1低频;原词性:名;音调:①"
"金庫","きんこ","金库，保险柜；金融机关，金库","名词","貴重品を金庫にしまう","将贵重物品收到保险柜","N1","eggrolls;N1中频;原词性:名;音调:①"
"金銭","きんせん","金钱，货币","名词","金銭で買えないもの","用钱买不到的东西","N1","eggrolls;N1高频;原词性:名;音调:①"
"金融","きんゆう","金融，信贷","名词","金融機関","金融机构","N1","eggrolls;N1高频;原词性:名;音调:⓪"
"区域","くいき","区域，范围","名词","立ち入り禁止区域","禁止进入的区域","N1","eggrolls;N1中频;原词性:名;音调:①"
"空中","くうちゅう","空中，太空中","名词","空中楼閣","空想，海市蜃楼","N1","eggrolls;N1中频;原词性:名;音调:⓪"
"刑事","けいじ","刑警；刑事","名词","ベテラン刑事","老刑警","N1","eggrolls;N1中频;原词性:名;音调:①"
"欠く","かく","缺少，缺乏；弄坏（坚硬物体的一部分）","动词/他动词/五段动词","常識を欠く","缺乏常识","N1","eggrolls;N1低频;原词性:他動1;音调:⓪"
"原始","げんし","原始，原初","名词","原始社会","原始社会","N1","eggrolls;N1中频;原词性:名;音调:①"
"限度","げんど","限度，界限","名词","限度を超える","超出限度，越界","N1","eggrolls;N1中频;原词性:名;音调:①"
"のち","のち","之后，稍后；将来；死后","名词","晴れのち曇り","晴转阴","N1","eggrolls;N1中频;原词性:名;音调:②⓪"
"口実","こうじつ","借口，理由","名词","口実を設ける","找借口","N1","eggrolls;N1低频;原词性:名;音调:⓪"
"行楽","こうらく","游玩，出游","名词","行楽地","游览地","N1","eggrolls;N1中频;原词性:名;音调:⓪"
"合理的","ごうりてき","合理的","な形容词","賃金削減には合理的な根拠がない","削减工资没有合理的根据","N1","eggrolls;N1中频;原词性:ナ形;音调:⓪"
"合流","ごうりゅう","合流，汇合；会合","名词/サ变动词","二つの川が合流する","两条河汇合在一起","N1","eggrolls;N1低频;原词性:名・自動3;音调:⓪"
"混合","こんごう","混合，混在一起","名词/サ变动词","水と油は混合しない","水和油不相溶","N1","eggrolls;N1低频;原词性:名・自他動3;音调:⓪"
"差別","さべつ","区分；歧视","名词/サ变动词","大きさによって差別をつける","根据大小加以区别","N1","eggrolls;N1高频;原词性:名・他動3;音调:①"
"最先端","さいせんたん","最尖端","名词","最先端の医療","最尖端的医疗","N1","eggrolls;N1高频;原词性:名;音调:③"
"裁判","さいばん","审理，审判","名词/サ变动词","裁判を受ける","接受审判","N1","eggrolls;N1低频;原词性:名・他動3;音调:①"
"三日月","みかづき","新月，月牙","名词","三日月のような眉","新月般的眉毛","N1","eggrolls;N1低频;原词性:名;音调:⓪"
"山林","さんりん","山林","名词","山林地帯","山林地带","N1","eggrolls;N1低频;原词性:名;音调:⓪"
"子孫","しそん","子孙，后代","名词","子孫に伝える","传承给后代","N1","eggrolls;N1中频;原词性:名;音调:①"
"資本","しほん","资本","名词","資本の蓄積","资本的积累","N1","eggrolls;N1高频;原词性:名;音调:⓪"
"持ち出す","もちだす","拿出去；提出；分担一部分费用","动词/他动词/五段动词","そっと部屋の外へ持ち出す","悄悄拿到屋外去","N1","eggrolls;N1低频;原词性:他動1;音调:③⓪"
"持ち上げる","もちあげる","举起；奉承","动词/他动词/一段动词","荷物を持ち上げる","拿起行李","N1","eggrolls;N1中频;原词性:他動2;音调:④⓪"
"時速","じそく","时速","名词","制限時速40キロ","限速四十公里","N1","eggrolls;N1低频;原词性:名;音调:①⓪"
"治まる","おさまる","社会安定太平","动词/自动词/五段动词","内乱が治まる","内乱平定下来","N1","eggrolls;N1低频;原词性:自動1;音调:③"
"執筆","しっぴつ","执笔，写文章","名词/サ变动词","寝食を忘れて執筆に没頭する","废寝忘食地埋头写作","N1","eggrolls;N1高频;原词性:名・他動3;音调:⓪"
"実例","じつれい","实例，实际的例子","名词","実例を挙げる","举出实例","N1","eggrolls;N1低频;原词性:名;音调:⓪"
"芝居","しばい","戏剧；演技；花招","名词/サ变动词","芝居を見る","看戏","N1","eggrolls;N1中频;原词性:名・自動3;音调:⓪"
"宗教","しゅうきょう","宗教","名词","宗教を信じる","信仰宗教","N1","eggrolls;N1中频;原词性:名;音调:①"
"宿","やど","房屋，家；旅馆，旅店","名词","宿を借りる","借宿","N1","eggrolls;N1低频;原词性:名;音调:①"
"出来上がり","できあがり","完成；完成情况","名词","出来上がりはいつごろになりますか","什么时候能做出来？","N1","eggrolls;N1高频;原词性:名;音调:⓪"
"純粋","じゅんすい","纯净，纯粹；纯粹，单纯","名词/な形容词","純粋な水","纯净的水","N1","eggrolls;N1高频;原词性:名・ナ形;音调:⓪"
"処分","しょぶん","处理，扔掉；处分","名词/サ变动词","要らないものを処分する","把没用的东西扔掉","N1","eggrolls;N1高频;原词性:名・他動3;音调:①"
"書斎","しょさい","书斋，书房","名词","父は深夜まで書斎にこもって執筆に没頭している","爸爸深夜一直钻在书房里专心写作","N1","eggrolls;N1中频;原词性:名;音调:⓪"
"女優","じょゆう","女演员，女艺人","名词","映画女優","女电影演员","N1","eggrolls;N1中频;原词性:名;音调:⓪"
"商人","しょうにん","商人，从事买卖的人","名词","商人を通して買いつける","通过商人收购","N1","eggrolls;N1低频;原词性:名;音调:①"
"消去","しょうきょ","消去，消除","名词/サ变动词","データが消去された","数据已被删除","N1","eggrolls;N1中频;原词性:名・他動3;音调:①"
"賞品","しょうひん","奖品","名词","賞品に時計をもらう","奖品是手表","N1","eggrolls;N1低频;原词性:名;音调:⓪"
"障子","しょうじ","日式拉门，隔扇","名词","障子に目あり","隔墙有耳","N1","eggrolls;N1低频;原词性:名;音调:⓪"
"上旬","じょうじゅん","上旬","名词","3月上旬に完成する予定","预定在三月上旬完成","N1","eggrolls;N1高频;原词性:名;音调:⓪"
"情熱","じょうねつ","激情，热情","名词","情熱を燃やす","充满热情","N1","eggrolls;N1高频;原词性:名;音调:⓪"
"植木","うえき","（庭院里）栽种的树；盆栽","名词","植木に水をやる","给盆栽浇水","N1","eggrolls;N1中频;原词性:名;音调:⓪"
"色づく","いろづく","（树叶）变红；（果实）渐熟","动词/自动词/五段动词","カエデが色づく","枫叶红了","N1","eggrolls;N1中频;原词性:自動1;音调:③"
"食糧","しょくりょう","（主食等）食物，粮食","名词","戦後の食糧難","战后的粮食短缺","N1","eggrolls;N1高频;原词性:名;音调:②"
"心得る","こころえる","理解，明白；答应；作为修养习得","动词/他动词/一段动词","学生の本分を心得る","明白学生的本分","N1","eggrolls;N1中频;原词性:他動2;音调:④"
"診る","みる","诊查","动词/他动词/一段动词","医者が患者を診る","医生给病人看病","N1","eggrolls;N1低频;原词性:他動2;音调:①"
"進路","しんろ","进路；前途","名词","台風の進路","台风的路径","N1","eggrolls;N1高频;原词性:名;音调:①"
"人見知り","ひとみしり","（小孩）认生，怕生","名词/サ变动词","この子は人見知りをしない","这个孩子不认生","N1","eggrolls;N1低频;原词性:名・自動3;音调:③⓪"
"人種","じんしゅ","人种，种族","名词","人種差別","种族歧视","N1","eggrolls;N1低频;原词性:名;音调:⓪"
"図形","ずけい","图形，图示","名词","図形で表す","用图表示","N1","eggrolls;N1低频;原词性:名;音调:⓪"
"推定","すいてい","推断，估计；（法律）推定","名词/サ变动词","費用を推定する","估算费用","N1","eggrolls;N1中频;原词性:名・他動3;音调:⓪"
"水平線","すいへいせん","水平线；地平线","名词","太陽が水平線上に出る","太阳出现在地平线上","N1","eggrolls;N1低频;原词性:名;音调:⓪"
"随筆","ずいひつ","随笔，散文","名词","随筆集","随笔集","N1","eggrolls;N1低频;原词性:名;音调:⓪"
"杉","すぎ","杉树","名词","杉並木","路两边成排的杉树","N1","eggrolls;N1中频;原词性:名;音调:⓪"
"寸法","すんぽう","尺寸，尺码；计划，步骤，打算","名词","箱の寸法をはかる","测量箱子的尺寸","N1","eggrolls;N1低频;原词性:名;音调:⓪"
"正味","しょうみ","实质内容，净重；真货；实价","名词","正味8時間働いた","实际工作了八小时","N1","eggrolls;N1低频;原词性:名;音调:①"
"清書","せいしょ","誊清，抄写清楚","名词/サ变动词","原稿を清書する","誊清原稿","N1","eggrolls;N1低频;原词性:名・他動3;音调:⓪"
"誓う","ちかう","发誓，宣誓","动词/他动词/五段动词","神に偽りのないことを誓う","向神明发誓，绝无半点虚假","N1","eggrolls;N1低频;原词性:他動1;音调:⓪②"
"税関","ぜいかん","海关","名词","税関を通る","过海关","N1","eggrolls;N1低频;原词性:名;音调:⓪"
"接近","せっきん","接近；靠近","名词/サ变动词","実力が接近する","实力接近","N1","eggrolls;N1低频;原词性:名・自動3;音调:⓪"
"絶滅","ぜつめつ","灭绝；消灭，使……灭绝","名词/サ变动词","絶滅危惧種","濒危物种","N1","eggrolls;N1高频;原词性:名・自他動3;音调:⓪"
"挿入","そうにゅう","插入","名词/サ变动词","駐車券を挿入してください","请插入停车卡","N1","eggrolls;N1中频;原词性:名・他動3;音调:⓪"
"逮捕","たいほ","逮捕，刑事拘留","名词/サ变动词","容疑者を逮捕する","拘捕犯罪嫌疑人","N1","eggrolls;N1中频;原词性:名・他動3;音调:①"
"大層","たいそう","非常；夸张","副词/な形容词","大層びっくりした","大吃一惊","N1","eggrolls;N1低频;原词性:副・ナ形;音调:①"
"大半","たいはん","大半，大部分","名词","大半を占める","占据大部分","N1","eggrolls;N1高频;原词性:名;音调:⓪③"
"短編","たんぺん","（诗歌、小说、电影等）短篇","名词","短編小説","短篇小说","N1","eggrolls;N1低频;原词性:名;音调:⓪"
"知事","ちじ","（日本统辖和代表都、道、府、县的长官）知事","名词","知事に当選する","当选为知事","N1","eggrolls;N1中频;原词性:名;音调:①"
"地質","ちしつ","地质","名词","地質調査","地质调查","N1","eggrolls;N1低频;原词性:名;音调:⓪"
"地盤","じばん","地面，地基，基础；地盘","名词","地盤を固める","加固地基；打好基础","N1","eggrolls;N1中频;原词性:名;音调:⓪"
"中世","ちゅうせい","中世纪","名词","中世文学","中世纪文学","N1","eggrolls;N1低频;原词性:名;音调:①"
"中途","ちゅうと","中途，半途","名词","中途で引き返す","中途折返","N1","eggrolls;N1中频;原词性:名;音调:⓪"
"貯蔵","ちょぞう","储藏，储存","名词/サ变动词","食糧を貯蔵する","储存粮食","N1","eggrolls;N1低频;原词性:名・他動3;音调:⓪"
"彫る","ほる","雕刻；文身","动词/他动词/五段动词","仏像を彫る","雕刻佛像","N1","eggrolls;N1低频;原词性:他動1;音调:①"
"朝夕","あさゆう","早晨和晚上；每天，经常","名词","朝夕は冷え込むでしょう","早晚会冷一些","N1","eggrolls;N1低频;原词性:名;音调:①"
"跳ねる","はねる","跳起；飞溅","动词/自动词/一段动词","魚が水面に跳ねる","鱼跃出水面","N1","eggrolls;N1低频;原词性:自動2;音调:②"
"直線","ちょくせん","直线","名词","直線コース","直线赛道","N1","eggrolls;N1中频;原词性:名;音调:⓪"
"定規","じょうぎ","规尺；标准，规则","名词/な形容词","定規で線を引く","用尺画线","N1","eggrolls;N1中频;原词性:名・ナ形;音调:①"
"適用","てきよう","适用，应用","名词/サ变动词","適用範囲","适用范围","N1","eggrolls;N1高频;原词性:名・他動3;音调:⓪"
"殿","との","老爷，大人","名词","お殿さま","老爷","N1","eggrolls;N1低频;原词性:名;音调:①"
"田植え","たうえ","插秧","名词","田植え歌","插秧歌","N1","eggrolls;N1中频;原词性:名;音调:③"
"電柱","でんちゅう","电线杆","名词","電柱にぶつかる","撞到电线杆","N1","eggrolls;N1低频;原词性:名;音调:⓪"
"投書","とうしょ","投稿；（意见、批评、抱怨或期望等）写信，投书","名词/サ变动词","新聞に投書する","向报纸投稿","N1","eggrolls;N1低频;原词性:名・自他動3;音调:⓪"
"当番","とうばん","值班，当班的人","名词","掃除当番","值日；值日生","N1","eggrolls;N1低频;原词性:名;音调:①"
"陶芸","とうげい","陶瓷工艺","名词","父は週1回陶芸教室に通っている","爸爸每周去一次陶艺学习班","N1","eggrolls;N1中频;原词性:名;音调:⓪"
"頭脳","ずのう","脑；头脑，智力；首脑","名词","頭脳明晰","头脑清晰","N1","eggrolls;N1低频;原词性:名;音调:①"
"働き者","はたらきもの","干活能手，勤劳的人","名词","怠け者","懒汉","N1","eggrolls;N1低频;原词性:名;音调:⓪"
"同期","どうき","同期；同学年；同步","名词/サ变动词","昨年同期の売上げを上回る","超出去年同期的销售额","N1","eggrolls;N1高频;原词性:名・自他動3;音调:①⓪"
"童話","どうわ","童话","名词","童話劇","童话剧","N1","eggrolls;N1中频;原词性:名;音调:⓪"
"突っ込む","つっこむ","闯入；插入；深入；深究，追问","动词/自他动词/五段动词","トラックが家に突っ込んだ","卡车撞进房子里","N1","eggrolls;N1低频;原词性:自他動1;音调:③"
"肉食","にくしょく","（人）吃肉；（动物）肉食","名词/サ变动词","肉食動物","肉食动物","N1","eggrolls;N1中频;原词性:名・自動3;音调:⓪"
"濃度","のうど","浓度","名词","食塩水の濃度を測る","测量盐水的浓度","N1","eggrolls;N1低频;原词性:名;音调:①"
"納まる","おさまる","缴纳；安坐","动词/自动词/五段动词","会費は全部納まった","会费全都缴齐了","N1","eggrolls;N1低频;原词性:自動1;音调:③"
"俳句","はいく","俳句","名词","俳句を鑑賞する","欣赏俳句","N1","eggrolls;N1低频;原词性:名;音调:⓪③"
"売買","ばいばい","买卖","名词/サ变动词","品物を売買する","买卖商品","N1","eggrolls;N1中频;原词性:名・他動3;音调:①"
"剝がす","はがす","剥下，揭下","动词/他动词/五段动词","ポスターを剝がす","揭下海报","N1","eggrolls;N1低频;原词性:他動1;音调:②"
"博士","はかせ","博学的人；博士","名词","もの知り博士","知识渊博的人","N1","eggrolls;N1中频;原词性:名;音调:①"
"爆発的","ばくはつてき","爆炸性的，惊人的","な形容词","爆発的な人気","爆炸性的人气","N1","eggrolls;N1低频;原词性:ナ形;音调:⓪"
"発射","はっしゃ","发射","名词/サ变动词","ロケットを発射する","发射火箭","N1","eggrolls;N1低频;原词性:名・他動3;音调:⓪"
"半径","はんけい","半径","名词","半径5センチの円を描く","画一个半径五厘米的圆","N1","eggrolls;N1低频;原词性:名;音调:①"
"悲劇","ひげき","悲剧","名词","人生の悲劇","人生的悲剧","N1","eggrolls;N1中频;原词性:名;音调:①"
"皮肉","ひにく","讽刺，挖苦，嘲讽","名词/な形容词","皮肉を言う","挖苦人，冷言冷语","N1","eggrolls;N1高频;原词性:名・ナ形;音调:⓪"
"必需品","ひつじゅひん","必需品","名词","生活必需品","生活必需品","N1","eggrolls;N1高频;原词性:名;音调:⓪"
"標識","ひょうしき","标识，标志，标记","名词","安全標識","安全标识","N1","eggrolls;N1中频;原词性:名;音调:⓪"
"標準","ひょうじゅん","标准；平均水平","名词","標準を定める","制定标准","N1","eggrolls;N1中频;原词性:名;音调:⓪"
"不正","ふせい","不正当，不正经","名词/な形容词","不正行為","非法行为","N1","eggrolls;N1高频;原词性:名・ナ形;音调:⓪"
"武士","ぶし","武士","名词","武士に二言なし","武士言而有信，决不食言","N1","eggrolls;N1低频;原词性:名;音调:①"
"風呂敷","ふろしき","包袱皮，用于包东西的方形布","名词","風呂敷を解く","解开包袱","N1","eggrolls;N1低频;原词性:名;音调:⓪"
"物語る","ものがたる","讲述；表明，说明","动词/他动词/五段动词","昔の経験を物語る","讲述过往的经历","N1","eggrolls;N1低频;原词性:他動1;音调:④"
"噴火","ふんか","火山喷发","名词/サ变动词","富士山が噴火した","富士山喷发了","N1","eggrolls;N1低频;原词性:名・自動3;音调:⓪"
"文芸","ぶんげい","文艺；学问和技艺","名词","文芸復興","文艺复兴","N1","eggrolls;N1中频;原词性:名;音调:⓪"
"文脈","ぶんみゃく","文脉，语境","名词","文脈から読み取る","从上下文来理解","N1","eggrolls;N1中频;原词性:名;音调:⓪"
"文明","ぶんめい","文明","名词","文明開化","文明开化","N1","eggrolls;N1高频;原词性:名;音调:⓪"
"平行","へいこう","平行","な形容词/名词/サ变动词","平行する二直線","平行的两条直线","N1","eggrolls;N1高频;原词性:ナ形・名・自動3;音调:⓪"
"呆れる","あきれる","惊呆","动词/自动词/一段动词","呆れてものが言えない","惊讶得哑口无言","N1","eggrolls;N1高频;原词性:自動2;音调:⓪"
"宝石","ほうせき","宝石","名词","宝石のコレクション","宝石收藏","N1","eggrolls;N1中频;原词性:名;音调:⓪"
"坊や","ぼうや","男孩；不懂世故的年轻人","名词","活発な坊や","活泼的男孩","N1","eggrolls;N1低频;原词性:名;音调:①"
"望遠鏡","ぼうえんきょう","望远镜","名词","望遠鏡で星を観測する","用望远镜观察星星","N1","eggrolls;N1中频;原词性:名;音调:⓪"
"冒険","ぼうけん","冒险","名词/サ变动词","命がけの冒険をする","冒生命的危险","N1","eggrolls;N1高频;原词性:名・自動3;音调:⓪"
"牧畜","ぼくちく","畜牧","名词","牧畜業","畜牧业","N1","eggrolls;N1低频;原词性:名;音调:⓪"
"盆","ぼん","盆，托盘；（お盆）盂兰盆节","名词","盆に載せる","放在托盘上","N1","eggrolls;N1低频;原词性:名;音调:⓪①"
"目安","めやす","大致的目标，标准","名词","体重を目安に健康状態を知る","以体重作为判断健康状态的参考","N1","eggrolls;N1高频;原词性:名;音调:①⓪"
"目次","もくじ","目录","名词","目次を作る","编目录","N1","eggrolls;N1中频;原词性:名;音调:⓪"
"矢印","やじるし","箭头符号","名词","矢印をつける","标箭头","N1","eggrolls;N1低频;原词性:名;音调:②"
"役者","やくしゃ","演员；（深谙世故、善于交涉等有手腕的）人才","名词","役者になる","成为演员","N1","eggrolls;N1中频;原词性:名;音调:⓪"
"有能","ゆうのう","有才能","名词/な形容词","有能な作家","有才能的作家","N1","eggrolls;N1低频;原词性:名・ナ形;音调:⓪"
"余分","よぶん","剩余；多余","名词/な形容词","余分が出る","出现剩余","N1","eggrolls;N1高频;原词性:名・ナ形;音调:⓪"
"裏口","うらぐち","后门；走后门","名词","裏口へ回る","绕到后门","N1","eggrolls;N1低频;原词性:名;音调:⓪"
"陸","りく","陆地，旱地","名词","船から陸が見える","从船上可以看见陆地","N1","eggrolls;N1低频;原词性:名;音调:⓪"
"連想","れんそう","联想","名词/サ变动词","白と言えば雪を連想する","一提到白色就会想到雪","N1","eggrolls;N1高频;原词性:名・他動3;音调:⓪"
"老い","おい","老，衰老；老年人","名词","老いも若きも踊りだす","无论男女老少，大家都跳起了舞","N1","eggrolls;N1中频;原词性:名;音调:②⓪①"
"老後","ろうご","晚年，老年","名词","老後に備えて貯金する","存钱以备晚年所需","N1","eggrolls;N1低频;原词性:名;音调:⓪①"
"交う","かう","交织，相互，交叉，……来……去","动词/五段动词","飛び交う","飞舞交织；飞来飞去","N1","eggrolls;N1中频;原词性:動1"
"街","がい","……街","造语成分","繁華街","闹市，繁华街","N1","eggrolls;N1低频;原词性:造"
"強","きょう","超过……一点；强","接尾词/造语成分","3キロ強の魚","3公斤多一点的鱼","N1","eggrolls;N1低频;原词性:接尾・造;音调:①"
"触り","さわり","触感，感觉","名词","手触り","手感","N1","eggrolls;N1高频;原词性:名"
"庁","ちょう","……厅，……署","名词","防衛庁","防卫厅","N1","eggrolls;N1中频;原词性:名"
"あやふや","あやふや","模棱两可，含糊","な形容词","あやふやな返事","模棱两可的答复","N1","eggrolls;N1低频;原词性:ナ形;音调:⓪;オノマトペ"
"いささか","いささか","有点；丝毫（不）","副词","いささか自信がある","有点信心","N1","eggrolls;N1中频;原词性:副;音调:②⓪"
"いざという時","いざというとき","紧要关头，危急时刻","成句","いざという時に備える","以备不时之需","N1","eggrolls;N1低频;原词性:成句"
"いじる","いじる","摆弄，抚弄，拨弄；玩赏，玩弄","动词/他动词/五段动词","髪の毛をいじる","拨弄头发","N1","eggrolls;N1低频;原词性:他動1;音调:②"
"嘘つき","うそつき","说谎，说谎的人","名词","噓つきは泥棒の始まり","说谎是偷窃的开始","N1","eggrolls;N1低频;原词性:名;音调:②"
"おおかみ","おおかみ","狼；表面和善实际凶恶的人","名词","羊の皮をかぶったおおかみ","披着羊皮的狼，笑面虎","N1","eggrolls;N1低频;原词性:名;音调:①"
"オークション","オークション","拍卖","名词","オークションで落札する","购得拍卖商品；拍卖成交","N1","eggrolls;N1低频;原词性:名;音调:①;カタカナ語"
"おまけ","おまけ","减价；赠品；另外附加（的东西）","名词/サ变动词","100円おまけしましょう","给您便宜一百日元吧","N1","eggrolls;N1中频;原词性:名・自他動3;音调:⓪"
"カーナビ","カーナビ","汽车自动导航仪","名词","カーナビのおかげで外出は大変便利になった","汽车导航系统为人们的出行提供了极大的便利","N1","eggrolls;N1低频;原词性:名;音调:⓪;カタカナ語"
"絆","きずな","纽带，羁绊","名词","親子の絆","父母与孩子之间的纽带","N1","eggrolls;N1高频;原词性:名;音调:⓪"
"毅然","きぜん","毅然，坚决","な形容词/ト/タル型","毅然たる態度をとる","采取坚决的态度","N1","eggrolls;N1低频;原词性:形動トタル;音调:⓪"
"ぐっと","ぐっと","使劲，一口气地；……得多","副词","ぐっと飲む","一气喝下","N1","eggrolls;N1高频;原词性:副;音调:⓪①;オノマトペ"
"くみ上げる","くみあげる","舀，抽（液体）；采纳（下属或群众的要求、建议等）","动词/他动词/一段动词","井戸から水をくみ上げる","从井里打水","N1","eggrolls;N1低频;原词性:他動2;音调:④"
"さえずる","さえずる","（小鸟）叽叽喳喳；喋喋不休","动词/自动词/五段动词","雀がさえずる","麻雀叽叽喳喳叫","N1","eggrolls;N1低频;原词性:自動1;音调:③"
"嗜好","しこう","嗜好，爱好","名词/サ变动词","嗜好品","（咖啡、茶、酒等）嗜好品","N1","eggrolls;N1中频;原词性:名・他動3;音调:⓪"
"しょんぼり","しょんぼり","垂头丧气，无精打采","副词/サ变动词","しょんぼりした姿","无精打采的样子","N1","eggrolls;N1低频;原词性:副・自動3;音调:③;オノマトペ"
"スケッチ","スケッチ","素描，写生；短篇作品","サ变动词/名词","風景をスケッチする","画风景速写","N1","eggrolls;N1低频;原词性:他動3・名;音调:②;カタカナ語"
"雀","すずめ","麻雀","名词","雀の涙","（像麻雀的眼泪一样少）微乎其微，一点点","N1","eggrolls;N1中频;原词性:名;音调:⓪"
"ずっしり","ずっしり","（物体）沉甸甸","副词","小銭がいっぱいでずっしりと重い財布","装满了硬币的沉甸甸的钱包","N1","eggrolls;N1低频;原词性:副;音调:③;オノマトペ"
"せかせか","せかせか","（说话、动作、态度等）急急忙忙","副词/サ变动词","そんなにせかせかするなよ","别那么慌慌张张的","N1","eggrolls;N1低频;原词性:副・自動3;音调:①;オノマトペ"
"タブー","タブー","禁忌之物，避讳的事","名词","宗教上のタブーに触れる","触犯宗教上的禁忌","N1","eggrolls;N1中频;原词性:名;音调:②①;カタカナ語"
"とかく","とかく","种种，这个那个；动不动，总是；总之","副词","彼にはとかくの批判がある","对他有各种各样的批评","N1","eggrolls;N1低频;原词性:副;音调:⓪"
"トラベル","トラベル","旅行","名词","トラベルガイド","旅游指南","N1","eggrolls;N1中频;原词性:名;音调:②;カタカナ語"
"どんより","どんより","阴沉沉；浑浊","副词/サ变动词","どんよりした空","阴沉沉的天空","N1","eggrolls;N1中频;原词性:副・自動3;音调:③;オノマトペ"
"ばか","ばか","愚蠢，笨，傻，混蛋，笨蛋；非常……，过于……","名词/な形容词","ぼくはばかだった","我真傻，真的","N1","eggrolls;N1中频;原词性:名・ナ形;音调:①"
"びくびく","びくびく","畏缩，战战兢兢，颤抖","副词/サ变动词","叱られるかとびくびくする","怕挨骂而战战兢兢","N1","eggrolls;N1中频;原词性:副・自動3;音调:①;オノマトペ"
"ひねる","ひねる","拧；（身体）扭动；（「頭をひねる」の形で）冥思苦想","动词/他动词/五段动词","水道の蛇口をひねる","拧水龙头","N1","eggrolls;N1低频;原词性:他動1;音调:②"
"ひらひら","ひらひら","薄而轻的东西在空中摇曳的样子","副词/サ变动词","服が風にひらひらと舞う","衣服在风中飘扬","N1","eggrolls;N1中频;原词性:副・自動3;音调:①;オノマトペ"
"淵","ふち","渊，潭；深渊","名词","絶望の淵に沈む","陷入绝望的深渊","N1","eggrolls;N1低频;原词性:名;音调:②"
"ふとした","ふとした","意外的，偶然的","连体词","ふとした怪我","意外的受伤","N1","eggrolls;N1低频;原词性:連体;音调:②⓪①"
"プロジェクト","プロジェクト","计划，项目","名词","プロジェクトチーム","项目小组","N1","eggrolls;N1高频;原词性:名;音调:②③;カタカナ語"
"マッチ","マッチ","协调；火柴；比赛","名词/サ变动词","洋服と靴がよくマッチしている","衣服和鞋很配","N1","eggrolls;N1低频;原词性:名・自動3;音调:①;カタカナ語"
"やられる","やられる","受害，被害；得病；被打败","动词/自动词/一段动词","台風でひどくやられた田畑","被台风严重摧残的田地","N1","eggrolls;N1低频;原词性:自動2;音调:⓪"
"やり遂げる","やりとげる","完成，干到底","动词/他动词/一段动词","仕事を立派にやり遂げる","出色地完成工作","N1","eggrolls;N1高频;原词性:他動2;音调:④"
"やり通す","やりとおす","做完，做到最后","动词/他动词/五段动词","仕事を最後までやり通す","把工作做完","N1","eggrolls;N1低频;原词性:他動1;音调:③"
"リーダーシップ","リーダーシップ","领导地位；领导能力","名词","リーダーシップをとる","掌握领导权","N1","eggrolls;N1高频;原词性:名;音调:⑤;カタカナ語"
"安","やす","低……","接头词/接尾词","安月給","低工资","N1","eggrolls;N1低频;原词性:接頭・接尾"
"安らか","やすらか","安乐，安逸；安静，安稳","な形容词","安らかな日々","安稳的日子","N1","eggrolls;N1中频;原词性:ナ形;音调:②"
"引き上げる","ひきあげる","吊起；提高；撤回；提拔；返回原地","动词/自他动词/一段动词","ワイヤーと滑車を使って引き上げる","用钢缆和滑轮往上吊","N1","eggrolls;N1高频;原词性:自他動2;音调:④"
"引き裂く","ひきさく","（把布等）撕裂；拆散（关系）","动词/他动词/五段动词","紙を引き裂く","撕裂纸张","N1","eggrolls;N1低频;原词性:他動1;音调:③"
"往来","おうらい","往来，徘徊；萦绕；道路；交际，来往","名词/サ变动词","人の往来が絶えない","行人来往不绝","N1","eggrolls;N1低频;原词性:名・自動3;音调:⓪"
"押し出す","おしだす","推出去；突出；全体出动","动词/自他动词/五段动词","相手を土俵の外へ押し出す","把对方推出圈外","N1","eggrolls;N1中频;原词性:自他動1;音调:③"
"旺盛","おうせい","旺盛，充沛","な形容词/名词","好奇心旺盛","好奇心旺盛","N1","eggrolls;N1中频;原词性:ナ形・名;音调:⓪"
"横暴","おうぼう","粗暴，残暴，蛮横","名词/な形容词","横暴な振る舞い","蛮横的举止","N1","eggrolls;N1低频;原词性:名・ナ形;音调:⓪"
"音色","ねいろ","音色","名词","きれいな音色","悦耳的音色","N1","eggrolls;N1低频;原词性:名;音调:⓪"
"何とも","なんとも","怎么也（不）；没什么；真的，实在","副词","今の段階では何とも言えない","就目前阶段而言还很难讲","N1","eggrolls;N1高频;原词性:副;音调:⓪①"
"架け橋","かけはし","吊桥，浮桥；桥梁","名词","文化交流の架け橋","文化交流的桥梁","N1","eggrolls;N1低频;原词性:名;音调:②"
"過疎","かそ","人口过少","名词","過疎地帯","人口稀少地区","N1","eggrolls;N1中频;原词性:名;音调:①"
"解明","かいめい","弄清楚，弄明白","名词/サ变动词","事件の真相を解明する","弄清案件真相","N1","eggrolls;N1高频;原词性:名・他動3;音调:⓪"
"懐かしむ","なつかしむ","怀念，眷恋","动词/他动词/五段动词","子供のころを懐かしむ","怀念孩提时代","N1","eggrolls;N1低频;原词性:他動1;音调:④"
"改革","かいかく","改革","名词/サ变动词","改革を進める","推进改革","N1","eggrolls;N1高频;原词性:名・他動3;音调:⓪"
"崖","がけ","山崖，悬崖","名词","崖崩れ","塌方，滑坡","N1","eggrolls;N1高频;原词性:名;音调:⓪"
"格差","かくさ","（资格、等级、所得、价格等）差距，差别","名词","格差社会","贫富差距显著的社会","N1","eggrolls;N1中频;原词性:名;音调:①"
"学業","がくぎょう","学业","名词","学業に励む","钻研学问，勤于学习","N1","eggrolls;N1低频;原词性:名;音调:②⓪"
"学説","がくせつ","学说","名词","新しい学説を立てる","提出新学说","N1","eggrolls;N1中频;原词性:名;音调:⓪"
"活性","かっせい","活性","名词","活性がない","没有活性；惰性","N1","eggrolls;N1高频;原词性:名;音调:⓪"
"感染","かんせん","感染；沾染","名词/サ变动词","コロナに感染する","感染上新冠病毒","N1","eggrolls;N1中频;原词性:名・自動3;音调:⓪"
"歓声","かんせい","欢声，欢呼声","名词","歓声を上げる","发出欢呼","N1","eggrolls;N1低频;原词性:名;音调:⓪"
"監視","かんし","监视","名词/サ变动词","行動を監視する","监视行动","N1","eggrolls;N1低频;原词性:名・他動3;音调:⓪"
"観賞","かんしょう","观赏","サ变动词/名词","月を観賞する","赏月","N1","eggrolls;N1中频;原词性:他動3・名;音调:⓪"
"館長","かんちょう","馆长","名词","彼は美術館の館長に任命された","他被任命为美术馆馆长","N1","eggrolls;N1中频;原词性:名;音调:①"
"丸ごと","まるごと","完整，整个","副词","丸ごと飲み込む","整个吞下去","N1","eggrolls;N1中频;原词性:副;音调:⓪"
"奇跡","きせき","奇迹","名词","奇跡の生還","奇迹生还","N1","eggrolls;N1中频;原词性:名;音调:②①⓪"
"気まま","きまま","任性，随意","名词/な形容词","気ままな暮らし","随意的生活","N1","eggrolls;N1低频;原词性:名・ナ形;音调:⓪"
"紀元","きげん","纪元，公元","名词","紀元前","公元前","N1","eggrolls;N1低频;原词性:名;音调:①"
"貴族","きぞく","贵族；特权阶层","名词","貴族政治","贵族政治","N1","eggrolls;N1低频;原词性:名;音调:①"
"起動","きどう","启动，开始运转","名词/サ变动词","パソコンを起動する","开电脑","N1","eggrolls;N1低频;原词性:名・自他動3;音调:⓪"
"議題","ぎだい","议题，讨论题目","名词","議題に取り上げる","列为议题","N1","eggrolls;N1高频;原词性:名;音调:⓪"
"逆転","ぎゃくてん","反转；逆转","名词/サ变动词","逆転勝利","反败为胜","N1","eggrolls;N1中频;原词性:名・自他動3;音调:⓪"
"宮殿","きゅうでん","宫殿","名词","バッキンガム宮殿","白金汉宫","N1","eggrolls;N1低频;原词性:名;音调:⓪"
"給食","きゅうしょく","（学校、工厂等）供餐，提供饮食","名词/サ变动词","学校給食","学校供餐","N1","eggrolls;N1低频;原词性:名・自動3;音调:⓪"
"居住","きょじゅう","居住","名词/サ变动词","日本に居住している中国人","在日本居住的中国人","N1","eggrolls;N1低频;原词性:名・自動3;音调:⓪"
"叫び","さけび","叫喊，喊声；拼命诉求","名词","魂の叫び","灵魂的呼声","N1","eggrolls;N1低频;原词性:名;音调:③"
"強まる","つよまる","强烈起来","动词/自动词/五段动词","風が強まる","风势加强","N1","eggrolls;N1高频;原词性:自動1;音调:③"
"恐れ入る","おそれいる","十分抱歉；实在不好意思；折服，拜服；惊讶，傻眼","动词/自动词/五段动词","ご迷惑をかけまして恐れ入ります","给您添麻烦，真对不起","N1","eggrolls;N1高频;原词性:自動1;音调:②"
"教え子","おしえご","学生，徒弟，门徒","名词","教え子が全国にいる","桃李满天下","N1","eggrolls;N1低频;原词性:名;音调:⓪③"
"駆けつける","かけつける","急速赶到，奔赴","动词/自动词/一段动词","息せききって現場に駆けつける","气喘吁吁地赶到现场","N1","eggrolls;N1低频;原词性:自動2;音调:⓪④"
"駆使","くし","运用，操纵自如","サ变动词/名词","最先端技術を駆使する","运用最尖端技术","N1","eggrolls;N1高频;原词性:他動3・名;音调:①②"
"空腹","くうふく","空腹，饿肚子","な形容词/名词","空腹感","饥饿感","N1","eggrolls;N1中频;原词性:ナ形・名;音调:⓪"
"携わる","たずさわる","从事","动词/自动词/五段动词","営業に携わる","从事销售工作","N1","eggrolls;N1高频;原词性:自動1;音调:④"
"軽やか","かろやか","轻盈，轻松，轻快","な形容词","軽やかに舞うバレリーナ","轻盈起舞的芭蕾舞女","N1","eggrolls;N1中频;原词性:ナ形;音调:②"
"月刊","げっかん","月刊","名词","月刊誌","月刊杂志","N1","eggrolls;N1低频;原词性:名;音调:⓪"
"建て前","たてまえ","表面上的主义，方针，原则","名词","本音と建て前","真心话和场面话","N1","eggrolls;N1中频;原词性:名;音调:②③"
"肩書き","かたがき","（名片等上面附加于姓名旁的）职称；（社会上的）头衔，身份，地位","名词","肩書きなしの名刺","没有职称的名片","N1","eggrolls;N1低频;原词性:名;音调:⓪"
"見違える","みちがえる","看错，判断错","动词/他动词/一段动词","あの子は見違えるほど大きくなった","那孩子长大了，都快认不出了","N1","eggrolls;N1低频;原词性:他動2;音调:⓪④③"
"見回す","みまわす","环视，环顾","动词/他动词/五段动词","辺りを見回す","环视四周","N1","eggrolls;N1低频;原词性:他動1;音调:⓪③"
"見合い","みあい","相亲；平衡，相称","名词/サ变动词","見合い結婚","通过相亲结婚","N1","eggrolls;N1低频;原词性:名・自動3;音调:⓪"
"見捨てる","みすてる","抛弃，弃之不顾","动词/他动词/一段动词","仲間を見捨てる","弃同伴于不顾","N1","eggrolls;N1低频;原词性:他動2;音调:⓪③"
"見通す","みとおす","一直看到最后；眺望；看透；预测","动词/他动词/五段动词","作文を全部見通す","通览作文","N1","eggrolls;N1高频;原词性:他動1;音调:⓪②"
"原則","げんそく","原则，原理","名词","原則に基づいて行動する","根据原则行动","N1","eggrolls;N1中频;原词性:名;音调:⓪"
"原文","げんぶん","原文","名词","翻訳する前に原文をよく読んだ","翻译前我仔细阅读了原文","N1","eggrolls;N1低频;原词性:名;音调:⓪"
"厳格","げんかく","严格，严肃，严厉","な形容词","生徒に対して厳格である","对学生很严格","N1","eggrolls;N1低频;原词性:ナ形;音调:⓪"
"厳粛","げんしゅく","庄严；严肃","な形容词","式典は厳粛な雰囲気だった","典礼气氛庄严","N1","eggrolls;N1低频;原词性:ナ形;音调:⓪"
"現","げん","现在的，当下的","造语成分","現大臣","现任大臣","N1","eggrolls;N1低频;原词性:造"
"言い合う","いいあう","相互说……；争吵","动词/自他动词/五段动词","冗談を言い合う","相互开玩笑，互相调侃","N1","eggrolls;N1中频;原词性:自他動1;音调:③"
"言い分","いいぶん","主张；不满","名词","自分の言い分を通す","坚持自己的主张","N1","eggrolls;N1中频;原词性:名;音调:⓪"
"古〜","ふる〜","古老，陈旧的，以前的","接头词","古新聞","旧报纸","N1","eggrolls;N1低频;原词性:接頭"
"古今","ここん","古今，今与昔","名词","古今未曾有","史无前例","N1","eggrolls;N1低频;原词性:名;音调:①"
"誇る","ほこる","得意，自夸；以……为荣","动词/他动词/五段动词","自分の才能を誇る","夸耀自己的才能","N1","eggrolls;N1高频;原词性:他動1;音调:②"
"雇用","こよう","雇用，雇佣","名词/サ变动词","終身雇用制度","终身雇佣制度","N1","eggrolls;N1高频;原词性:名・他動3;音调:⓪"
"後世","こうせい","后世","名词","後世に名を残す","名留后世","N1","eggrolls;N1低频;原词性:名;音调:①"
"候補者","こうほしゃ","候补人员，候选人","名词","彼は市長選挙の候補者として出馬する","他作为市长选举的候选人参选","N1","eggrolls;N1高频;原词性:名;音调:③"
"好意","こうい","好意，善意","名词","ご好意に甘えて","承您的好意；恭敬不如从命","N1","eggrolls;N1高频;原词性:名;音调:①"
"好況","こうきょう","繁荣，景气","名词","市場が好況を呈する","市场呈现繁荣","N1","eggrolls;N1低频;原词性:名;音调:⓪"
"抗議","こうぎ","抗议，呼吁","名词/サ变动词","抗議活動を行う","举行抗议活动","N1","eggrolls;N1低频;原词性:名・自他動3;音调:①"
"考古学","こうこがく","考古学","名词","彼女は考古学に興味を持っている","她对考古学感兴趣","N1","eggrolls;N1低频;原词性:名;音调:③"
"行き過ぎる","いきすぎる","经过；走过头；超出限度","动词/自动词/一段动词","家の前を行き過ぎる","路过家门口","N1","eggrolls;N1低频;原词性:自動2;音调:④"
"行政","ぎょうせい","行政；政务","名词","行政機関","行政机关","N1","eggrolls;N1高频;原词性:名;音调:⓪"
"鉱山","こうざん","矿山","名词","カドミウムを含んだ鉱山の廃水","含有镉的矿山废水","N1","eggrolls;N1低频;原词性:名;音调:①"
"降水","こうすい","降水","名词","降水確率","降水概率","N1","eggrolls;N1中频;原词性:名;音调:⓪"
"昆虫","こんちゅう","昆虫","名词","ハチ・チョウ・セミ・トンボ・アリなどは昆虫です","蜂、蝶、蝉、蜻蜓、蚂蚁等是昆虫","N1","eggrolls;N1高频;原词性:名;音调:⓪"
"混同","こんどう","混淆，混同","名词/サ变动词","公私混同","公私不分","N1","eggrolls;N1中频;原词性:名・自他動3;音调:⓪"
"差し出す","さしだす","伸出，递出；寄出，派出；提交","动词/他动词/五段动词","手を差し出して取ろうとする","想要伸出手去拿","N1","eggrolls;N1高频;原词性:他動1;音调:③⓪"
"採択","さいたく","采纳，通过","名词/サ变动词","決議案を賛成多数で採択した","以多数赞成通过了决议案","N1","eggrolls;N1低频;原词性:名・他動3;音调:⓪"
"災い","わざわい","灾难，灾祸","名词","災いを招く","招致灾难","N1","eggrolls;N1低频;原词性:名;音调:⓪"
"細工","さいく","手工艺品；玩弄伎俩，耍花招","サ变动词/名词","細工を施す","巧施细工","N1","eggrolls;N1中频;原词性:他動3・名;音调:③⓪"
"在庫","ざいこ","库存","名词","在庫を確認する","确认库存量","N1","eggrolls;N1高频;原词性:名;音调:⓪"
"在籍","ざいせき","在学籍，在编，在册","名词/サ变动词","在籍証明","学籍证明","N1","eggrolls;N1低频;原词性:名・自動3;音调:⓪"
"削減","さくげん","削减，减少","名词/サ变动词","経費を削減する","削减经费","N1","eggrolls;N1高频;原词性:名・他動3;音调:⓪"
"山腹","さんぷく","山腰","名词","山腹で一休みする","在山腰处休息一下","N1","eggrolls;N1低频;原词性:名;音调:⓪"
"仕入れる","しいれる","进货，买进；取得，获得","动词/他动词/一段动词","新しい商品を仕入れる","进货新商品","N1","eggrolls;N1高频;原词性:他動2;音调:③"
"思いもよらない","おもいもよらない","出乎意料","成句","思いもよらない事故のために死んでしまった","死于意外的事故","N1","eggrolls;N1中频;原词性:成句"
"思い当たる","おもいあたる","想起来；觉得有道理","动词/自动词/五段动词","原因について思い当たる節がある","关于原因，我有一些头绪了","N1","eggrolls;N1高频;原词性:自動1;音调:⑤⓪"
"思わしくない","おもわしくない","不如意的","成句","結果は思わしくない","结果不尽人意","N1","eggrolls;N1中频;原词性:成句"
"視聴","しちょう","收看；关注","名词/サ变动词","デジタル放送を視聴する","收看数字电视","N1","eggrolls;N1高频;原词性:名・他動3;音调:⓪"
"資産","しさん","资产","名词","固定資産税","固定资产税","N1","eggrolls;N1中频;原词性:名;音调:①⓪"
"自立","じりつ","自立，独立","名词/サ变动词","親元を離れて自立する","离开父母独立生活","N1","eggrolls;N1高频;原词性:名・自動3;音调:⓪"
"実体","じったい","实体，本质","名词","問題の実体を把握する","掌握问题的本质","N1","eggrolls;N1高频;原词性:名;音调:⓪"
"若干","じゃっかん","若干，多少，有些","名词/副词","若干足りないところがある","多少有点不足之处","N1","eggrolls;N1高频;原词性:名・副;音调:⓪"
"弱者","じゃくしゃ","弱者","名词","社会は弱者を守るべきだ","社会应该保护弱者","N1","eggrolls;N1中频;原词性:名;音调:①"
"主催","しゅさい","主办，举办","名词/サ变动词","クイズ大会を主催する","举办智力竞答","N1","eggrolls;N1中频;原词性:名・他動3;音调:⓪"
"主題","しゅだい","主题，中心思想；中心旋律","名词","主題歌","主题曲","N1","eggrolls;N1低频;原词性:名;音调:⓪"
"取り締まり","とりしまり","监管，控制，取缔","名词","交通違反の取り締まり","交通违规的取缔","N1","eggrolls;N1低频;原词性:名;音调:⓪"
"手厚い","てあつい","热情的，（待遇）优厚的","い形容词","手厚いもてなしを受ける","受到热情款待","N1","eggrolls;N1低频;原词性:イ形;音调:③⓪"
"収支","しゅうし","收支","名词","収支が合わない","收支不平衡","N1","eggrolls;N1中频;原词性:名;音调:①"
"就学","しゅうがく","就学","名词/サ变动词","就学年齢","就学年龄","N1","eggrolls;N1中频;原词性:名・自動3;音调:⓪"
"就業","しゅうぎょう","开始工作；就业","名词/サ变动词","就業時間","上班时间","N1","eggrolls;N1高频;原词性:名・自動3;音调:⓪"
"修飾","しゅうしょく","修饰，装饰","名词/サ变动词","修飾の多い表現","有诸多修饰的表达","N1","eggrolls;N1低频;原词性:名・他動3;音调:⓪"
"終始","しゅうし","始终","副词/名词/サ变动词","曖昧な態度に終始する","态度始终不明了","N1","eggrolls;N1低频;原词性:副・名・自動3;音调:①"
"習性","しゅうせい","（动物）习性；（人）习惯","名词","カラスの習性を研究する","研究乌鸦的习性","N1","eggrolls;N1中频;原词性:名;音调:⓪"
"住み着く","すみつく","定居，落户","动词/自动词/五段动词","ニューヨークに住み着く","定居纽约","N1","eggrolls;N1低频;原词性:自動1;音调:③⓪"
"重複","ちょうふく","重复","名词/サ变动词","話が重複する","说重复的话","N1","eggrolls;N1中频;原词性:名・自動3;音调:⓪"
"重要視","じゅうようし","重视","名词/サ变动词","最も重要視する事項","最重视的事项","N1","eggrolls;N1中频;原词性:名・他動3;音调:③"
"宿命","しゅくめい","宿命，命运","名词","宿命的な出会い","命中注定的邂逅","N1","eggrolls;N1中频;原词性:名;音调:⓪"
"縮まる","ちぢまる","缩，缩小，缩短","动词/自动词/五段动词","差が縮まる","差距缩小","N1","eggrolls;N1中频;原词性:自動1;音调:⓪"
"出品","しゅっぴん","（在展览会、展示会等）展出","名词/サ变动词","展示会に出品する","在展览会上展出","N1","eggrolls;N1低频;原词性:名・自他動3;音调:⓪"
"初","はつ","初次的","名词/接头词","初公演","首次公演","N1","eggrolls;N1高频;原词性:名・接頭"
"所得","しょとく","所得，收入","名词","所得税","所得税","N1","eggrolls;N1高频;原词性:名;音调:⓪"
"書き取る","かきとる","照原文写下来，记录，听写","动词/他动词/五段动词","原文を書き取る","将原文听写下来","N1","eggrolls;N1低频;原词性:他動1;音调:③⓪"
"書き留める","かきとめる","写下来","动词/他动词/一段动词","ノートに書き留めておく","写在笔记本上","N1","eggrolls;N1中频;原词性:他動2;音调:④⓪"
"助言","じょげん","出主意，从旁教导","名词/サ变动词","友だちとして助言する","作为朋友帮忙出主意","N1","eggrolls;N1高频;原词性:名・自他動3;音调:⓪"
"勝ち抜く","かちぬく","一直竞争到取得最后胜利","动词/自动词/五段动词","激しい競争を勝ち抜く","在激烈的竞争中取得最后的胜利","N1","eggrolls;N1低频;原词性:自動1;音调:③⓪"
"勝ち負け","かちまけ","输赢，胜负","名词","勝ち負けにこだわらない","不拘泥于输赢","N1","eggrolls;N1中频;原词性:名;音调:①②"
"勝利","しょうり","胜利，成功","名词/サ变动词","勝利を収める","获取胜利，取得成功","N1","eggrolls;N1高频;原词性:名・自動3;音调:①"
"奨励","しょうれい","鼓励","名词/サ变动词","科学研究を奨励する","鼓励开展研究工作","N1","eggrolls;N1中频;原词性:名・他動3;音调:⓪"
"少なからず","すくなからず","不少，非常","副词","けが人が少なからず出た","有不少人受伤","N1","eggrolls;N1中频;原词性:副;音调:④"
"昇進","しょうしん","晋升，晋级","名词/サ变动词","部長に昇進する","晋升为部长","N1","eggrolls;N1高频;原词性:名・自動3;音调:⓪"
"賞味","しょうみ","品味，品尝","名词/サ变动词","賞味期限","保鲜期，保质期","N1","eggrolls;N1中频;原词性:名・他動3;音调:①"
"上","かみ","上游；前半个……","名词","この川の上に橋がある","这河上游有一座桥","N1","eggrolls;N1低频;原词性:名;音调:①"
"上映","じょうえい","上映，放映","名词/サ变动词","映画の上映時間","电影放映时间","N1","eggrolls;N1中频;原词性:名・他動3;音调:⓪"
"乗り込む","のりこむ","搭乘，坐进；开进，进入；（气势汹汹地）进入，闯入","动词/自动词/五段动词","バスに乗り込む","坐上巴士","N1","eggrolls;N1高频;原词性:自動1;音调:③"
"乗り切る","のりきる","乘……越过；克服，度过","动词/自动词/五段动词","太平洋をヨットで乗り切る","驾着帆船横渡太平洋","N1","eggrolls;N1中频;原词性:自動1;音调:③"
"織物","おりもの","织物","名词","綿織物","棉织品","N1","eggrolls;N1低频;原词性:名;音调:⓪②③"
"侵害","しんがい","侵害，侵犯","名词/サ变动词","プライバシーの侵害","侵犯隐私","N1","eggrolls;N1低频;原词性:名・他動3;音调:⓪"
"審査","しんさ","审查","名词/サ变动词","審査に合格する","审查合格","N1","eggrolls;N1高频;原词性:名・他動3;音调:①"
"心遣い","こころづかい","关心，惦念","名词","お心遣い、ありがとうございました","多谢您的关心","N1","eggrolls;N1中频;原词性:名;音调:④"
"心構え","こころがまえ","思想准备，觉悟","名词","心構えができている","已做好思想准备","N1","eggrolls;N1中频;原词性:名;音调:④"
"心細い","こころぼそい","心里没底的，没把握的","い形容词","一人旅は心細い","一个人出去旅游总感觉心里没底","N1","eggrolls;N1低频;原词性:イ形;音调:⑤"
"心得","こころえ","心得，体会；须知","名词","インターンシップの心得","实习的心得、体会","N1","eggrolls;N1中频;原词性:名;音调:③④"
"心ない","こころない","无情的，不为别人着想的；不解风情的；欠考虑的，无心的","い形容词","彼のコメントは心ない","他的评论很无情","N1","eggrolls;N1低频;原词性:イ形;音调:④"
"振り回す","ふりまわす","挥舞；滥用；显摆；（「振り回される」の形で）（被）任意摆布","动词/他动词/五段动词","剣を振り回す","挥舞剑","N1","eggrolls;N1高频;原词性:他動1;音调:④"
"振るう","ふるう","挥动；充分发挥；兴旺","动词/自他动词/五段动词","犯人は刃物を振るって通行人に襲いかかった","凶手挥舞着刀子攻击路人","N1","eggrolls;N1低频;原词性:自他動1;音调:⓪"
"振る舞い","ふるまい","动作，举止；请客，招待","名词","彼の振る舞いは礼儀正しい","他的举止非常有礼貌","N1","eggrolls;N1高频;原词性:名;音调:⓪③"
"振興","しんこう","振兴","名词/サ变动词","貿易の振興を図る","振兴贸易","N1","eggrolls;N1中频;原词性:名・自他動3;音调:⓪"
"新規","しんき","新的，重新","名词/な形容词","新規採用","新录用","N1","eggrolls;N1高频;原词性:名・ナ形;音调:①"
"新緑","しんりょく","新绿，嫩绿","名词","山々は新緑したたるばかりだ","群山新绿欲滴","N1","eggrolls;N1低频;原词性:名;音调:⓪"
"真夏","まなつ","盛夏","名词","真夏の日差しはとても強い","盛夏的阳光非常强烈","N1","eggrolls;N1中频;原词性:名;音调:⓪"
"診療","しんりょう","诊疗，治疗","名词/サ变动词","診療を受ける","接受诊疗，就诊","N1","eggrolls;N1低频;原词性:名・他動3;音调:⓪"
"辛抱","しんぼう","忍耐","名词/サ变动词","あともう少しの辛抱だ","稍微再忍耐一下就好了","N1","eggrolls;N1低频;原词性:名・自他動3;音调:①"
"人員","じんいん","人员","名词","プロジェクトに必要な人員を確保した","确保了项目所需的人员","N1","eggrolls;N1高频;原词性:名;音调:⓪"
"人脈","じんみゃく","人脉","名词","仕事を通して人脈を培う","通过工作培养人脉","N1","eggrolls;N1高频;原词性:名;音调:⓪"
"人目","ひとめ","他人的眼睛，世人的眼光","名词","人目を避ける","避开他人的眼光","N1","eggrolls;N1低频;原词性:名;音调:⓪"
"甚大","じんだい","巨大，很大","な形容词","甚大な損害を受ける","遭受重大损害","N1","eggrolls;N1中频;原词性:ナ形;音调:⓪"
"図式","ずしき","图表","名词","図式にして示す","以图解的方式呈现","N1","eggrolls;N1低频;原词性:名;音调:⓪"
"推移","すいい","时间流逝；发展，变迁","名词/サ变动词","月日が推移する","时光流逝","N1","eggrolls;N1高频;原词性:名・自動3;音调:①"
"遂げる","とげる","完成，达到；得到某种（非预期的）结果","动词/他动词/一段动词","目的を遂げる","达到目的","N1","eggrolls;N1高频;原词性:他動2;音调:⓪②"
"随一","ずいいち","首屈一指，第一","名词","当代随一の作家","当代首屈一指的作家","N1","eggrolls;N1低频;原词性:名;音调:①"
"世帯","せたい","家，户，家庭","名词","世帯主","户主","N1","eggrolls;N1中频;原词性:名;音调:①②"
"世論","よろん","社会舆论","名词","世論調査","舆论调查，民意调查","N1","eggrolls;N1中频;原词性:名;音调:①⓪"
"成熟","せいじゅく","（作物）成熟；（人）发育成熟；（时机）成熟","名词/サ变动词","成熟したイネ","成熟的稻子","N1","eggrolls;N1高频;原词性:名・自動3;音调:⓪"
"整然","せいぜん","井井有条，秩序井然","な形容词/ト/タル型","整然と並んでいる","排队井然有序","N1","eggrolls;N1低频;原词性:形動トタル;音调:⓪"
"星座","せいざ","星座","名词","オリオン座・大熊座など、現在88星座が認められている","目前已认定88个星座，包括猎户座、大熊座等","N1","eggrolls;N1中频;原词性:名;音调:⓪"
"生育","せいいく","生长，繁殖，生育和抚养","名词/サ变动词","稲の生育状態","稻子的生长状况","N1","eggrolls;N1高频;原词性:名・自他動3;音调:⓪"
"生理","せいり","生理（现象）；月经","名词","生理作用","生理作用","N1","eggrolls;N1低频;原词性:名;音调:①"
"盛り込む","もりこむ","盛入；加入（内容、功能等）","动词/他动词/五段动词","斬新なアイディアを盛り込んだ企画","融入新颖创意的企划","N1","eggrolls;N1高频;原词性:他動1;音调:③"
"声優","せいゆう","配音演员","名词","そのアニメで彼女が声優を務めている","她在那部动画中担任配音演员","N1","eggrolls;N1低频;原词性:名;音调:⓪"
"誠実","せいじつ","诚实，真诚","名词/な形容词","誠実な人柄","为人诚实","N1","eggrolls;N1中频;原词性:名・ナ形;音调:⓪"
"青年","せいねん","青年，年轻人","名词","青年時代の思い出","青年时代的回忆","N1","eggrolls;N1高频;原词性:名;音调:⓪"
"骨身を惜しまず","ほねみをおしまず","不辞辛劳","成句","骨身を惜しまず働く","不辞辛劳地工作","N1","eggrolls;N1低频;原词性:成句"
"切り開く","きりひらく","开垦，开拓；杀开；开辟，开创","动词/他动词/五段动词","丘陵を切り開いて宅地を造成する","开垦丘陵来兴建住宅用地","N1","eggrolls;N1低频;原词性:他動1;音调:④⓪"
"切り出す","きりだす","将木材或石头切割后运出；开始说重要的事情","动词/他动词/五段动词","山から材木を切り出す","从山里把木材采伐后运出来","N1","eggrolls;N1中频;原词性:他動1;音调:③⓪"
"接触","せっしょく","触碰，接触；交际，联系","名词/サ变动词","接触によって感染する","通过接触传染","N1","eggrolls;N1高频;原词性:名・自動3;音调:⓪"
"絶つ","たつ","断绝","动词/他动词/五段动词","連絡を絶つ","断绝联系","N1","eggrolls;N1低频;原词性:他動1;音调:①"
"千切れる","ちぎれる","碎，破碎；被撕掉，被揪掉","动词/自动词/一段动词","紙が千切れる","纸被撕成碎片","N1","eggrolls;N1低频;原词性:自動2;音调:③"
"洗面所","せんめんじょ","盥洗室；厕所，洗手间","名词","洗面所で顔を洗った","在洗手间洗了脸","N1","eggrolls;N1中频;原词性:名;音调:⑤⓪"
"繊維","せんい","纤维","名词","食物繊維","食物纤维","N1","eggrolls;N1高频;原词性:名;音调:①"
"薦める","すすめる","推荐，推举","动词/他动词/一段动词","会長に薦める","推荐为会长","N1","eggrolls;N1低频;原词性:他動2;音调:⓪"
"素早い","すばやい","迅速的，敏捷的","い形容词","素早く見抜く","一眼看穿","N1","eggrolls;N1高频;原词性:イ形;音调:③"
"装飾","そうしょく","装饰，装饰物","名词/サ变动词","室内装飾","室内装饰","N1","eggrolls;N1高频;原词性:名・他動3;音调:⓪"
"騒然","そうぜん","骚乱，吵吵嚷嚷","な形容词/ト/タル型","会場は騒然となる","会场一片哗然","N1","eggrolls;N1低频;原词性:形動トタル;音调:⓪"
"息苦しい","いきぐるしい","呼吸困难的；苦闷，沉闷，令人窒息的","い形容词","電車が満員で息苦しい","电车里挤满了人，令人窒息","N1","eggrolls;N1中频;原词性:イ形;音调:⑤"
"速やか","すみやか","快速的，迅速的","な形容词","速やかに対策を講じる","迅速采取对策","N1","eggrolls;N1高频;原词性:ナ形;音调:②"
"打ち出す","うちだす","打出，射出；开始敲打；提出（主张）","动词/他动词/五段动词","（テニスで）強烈なサービスを打ち出す","（网球中）发出强劲的发球","N1","eggrolls;N1高频;原词性:他動1;音调:③⓪"
"体格","たいかく","体格","名词","立派な体格","健硕的体格","N1","eggrolls;N1中频;原词性:名;音调:⓪"
"対称","たいしょう","对称","名词","左右対称","左右对称","N1","eggrolls;N1低频;原词性:名;音调:⓪"
"対戦","たいせん","对战，交锋","名词/サ变动词","対戦相手","对战对手","N1","eggrolls;N1高频;原词性:名・自動3;音调:⓪"
"待遇","たいぐう","对待，服务；待遇","名词/サ变动词","旅館の待遇がよい","旅馆的服务很好","N1","eggrolls;N1中频;原词性:名・他動3;音调:⓪"
"態勢","たいせい","态势，状态，准备","名词","受け入れ態勢を整える","做好接纳的准备","N1","eggrolls;N1中频;原词性:名;音调:⓪"
"退会","たいかい","退会","名词/サ变动词","クラブを退会する","退出俱乐部","N1","eggrolls;N1低频;原词性:名・自動3;音调:⓪"
"大人げない","おとなげない","不成熟的，幼稚的","い形容词","子ども相手にけんかとはあまりに大人げない","跟小孩子吵架，实在是太不成熟了","N1","eggrolls;N1低频;原词性:イ形;音调:⑤"
"大役","たいやく","重大使命，艰巨任务","名词","大役を果たす","完成艰巨任务","N1","eggrolls;N1中频;原词性:名;音调:⓪"
"炭","すみ","炭，木炭","名词","炭を焼く","烧炭","N1","eggrolls;N1低频;原词性:名;音调:②"
"値下げ","ねさげ","减价，降价","名词/サ变动词","通話料を値下げする","降低通话费","N1","eggrolls;N1中频;原词性:名・他動3;音调:⓪"
"地区","ちく","地区，地域","名词","風致地区","风景区","N1","eggrolls;N1高频;原词性:名;音调:①②"
"地道","じみち","脚踏实地","名词/な形容词","地道に努力する","脚踏实地努力","N1","eggrolls;N1高频;原词性:名・ナ形;音调:⓪"
"中途半端","ちゅうとはんぱ","半途而废，不明确，不彻底","名词/な形容词","中途半端なやり方","半途而废的做法","N1","eggrolls;N1中频;原词性:名・ナ形;音调:④"
"忠告","ちゅうこく","忠告，劝告","名词/サ变动词","先輩として忠告する","身为前辈给予忠告","N1","eggrolls;N1中频;原词性:名・自他動3;音调:⓪"
"超〜","ちょう〜","特别……；超……","接头词","超満員","超满座，人极其多","N1","eggrolls;N1低频;原词性:接頭"
"超す","こす","超过；超出","动词/自动词/五段动词","3時間を超す会議","超过三个小时的会议","N1","eggrolls;N1低频;原词性:自動1;音调:⓪"
"長生き","ながいき","长寿，长生不老","名词/サ变动词","健康な食事は長生きにつながる","健康的饮食能够延长寿命","N1","eggrolls;N1中频;原词性:名・自動3;音调:④③"
"長続き","ながつづき","持久，长久保持","名词/サ变动词","どんな仕事をしても長続きしない","不管从事何种工作都不长久","N1","eggrolls;N1低频;原词性:名・自動3;音调:③"
"直〜","じか〜","直接……","名词","直談判","直接交涉","N1","eggrolls;N1低频;原词性:名"
"追求","ついきゅう","追求","名词/サ变动词","幸福を追求する","追求幸福","N1","eggrolls;N1高频;原词性:名・他動3;音调:⓪"
"程遠い","ほどとおい","很远的；相距甚远的","い形容词","山小屋にはほど遠い","离山中小屋还很远","N1","eggrolls;N1中频;原词性:イ形;音调:③⓪"
"ほど近い","ほどちかい","不太远的，比较近的","い形容词","家からほど近いところにある公園","离家不远的公园","N1","eggrolls;N1低频;原词性:イ形;音调:④"
"転回","てんかい","转向，翻转","名词/サ变动词","船が針路を転回する","船转变前进的方向","N1","eggrolls;N1低频;原词性:名・自他動3;音调:⓪"
"都度","つど","（前接连体修饰）每次，每当","名词","その都度使用料を払う","每次支付使用费","N1","eggrolls;N1高频;原词性:名;音调:①"
"倒産","とうさん","倒闭，破产","名词/サ变动词","あの会社は巨額の負債により倒産した","那家公司因巨额债务而破产","N1","eggrolls;N1中频;原词性:名・自動3;音调:⓪"
"当店","とうてん","本店","名词","当店では新鮮な魚介類を提供しています","我们店提供新鲜的海鲜","N1","eggrolls;N1高频;原词性:名;音调:①"
"当分","とうぶん","暂时，目前","副词","当分内緒にしておく","暂时保密","N1","eggrolls;N1中频;原词性:副;音调:⓪"
"踏み切る","ふみきる","起跳；下决心付诸实施","动词/自他动词/五段动词","力強く踏み切る","用力起跳","N1","eggrolls;N1高频;原词性:自他動1;音调:③"
"逃避","とうひ","躲避，逃避","名词/サ变动词","現実から逃避する","逃避现实","N1","eggrolls;N1中频;原词性:名・自動3;音调:⓪①"
"匿名","とくめい","匿名","名词","匿名で意見を言う","匿名发表意见","N1","eggrolls;N1中频;原词性:名;音调:⓪"
"特産","とくさん","特产","名词","北海道の特産品","北海道的特产","N1","eggrolls;N1高频;原词性:名;音调:⓪"
"特有","とくゆう","特有","名词/な形容词","ドリアン特有の匂い","榴莲特有的气味","N1","eggrolls;N1高频;原词性:名・ナ形;音调:⓪"
"独自","どくじ","独自；独特","名词/な形容词","独自の行動をとる","采取单独行动","N1","eggrolls;N1高频;原词性:名・ナ形;音调:⓪①"
"肉眼","にくがん","肉眼","名词","肉眼では見えない細菌","肉眼看不见的细菌","N1","eggrolls;N1中频;原词性:名;音调:⓪"
"入浴","にゅうよく","沐浴","名词/サ变动词","毎晩入浴する","每天晚上洗澡","N1","eggrolls;N1低频;原词性:名・自動3;音调:⓪"
"年配","ねんぱい","大致的年龄；年龄大","名词","自分と同年配の人","和自己同龄的人","N1","eggrolls;N1中频;原词性:名;音调:⓪"
"念のため","ねんのため","保险起见","成句","念のために繰り返して言う","为保险起见重复说一遍","N1","eggrolls;N1高频;原词性:成句;音调:⓪⑤"
"粘り強い","ねばりづよい","黏性大，Q弹；有毅力","い形容词","粘り強い餅","韧性十足的年糕","N1","eggrolls;N1中频;原词性:イ形;音调:⑤"
"派遣","はけん","派遣","名词/サ变动词","訪問団を派遣する","派遣访问团","N1","eggrolls;N1中频;原词性:名・他動3;音调:⓪"
"拝借","はいしゃく","（谦让语）借","名词/サ变动词","お知恵を拝借したいのですが","请指点；请给我出个主意","N1","eggrolls;N1中频;原词性:名・他動3;音调:⓪"
"排除","はいじょ","排除，除掉","名词/サ变动词","障害物を排除する","排除障碍物","N1","eggrolls;N1高频;原词性:名・他動3;音调:①"
"排水","はいすい","排水","名词/サ变动词","ポンプで排水する","用水泵排水","N1","eggrolls;N1低频;原词性:名・自他動3;音调:⓪"
"剝がれる","はがれる","脱落，揭下","动词/自动词/一段动词","壁紙が剝がれる","壁纸剥落","N1","eggrolls;N1中频;原词性:自動2;音调:③"
"薄っぺら","うすっぺら","很薄；肤浅","な形容词","薄っぺらなふとん","单薄的被褥","N1","eggrolls;N1低频;原词性:ナ形;音调:⓪;オノマトペ"
"迫力","はくりょく","打动人心的力量，感染力","名词","迫力を感じる","扣人心弦","N1","eggrolls;N1高频;原词性:名;音调:②⓪"
"縛り付ける","しばりつける","捆绑到某物上；束缚","动词/他动词/一段动词","犬を柱に縛り付ける","把狗拴在柱子上","N1","eggrolls;N1低频;原词性:他動2;音调:⑤"
"発信","はっしん","发信，发报","名词/サ变动词","SOSの発信を最後に連絡を絶つ","发出SOS求救信号后便断绝联系","N1","eggrolls;N1高频;原词性:名・自他動3;音调:⓪"
"抜き出す","ぬきだす","拔出，抽出；选出，选拔","动词/他动词/五段动词","書棚から本を抜き出す","从书架上抽出书本","N1","eggrolls;N1低频;原词性:他動1;音调:③"
"判定","はんてい","判定，作出评判","名词/サ变动词","勝敗を判定する","判定胜负","N1","eggrolls;N1中频;原词性:名・他動3;音调:⓪"
"繁栄","はんえい","繁荣","名词/サ变动词","国の繁栄","国家昌盛","N1","eggrolls;N1中频;原词性:名・自動3;音调:⓪"
"繁殖","はんしょく","繁殖","名词/サ变动词","細菌が繁殖する","细菌繁殖","N1","eggrolls;N1高频;原词性:名・自動3;音调:⓪"
"披露","ひろう","披露，公布，展示","名词/サ变动词","才能を披露する","展示才能","N1","eggrolls;N1中频;原词性:名・他動3;音调:①"
"非","ひ","不……，没有……；错误，缺点，不对，不好","名词/接头词","非常識","没有常识，不懂事理","N1","eggrolls;N1中频;原词性:名・接頭;音调:①"
"漂う","ただよう","漂浮；充满，弥漫；徘徊","动词/自动词/五段动词","無人島に漂い着く","漂流到一个无人岛上","N1","eggrolls;N1高频;原词性:自動1;音调:③"
"品種","ひんしゅ","品种；种类","名词","マンゴーの品種を改良する","改良芒果的品种","N1","eggrolls;N1高频;原词性:名;音调:⓪"
"浜辺","はまべ","湖边，海滨","名词","浜辺を散歩する","在湖边/海边散步","N1","eggrolls;N1低频;原词性:名;音调:⓪③"
"貧困","ひんこん","贫困；贫乏","名词/な形容词","貧困な生活","贫困的生活","N1","eggrolls;N1中频;原词性:名・ナ形;音调:⓪"
"不確か","ふたしか","不确定，不确切","な形容词","不確かな情報","不确切的信息","N1","eggrolls;N1中频;原词性:ナ形;音调:②"
"不確定","ふかくてい","不确定","名词/な形容词","不確定な要素","不确定因素","N1","eggrolls;N1中频;原词性:名・ナ形;音调:②"
"不況","ふきょう","经济不景气，萧条","名词","不況に陥る","陷入萧条","N1","eggrolls;N1高频;原词性:名;音调:⓪"
"不景気","ふけいき","不景气，经济萧条；愁眉不展，忧郁","名词/な形容词","不景気に見舞われる","遇到不景气","N1","eggrolls;N1中频;原词性:名・ナ形;音调:②"
"負","ふ","负；负极；背负；输","名词/造语成分","負数","负数","N1","eggrolls;N1中频;原词性:名・造;音调:①"
"負傷","ふしょう","负伤，受伤","名词/サ变动词","足を負傷する","脚受伤","N1","eggrolls;N1中频;原词性:名・自他動3;音调:⓪"
"風習","ふうしゅう","风俗习惯","名词","当地の風習に従う","遵从当地的风俗习惯","N1","eggrolls;N1中频;原词性:名;音调:⓪"
"風土","ふうど","风土，水土","名词","その土地の特徴的な風土","当地独特的风土","N1","eggrolls;N1高频;原词性:名;音调:①"
"復旧","ふっきゅう","复原，恢复原状","名词/サ变动词","道路の復旧工事が行われる","进行道路修复工程","N1","eggrolls;N1高频;原词性:名・自他動3;音调:⓪"
"幅広い","はばひろい","宽的；广泛的","い形容词","幅広い道路","宽阔的道路","N1","eggrolls;N1高频;原词性:イ形;音调:④"
"紛失","ふんしつ","遗失，丢失","名词/サ变动词","財布を紛失する","遗失钱包","N1","eggrolls;N1高频;原词性:名・自他動3;音调:⓪"
"紛争","ふんそう","纷争，纠纷","名词/サ变动词","紛争を解決する","解决纷争","N1","eggrolls;N1低频;原词性:名・自動3;音调:⓪"
"閉口","へいこう","受不了，难以应付","名词/サ变动词","彼のしつこさには閉口する","我对他的纠缠感到很无奈","N1","eggrolls;N1低频;原词性:名・自動3;音调:⓪"
"閉鎖","へいさ","关闭，封锁","名词/サ变动词","国境を閉鎖する","封锁边境","N1","eggrolls;N1低频;原词性:名・他動3;音调:⓪"
"変革","へんかく","变革，改革","名词/サ变动词","教育制度を変革する","改革教育制度","N1","eggrolls;N1中频;原词性:名・自他動3;音调:⓪"
"変動","へんどう","变动，动荡","名词/サ变动词","相場の変動が激しい","行市波动很激烈","N1","eggrolls;N1中频;原词性:名・自動3;音调:⓪"
"片側","かたがわ","单侧，一侧","名词","通りの片側に店が並んでいる","街道一侧排列着商店","N1","eggrolls;N1低频;原词性:名;音调:⓪"
"弁論","べんろん","辩论；辩护","名词/サ变动词","弁論大会","辩论大会","N1","eggrolls;N1低频;原词性:名・自他動3;音调:⓪"
"保管","ほかん","保管","名词/サ变动词","金庫に保管しておく","保管在保险箱内","N1","eggrolls;N1高频;原词性:名・他動3;音调:⓪"
"保守的","ほしゅてき","保守的","な形容词","保守的な考え方","保守的思维方式","N1","eggrolls;N1中频;原词性:ナ形;音调:⓪"
"母国","ぼこく","祖国","名词","母国を離れて暮らす","离开祖国生活","N1","eggrolls;N1低频;原词性:名;音调:①"
"豊作","ほうさく","丰收","名词","今年の文学界は豊作だ","今年出现了许多优秀的文学作品","N1","eggrolls;N1中频;原词性:名;音调:⓪"
"膨れる","ふくれる","膨胀，鼓起；不高兴","动词/自动词/一段动词","これ以上膨れると破裂する危険性がある","再膨胀下去有破裂的危险","N1","eggrolls;N1低频;原词性:自動2;音调:⓪"
"膨れ上がる","ふくれあがる","超出；肿胀","动词/自动词/五段动词","費用が膨れ上がる","费用大大超出（预算）","N1","eggrolls;N1低频;原词性:自動1;音调:⑤"
"無意味","むいみ","无意义，无价值，白费","名词/な形容词","無意味な計画","没有价值的计划","N1","eggrolls;N1低频;原词性:名・ナ形;音调:②"
"無邪気","むじゃき","天真烂漫，单纯","名词/な形容词","無邪気な子ども","天真可爱的孩子","N1","eggrolls;N1高频;原词性:名・ナ形;音调:①"
"綿密","めんみつ","细致，周密","名词/な形容词","綿密な計画","周密的计划","N1","eggrolls;N1中频;原词性:名・ナ形;音调:⓪"
"目撃","もくげき","目击，亲眼看到","名词/サ变动词","犯行を目撃する","亲眼看到犯罪过程","N1","eggrolls;N1中频;原词性:名・他動3;音调:⓪"
"役職","やくしょく","管理职，要职；（泛指）职责，职务","名词","役職手当","职务津贴","N1","eggrolls;N1中频;原词性:名;音调:⓪"
"癒やす","いやす","医治，解除（疲劳、痛苦等）","动词/他动词/五段动词","傷付いた心を癒やす","治愈受伤的心","N1","eggrolls;N1低频;原词性:他動1;音调:②"
"雄","おす","雄，公，牡","名词","雌","雌，牝，母","N1","eggrolls;N1高频;原词性:名;音调:②"
"様式","ようしき","样式，方式；一定的形式，格式；风格，格调","名词","生活様式","生活方式","N1","eggrolls;N1高频;原词性:名;音调:⓪"
"洋風","ようふう","西式","名词","洋風の建築","西洋式建筑","N1","eggrolls;N1中频;原词性:名;音调:⓪"
"要望","ようぼう","要求，强烈希望","名词/サ变动词","自治体に福祉施設の拡充を要望する","要求地方政府扩充福利设施","N1","eggrolls;N1高频;原词性:名・他動3;音调:⓪"
"立ち去る","たちさる","站起身离开","动词/自动词/五段动词","何も言わずにその場を立ち去る","什么都没说就离开了","N1","eggrolls;N1低频;原词性:自動1;音调:⓪③"
"立ち直る","たちなおる","恢复，复原；（经济）好转","动词/自动词/五段动词","失意から立ち直る","从失意中重新振作起来","N1","eggrolls;N1中频;原词性:自動1;音调:⓪④"
"立ち入り","たちいり","进入","名词","立ち入り禁止","禁止入内","N1","eggrolls;N1中频;原词性:名;音调:⓪"
"流出","りゅうしゅつ","流出；外流","名词/サ变动词","河川から土砂が流出する","河川中的土砂流出","N1","eggrolls;N1中频;原词性:名・自動3;音调:⓪"
"良質","りょうしつ","优质，品质好的","名词/な形容词","良質の米","优质大米","N1","eggrolls;N1低频;原词性:名・ナ形;音调:⓪"
"類似","るいじ","类似，相似","名词/サ变动词","類似点","相似点","N1","eggrolls;N1中频;原词性:名・自動3;音调:⓪"
"励ます","はげます","鼓励，激励，勉励","动词/他动词/五段动词","選手を励ます","鼓励选手","N1","eggrolls;N1高频;原词性:他動1;音调:③"
"励み","はげみ","勤奋，努力；勉励，鼓舞","名词","励みになる","受到鼓舞","N1","eggrolls;N1低频;原词性:名;音调:③"
"恋する","こいする","恋爱，喜爱","サ变动词","恋する乙女","恋爱中的少女","N1","eggrolls;N1低频;原词性:自他動3;音调:③①"
"朗読","ろうどく","朗读，朗诵","名词/サ变动词","詩を朗読する","诗歌朗诵","N1","eggrolls;N1低频;原词性:名・他動3;音调:⓪"
"浪費","ろうひ","浪费，糟蹋","名词/サ变动词","時間の浪費","浪费时间","N1","eggrolls;N1中频;原词性:名・他動3;音调:⓪①"
"老舗","しにせ","老店，老字号","名词","伝統の味を今に守る老舗の菓子屋","传承至今的传统老字号点心店","N1","eggrolls;N1高频;原词性:名;音调:⓪"
"とどまる","とどまる","（留）停，停留；（止）止于，限于","动词/自动词/五段动词","現職にとどまる","留职","N1","eggrolls;N1低频;原词性:自動1;音调:③"
"あたかも","あたかも","（多く、下に「～のようだ・～のごとし」などを伴って）宛如；正好（那时）","副词","あたかも自分が見たかのように語る","讲得好像自己看过一样","N1","eggrolls;N1高频;原词性:副;音调:①"
"あっけない","あっけない","太简单，不尽兴","い形容词","あっけない勝利","轻易的胜利","N1","eggrolls;N1低频;原词性:イ形;音调:④"
"あっさり","あっさり","清淡；朴素；（性格）爽快；简单","副词/サ变动词","味があっさりしている","味道清淡","N1","eggrolls;N1中频;原词性:副・自動3;音调:③;オノマトペ"
"斡旋","あっせん","介绍，斡旋；斡旋，居中调解","名词/サ变动词","仕事を斡旋する","介绍工作","N1","eggrolls;N1低频;原词性:名・他動3;音调:⓪"
"ありふれる","ありふれる","常有，司空见惯","动词/自动词/一段动词","ありふれた話","老生常谈","N1","eggrolls;N1中频;原词性:自動2;音调:⓪④"
"いたわる","いたわる","怜恤，体贴；慰劳","动词/他动词/五段动词","病人をいたわる","关怀病人","N1","eggrolls;N1中频;原词性:他動1;音调:③"
"うっとうしい","うっとうしい","郁闷的，阴郁的；烦人的，碍眼的","い形容词","気分がうっとうしい","心情郁闷","N1","eggrolls;N1低频;原词性:イ形;音调:⑤"
"うんざり","うんざり","厌倦，厌烦","副词/サ变动词","うんざりするような説教","令人厌烦的说教","N1","eggrolls;N1中频;原词性:副・自動3;音调:③;オノマトペ"
"エレガント","エレガント","优雅，雅致","な形容词","エレガントな装い","雅致的装束","N1","eggrolls;N1低频;原词性:ナ形;音调:①;カタカナ語"
"おびえる","おびえる","胆怯，恐惧","动词/自动词/一段动词","失敗するのではないかとおびえる","害怕会失败","N1","eggrolls;N1中频;原词性:自動2;音调:⓪"
"おびただしい","おびただしい","大量，浩瀚；非常，很","い形容词","おびただしい人出","人山人海","N1","eggrolls;N1低频;原词性:イ形;音调:⑤"
"おろそか","おろそか","敷衍，马虎","な形容词","仕事をおろそかにする","怠慢工作","N1","eggrolls;N1中频;原词性:ナ形;音调:②"
"お手上げ","おてあげ","束手无策","名词","彼女にはもうお手上げだ","我已经拿她没办法了","N1","eggrolls;N1中频;原词性:名;音调:⓪"
"かき回す","かきまわす","搅拌；搅乱","动词/他动词/五段动词","スプーンでかき回す","用勺子搅拌","N1","eggrolls;N1低频;原词性:他動1;音调:⓪④"
"嵩張る","かさばる","体积大，占地方","动词/自动词/五段动词","入れ物が大きいのでかさばる","因为容器很大，所以很占空间","N1","eggrolls;N1低频;原词性:自動1;音调:③"
"かさむ","かさむ","（数量）增多；（体积）增大","动词/自动词/五段动词","出費がかさむ","费用增多","N1","eggrolls;N1高频;原词性:自動1;音调:⓪②"
"がっちり","がっちり","（物体）坚固，（身体）健壮；精明，用钱仔细","副词/サ变动词","がっちりした体格","健壮的体格","N1","eggrolls;N1低频;原词性:副・自動3;音调:③;オノマトペ"
"キーワード","キーワード","关键词","名词","キーワードで検索する","用关键词检索","N1","eggrolls;N1中频;原词性:名;音调:③;カタカナ語"
"きっかり","きっかり","（时间、数量）整，正好","副词","9時きっかりに現れる","正好九点出现","N1","eggrolls;N1低频;原词性:副;音调:③;オノマトペ"
"きっちり","きっちり","没有空隙；正好；好好地","副词","窓をきっちりとしめる","把窗户紧紧关上","N1","eggrolls;N1中频;原词性:副;音调:③;オノマトペ"
"キャラクター","キャラクター","个性；人物","名词","得がたいキャラクターの持ち主","拥有难得一见的个性","N1","eggrolls;N1高频;原词性:名;音调:①②⓪;カタカナ語"
"くくる","くくる","捆绑；总结","动词/他动词/五段动词","髪をくくる","扎头发","N1","eggrolls;N1中频;原词性:他動1;音调:⓪"
"ぐずぐず","ぐずぐず","磨磨蹭蹭；抱怨；松松垮垮","副词/サ变动词","ぐずぐずしていると、バスに間に合わないよ","磨磨蹭蹭的话，会赶不上公交车哦","N1","eggrolls;N1中频;原词性:副・自動3;音调:①;オノマトペ"
"クレーン","クレーン","起重机","名词","クレーン車","起重车","N1","eggrolls;N1低频;原词性:名;音调:②;カタカナ語"
"けなす","けなす","贬低，诋毁","动词/他动词/五段动词","人の作品をけなす","贬低他人的作品","N1","eggrolls;N1中频;原词性:他動1;音调:⓪"
"こじれる","こじれる","（事态）复杂化，恶化；病情恶化","动词/自动词/一段动词","相続問題がこじれる","继承问题陷入僵局","N1","eggrolls;N1低频;原词性:自動2;音调:③"
"ことごとく","ことごとく","所有，全部","副词/名词","計画はことごとく失敗に終わった","所有计划都以失败告终","N1","eggrolls;N1低频;原词性:副・名;音调:③"
"ごまかす","ごまかす","隐瞒，敷衍；弄虚作假","动词/他动词/五段动词","返事をごまかす","敷衍回复","N1","eggrolls;N1中频;原词性:他動1;音调:③"
"コンタクトレンズ","コンタクトレンズ","隐形眼镜","名词","コンタクトレンズをつける","戴上隐形眼镜","N1","eggrolls;N1低频;原词性:名;音调:⑥;カタカナ語"
"コントラスト","コントラスト","对比，对照","名词","鮮やかなコントラストをなす","形成鲜明的对比","N1","eggrolls;N1中频;原词性:名;音调:①④;カタカナ語"
"サイクル","サイクル","周期，循环；自行车","名词","景気にはサイクルがある","经济发展是有周期的","N1","eggrolls;N1中频;原词性:名;音调:①;カタカナ語"
"冴える","さえる","冷峭；清澈；（头脑）清醒；精巧，灵敏","动词/自动词/一段动词","寒さが一段と冴える","寒意更加刺骨","N1","eggrolls;N1高频;原词性:自動2;音调:②"
"さほど","さほど","（不）那么，（不）怎么","副词","さほどひどいけがでもない","并不是那么严重的伤","N1","eggrolls;N1中频;原词性:副;音调:⓪"
"シェア","シェア","共享；市场占有率","サ变动词/名词","ルームシェア","合租","N1","eggrolls;N1中频;原词性:他動3・名;音调:①;カタカナ語"
"しくじる","しくじる","失败；因过失而失去工作或地位","动词/他动词/五段动词","面接でしくじる","面试失败","N1","eggrolls;N1低频;原词性:他動1;音调:③"
"しなやか","しなやか","柔软，柔韧；柔美，优美","な形容词","しなやかな枝","柔韧的树枝","N1","eggrolls;N1中频;原词性:ナ形;音调:②"
"シナリオ","シナリオ","脚本，剧本","名词","シナリオを書く","编剧","N1","eggrolls;N1低频;原词性:名;音调:⓪;カタカナ語"
"しのぐ","しのぐ","抵御，忍耐；超过，胜过","动词/自他动词/五段动词","暑さをしのぐ","忍受酷暑","N1","eggrolls;N1低频;原词性:自他動1;音调:②"
"シビア","シビア","严厉，毫不留情","な形容词","品質に対してとてもシビアだ","对质量要求很严格","N1","eggrolls;N1中频;原词性:ナ形;音调:②①;カタカナ語"
"しぶとい","しぶとい","即使身处逆境也不气馁，顽强","い形容词","負けそうになってもしぶとく立ち向かう","即使要输但还是顽强地抵抗","N1","eggrolls;N1低频;原词性:イ形;音调:③"
"しょっちゅう","しょっちゅう","经常，总是","副词","しょっちゅう遅刻する","经常迟到","N1","eggrolls;N1高频;原词性:副;音调:①"
"すがすがしい","すがすがしい","清新舒畅，清爽","い形容词","すがすがしい気分","心情舒畅","N1","eggrolls;N1中频;原词性:イ形;音调:⑤"
"スキャンダル","スキャンダル","丑闻","名词","スキャンダルが致命傷になった","丑闻成了致命伤","N1","eggrolls;N1低频;原词性:名;音调:②;カタカナ語"
"スタジオ","スタジオ","摄影棚，录音室；演播室，播音室；（舞蹈、戏剧等）练习室；艺术家工作室","名词","スタジオで生演奏する","在演播室进行现场表演","N1","eggrolls;N1低频;原词性:名;音调:⓪;カタカナ語"
"スタミナ","スタミナ","精力，体力，耐力","名词","驚異的なスタミナ","惊人的体力","N1","eggrolls;N1低频;原词性:名;音调:⓪;カタカナ語"
"ずばり","ずばり","直言不讳，一针见血","副词","ずばり言い当てる","一语中的","N1","eggrolls;N1低频;原词性:副;音调:②"
"スポットライト","スポットライト","聚光灯；公众瞩目的焦点","名词","スポットライトを主役に当てる","把聚光灯对准主角","N1","eggrolls;N1低频;原词性:名;音调:⑤;カタカナ語"
"すんなり","すんなり","纤细，柔美；容易，顺利","副词/サ变动词","すんなりとした美人","苗条的美人","N1","eggrolls;N1高频;原词性:副・自動3;音调:③;オノマトペ"
"ゼリー","ゼリー","果冻；胶状物，啫喱","名词","フルーツゼリー","水果果冻","N1","eggrolls;N1低频;原词性:名;音调:①;カタカナ語"
"そびえる","そびえる","矗立，耸立","动词/自动词/一段动词","高層ビルがそびえる","高楼大厦耸立","N1","eggrolls;N1低频;原词性:自動2;音调:③"
"それゆえ","それゆえ","所以，因此","接续词","それゆえ、申請を却下する","因此，驳回申请","N1","eggrolls;N1中频;原词性:接;音调:⓪"
"そわそわ","そわそわ","心慌，不镇静","副词/サ变动词","そわそわして落ち着かない","心神不宁，坐立不安","N1","eggrolls;N1中频;原词性:副・自動3;音调:①;オノマトペ"
"ぞんざい","ぞんざい","潦草，马虎；粗鲁，无礼","な形容词","字をぞんざいに書く","写字潦草","N1","eggrolls;N1中频;原词性:ナ形;音调:③⓪"
"たやすい","たやすい","容易，轻易","い形容词","そうたやすくはないだろう","不那么容易吧","N1","eggrolls;N1中频;原词性:イ形;音调:③⓪"
"チームワーク","チームワーク","合作","名词","チームワークがとれている","配合得好","N1","eggrolls;N1高频;原词性:名;音调:④;カタカナ語"
"ちらっと","ちらっと","一晃，一闪；略微听到","副词","ちらっと見える","隐约可见","N1","eggrolls;N1中频;原词性:副;音调:②;オノマトペ"
"綴る","つづる","（用线）装订，缝上；写，作；拼写","动词/他动词/五段动词","書類を綴る","把资料订起来","N1","eggrolls;N1中频;原词性:他動1;音调:②⓪"
"てきぱき","てきぱき","麻利，爽快，利落，干脆","副词/サ变动词","仕事をてきぱき片付ける","麻利地做好工作","N1","eggrolls;N1中频;原词性:副・自動3;音调:①;オノマトペ"
"てっきり","てっきり","（认为）一定（其实不然）","副词","てっきり先生だと思ったら人違いだった","我想一定是老师，结果搞错了","N1","eggrolls;N1中频;原词性:副;音调:③;オノマトペ"
"トーン","トーン","音调；色调","名词","声のトーンが高い・低い","声调高/低","N1","eggrolls;N1中频;原词性:名;音调:①;カタカナ語"
"とっさ","とっさ","瞬间，猛然","名词","とっさの反応","瞬间的反应","N1","eggrolls;N1中频;原词性:名;音调:⓪"
"ドライバー","ドライバー","司机；螺丝刀；驱动程序","名词","女性ドライバー","女司机","N1","eggrolls;N1中频;原词性:名;音调:②⓪;カタカナ語"
"なおさら","なおさら","更加，越发","副词","朝から雪が降っていたが、午後になるとなおさらひどくなった","从早上下起了雪，到了下午越下越大了","N1","eggrolls;N1高频;原词性:副;音调:⓪"
"なだめる","なだめる","使平静，安抚","动词/他动词/一段动词","泣く子をなだめる","安抚哭泣的小孩","N1","eggrolls;N1中频;原词性:他動2;音调:③"
"ナプキン","ナプキン","餐巾；卫生巾","名词","紙ナプキン","纸巾","N1","eggrolls;N1低频;原词性:名;音调:①;カタカナ語"
"なれなれしい","なれなれしい","（明明关系没有特别亲近，却毫不顾忌地表现出亲密的样子）狎昵","い形容词","初対面なのになれなれしい口をきく","明明是初次见面，却用这么亲昵的语气说话","N1","eggrolls;N1低频;原词性:イ形;音调:⑤"
"にぎわう","にぎわう","热闹，兴盛","动词/自动词/五段动词","京都は一年中観光客でにぎわっている","京都一年到头因很多游客而热闹非凡","N1","eggrolls;N1高频;原词性:自動1;音调:③"
"にじむ","にじむ","渗，渗出；模糊；反映出，流露出","动词/自动词/五段动词","血のにじむような努力","呕心沥血的努力","N1","eggrolls;N1中频;原词性:自動1;音调:②"
"ニュアンス","ニュアンス","语气，语感；微妙的感觉","名词","単語の微妙なニュアンス","单词的微妙语感","N1","eggrolls;N1高频;原词性:名;音调:①;カタカナ語"
"ねた","ねた","（寿司等的）材料；证据；新闻报道的材料；魔术的道具","名词","この寿司屋のねたは生きがいい","这家寿司店的材料新鲜","N1","eggrolls;N1低频;原词性:名;音调:⓪"
"ねだる","ねだる","缠着要，赖着请求","动词/他动词/五段动词","子どもがおもちゃをねだる","孩子缠着要玩具","N1","eggrolls;N1低频;原词性:他動1;音调:②⓪"
"ノウハウ","ノウハウ","技术知识，技术秘密；诀窍","名词","ノウハウを提供する","提供专业知识","N1","eggrolls;N1高频;原词性:名;音调:①;カタカナ語"
"のどか","のどか","恬静，和煦","な形容词","のどかな春の一日","一个和暖的春日","N1","eggrolls;N1中频;原词性:ナ形;音调:①"
"はかない","はかない","短暂的，无常的；虚幻的，不可靠的","い形容词","はかない人生","无常的人生","N1","eggrolls;N1中频;原词性:イ形;音调:③"
"はしゃぐ","はしゃぐ","（开心地）喧闹；干燥","动词/自动词/五段动词","子どもらはうれしくてはしゃぎ回っている","孩子们开心地到处乱跑","N1","eggrolls;N1低频;原词性:自動1;音调:②⓪"
"馳せる","はせる","驱车，策马；驰名","动词/自他动词/一段动词","ウマを馳せる","策马奔驰","N1","eggrolls;N1低频;原词性:自他動2;音调:②"
"バッジ","バッジ","徽章，纪念章","名词","バッジをつける","戴徽章","N1","eggrolls;N1低频;原词性:名;音调:①⓪;カタカナ語"
"ばてる","ばてる","筋疲力尽","动词/自动词/一段动词","残業続きでばてる","因连续加班，筋疲力尽","N1","eggrolls;N1中频;原词性:自動2;音调:②"
"バブル","バブル","泡沫","名词","バブルが弾ける","泡沫破裂","N1","eggrolls;N1低频;原词性:名;音调:①;カタカナ語"
"はらむ","はらむ","怀孕；孕育","动词/自他动词/五段动词","彼女は子をはらんでいた","她怀孕了","N1","eggrolls;N1低频;原词性:自他動1;音调:②"
"ハンガー","ハンガー","衣架","名词","ハンガーに掛けて干す","挂在衣架上晾干","N1","eggrolls;N1低频;原词性:名;音调:①;カタカナ語"
"ひそか","ひそか","暗中，偷偷","な形容词","ひそかに会う","暗中见面","N1","eggrolls;N1高频;原词性:ナ形;音调:②①"
"ヒット","ヒット","（棒球的）安打；大受欢迎","名词/サ变动词","新しいアルバムがヒットする","新专辑深受欢迎","N1","eggrolls;N1高频;原词性:名・自動3;音调:①;カタカナ語"
"日なた","ひなた","向阳处","名词","日なたに布団を干す","在向阳的地方晒被子","N1","eggrolls;N1低频;原词性:名;音调:⓪"
"ひんやり","ひんやり","阴凉，凉爽","副词/サ变动词","地下の駐車場はひんやりとしている","地下的停车场很阴凉","N1","eggrolls;N1中频;原词性:副・自動3;音调:③;オノマトペ"
"フィルター","フィルター","过滤器；滤镜","名词","空気清浄機のフィルターが汚れた","空气清新机的滤尘网脏了","N1","eggrolls;N1中频;原词性:名;音调:⓪①;カタカナ語"
"ペア","ペア","一双，一对","名词","ペアの指輪","对戒","N1","eggrolls;N1低频;原词性:名;音调:①;カタカナ語"
"茫然","ぼうぜん","茫然；发呆","な形容词/ト/タル型","茫然とする","茫然自失","N1","eggrolls;N1低频;原词性:形動トタル;音调:⓪"
"呆然","ぼうぜん","愕然，吃惊，目瞪口呆","な形容词/ト/タル型","驚いて呆然とする","惊呆","N1","eggrolls;N1中频;原词性:形動トタル;音调:⓪"
"ぼける","ぼける","（头脑）迟钝","动词/自动词/一段动词","年取って頭がぼけてきた","上了年纪，越来越糊涂了","N1","eggrolls;N1低频;原词性:自動2;音调:②"
"ポジション","ポジション","地位，职位；（防守）位置","名词","重要なポジションに就く","担任重要职务","N1","eggrolls;N1中频;原词性:名;音调:②;カタカナ語"
"ぼやく","ぼやく","发牢骚","动词/自他动词/五段动词","いつも残業が多いとぼやく","总是发牢骚说加班太多","N1","eggrolls;N1中频;原词性:自他動1;音调:②"
"ぼやける","ぼやける","模糊","动词/自动词/一段动词","記憶がぼやける","记忆模糊","N1","eggrolls;N1中频;原词性:自動2;音调:③"
"まちまち","まちまち","形形色色，各不相同","名词/な形容词","うちの家族は夕食を取る時間がまちまちだ","我们家的人吃晚饭的时间各不相同","N1","eggrolls;N1中频;原词性:名・ナ形;音调:②⓪"
"まばら","まばら","稀疏，零星","な形容词","人影もまばらな大通り","人影稀疏的大街","N1","eggrolls;N1中频;原词性:ナ形;音调:⓪"
"むなしい","むなしい","空洞的；徒然的；变幻无常的","い形容词","内容のむなしい文章","内容空洞的文章","N1","eggrolls;N1中频;原词性:イ形;音调:③⓪"
"めきめき","めきめき","（提高）显著，迅速","副词","めきめきと腕を上げる","技术显著提高","N1","eggrolls;N1高频;原词性:副;音调:①;オノマトペ"
"めど","めど","目标，头绪","名词","今月中旬をめどに仕事を終わらせる","计划在本月中旬完成工作","N1","eggrolls;N1高频;原词性:名;音调:①"
"メロディー","メロディー","旋律，曲调","名词","キャッチーなメロディー","朗朗上口的旋律","N1","eggrolls;N1中频;原词性:名;音调:①;カタカナ語"
"もがく","もがく","挣扎；焦急","动词/自动词/五段动词","もがけばもがくほど沈んでいく","越挣扎越往下沉","N1","eggrolls;N1低频;原词性:自動1;音调:②"
"もくろむ","もくろむ","谋划，图谋","动词/他动词/五段动词","海外進出をもくろむ","谋划进军海外","N1","eggrolls;N1低频;原词性:他動1;音调:③"
"もどかしい","もどかしい","心急如焚的，令人不耐烦的","い形容词","もどかしい思い","焦躁的心情","N1","eggrolls;N1低频;原词性:イ形;音调:④"
"モニター","モニター","监视器；显示器，屏幕；评论员①","名词","モニター画面","屏幕画面","N1","eggrolls;N1高频;原词性:名;音调:①⓪;カタカナ語"
"もめる","もめる","发生争执；心神不定","动词/自动词/一段动词","話がもめる","意见有争执；话不投机","N1","eggrolls;N1高频;原词性:自動2;音调:⓪"
"もろい","もろい","脆的；脆弱的","い形容词","岩が風化してもろくなっている","岩石风化变脆了","N1","eggrolls;N1高频;原词性:イ形;音调:②"
"やたら","やたら","胡乱，随便，任意","副词/な形容词","やたらと文句を言う","胡乱发牢骚","N1","eggrolls;N1中频;原词性:副・ナ形;音调:⓪"
"ややこしい","ややこしい","麻烦的，复杂的，难办的","い形容词","ややこしい問題","复杂的问题","N1","eggrolls;N1中频;原词性:イ形;音调:④"
"やりくり","やりくり","设法安排，筹划，筹措","名词/サ变动词","家計のやりくりをする","设法维持生计","N1","eggrolls;N1低频;原词性:名・他動3;音调:②"
"やんわり","やんわり","柔软地；委婉地","副词","やんわりと手に触れる","摸着柔软","N1","eggrolls;N1低频;原词性:副;音调:③;オノマトペ"
"ユーザー","ユーザー","用户","名词","ユーザーの声を聞く","听取用户的意见","N1","eggrolls;N1中频;原词性:名;音调:①⓪;カタカナ語"
"ゆがめる","ゆがめる","使弯曲变形；歪曲","动词/他动词/一段动词","口をゆがめる","歪嘴","N1","eggrolls;N1高频;原词性:他動2;音调:③⓪"
"ゆとり","ゆとり","（空间、时间、经济、精神上）宽裕，余裕","名词","ゆとりのない生活","不宽裕的生活","N1","eggrolls;N1高频;原词性:名;音调:⓪"
"横ばい","よこばい","横着爬；（经济）没有浮动，持平","名词","カニの横ばい","螃蟹横行","N1","eggrolls;N1中频;原词性:名;音调:⓪"
"善し悪し","よしあし","好坏，善恶；有好也有坏，有利也有弊","名词","この商品の善し悪しを評価する","评价这个商品的好坏","N1","eggrolls;N1低频;原词性:名;音调:①②"
"よそ見","よそみ","斜视，往旁处看","名词/サ变动词","よそ見しながら歩く","东张西望地走","N1","eggrolls;N1中频;原词性:名・自動3;音调:②③"
"よみがえる","よみがえる","复活；恢复","动词/自动词/五段动词","死者がよみがえる","死者复活","N1","eggrolls;N1低频;原词性:自動1;音调:③⓪"
"ランク","ランク","（排）次序","サ变动词/名词","第一位にランクされる","排名第一","N1","eggrolls;N1中频;原词性:他動3・名;音调:①;カタカナ語"
"ランプ","ランプ","煤油灯；电灯","名词","ランプをつける","点上煤油灯","N1","eggrolls;N1低频;原词性:名;音调:①;カタカナ語"
"リード","リード","领导；领先","サ变动词/名词","リードのしかたが上手だ","领导有方","N1","eggrolls;N1高频;原词性:他動3・名;音调:①;カタカナ語"
"ルーズ","ルーズ","松懈，懒散","な形容词","時間にルーズだ","没有时间观念","N1","eggrolls;N1中频;原词性:ナ形;音调:①;カタカナ語"
"ルート","ルート","路线；途径","名词","バスのルートが変わる","公交车路线变更","N1","eggrolls;N1高频;原词性:名;音调:①;カタカナ語"
"レイアウト","レイアウト","版面设计；配置，布局","サ变动词/名词","紙面をレイアウトする","设计版面","N1","eggrolls;N1高频;原词性:他動3・名;音调:③;カタカナ語"
"レバー","レバー","控制杆，操纵杆","名词","レバーを引く","拉操纵杆","N1","eggrolls;N1中频;原词性:名;音调:①;カタカナ語"
"ろくに","ろくに","（不）像样，（不）令人满意","副词","ろくにご飯も食べていない","连饭都没好好吃","N1","eggrolls;N1低频;原词性:副;音调:⓪"
"愛顧","あいこ","光顾，惠顾","名词/サ变动词","長らくご愛顧いただきました","感谢您的长期惠顾","N1","eggrolls;N1中频;原词性:名・他動3;音调:①"
"愛想","あいそ","亲切，和蔼；招待，款待","名词","愛想がいい","待人亲切","N1","eggrolls;N1低频;原词性:名;音调:③"
"悪人","あくにん","坏人","名词","悪者","坏人","N1","eggrolls;N1低频;原词性:名;音调:⓪"
"圧迫","あっぱく","压迫，压制","名词/サ变动词","重税で家計が圧迫される","重税之下，家计难支","N1","eggrolls;N1中频;原词性:名・他動3;音调:⓪"
"圧力","あつりょく","压力","名词","政府はメディアに圧力をかける","政府对媒体施加压力","N1","eggrolls;N1中频;原词性:名;音调:②"
"安っぽい","やすっぽい","廉价的；庸俗的，让人瞧不起的","い形容词","安っぽい服","廉价的衣服","N1","eggrolls;N1低频;原词性:イ形;音调:④"
"暗示","あんじ","提示，暗示","名词/サ变动词","答えを暗示する","提示答案","N1","eggrolls;N1低频;原词性:名・他動3;音调:⓪"
"案じる","あんじる","担心，挂念；思考，想出","动词/他动词/一段动词","将来を案じる","担心将来","N1","eggrolls;N1低频;原词性:他動2;音调:③⓪"
"依存","いそん","依靠，依存","名词/サ变动词","観光資源に依存する","依靠旅游资源","N1","eggrolls;N1高频;原词性:名・自他動3;音调:⓪"
"偉業","いぎょう","伟业","名词","偉業を成し遂げる","成就伟业","N1","eggrolls;N1低频;原词性:名;音调:⓪"
"委ねる","ゆだねる","委托；委身","动词/他动词/一段动词","判断を部下に委ねる","让下属来判断","N1","eggrolls;N1高频;原词性:他動2;音调:③"
"委託","いたく","委托","名词/サ变动词","任務を代理人に委託する","将任务委托给代理人","N1","eggrolls;N1高频;原词性:名・他動3;音调:⓪"
"意気","いき","意气，精神，气势","名词","意気が揚がる","气势高涨","N1","eggrolls;N1高频;原词性:名;音调:①"
"意気込む","いきごむ","振奋，鼓起干劲","动词/自动词/五段动词","一年で日本語をマスターすると意気込んでいる","干劲十足地想要一年内学好日语","N1","eggrolls;N1低频;原词性:自動1;音调:③"
"意向","いこう","意向，打算","名词","相手の意向を聞く","询问对方的意图","N1","eggrolls;N1中频;原词性:名;音调:⓪"
"異議","いぎ","异议","名词","異議を唱える","提出异议","N1","eggrolls;N1中频;原词性:名;音调:①"
"異動","いどう","（职位或职务等）变动，调动","名词/サ变动词","人事異動","人事变动","N1","eggrolls;N1高频;原词性:名・自他動3;音调:⓪"
"遺跡","いせき","遗址，遗迹","名词","この地域には古代の遺跡が多く残っている","这个地区保留着许多古代遗迹","N1","eggrolls;N1高频;原词性:名;音调:⓪"
"一概に","いちがいに","（不能）一概","副词","一概にそうとは言えない","不能一概而论","N1","eggrolls;N1中频;原词性:副;音调:⓪②"
"一貫","いっかん","一贯","名词/サ变动词","一貫した態度","保持一贯的态度","N1","eggrolls;N1高频;原词性:名・自他動3;音调:⓪"
"一筋","ひとすじ","一条，一根；一心一意","な形容词/名词","一筋の光が差し込む","一缕光线射进来","N1","eggrolls;N1中频;原词性:ナ形・名;音调:②"
"一昔","ひとむかし","往昔，昔日，过去","名词","一昔前の話","往事","N1","eggrolls;N1中频;原词性:名;音调:②③"
"一息","ひといき","一次呼吸；歇口气；一口气；（稍加）一把劲","名词","ここらで一息入れよう","到这里先休息一下吧","N1","eggrolls;N1中频;原词性:名;音调:②"
"一途","いちず","专心，一心一意","名词/な形容词","一途な思い","一心一意的感情","N1","eggrolls;N1中频;原词性:名・ナ形;音调:②"
"一目","いちもく","一看，一眼","名词/サ变动词","一目瞭然","一目了然","N1","eggrolls;N1高频;原词性:名・他動3;音调:⓪②"
"一覧","いちらん","一览；一览表","サ变动词/名词","報告書を一覧する","看一遍报告书","N1","eggrolls;N1高频;原词性:他動3・名;音调:⓪"
"一律","いちりつ","一律，一样","名词/な形容词","運賃を一律200円引き上げる","运费一律上涨200日元","N1","eggrolls;N1高频;原词性:名・ナ形;音调:⓪"
"一連","いちれん","一系列，一连串","名词","一連の事件","一连串的事件","N1","eggrolls;N1中频;原词性:名;音调:⓪"
"逸材","いつざい","卓越的人才，卓越的才能","名词","彼は田中先生門下の逸材です","他是田中老师门下的高足","N1","eggrolls;N1中频;原词性:名;音调:⓪"
"引きずる","ひきずる","拖着走；强行拖走；拖延；忘不掉","动词/他动词/五段动词","足を引きずって歩く","拖着脚走","N1","eggrolls;N1中频;原词性:他動1;音调:⓪"
"引き付ける","ひきつける","吸引；（「惹き付ける」とも）诱惑","动词/他动词/一段动词","餌をまいて獲物を引き付ける","撒下诱饵来吸引猎物","N1","eggrolls;N1高频;原词性:他動2;音调:④"
"雨水","あまみず","雨水","名词","雨水が地中にしみこむ","雨水渗入地底","N1","eggrolls;N1低频;原词性:名;音调:②"
"渦","うず","漩涡；混乱状态","名词","渦を巻く","打漩涡","N1","eggrolls;N1中频;原词性:名;音调:①"
"運搬","うんぱん","搬运，运输","名词/サ变动词","トラックで運搬する","用卡车搬运","N1","eggrolls;N1高频;原词性:名・他動3;音调:⓪"
"運用","うんよう","运用，活用","名词/サ变动词","資金を運用する","有效利用资金","N1","eggrolls;N1中频;原词性:名・他動3;音调:⓪"
"営む","いとなむ","经营；营生；营，办；营造，建造","动词/他动词/五段动词","ラーメン屋を営む","经营拉面店","N1","eggrolls;N1高频;原词性:他動1;音调:③"
"映える","はえる","映照，闪耀；显眼，夺目","动词/自动词/一段动词","山桜が朝日に映える","山樱在朝阳下闪耀","N1","eggrolls;N1低频;原词性:自動2;音调:②"
"栄える","さかえる","繁荣，兴旺","动词/自动词/一段动词","外資誘致で町が栄える","小镇因引进外资而繁荣","N1","eggrolls;N1中频;原词性:自動2;音调:③②"
"演出","えんしゅつ","导演；组织，安排","名词/サ变动词","劇を演出する","导演戏剧","N1","eggrolls;N1高频;原词性:名・他動3;音调:⓪"
"汚職","おしょく","贪污，渎职","名词","汚職事件","贪污案件","N1","eggrolls;N1中频;原词性:名;音调:⓪"
"押し寄せる","おしよせる","涌上来，蜂拥而至；推到一旁","动词/自他动词/一段动词","大勢の人が押し寄せる","很多人蜂拥而至","N1","eggrolls;N1中频;原词性:自他動2;音调:④"
"押し切る","おしきる","压着切断；不顾困难而行，坚持到底","动词/他动词/五段动词","束ねたわらを押し切る","把捆好的稻草压住切断","N1","eggrolls;N1低频;原词性:他動1;音调:③"
"横顔","よこがお","侧脸；人物简介","名词","彼女の横顔は美しい","她的侧脸很美","N1","eggrolls;N1低频;原词性:名;音调:⓪"
"屋敷","やしき","房屋和地产；宅邸","名词","家屋敷を売り払う","卖掉房屋及地皮","N1","eggrolls;N1中频;原词性:名;音调:③"
"温和","おんわ","（气候）温暖，温和；（性格）温和，稳重","名词/な形容词","温和な気候","气候宜人","N1","eggrolls;N1低频;原词性:名・ナ形;音调:⓪"
"下地","したじ","基础；底子；资质，素质","名词","外国貿易の下地を作る","打好进行外贸工作的基础","N1","eggrolls;N1低频;原词性:名;音调:⓪"
"化ける","ばける","化，变；乔装，化装；完全变成其他东西","动词/自动词/一段动词","キツネが若い娘に化ける","狐狸变成年轻女孩","N1","eggrolls;N1中频;原词性:自動2;音调:②"
"化石","かせき","化石；（比喻）变成石头似的","名词","古生物の化石","古生物的化石","N1","eggrolls;N1高频;原词性:名;音调:⓪"
"仮説","かせつ","假说，假设","名词","その仮説は実験で証明された","那个假设在实验中得到了证明","N1","eggrolls;N1高频;原词性:名;音调:⓪"
"何げない","なにげない","无意，不经意，若无其事","い形容词","何げない一言が人を傷つけてしまう","无意说出的一句话伤害了别人","N1","eggrolls;N1低频;原词性:イ形;音调:④"
"何とぞ","なにとぞ","请，务必","副词","何とぞよろしくお願いします","请多关照","N1","eggrolls;N1低频;原词性:副;音调:⓪"
"加入","かにゅう","加入，参加（团体或组织等）","名词/サ变动词","労働組合に加入する","加入工会","N1","eggrolls;N1中频;原词性:名・自動3;音调:⓪"
"加味","かみ","加佐料；加进，放进，掺加","名词/サ变动词","酢を加味した料理","放了醋的菜","N1","eggrolls;N1低频;原词性:名・他動3;音调:①"
"果て","はて","尽头；最后，结局","名词","果てのない欲望","无止境的欲望","N1","eggrolls;N1高频;原词性:名;音调:②"
"果てる","はてる","终，完毕；死；……得要死","动词/自动词/一段动词","いつ果てるとも分からぬ長話","没完没了的长谈","N1","eggrolls;N1低频;原词性:自動2;音调:②"
"河川","かせん","河","名词","豪雨で河川が氾濫する","暴雨导致河川泛滥","N1","eggrolls;N1低频;原词性:名;音调:①"
"箇条書き","かじょうがき","分条写","名词","注意事項を箇条書きにする","把注意事项分条列出来","N1","eggrolls;N1低频;原词性:名;音调:⓪"
"花びら","はなびら","花瓣","名词","花びらが散る","花瓣飘落","N1","eggrolls;N1中频;原词性:名;音调:③⓪"
"荷造り","にづくり","打包","名词/サ变动词","荷造りを急ぐ","赶忙打包","N1","eggrolls;N1中频;原词性:名・自他動3;音调:②"
"華やか","はなやか","华丽；辉煌","な形容词","華やかな服装","华丽的服装","N1","eggrolls;N1高频;原词性:ナ形;音调:②"
"過ち","あやまち","错误，过失","名词","過ちを犯す","犯错","N1","eggrolls;N1中频;原词性:名;音调:③⓪④"
"過密","かみつ","过于密集","名词/な形容词","人口過密","人口过于密集","N1","eggrolls;N1低频;原词性:名・ナ形;音调:⓪"
"画期的","かっきてき","划时代的","な形容词","画期的な発明","具有划时代意义的发明","N1","eggrolls;N1中频;原词性:ナ形;音调:⓪"
"介入","かいにゅう","介入，干涉","名词/サ变动词","他国の内政に介入する","干涉他国内政","N1","eggrolls;N1高频;原词性:名・自動3;音调:⓪"
"解除","かいじょ","解除","名词/サ变动词","台風警報が解除される","台风警报解除","N1","eggrolls;N1低频;原词性:名・他動3;音调:①"
"懐く","なつく","接近，亲近，驯服","动词/自动词/五段动词","犬が飼い主に懐かない","狗不亲近主人","N1","eggrolls;N1中频;原词性:自動1;音调:②"
"改定","かいてい","修改，重新规定","名词/サ变动词","ガス料金を改定する","重新定价燃气费","N1","eggrolls;N1中频;原词性:名・他動3;音调:⓪"
"海辺","うみべ","海边，海滨","名词","海辺を散歩する","在海边散步","N1","eggrolls;N1低频;原词性:名;音调:③⓪"
"開拓","かいたく","开垦；开拓","名词/サ变动词","荒地を開拓する","开荒","N1","eggrolls;N1高频;原词性:名・他動3;音调:⓪"
"階層","かいそう","阶层","名词","社会の階層によって意見が異なることがある","不同的社会阶层可能有不同的意见","N1","eggrolls;N1低频;原词性:名;音调:⓪"
"害虫","がいちゅう","害虫","名词","害虫を駆除する","驱除害虫","N1","eggrolls;N1高频;原词性:名;音调:⓪"
"街頭","がいとう","街头","名词","街頭演説","街头演讲","N1","eggrolls;N1中频;原词性:名;音调:⓪"
"該当","がいとう","符合","名词/サ变动词","条件に該当する","符合条件","N1","eggrolls;N1中频;原词性:名・自動3;音调:⓪"
"拡散","かくさん","扩散","名词/サ变动词","SNSで情報がすぐに拡散する","信息在社交网络上迅速传播","N1","eggrolls;N1中频;原词性:名・自他動3;音调:⓪"
"革新","かくしん","革新","名词/サ变动词","技術の革新で生活が便利になった","技术革新使得生活变得更便利","N1","eggrolls;N1中频;原词性:名・他動3;音调:⓪"
"楽譜","がくふ","乐谱","名词","楽譜を読む","读谱","N1","eggrolls;N1低频;原词性:名;音调:⓪"
"割り当てる","わりあてる","分配，分摊","动词/他动词/一段动词","各人に仕事を割り当てる","给每个人分配工作","N1","eggrolls;N1高频;原词性:他動2;音调:④"
"活性化","かっせいか","激活，搞活；（生化）活化","名词/サ变动词","地域の経済を活性化する","搞活地域经济","N1","eggrolls;N1高频;原词性:名・自他動3;音调:⓪"
"滑稽","こっけい","滑稽","名词/な形容词","滑稽なしぐさ","滑稽的举止","N1","eggrolls;N1低频;原词性:名・ナ形;音调:⓪"
"勘弁","かんべん","饶恕，容忍","名词/サ变动词","勘弁してください","请原谅","N1","eggrolls;N1低频;原词性:名・他動3;音调:①"
"寛容","かんよう","宽恕，宽容","な形容词/サ变动词/名词","ご寛容のほど願います","请予宽恕","N1","eggrolls;N1中频;原词性:ナ形・他動3・名;音调:⓪"
"感慨","かんがい","感慨","名词","感慨深い","感慨万千","N1","eggrolls;N1低频;原词性:名;音调:⓪"
"感触","かんしょく","触感；感觉","名词","感触の柔らかい生地","触感柔软的布料","N1","eggrolls;N1低频;原词性:名;音调:⓪"
"慣らす","ならす","使习惯，使适应；（馴らす）使动物亲近人类","动词/他动词/五段动词","体を寒さに慣らす","使身体习惯于寒冷","N1","eggrolls;N1高频;原词性:他動1;音调:②"
"慣習","かんしゅう","习惯，习俗","名词","慣習に従う","遵循老规矩；按照常规","N1","eggrolls;N1中频;原词性:名;音调:⓪"
"甘える","あまえる","撒娇；承蒙，利用……的机会","动词/自动词/一段动词","甘えた調子で言う","用撒娇的口吻说","N1","eggrolls;N1中频;原词性:自動2;音调:⓪"
"簡素","かんそ","简单，简朴","名词/な形容词","簡素なホテルに泊まり、つつましい旅行をする","住进朴素的旅馆，过着简朴的旅程","N1","eggrolls;N1中频;原词性:名・ナ形;音调:①"
"緩む","ゆるむ","松弛；疏忽；缓和","动词/自动词/五段动词","ベルトが緩んだ","皮带松了","N1","eggrolls;N1低频;原词性:自動1;音调:②"
"緩める","ゆるめる","放松；放慢；疏忽","动词/他动词/一段动词","ネクタイを緩める","松开领带","N1","eggrolls;N1中频;原词性:他動2;音调:③"
"緩和","かんわ","缓和，缓解","名词/サ变动词","規制を緩和する","放宽规定","N1","eggrolls;N1高频;原词性:名・自他動3;音调:⓪"
"肝","きも","五脏六腑；肝脏；胆量；要点","名词","ニワトリの肝","鸡肝","N1","eggrolls;N1高频;原词性:名;音调:②"
"貫く","つらぬく","贯通；贯彻","动词/自他动词/五段动词","山を貫く工事","把大山贯通的工程","N1","eggrolls;N1高频;原词性:自他動1;音调:③"
"還元","かんげん","还原，复原，归还；（化学）还原","名词/サ变动词","企業が利益の一部を地域に還元する","企业将部分利润回馈给当地","N1","eggrolls;N1高频;原词性:名・自他動3;音调:⓪"
"間際","まぎわ","正要做某事的时候","名词","試験間際になって焦る","临到考试才着急","N1","eggrolls;N1低频;原词性:名;音调:①"
"間柄","あいだがら","（人与人的）关系","名词","親しい間柄","亲密的关系","N1","eggrolls;N1低频;原词性:名;音调:⓪"
"陥る","おちいる","落入；陷入","动词/自动词/五段动词","落とし穴に陥る","掉进陷阱","N1","eggrolls;N1高频;原词性:自動1;音调:⓪③"
"眼差し","まなざし","目光，眼神","名词","疑わしげな眼差し","怀疑的目光","N1","eggrolls;N1高频;原词性:名;音调:⓪④"
"危ぶむ","あやぶむ","担心会出现不好的结果，觉得危险，感到担忧","动词/他动词/五段动词","母の安否を危ぶむ","担心母亲的安危","N1","eggrolls;N1高频;原词性:他動1;音调:③"
"器","うつわ","容器；才干，人才","名词","器に料理を盛り付ける","饭菜盛在器皿中","N1","eggrolls;N1低频;原词性:名;音调:⓪"
"寄贈","きぞう","赠予，捐赠","名词/サ变动词","母校に本を寄贈する","给母校赠送书籍","N1","eggrolls;N1低频;原词性:名・他動3;音调:⓪"
"寄与","きよ","贡献","名词/サ变动词","平和のために大いに寄与する","为和平作出很大贡献","N1","eggrolls;N1高频;原词性:名・自動3;音调:①"
"幾多","いくた","许多","名词/副词","幾多の試練を乗り越える","历经考验","N1","eggrolls;N1低频;原词性:名・副;音调:①"
"機構","きこう","机构，组织；构造，结构","名词","行政機構","行政机构","N1","eggrolls;N1中频;原词性:名;音调:⓪"
"気まぐれ","きまぐれ","心血来潮，任性；反复无常，变化无常","名词/な形容词","気まぐれな人","善变的人","N1","eggrolls;N1中频;原词性:名・ナ形;音调:⓪"
"気質","きしつ","气质，性情","名词","穏やかな気質","温和的气质","N1","eggrolls;N1低频;原词性:名;音调:⓪"
"規格","きかく","规格","名词","日本工業規格","日本工业规格","N1","eggrolls;N1高频;原词性:名;音调:⓪"
"規制","きせい","限制，规定","名词/サ变动词","規制を緩和する","放宽限制","N1","eggrolls;N1高频;原词性:名・他動3;音调:⓪"
"規範","きはん","规范，标准","名词","道徳規範","道德规范","N1","eggrolls;N1中频;原词性:名;音调:⓪"
"規約","きやく","规章，章程","名词","規約に背く","违反规章","N1","eggrolls;N1低频;原词性:名;音调:⓪"
"記載","きさい","记载，刊载","名词/サ变动词","新聞に記載されている内容","报纸上刊载的内容","N1","eggrolls;N1高频;原词性:名・他動3;音调:⓪"
"記述","きじゅつ","记述","名词/サ变动词","会議の内容を記述する","记述会议内容","N1","eggrolls;N1高频;原词性:名・他動3;音调:⓪"
"記名","きめい","记名，写上姓名","名词/サ变动词","記名投票","记名投票","N1","eggrolls;N1低频;原词性:名・自他動3;音调:⓪"
"起源","きげん","起源","名词","日本語の起源を探る","探寻日语的起源","N1","eggrolls;N1中频;原词性:名;音调:①"
"起伏","きふく","起伏；跌宕","名词/サ变动词","起伏の多い地形","起伏多变的地形","N1","eggrolls;N1低频;原词性:名・自動3;音调:⓪"
"軌道","きどう","轨道","名词","地下鉄の軌道","地铁的轨道","N1","eggrolls;N1高频;原词性:名;音调:⓪"
"偽造","ぎぞう","伪造","名词/サ变动词","偽造パスポート","假护照","N1","eggrolls;N1低频;原词性:名・他動3;音调:⓪"
"技能","ぎのう","技能，本领","名词","機械修理にすぐれた技能を持つ人","拥有卓越机械维修技术的人","N1","eggrolls;N1高频;原词性:名;音调:①"
"欺く","あざむく","欺骗；胜似","动词/他动词/五段动词","他人を欺く行為","欺骗他人的行为","N1","eggrolls;N1中频;原词性:他動1;音调:③"
"犠牲","ぎせい","牺牲；受害者","名词","青春を犠牲にして研究に打ち込む","牺牲自己的青春，埋头于研究之中","N1","eggrolls;N1中频;原词性:名;音调:⓪"
"脚色","きゃくしょく","改编成戏剧或电影；夸张","名词/サ变动词","史実を脚色する","对史实进行改编","N1","eggrolls;N1低频;原词性:名・他動3;音调:⓪"
"脚本","きゃくほん","脚本，剧本","名词","脚本家","剧作家","N1","eggrolls;N1中频;原词性:名;音调:⓪"
"丘陵","きゅうりょう","丘陵","名词","丘陵地帯","丘陵地带","N1","eggrolls;N1低频;原词性:名;音调:⓪"
"吸い上げる","すいあげる","抽上来；榨取（他人利益）；听取（一般民众的）意见","动词/他动词/一段动词","根が水を吸い上げる","根部吸收水分","N1","eggrolls;N1中频;原词性:他動2;音调:④"
"せかす","せかす","催促","动词/他动词/五段动词","レポートの提出をせかす","催促交报告","N1","eggrolls;N1高频;原词性:他動1;音调:②"
"究極","きゅうきょく","究竟，最终","名词/サ变动词","究極の目標","终极目标","N1","eggrolls;N1低频;原词性:名・自動3;音调:⓪"
"窮屈","きゅうくつ","狭小；拘束；死板","名词/な形容词","窮屈な靴","挤脚的鞋","N1","eggrolls;N1中频;原词性:名・ナ形;音调:①"
"拒絶","きょぜつ","拒绝","名词/サ变动词","要求を拒絶する","拒绝要求","N1","eggrolls;N1低频;原词性:名・他動3;音调:⓪"
"拠点","きょてん","基地，据点","名词","生産拠点を海外に移す","将生产基地转移到国外","N1","eggrolls;N1高频;原词性:名;音调:⓪"
"許容","きょよう","容许，接受","名词/サ变动词","許容範囲を超える","超过允许的范围","N1","eggrolls;N1高频;原词性:名・他動3;音调:⓪"
"享受","きょうじゅ","享受","名词/サ变动词","自然の恵みを享受する","享受大自然的恩赐","N1","eggrolls;N1低频;原词性:名・他動3;音调:①"
"共存","きょうそん","共存","名词/サ变动词","平和共存","和平共处","N1","eggrolls;N1高频;原词性:名・自動3;音调:⓪"
"凶作","きょうさく","歉收","名词","凶作に見舞われる","遭遇歉收","N1","eggrolls;N1低频;原词性:名;音调:⓪"
"協調","きょうちょう","利害或立场不同的人互相让步，彼此合作","名词/サ变动词","協調性に欠ける","缺乏协调性","N1","eggrolls;N1高频;原词性:名・自動3;音调:⓪"
"強いて","しいて","强迫，硬要","副词","強いて言えば","硬要我说的话","N1","eggrolls;N1中频;原词性:副;音调:①"
"強いる","しいる","强迫","动词/他动词/一段动词","彼に無理な要求を強いる","对他施加不合理的要求","N1","eggrolls;N1中频;原词性:他動2;音调:②"
"強硬","きょうこう","强硬","名词/な形容词","強硬な態度を取る","采取强硬的态度","N1","eggrolls;N1中频;原词性:名・ナ形;音调:⓪"
"強制","きょうせい","强制，强迫","名词/サ变动词","強制送還する","遣送回国","N1","eggrolls;N1高频;原词性:名・他動3;音调:⓪"
"橋渡し","はしわたし","架桥；牵线搭桥","名词/サ变动词","橋渡しの役割を果たす","发挥桥梁作用","N1","eggrolls;N1低频;原词性:名・自他動3;音调:③⓪"
"脅す","おどす","威胁，恐吓","动词/他动词/五段动词","刃物で脅す","拿刀威胁","N1","eggrolls;N1中频;原词性:他動1;音调:⓪"
"郷土","きょうど","乡土，故乡；乡间","名词","郷土の誇り","故乡的骄傲","N1","eggrolls;N1高频;原词性:名;音调:①"
"郷里","きょうり","故乡，老家","名词","郷里に帰って商売を始める","回乡开始做生意","N1","eggrolls;N1低频;原词性:名;音调:①"
"仰ぐ","あおぐ","仰视；尊为，推为；请求；饮，服","动词/他动词/五段动词","仰いで空を見る","仰望天空","N1","eggrolls;N1低频;原词性:他動1;音调:②"
"凝らす","こらす","集中，一心钻研","动词/他动词/五段动词","工夫を凝らす","费心思","N1","eggrolls;N1低频;原词性:他動1;音调:②"
"業界","ぎょうかい","业界","名词","広告業界","广告界","N1","eggrolls;N1高频;原词性:名;音调:⓪"
"業者","ぎょうしゃ","工商业者，专业公司；同业者","名词","業者に頼む","拜托专业公司","N1","eggrolls;N1高频;原词性:名;音调:①"
"極まる","きわまる","穷尽，极端；（前接形容动词）极致，极限","动词/自动词/五段动词","感極まって泣き出す","感极而泣","N1","eggrolls;N1低频;原词性:自動1;音调:③"
"勤まる","つとまる","能胜任，能完成","动词/自动词/五段动词","その仕事が勤まるかどうか心配です","担心是否能胜任那份工作","N1","eggrolls;N1中频;原词性:自動1;音调:③"
"均等","きんとう","均等","な形容词/名词","均等に分ける","平均分配","N1","eggrolls;N1中频;原词性:ナ形・名;音调:⓪"
"禁物","きんもつ","忌讳；切忌","名词","油断は禁物だ","不可麻痹大意","N1","eggrolls;N1中频;原词性:名;音调:⓪"
"近郊","きんこう","近郊，郊区","名词","東京近郊の住宅地","东京近郊的住宅区","N1","eggrolls;N1低频;原词性:名;音调:⓪"
"近隣","きんりん","近邻，邻近","名词","近隣諸国","邻近诸国","N1","eggrolls;N1高频;原词性:名;音调:⓪"
"金槌","かなづち","铁锤；（すぐ水に沈むことから）不会游泳的人","名词","金槌で釘を打つ","用锤子钉钉子","N1","eggrolls;N1中频;原词性:名;音调:③⓪"
"吟味","ぎんみ","斟酌，仔细挑选","名词/サ变动词","材料をよく吟味する","精选材料","N1","eggrolls;N1高频;原词性:名・他動3;音调:①③"
"愚か","おろか","愚蠢","な形容词","愚かなことをしでかす","做傻事","N1","eggrolls;N1高频;原词性:ナ形;音调:①"
"群衆","ぐんしゅう","群众","名词","群衆が殺到する","群众蜂拥而至","N1","eggrolls;N1低频;原词性:名;音调:⓪"
"傾斜","けいしゃ","倾斜；倾向","名词/サ变动词","この道は急な傾斜になっている","这条路坡度很大","N1","eggrolls;N1中频;原词性:名・自動3;音调:⓪"
"形態","けいたい","形态","名词","雇用形態","雇佣形态","N1","eggrolls;N1中频;原词性:名;音调:⓪"
"掲げる","かかげる","悬挂，高举；提出；刊登","动词/他动词/一段动词","国旗を掲げて祝う","挂国旗庆祝","N1","eggrolls;N1高频;原词性:他動2;音调:⓪③"
"経歴","けいれき","经历，履历","名词","弁護士としての経歴が長い","作为律师的经历很长","N1","eggrolls;N1中频;原词性:名;音调:⓪"
"経路","けいろ","途径，路线","名词","伝染経路を調べる","调查传染途径","N1","eggrolls;N1高频;原词性:名;音调:①"
"警戒","けいかい","警戒，防范","名词/サ变动词","暴動を警戒する","警戒暴动","N1","eggrolls;N1高频;原词性:名・他動3;音调:⓪"
"軽快","けいかい","轻快；轻松愉快","な形容词/名词/サ变动词","軽快な足取り","轻快的步伐","N1","eggrolls;N1低频;原词性:ナ形・名・自動3;音调:⓪"
"軽減","けいげん","减轻","名词/サ变动词","負担を軽減する","减轻负担","N1","eggrolls;N1高频;原词性:名・自他動3;音调:⓪"
"軽率","けいそつ","轻率，草率","名词/な形容词","軽率な行為","轻率的行为","N1","eggrolls;N1高频;原词性:名・ナ形;音调:⓪"
"劇団","げきだん","剧团，剧院","名词","劇団を解散する","解散剧团","N1","eggrolls;N1中频;原词性:名;音调:⓪"
"激減","げきげん","急剧减少","名词/サ变动词","過去数年間でその種の動物が激減した","过去几年这种动物数量急剧减少","N1","eggrolls;N1中频;原词性:名・自動3;音调:⓪"
"欠如","けつじょ","缺乏，缺少","名词/サ变动词","モラルの欠如","缺乏道德","N1","eggrolls;N1低频;原词性:名・自動3;音调:①"
"決算","けっさん","结账，结算","名词/サ变动词","決算期を迎える","迎来结算期","N1","eggrolls;N1低频;原词性:名・自動3;音调:①"
"潔い","いさぎよい","果断，痛快","い形容词","潔く謝る","痛快地道歉","N1","eggrolls;N1高频;原词性:イ形;音调:④"
"結合","けつごう","结合，连接","名词/サ变动词","この物質は水と結合して反応する","这种物质与水结合产生反应","N1","eggrolls;N1低频;原词性:名・自他動3;音调:⓪"
"結成","けっせい","结成，组成","名词/サ变动词","バンドを結成する","组成乐队","N1","eggrolls;N1中频;原词性:名・他動3;音调:⓪"
"結束","けっそく","团结；捆扎","名词/サ变动词","結束が固い","团结一致","N1","eggrolls;N1中频;原词性:名・自他動3;音调:⓪"
"月謝","げっしゃ","每个月的学费","名词","月謝を払う","付学费","N1","eggrolls;N1低频;原词性:名;音调:⓪"
"堅実","けんじつ","牢靠，稳妥","名词/な形容词","堅実な商売","脚踏实地的生意","N1","eggrolls;N1高频;原词性:名・ナ形;音调:⓪"
"権威","けんい","权威，权势；权威，泰斗","名词","幕府の権威が失墜する","幕府的权威丧失","N1","eggrolls;N1中频;原词性:名;音调:①"
"権限","けんげん","权限；职权范围","名词","彼にはその決定をする権限がある","他有权做出那个决定","N1","eggrolls;N1低频;原词性:名;音调:③"
"研ぐ","とぐ","磨（刀）；淘（米）","动词/他动词/五段动词","包丁を研ぐ","磨菜刀","N1","eggrolls;N1低频;原词性:他動1;音调:①"
"見合わせる","みあわせる","互相看；互相比较，对照；暂缓","动词/他动词/一段动词","思わず顔を見合わせてぷっと吹き出した","互相望了望对方的脸，不由笑了出来","N1","eggrolls;N1高频;原词性:他動2;音调:④⓪"
"見習う","みならう","学习，模仿","动词/他动词/五段动词","子は親を見習う","孩子会效仿父母","N1","eggrolls;N1高频;原词性:他動1;音调:⓪③"
"見どころ","みどころ","值得一看的地方；前程","名词","芝居の見どころ","戏剧的精彩之处","N1","eggrolls;N1中频;原词性:名;音调:⓪"
"見地","けんち","见地，观点，角度","名词","教育的な見地からいえば","从教育的角度而言","N1","eggrolls;N1中频;原词性:名;音调:①"
"見当たる","みあたる","看（不）到，找（不）到","动词/自动词/五段动词","理想の相手が見当たらない","找不着理想的对象","N1","eggrolls;N1高频;原词性:自動1;音调:⓪③"
"見落とす","みおとす","看漏，忽略","动词/他动词/五段动词","誤りを見落とす","看漏错误","N1","eggrolls;N1高频;原词性:他動1;音调:⓪③"
"賢明","けんめい","贤明，明智","な形容词","賢明なやり方","明智的做法","N1","eggrolls;N1低频;原词性:ナ形;音调:⓪"
"顕著","けんちょ","显著，明显","な形容词/名词","進歩が顕著だ","进步显著","N1","eggrolls;N1高频;原词性:ナ形・名;音调:①"
"元来","がんらい","原来，原本","副词","この本は元来児童に読ませるものだ","这本书本来是给儿童读的","N1","eggrolls;N1中频;原词性:副;音调:①"
"原型","げんけい","原型，模型","名词","この建築物は古代建築の原型を保っている","这座建筑物保留了古代建筑的原型","N1","eggrolls;N1中频;原词性:名;音调:⓪"
"厳か","おごそか","庄严，肃穆，郑重","な形容词","厳かな雰囲気","庄严的氛围","N1","eggrolls;N1低频;原词性:ナ形;音调:②"
"厳密","げんみつ","严格，严密","な形容词","厳密に言えば","严格来讲","N1","eggrolls;N1低频;原词性:ナ形;音调:⓪"
"言い張る","いいはる","坚决主张，固执己见","动词/他动词/五段动词","自分は無実だと言い張る","坚称自己是冤枉的","N1","eggrolls;N1低频;原词性:他動1;音调:③"
"呼び起こす","よびおこす","叫醒；唤起","动词/他动词/五段动词","うたた寝をして呼び起こされた","正在打盹，被人叫醒","N1","eggrolls;N1中频;原词性:他動1;音调:④"
"固有","こゆう","固有，特有","名词/な形容词","日本固有の領土","日本固有的领土","N1","eggrolls;N1高频;原词性:名・ナ形;音调:⓪"
"孤立","こりつ","孤立","名词/サ变动词","孤立状態に陥る","陷入孤立状态","N1","eggrolls;N1中频;原词性:名・自動3;音调:⓪"
"戸惑い","とまどい","困惑，不知所措","名词","戸惑いの表情","困惑的表情","N1","eggrolls;N1中频;原词性:名;音调:③⓪"
"誇張","こちょう","夸张，夸大","名词/サ变动词","事実を誇張する","夸大事实","N1","eggrolls;N1高频;原词性:名・他動3;音调:⓪"
"悟る","さとる","领悟，察觉","动词/他动词/五段动词","真意を悟る","领悟真正意图","N1","eggrolls;N1中频;原词性:他動1;音调:⓪②"
"誤差","ごさ","误差；差错","名词","計算に誤差がある","计算中有误差","N1","eggrolls;N1低频;原词性:名;音调:①"
"交える","まじえる","掺杂；交叉；交换","动词/他动词/一段动词","冗談を交えて言う","半开玩笑地说","N1","eggrolls;N1低频;原词性:他動2;音调:③"
"交易","こうえき","交易，贸易","名词/サ变动词","外国と交易を行う","与外国进行贸易","N1","eggrolls;N1低频;原词性:名・自他動3;音调:⓪"
"交互","こうご","互相，交替","名词","赤と白を交互に並べる","把红色的和白色的交替摆放","N1","eggrolls;N1中频;原词性:名;音调:①"
"交付","こうふ","交付，发给，颁发","名词/サ变动词","運転免許証を交付する","颁发驾照","N1","eggrolls;N1高频;原词性:名・他動3;音调:①⓪"
"口コミ","くちこみ","口头传播，街谈巷议","名词","口コミで客が集まる","靠口碑招揽客人","N1","eggrolls;N1中频;原词性:名;音调:⓪"
"口頭","こうとう","口头","名词","口頭で報告する","口头汇报","N1","eggrolls;N1中频;原词性:名;音调:⓪"
"巧み","たくみ","巧妙；技巧","な形容词/名词","巧みにその場を取り繕う","巧妙地掩饰过去","N1","eggrolls;N1高频;原词性:ナ形・名;音调:⓪①"
"巧妙","こうみょう","巧妙","な形容词/名词","巧妙な手口","巧妙的手段","N1","eggrolls;N1中频;原词性:ナ形・名;音调:⓪"
"広報","こうほう","宣传，报导","名词","広報活動","宣传活动","N1","eggrolls;N1高频;原词性:名;音调:①"
"拘束","こうそく","拘留；束缚，限制","名词/サ变动词","容疑者の身柄を拘束する","拘留嫌犯","N1","eggrolls;N1低频;原词性:名・他動3;音调:⓪"
"控える","ひかえる","等候；节制；记下；临近","动词/自他动词/一段动词","秘書が別室に控えている","秘书在别的房间里待命","N1","eggrolls;N1高频;原词性:自他動2;音调:③②"
"構える","かまえる","修建，修筑；摆出（某种态度或姿势）","动词/自他动词/一段动词","新居を構える","盖新房","N1","eggrolls;N1中频;原词性:自他動2;音调:③"
"荒っぽい","あらっぽい","（荒）粗暴的，粗鲁的；（粗）粗糙的","い形容词","言葉遣いが荒っぽい","用词粗鲁","N1","eggrolls;N1低频;原词性:イ形;音调:⓪④"
"購買","こうばい","购买","名词/サ变动词","購買意欲をそそる","激起人的购买欲","N1","eggrolls;N1高频;原词性:名・他動3;音调:⓪"
"高原","こうげん","高原","名词","高原でハイキングを楽しむ","在高原上享受徒步旅行","N1","eggrolls;N1中频;原词性:名;音调:⓪"
"高低","こうてい","高低；起伏，上下","名词/サ变动词","高低のある土地","高低不平的土地","N1","eggrolls;N1低频;原词性:名・自動3;音调:⓪①"
"合意","ごうい","双方意见一致","名词/サ变动词","合意に達する","达成一致","N1","eggrolls;N1中频;原词性:名・自動3;音调:①⓪"
"合成","ごうせい","合成","名词/サ变动词","石油からビニールを合成する","由石油合成乙烯树脂","N1","eggrolls;N1中频;原词性:名・他動3;音调:⓪"
"合致","がっち","一致，合乎，符合","名词/サ变动词","二人の見解が合致する","两个人的看法一致","N1","eggrolls;N1高频;原词性:名・自動3;音调:⓪"
"合併","がっぺい","合并","名词/サ变动词","大手二社が合併する","两大公司合并","N1","eggrolls;N1高频;原词性:名・自他動3;音调:⓪"
"告げる","つげる","（口头）告知；宣告（结束）","动词/他动词/一段动词","来意を告げる","说明来意","N1","eggrolls;N1中频;原词性:他動2;音调:⓪"
"告白","こくはく","坦白，交代，表白","名词/サ变动词","過去の罪を告白する","坦白过去的罪行","N1","eggrolls;N1低频;原词性:名・他動3;音调:⓪"
"今更","いまさら","事到如今；现在重新","副词","今更悔やんでもしかたない","事已至此，后悔也没用","N1","eggrolls;N1中频;原词性:副;音调:⓪"
"根底","こんてい","根本，基础","名词","根底から覆される","从根本上被推翻","N1","eggrolls;N1低频;原词性:名;音调:⓪"
"魂","たましい","灵魂；精力","名词","亡くなった人の魂を慰める","安慰逝者的灵魂","N1","eggrolls;N1低频;原词性:名;音调:①"
"差額","さがく","差额","名词","予算と実費の差額を計算する","计算预算和实际费用的差额","N1","eggrolls;N1低频;原词性:名;音调:⓪"
"砂利","じゃり","小石头，沙砾","名词","庭に砂利を敷く","在庭院铺上碎石","N1","eggrolls;N1低频;原词性:名;音调:⓪"
"座談会","ざだんかい","座谈会","名词","座談会で様々な意見が交換された","在座谈会上交换了各种意见","N1","eggrolls;N1中频;原词性:名;音调:②"
"再現","さいげん","再现，模拟","名词/サ变动词","事故の状況を再現する","再现事故当时的状况","N1","eggrolls;N1高频;原词性:名・自他動3;音调:⓪"
"採算","さいさん","（收支的）核算","名词","採算が取れる","有盈利，合算","N1","eggrolls;N1中频;原词性:名;音调:⓪"
"細やか","こまやか","周到，细致；细腻，深厚","な形容词","細やかな配慮","照顾周到","N1","eggrolls;N1高频;原词性:ナ形;音调:②"
"細胞","さいぼう","细胞","名词","単細胞","单细胞","N1","eggrolls;N1中频;原词性:名;音调:⓪"
"裁く","さばく","（根据法律）审判，裁判","动词/他动词/五段动词","事件を裁く","审理案件","N1","eggrolls;N1低频;原词性:他動1;音调:②"
"財政","ざいせい","财政；经济情况","名词","国の財政が悪化する","国家财政恶化","N1","eggrolls;N1高频;原词性:名;音调:⓪"
"作戦","さくせん","策略；作战行动","名词","作戦を練る","研究策略","N1","eggrolls;N1高频;原词性:名;音调:⓪"
"殺到","さっとう","蜂拥而至","名词/サ变动词","買物客が殺到する","购物的客人蜂拥而至","N1","eggrolls;N1高频;原词性:名・自動3;音调:⓪"
"雑","ざつ","糙；不拘小节；杂乱无章","な形容词","雑な内容","杂乱的内容","N1","eggrolls;N1中频;原词性:ナ形;音调:⓪"
"山岳","さんがく","山岳","名词","山岳会","登山运动协会","N1","eggrolls;N1中频;原词性:名;音调:⓪"
"賛美","さんび","赞美","名词/サ变动词","雄大な自然を賛美する","赞美雄伟的大自然","N1","eggrolls;N1低频;原词性:名・他動3;音调:①"
"斬新","ざんしん","崭新，新颖","な形容词","斬新なデザイン","新颖的设计","N1","eggrolls;N1高频;原词性:ナ形;音调:⓪"
"仕える","つかえる","服侍；任职","动词/自动词/一段动词","両親に仕える","伺候父母","N1","eggrolls;N1低频;原词性:自動2;音调:③⓪"
"仕上がり","しあがり","完成（的结果）","名词","仕上がりが遅れた","没按时完工","N1","eggrolls;N1中频;原词性:名;音调:⓪"
"仕切る","しきる","隔开；掌管，主持","动词/他动词/五段动词","部屋を2つに仕切る","将房子隔成两间","N1","eggrolls;N1中频;原词性:他動1;音调:②"
"司る","つかさどる","主管，负责（职务、任务等）；掌管，支配","动词/他动词/五段动词","国政を司る","掌管国政","N1","eggrolls;N1低频;原词性:他動1;音调:④"
"始末","しまつ","（事情的）始末；（坏的）结果；处理","名词/サ变动词","事の始末を語る","讲述事情的始末","N1","eggrolls;N1高频;原词性:名・他動3;音调:①"
"志","こころざし","志向；盛情；表示好意或谢意的礼物","名词","志を立てる","立志","N1","eggrolls;N1低频;原词性:名;音调:⓪⑤"
"志す","こころざす","立志，以……为目标","动词/自他动词/五段动词","外交官を志して、勉強に励んでいる","立志做外交官，努力学习","N1","eggrolls;N1低频;原词性:自他動1;音调:④"
"志向","しこう","志向，意向","名词/サ变动词","芸術家志向","当艺术家的志向","N1","eggrolls;N1高频;原词性:名・他動3;音调:⓪"
"思いやる","おもいやる","体谅，同情；遥想，挂念","动词/他动词/五段动词","他人の気持ちを思いやる","体谅他人的感受","N1","eggrolls;N1中频;原词性:他動1;音调:④⓪"
"指揮","しき","指挥，领导","名词/サ变动词","楽団を指揮する","指挥乐团","N1","eggrolls;N1中频;原词性:名・他動3;音调:②①"
"私物","しぶつ","私人物品","名词","オフィスに私物を持ち込む","带私人物品到办公室","N1","eggrolls;N1低频;原词性:名;音调:⓪"
"試みる","こころみる","试着","动词/他动词/一段动词","抵抗を試みる","试着抵抗","N1","eggrolls;N1高频;原词性:他動2;音调:④"
"雌","めす","雌，牝，母","名词","雄","雄，公，牡","N1","eggrolls;N1高频;原词性:名;音调:②"
"似通う","にかよう","相仿，相似","动词/自动词/五段动词","2つの商品は似通った点がある","两种商品有相似之处","N1","eggrolls;N1低频;原词性:自動1;音调:③"
"侍","さむらい","武士；有骨气的人","名词","侍の精神","武士精神","N1","eggrolls;N1低频;原词性:名;音调:⓪"
"時折","ときおり","有时，偶尔，时而","副词","時折鳥の鳴き声が聞こえる","时而听到鸟叫声","N1","eggrolls;N1低频;原词性:副;音调:⓪"
"次元","じげん","（数学）维度；水平，立场","名词","四次元","四维","N1","eggrolls;N1中频;原词性:名;音调:⓪"
"示唆","しさ","暗示，启示","名词/サ变动词","示唆を与える","给予启发；给以暗示","N1","eggrolls;N1低频;原词性:名・他動3;音调:①"
"自在","じざい","自如，自在","名词/な形容词","自由自在に操る","非常自如地操纵","N1","eggrolls;N1中频;原词性:名・ナ形;音调:⓪"
"自尊心","じそんしん","自尊心","名词","自尊心の強い人","自尊心强的人","N1","eggrolls;N1中频;原词性:名;音调:②"
"自発","じはつ","自发，自愿","名词","自発的に勉強する","主动学习","N1","eggrolls;N1高频;原词性:名;音调:⓪"
"式場","しきじょう","举行仪式的会场","名词","結婚式場","举行婚礼的会场","N1","eggrolls;N1低频;原词性:名;音调:⓪"
"執着","しゅうちゃく","执著，贪恋","名词/サ变动词","古いしきたりに執着する","固守旧的习俗","N1","eggrolls;N1中频;原词性:名・自動3;音调:⓪"
"失格","しっかく","不够格；失去资格","名词/サ变动词","親として失格だ","作为父母，不够格","N1","eggrolls;N1中频;原词性:名・自動3;音调:⓪"
"失脚","しっきゃく","失足，下台","名词/サ变动词","失脚した政治家","下台的政客","N1","eggrolls;N1低频;原词性:名・自動3;音调:⓪"
"嫉妬","しっと","嫉妒，羡慕","名词/サ变动词","友人の才能に嫉妬する","嫉妒朋友的才华","N1","eggrolls;N1低频;原词性:名・自他動3;音调:⓪③①"
"質疑","しつぎ","质疑，质问","名词/サ变动词","質疑応答の時間","答疑时间","N1","eggrolls;N1中频;原词性:名・自動3;音调:②①"
"実情","じつじょう","实际状况；真情","名词","問題の実情を調査する","调查问题的实际情况","N1","eggrolls;N1中频;原词性:名;音调:⓪"
"斜面","しゃめん","斜面","名词","ゆるやかな斜面","慢坡；缓坡","N1","eggrolls;N1高频;原词性:名;音调:①"
"社交","しゃこう","社交，交际","名词","社交の場に出席する","出席社交场合","N1","eggrolls;N1低频;原词性:名;音调:⓪"
"謝罪","しゃざい","谢罪，道歉","名词/サ变动词","被害者に謝罪する","向受害人道歉","N1","eggrolls;N1高频;原词性:名・自他動3;音调:⓪"
"遮る","さえぎる","遮挡；打断","动词/他动词/五段动词","木々が日差しを遮る","树遮挡住了阳光","N1","eggrolls;N1高频;原词性:他動1;音调:③"
"若手","わかて","年轻能干的人，青年","名词","若手の俳優","年轻演员","N1","eggrolls;N1高频;原词性:名;音调:⓪"
"弱気","よわき","弱，怯弱","名词/な形容词","弱気を出さず頑張ろう","别打退堂鼓，加油干吧！","N1","eggrolls;N1中频;原词性:名・ナ形;音调:⓪③"
"主導","しゅどう","主导","名词/サ变动词","プロジェクトを主導する","主导项目","N1","eggrolls;N1高频;原词性:名・他動3;音调:⓪"
"取り残す","とりのこす","剩下；落伍，落后","动词/他动词/五段动词","かきの実を野鳥のために取り残す","把柿子留给野鸟","N1","eggrolls;N1高频;原词性:他動1;音调:④⓪"
"取り次ぐ","とりつぐ","转达，转交；代销","动词/他动词/五段动词","伝言を取り次ぐ","转达留言","N1","eggrolls;N1低频;原词性:他動1;音调:③⓪"
"取り締まる","とりしまる","管束，管制，取缔","动词/他动词/五段动词","コピー商品を取り締まる","取缔仿制品","N1","eggrolls;N1低频;原词性:他動1;音调:④⓪"
"手のひら","てのひら","手掌","名词","手のひらを返す","态度突变；翻脸不认人","N1","eggrolls;N1中频;原词性:名;音调:②①"
"手がかり","てがかり","（攀爬时）抓处，抓手；线索，头绪","名词","手がかりをつかむ","掌握线索","N1","eggrolls;N1高频;原词性:名;音调:②"
"手際","てぎわ","（处理事物的）方法，技巧；本领","名词","手際よく処理する","很巧妙地处理","N1","eggrolls;N1高频;原词性:名;音调:⓪③"
"手薄","てうす","手头缺少物品、金钱或人手","名词/な形容词","警備が手薄だ","警备薄弱","N1","eggrolls;N1低频;原词性:名・ナ形;音调:⓪"
"手分け","てわけ","分头，分工","名词/サ变动词","手分けして探す","分头找","N1","eggrolls;N1中频;原词性:名・自動3;音调:③"
"手法","しゅほう","手法，方法","名词","油絵の手法を体得する","掌握画油画的技巧","N1","eggrolls;N1高频;原词性:名;音调:⓪"
"趣","おもむき","大致内容，旨趣；风趣，雅趣，情趣；……的情况","名词","お話の趣はよくわかりました","您说的意思我全明白了","N1","eggrolls;N1低频;原词性:名;音调:④⓪"
"趣旨","しゅし","主要内容，宗旨","名词","会社設立の趣旨を述べる","讲述公司成立的宗旨","N1","eggrolls;N1高频;原词性:名;音调:①"
"首脳","しゅのう","首脑","名词","首脳会談を行う","进行首脑会谈","N1","eggrolls;N1低频;原词性:名;音调:⓪"
"受け継ぐ","うけつぐ","继承，传承","动词/他动词/五段动词","事業を受け継ぐ","继承事业","N1","eggrolls;N1中频;原词性:他動1;音调:⓪③"
"授ける","さずける","授予，传授","动词/他动词/一段动词","知恵を授ける","传授智慧","N1","eggrolls;N1低频;原词性:他動2;音调:③"
"樹木","じゅもく","树木","名词","樹木が生い茂る","树木繁茂","N1","eggrolls;N1中频;原词性:名;音调:①"
"樹立","じゅりつ","树立","名词/サ变动词","新記録を樹立する","树立新的纪录","N1","eggrolls;N1低频;原词性:名・自他動3;音调:⓪"
"収益","しゅうえき","收益","名词","事業からの収益を計算する","计算业务的收益","N1","eggrolls;N1高频;原词性:名;音调:⓪①"
"収容","しゅうよう","容纳，收容","名词/サ变动词","避難者を体育館に収容する","把避难者安置到体育馆","N1","eggrolls;N1中频;原词性:名・他動3;音调:⓪"
"修行","しゅぎょう","修行，修炼","名词/サ变动词","お寺で修行をする","在寺庙里修行","N1","eggrolls;N1中频;原词性:名・自他動3;音调:⓪"
"重宝","ちょうほう","方便，便利；珍视，爱惜","名词/な形容词/サ变动词","外国語勉強に重宝な電子辞書","便于外语学习的电子词典","N1","eggrolls;N1低频;原词性:名・ナ形・他動3;音调:①"
"熟練","じゅくれん","熟练","名词/サ变动词","熟練を要する仕事","需要熟练技术的工作","N1","eggrolls;N1中频;原词性:名・自動3;音调:⓪"
"出くわす","でくわす","偶遇，碰到","动词/自动词/五段动词","駅でばったりと旧友に出くわす","在车站偶然遇见老朋友","N1","eggrolls;N1中频;原词性:自動1;音调:⓪③"
"出産","しゅっさん","生孩子","名词/サ变动词","彼女は先月出産した","她上个月生孩子了","N1","eggrolls;N1中频;原词性:名・自他動3;音调:⓪"
"出費","しゅっぴ","花费，开销","名词/サ变动词","出費が嵩む","开销增加","N1","eggrolls;N1中频;原词性:名・自他動3;音调:⓪"
"潤う","うるおう","湿润；宽裕起来","动词/自动词/五段动词","大地が雨で潤う","大地被雨水滋润","N1","eggrolls;N1高频;原词性:自動1;音调:③"
"処置","しょち","处置，处理，措施；处理（伤口），治疗","名词/サ变动词","適切な処置をとる","采取适当的措施","N1","eggrolls;N1低频;原词性:名・他動3;音调:①"
"所在","しょざい","所在地；所在","名词","所在が知れない","下落不明","N1","eggrolls;N1低频;原词性:名;音调:⓪"
"所持","しょじ","携带","名词/サ变动词","大金を所持する","携带巨款","N1","eggrolls;N1低频;原词性:名・他動3;音调:①"
"所定","しょてい","指定，规定","名词","所定の金額を超える","超过规定的金额","N1","eggrolls;N1高频;原词性:名;音调:⓪"
"庶民","しょみん","百姓，普通人","名词","庶民の生活を研究する","研究平民的生活","N1","eggrolls;N1中频;原词性:名;音调:①"
"書評","しょひょう","书评","名词","新刊の書評を書く","写新书的书评","N1","eggrolls;N1高频;原词性:名;音调:⓪"
"唱える","となえる","诵，念；高喊；主张","动词/他动词/一段动词","呪文を唱える","念咒语","N1","eggrolls;N1高频;原词性:他動2;音调:③②"
"承諾","しょうだく","应允，同意","名词/サ变动词","承諾を得る","得到同意","N1","eggrolls;N1高频;原词性:名・他動3;音调:⓪"
"照合","しょうごう","对照，核查","名词/サ变动词","原稿と校正刷りを照合する","核对原稿与校样","N1","eggrolls;N1中频;原词性:名・他動3;音调:⓪"
"省みる","かえりみる","反省","动词/他动词/一段动词","自分自身を省みる","自我反省","N1","eggrolls;N1中频;原词性:他動2;音调:④"
"衝撃","しょうげき","冲击；震惊","名词","スプリングが衝撃を吸収する","弹簧可以吸收冲击","N1","eggrolls;N1高频;原词性:名;音调:⓪"
"証言","しょうげん","证词；作证","名词/サ变动词","目撃者が証言する","目击者提供证词","N1","eggrolls;N1中频;原词性:名・他動3;音调:⓪③"
"障る","さわる","妨碍；有害","动词/自动词/五段动词","目に障る","碍眼","N1","eggrolls;N1高频;原词性:自動1;音调:⓪"
"丈","たけ","身高，高度；长度，尺寸","名词","丈が高い","身材高","N1","eggrolls;N1低频;原词性:名;音调:②"
"情緒","じょうちょ","情趣，风趣；情绪","名词","情緒豊かな町","富有情趣的城市","N1","eggrolls;N1低频;原词性:名;音调:①"
"情勢","じょうせい","形势，局势","名词","世界情勢","世界形势","N1","eggrolls;N1中频;原词性:名;音调:⓪"
"条約","じょうやく","条约","名词","条約を結ぶ","缔结条约","N1","eggrolls;N1中频;原词性:名;音调:⓪"
"譲歩","じょうほ","让步","名词/サ变动词","お互い譲歩する","互相让步","N1","eggrolls;N1低频;原词性:名・自他動3;音调:①"
"織る","おる","织，编织","动词/他动词/五段动词","布を織る","织布","N1","eggrolls;N1中频;原词性:他動1;音调:①"
"色眼鏡","いろめがね","墨镜；有色眼镜，偏见","名词","色眼鏡をかける","戴墨镜","N1","eggrolls;N1低频;原词性:名;音调:③"
"色彩","しきさい","色彩，色调；倾向","名词","鮮やかな色彩の絵","色彩鲜艳的画作","N1","eggrolls;N1中频;原词性:名;音调:⓪"
"食い違う","くいちがう","不一致，有分歧；错位","动词/自动词/五段动词","双方の言い分が食い違う","双方的说法不一致","N1","eggrolls;N1中频;原词性:自動1;音调:④⓪"
"信念","しんねん","信念","名词","自分の信念を貫く","坚持自己的信念","N1","eggrolls;N1低频;原词性:名;音调:①"
"侵す","おかす","侵犯，侵入，侵害；患，侵袭","动词/他动词/五段动词","他国の領土を侵す","侵犯他国领土","N1","eggrolls;N1低频;原词性:他動1;音调:⓪②"
"寝かせる","ねかせる","哄睡；放平；闲置","动词/他动词/一段动词","子どもを寝かせる","哄孩子睡","N1","eggrolls;N1低频;原词性:他動2;音调:⓪"
"心がける","こころがける","留心，注意","动词/他动词/一段动词","同じミスを繰り返さないように心がける","注意不犯同样的错误","N1","eggrolls;N1高频;原词性:他動2;音调:⑤"
"心情","しんじょう","心情","名词","心情を察する","体谅心情","N1","eggrolls;N1高频;原词性:名;音调:⓪"
"振り出し","ふりだし","出发点，起点","名词","振り出しに戻る","重新回到起点","N1","eggrolls;N1低频;原词性:名;音调:⓪"
"真実","しんじつ","真实情况；真的","名词/な形容词/副词","真実を語る","讲述真实的情况","N1","eggrolls;N1高频;原词性:名・ナ形・副;音调:①"
"真心","まごころ","真心，诚意","名词","真心のこもった贈り物","饱含真心的礼物","N1","eggrolls;N1低频;原词性:名;音调:②"
"紳士","しんし","绅士；男士","名词","紳士用財布","男士钱包","N1","eggrolls;N1中频;原词性:名;音调:①"
"親近","しんきん","亲近；亲属；亲信","名词/サ变动词","親近感","亲近感","N1","eggrolls;N1中频;原词性:名・自動3;音调:⓪"
"進呈","しんてい","奉送，赠送","名词/サ变动词","サンプルを無料で進呈する","免费赠送样品","N1","eggrolls;N1中频;原词性:名・他動3;音调:⓪"
"進展","しんてん","进展，发展","名词/サ变动词","進展がない","没有进展","N1","eggrolls;N1高频;原词性:名・自動3;音调:⓪"
"人格","じんかく","人格，人品","名词","立派な人格の持ち主","品格高尚的人","N1","eggrolls;N1高频;原词性:名;音调:⓪"
"人権","じんけん","人权","名词","人権擁護⁠","拥护人权","N1","eggrolls;N1中频;原词性:名;音调:⓪"
"人波","ひとなみ","人潮，人流","名词","人波にもまれる","被人群挤来挤去","N1","eggrolls;N1低频;原词性:名;音调:⓪"
"迅速","じんそく","迅速","名词/な形容词","迅速な判断","迅速的判断","N1","eggrolls;N1高频;原词性:名・ナ形;音调:⓪"
"推進","すいしん","推进","名词/サ变动词","改革を推進する","推进改革","N1","eggrolls;N1高频;原词性:名・他動3;音调:⓪"
"遂行","すいこう","执行到底，完成","名词/サ变动词","計画を遂行する","执行计划","N1","eggrolls;N1中频;原词性:名・他動3;音调:⓪"
"据える","すえる","安放；使……就座；使就……职位","动词/他动词/一段动词","エアコンを部屋の隅に据える","把空调安装在房间的角落","N1","eggrolls;N1低频;原词性:他動2;音调:⓪"
"澄ます","すます","澄清；全神贯注；装作与己无关","动词/自他动词/五段动词","水を澄ます","使水变清","N1","eggrolls;N1中频;原词性:自他動1;音调:②"
"是正","ぜせい","更正，改正，纠正","名词/サ变动词","誤りを是正する","改正错误","N1","eggrolls;N1低频;原词性:名・他動3;音调:⓪"
"制御","せいぎょ","支配，控制；调节","名词/サ变动词","欲望を制御する","控制欲望","N1","eggrolls;N1中频;原词性:名・他動3;音调:①"
"政権","せいけん","政权","名词","政権を握る","掌握政权","N1","eggrolls;N1低频;原词性:名;音调:⓪"
"正規","せいき","正规","名词/な形容词","正規雇用","正规雇佣","N1","eggrolls;N1中频;原词性:名・ナ形;音调:①"
"正義","せいぎ","正义","名词","正義を貫く","坚持正义","N1","eggrolls;N1中频;原词性:名;音调:①"
"清らか","きよらか","清澈；纯洁","な形容词","清らかな泉","清泉","N1","eggrolls;N1中频;原词性:ナ形;音调:②"
"生やす","はやす","使（植物）生长；留（胡子）","动词/他动词/五段动词","庭に雑草を生やさないようにしてください","请不要让院子里长杂草","N1","eggrolls;N1中频;原词性:他動1;音调:②"
"生涯","しょうがい","一生，生涯","名词/副词","幸福な生涯を送る","度过幸福的一生","N1","eggrolls;N1高频;原词性:名・副;音调:①"
"生気","せいき","生气，活力","名词","生気があふれる","生气勃勃","N1","eggrolls;N1低频;原词性:名;音调:①"
"生死","せいし","生死","名词","生死にかかわる","生死攸关","N1","eggrolls;N1低频;原词性:名;音调:①"
"生身","なまみ","活人，有血有肉的人","名词","生身の人間","活生生的人","N1","eggrolls;N1低频;原词性:名;音调:②⓪"
"盛大","せいだい","盛大，规模宏大","名词/な形容词","盛大なパーティー","盛大的派对","N1","eggrolls;N1高频;原词性:名・ナ形;音调:⓪"
"精巧","せいこう","精巧，精密","名词/な形容词","精巧に作られている","制作精巧","N1","eggrolls;N1中频;原词性:名・ナ形;音调:⓪"
"精密","せいみつ","精密，精确","名词/な形容词","精密機器","精密仪器","N1","eggrolls;N1低频;原词性:名・ナ形;音调:⓪"
"製法","せいほう","制作方法","名词","お菓子の製法","点心的制作方法","N1","eggrolls;N1低频;原词性:名;音调:⓪"
"青春","せいしゅん","青春","名词","青春はもう帰らない","青春一去不复返","N1","eggrolls;N1中频;原词性:名;音调:⓪"
"静止","せいし","静止","名词/サ变动词","画像を静止させる","使图像静止","N1","eggrolls;N1中频;原词性:名・自動3;音调:⓪"
"切ない","せつない","难过的，悲痛的","い形容词","切ない思いをする","心里感到难受","N1","eggrolls;N1低频;原词性:イ形;音调:③"
"切れ目","きれめ","段落；间断，中断；裂缝","名词","文章の切れ目","文章的段落","N1","eggrolls;N1低频;原词性:名;音调:③"
"切実","せつじつ","恳切；切实","な形容词","切実に願う","恳切地请求","N1","eggrolls;N1中频;原词性:ナ形;音调:⓪"
"設立","せつりつ","设立，成立","名词/サ变动词","会社を設立する","成立公司","N1","eggrolls;N1高频;原词性:名・他動3;音调:⓪"
"絶版","ぜっぱん","绝版","名词","この書籍は絶版になった","这本书已经绝版","N1","eggrolls;N1低频;原词性:名;音调:⓪"
"絶望","ぜつぼう","失望，绝望","名词/サ变动词","絶望の境地に陥る","陷入绝望的境地","N1","eggrolls;N1低频;原词性:名・自動3;音调:⓪"
"占領","せんりょう","占领，占据","名词/サ变动词","敵軍が都市を占領する","敌军占领城市","N1","eggrolls;N1低频;原词性:名・他動3;音调:⓪"
"宣言","せんげん","宣言，（正式）宣布","名词/サ变动词","独立を宣言する","宣布独立","N1","eggrolls;N1低频;原词性:名・他動3;音调:③"
"もっぱら","もっぱら","专门，净，专心致志","副词","もっぱら執筆に打ち込む","专心写作","N1","eggrolls;N1中频;原词性:副;音调:⓪①"
"潜む","ひそむ","躲藏；藏在（心里）","动词/自动词/五段动词","魚が水底に潜む","鱼潜藏在水底","N1","eggrolls;N1高频;原词性:自動1;音调:②"
"前置き","まえおき","序言，开场白","名词/サ变动词","前置きが長くて退屈する","开场白说得太长，令人厌倦","N1","eggrolls;N1低频;原词性:名・自動3;音调:⓪④"
"前例","ぜんれい","前例，先例","名词","前例のない事件","前所未有的事件","N1","eggrolls;N1中频;原词性:名;音调:⓪"
"全盛","ぜんせい","全盛，鼎盛","名词","その歌手は全盛期にある","那位歌手正处于全盛时期","N1","eggrolls;N1低频;原词性:名;音调:①⓪"
"繕う","つくろう","修理，修缮；整理（仪容）；敷衍，掩饰","动词/他动词/五段动词","塀の壊れたところを繕う","修理墙壁坏了的地方","N1","eggrolls;N1低频;原词性:他動1;音调:③"
"措置","そち","措施，处理","サ变动词/名词","緊急措置を講じる","采取紧急措施","N1","eggrolls;N1中频;原词性:他動3・名;音调:①"
"素朴","そぼく","朴素；单纯","名词/な形容词","素朴な人柄","为人淳朴","N1","eggrolls;N1高频;原词性:名・ナ形;音调:⓪"
"訴訟","そしょう","诉讼","名词/サ变动词","訴訟を起こす","提起诉讼","N1","eggrolls;N1低频;原词性:名・自動3;音调:⓪"
"阻む","はばむ","阻挡，阻碍","动词/他动词/五段动词","進路を阻む","挡住去路；阻碍发展","N1","eggrolls;N1中频;原词性:他動1;音调:②"
"喪失","そうしつ","丧失","名词/サ变动词","信頼を喪失する","失去信任","N1","eggrolls;N1中频;原词性:名・他動3;音调:⓪"
"壮大","そうだい","宏伟，宏大","な形容词/名词","壮大な構想","宏伟的构想","N1","eggrolls;N1中频;原词性:ナ形・名;音调:⓪"
"捜査","そうさ","搜查","名词/サ变动词","捜査を開始する","开始搜查","N1","eggrolls;N1中频;原词性:名・他動3;音调:①"
"操る","あやつる","（用线等）操控；巧妙地运用，驾驭；操纵，暗中控制","动词/他动词/五段动词","人形を操る","操纵人偶","N1","eggrolls;N1中频;原词性:他動1;音调:③"
"相場","そうば","行情，市价","名词","株の相場が下がる","股票的市价下跌","N1","eggrolls;N1中频;原词性:名;音调:⓪"
"装う","よそおう","装扮；假装","动词/他动词/五段动词","派手に装う","打扮得很华丽","N1","eggrolls;N1中频;原词性:他動1;音调:③"
"装備","そうび","装备，配备","名词/サ变动词","登山のための装備を整える","准备登山的装备","N1","eggrolls;N1中频;原词性:名・他動3;音调:①"
"促進","そくしん","促进","名词/サ变动词","貿易の促進を図る","促进贸易","N1","eggrolls;N1高频;原词性:名・他動3;音调:⓪"
"即する","そくする","就，适应，结合","サ变动词","現実に即して行動する","结合现实情况去行动","N1","eggrolls;N1低频;原词性:自動3;音调:③"
"束縛","そくばく","束缚，限制","サ变动词/名词","規則による束縛を感じる","感受到规则的束缚","N1","eggrolls;N1低频;原词性:他動3・名;音调:⓪"
"存続","そんぞく","存续，延续","名词/サ变动词","古い習慣が今もなお存続する","古老的习惯至今仍然存在","N1","eggrolls;N1高频;原词性:名・自他動3;音调:⓪"
"他方","たほう","其他方面，另一方；虽然如此，但是从另一方面来看的话","名词/副词","一方を青く、他方を赤く塗る","一边涂成蓝色，另一边则涂成红色","N1","eggrolls;N1中频;原词性:名・副;音调:②"
"唾","つば","唾液，口水","名词","唾を吐く","吐口水","N1","eggrolls;N1低频;原词性:名;音调:①②"
"妥協","だきょう","妥协","名词/サ变动词","妥協の余地がない","没有妥协的余地","N1","eggrolls;N1高频;原词性:名・自動3;音调:⓪"
"打ち込む","うちこむ","打进，射进；埋头，专心致志","动词/自他动词/五段动词","板に釘を打ち込む","将钉子钉进木板","N1","eggrolls;N1高频;原词性:自他動1;音调:③⓪"
"打ち切る","うちきる","（中途）停止","动词/他动词/五段动词","援助を打ち切る","停止援助","N1","eggrolls;N1中频;原词性:他動1;音调:③⓪"
"打開","だかい","打开，打破","名词/サ变动词","難局を打開する","打破僵局","N1","eggrolls;N1中频;原词性:名・他動3;音调:⓪"
"打撃","だげき","打击；击打","名词","会社に打撃を与える","给公司带来打击","N1","eggrolls;N1中频;原词性:名;音调:⓪"
"対談","たいだん","对谈","名词/サ变动词","二大党首がデフレをめぐって対談する","两大党首针对通货紧缩进行对谈","N1","eggrolls;N1低频;原词性:名・自他動3;音调:⓪"
"帯びる","おびる","带有；肩负","动词/他动词/一段动词","酒気を帯びる","带有酒气","N1","eggrolls;N1高频;原词性:他動2;音调:②⓪"
"怠る","おこたる","偷懒，懈怠，疏忽","动词/他动词/五段动词","仕事を怠る","工作懈怠","N1","eggrolls;N1高频;原词性:他動1;音调:③⓪"
"滞る","とどこおる","堵塞，迟滞，拖延；拖欠","动词/自动词/五段动词","工事が滞る","施工延误","N1","eggrolls;N1中频;原词性:自動1;音调:⓪③"
"滞納","たいのう","滞纳，拖欠","名词/サ变动词","家賃を滞納する","拖欠房租","N1","eggrolls;N1低频;原词性:名・他動3;音调:⓪"
"大概","たいがい","大部分，大致；大概，概要；适度，适可而止；大致上","名词/副词","大概の内容は理解できた","大致内容理解了","N1","eggrolls;N1低频;原词性:名・副;音调:⓪"
"大筋","おおすじ","梗概，主要内容","名词","物語の大筋","故事的梗概","N1","eggrolls;N1中频;原词性:名;音调:⓪"
"大金","たいきん","巨款，巨额的钱","名词","大金を稼ぐ","赚大钱","N1","eggrolls;N1低频;原词性:名;音调:⓪"
"大方","おおかた","大部分；一般人；大致；大概，或许","名词/副词","出席した人の大方は学生だった","出席的人大部分是学生","N1","eggrolls;N1中频;原词性:名・副;音调:⓪"
"達者","たっしゃ","精通，熟练；健康","な形容词","口が達者だ","能说会道","N1","eggrolls;N1低频;原词性:ナ形;音调:⓪"
"奪い取る","うばいとる","（用武力）夺取","动词/他动词/五段动词","ハンドバッグを奪い取る","抢走手提包","N1","eggrolls;N1低频;原词性:他動1;音调:④"
"脱退","だったい","脱离，退出","名词/サ变动词","学会を脱退する","退出学会","N1","eggrolls;N1低频;原词性:名・自動3;音调:⓪"
"丹念","たんねん","精心，细心","な形容词/名词","資料を丹念に調べる","细心查找资料","N1","eggrolls;N1中频;原词性:ナ形・名;音调:①"
"単一","たんいつ","单一","名词/な形容词","単一の市場","单一市场","N1","eggrolls;N1低频;原词性:名・ナ形;音调:⓪"
"担う","になう","担，挑；担负","动词/他动词/五段动词","肩に米俵を担う","肩上扛着米袋","N1","eggrolls;N1高频;原词性:他動1;音调:②"
"探検","たんけん","探险","名词/サ变动词","南極探検隊","南极探险队","N1","eggrolls;N1中频;原词性:名・他動3;音调:⓪"
"はじく","はじく","弹；防（水）；打（算盘）","动词/他动词/五段动词","爪ではじく","用指甲弹","N1","eggrolls;N1中频;原词性:他動1;音调:②"
"弾む","はずむ","跳，弹；起劲，激动","动词/自动词/五段动词","このボールはよく弾む","这个球弹性很好","N1","eggrolls;N1中频;原词性:自動1;音调:⓪"
"弾力","だんりょく","弹力，弹性","名词","弾力のあるマットレス","有弹性的床垫","N1","eggrolls;N1中频;原词性:名;音调:⓪①"
"断つ","たつ","切断；戒","动词/他动词/五段动词","水源を断つ","切断水源","N1","eggrolls;N1高频;原词性:他動1;音调:①"
"断言","だんげん","断言，断定","名词/サ变动词","事実だとは断言できない","不能断言那就是事实","N1","eggrolls;N1低频;原词性:名・他動3;音调:③⓪"
"値する","あたいする","值得","サ变动词","一見に値する","值得一看","N1","eggrolls;N1高频;原词性:自動3;音调:⓪"
"値打ち","ねうち","估价，评价；价值","名词","そんなことをするときみの値打ちが下がる","做那种事会降低你的声价","N1","eggrolls;N1低频;原词性:名;音调:⓪"
"恥じらう","はじらう","害羞","动词/自他动词/五段动词","花も恥らう年頃","花样年华","N1","eggrolls;N1低频;原词性:自他動1;音调:③"
"畜産","ちくさん","畜产","名词","畜産業","畜产业","N1","eggrolls;N1低频;原词性:名;音调:⓪"
"着手","ちゃくしゅ","着手，开始","名词/サ变动词","事業に着手する","着手干事业","N1","eggrolls;N1中频;原词性:名・自動3;音调:①"
"着目","ちゃくもく","着眼，注目","名词/サ变动词","食糧問題に着目する","着眼于粮食问题","N1","eggrolls;N1中频;原词性:名・自動3;音调:⓪"
"中傷","ちゅうしょう","中伤，诽谤","名词/サ变动词","人を中傷する","中伤他人","N1","eggrolls;N1低频;原词性:名・他動3;音调:⓪"
"中立","ちゅうりつ","中立","名词/サ变动词","中立の立場","中立的立场","N1","eggrolls;N1中频;原词性:名・自動3;音调:⓪"
"忠実","ちゅうじつ","忠诚；忠实","名词/な形容词","忠実な部下","忠诚的部下","N1","eggrolls;N1低频;原词性:名・ナ形;音调:⓪"
"著書","ちょしょ","著作","名词","先生のご著書","老师的著作","N1","eggrolls;N1高频;原词性:名;音调:①"
"著名","ちょめい","著名","名词/な形容词","著名な画家","著名的画家","N1","eggrolls;N1中频;原词性:名・ナ形;音调:⓪"
"貯蓄","ちょちく","储存，积蓄","名词/サ变动词","給料の半分を貯蓄する","把工资的一半存起来","N1","eggrolls;N1低频;原词性:名・自他動3;音调:⓪"
"兆し","きざし","预兆，兆头","名词","景気回復の兆しが見えない","看不到经济复苏的迹象","N1","eggrolls;N1中频;原词性:名;音调:⓪"
"張り合う","はりあう","竞争，争持，争夺","动词/自他动词/五段动词","社長の椅子を張り合う","争夺社长的职位","N1","eggrolls;N1中频;原词性:自他動1;音调:③"
"懲りる","こりる","尝到苦头不想再做","动词/自动词/一段动词","懲りずにまた博打に手を出す","不吸取教训，又开始赌博","N1","eggrolls;N1中频;原词性:自動2;音调:②"
"挑む","いどむ","挑衅；挑战","动词/自他动词/五段动词","権威に論戦を挑む","向权威发起论战","N1","eggrolls;N1高频;原词性:自他動1;音调:②"
"挑戦","ちょうせん","挑战","名词/サ变动词","世界記録に挑戦する","挑战世界纪录","N1","eggrolls;N1高频;原词性:名・自動3;音调:⓪"
"聴覚","ちょうかく","听觉","名词","聴覚器官","听觉器官","N1","eggrolls;N1低频;原词性:名;音调:①⓪"
"調和","ちょうわ","协调，和谐","名词/サ变动词","調和のとれた配色","协调的配色","N1","eggrolls;N1高频;原词性:名・自動3;音调:⓪"
"はかどる","はかどる","进展顺利","动词/自动词/五段动词","仕事がはかどる","工作进展顺利","N1","eggrolls;N1高频;原词性:自動1;音调:③"
"直感","ちょっかん","直觉，凭直觉感到","名词/サ变动词","直感が鋭い","直觉敏锐","N1","eggrolls;N1中频;原词性:名・他動3;音调:⓪"
"直面","ちょくめん","面对，直面","名词/サ变动词","危機に直面する","直面危机","N1","eggrolls;N1高频;原词性:名・自動3;音调:⓪"
"沈黙","ちんもく","沉默","名词/サ变动词","沈黙を守る","保持沉默","N1","eggrolls;N1中频;原词性:名・自動3;音调:⓪"
"賃金","ちんぎん","工资，薪水","名词","賃金を上げる","提高工资","N1","eggrolls;N1低频;原词性:名;音调:①"
"陳列","ちんれつ","陈列，展览","名词/サ变动词","ショーウインドーに商品を陳列する","在橱窗里陈列商品","N1","eggrolls;N1高频;原词性:名・他動3;音调:⓪"
"墜落","ついらく","坠落，掉下","名词/サ变动词","飛行機が墜落する","飞机坠落","N1","eggrolls;N1低频;原词性:名・自動3;音调:⓪"
"追放","ついほう","驱逐（出境），赶出；开除，革职，肃清","名词/サ变动词","国外に追放される","被驱逐出境","N1","eggrolls;N1低频;原词性:名・他動3;音调:⓪"
"痛感","つうかん","深感，深切认识","名词/サ变动词","経験不足を痛感する","深感经验不足","N1","eggrolls;N1中频;原词性:名・他動3;音调:⓪"
"痛切","つうせつ","痛切，深切","な形容词/名词","痛切に感じる","深切感到","N1","eggrolls;N1低频;原词性:ナ形・名;音调:⓪"
"停滞","ていたい","停滞，滞留","名词/サ变动词","業務が停滞する","业务停滞不前","N1","eggrolls;N1中频;原词性:名・自動3;音调:⓪"
"提携","ていけい","提携，合作","名词/サ变动词","業務提携","业务合作","N1","eggrolls;N1高频;原词性:名・自他動3;音调:⓪"
"提唱","ていしょう","提倡","サ变动词/名词","野鳥の保護を提唱する","提倡保护野生鸟类","N1","eggrolls;N1低频;原词性:他動3・名;音调:⓪"
"天才","てんさい","天才","名词","希世の天才","稀世天才","N1","eggrolls;N1中频;原词性:名;音调:⓪"
"天地","てんち","天地；世界；上下","名词","天地の違い","天壤之别","N1","eggrolls;N1低频;原词性:名;音调:①"
"てっぺん","てっぺん","顶，顶峰","名词","頭のてっぺんから足のつま先まで","从头顶到脚尖","N1","eggrolls;N1低频;原词性:名;音调:③"
"展望","てんぼう","展望；眺望","名词/サ变动词","未来を展望する","展望未来","N1","eggrolls;N1高频;原词性:名・他動3;音调:⓪"
"店頭","てんとう","铺面，门面，门市","名词","商品を店頭に並べる","将商品陈列在店面","N1","eggrolls;N1高频;原词性:名;音调:⓪"
"伝説","でんせつ","传说","名词","伝説上の人物","传说中的人物","N1","eggrolls;N1低频;原词性:名;音调:⓪"
"田園","でんえん","田园","名词","田園風景を楽しむ","享受田园风光","N1","eggrolls;N1低频;原词性:名;音调:⓪"
"渡り鳥","わたりどり","候鸟；到处谋生的人","名词","渡り鳥が南へ飛ぶ","候鸟飞往南方","N1","eggrolls;N1低频;原词性:名;音调:③"
"途切れる","とぎれる","间断，中断","动词/自动词/一段动词","連絡が途切れる","联系中断","N1","eggrolls;N1低频;原词性:自動2;音调:③"
"土砂","どしゃ","砂土","名词","土砂崩れ","泥石流","N1","eggrolls;N1低频;原词性:名;音调:①"
"投じる","とうじる","投；献身；投入","动词/自他动词/一段动词","第一球を投じる","投出第一球","N1","eggrolls;N1低频;原词性:自他動2;音调:⓪③"
"投資","とうし","投资","名词/サ变动词","事業に投資する","对项目进行投资","N1","eggrolls;N1高频;原词性:名・自他動3;音调:⓪①"
"投入","とうにゅう","投入","名词/サ变动词","火の中に投入する","投入火中","N1","eggrolls;N1中频;原词性:名・他動3;音调:⓪"
"搭乗","とうじょう","搭乘","名词/サ变动词","飛行機に搭乗する","搭乘飞机","N1","eggrolls;N1中频;原词性:名・自動3;音调:⓪"
"盗み","ぬすみ","偷盗，盗窃","名词","夜に盗みを働く","夜间进行偷窃","N1","eggrolls;N1中频;原词性:名;音调:③"
"当人","とうにん","当事人，本人","名词","当人の意向を打診する","打探当事人的想法","N1","eggrolls;N1低频;原词性:名;音调:①"
"当選","とうせん","当选；中彩","名词/サ变动词","国会議員に当選する","当选为国会议员","N1","eggrolls;N1中频;原词性:名・自動3;音调:⓪"
"当面","とうめん","当前；面临","副词/名词/サ变动词","当面の急務","当务之急","N1","eggrolls;N1高频;原词性:副・名・自動3;音调:⓪"
"統合","とうごう","统一，合并","名词/サ变动词","2つの学校を統合する","把两所学校合并","N1","eggrolls;N1中频;原词性:名・他動3;音调:⓪"
"統制","とうせい","统制，统管","名词/サ变动词","言論の統制","言论管制","N1","eggrolls;N1低频;原词性:名・他動3;音调:⓪"
"踏まえる","ふまえる","踏，用力踏；根据，立足于","动词/他动词/一段动词","揺れている甲板をしっかり踏まえた","稳稳地踩在摇晃的甲板上","N1","eggrolls;N1高频;原词性:他動2;音调:③②"
"踏み込む","ふみこむ","踏入；陷入；突然闯进；深入","动词/自动词/五段动词","原生林に踏み込む","踏入原始森林","N1","eggrolls;N1高频;原词性:自動1;音调:③"
"踏襲","とうしゅう","继承，沿用","名词/サ变动词","前社長の経営方針を踏襲する","沿袭前任社长的经营方针","N1","eggrolls;N1中频;原词性:名・他動3;音调:⓪"
"逃走","とうそう","逃跑，逃走","名词/サ变动词","犯人が逃走する","犯人逃跑","N1","eggrolls;N1中频;原词性:名・自動3;音调:⓪"
"動向","どうこう","动向","名词","市場の動向を調査する","调查市场动向","N1","eggrolls;N1高频;原词性:名;音调:⓪"
"同志","どうし","同志","名词","同志と共に闘う","与同志并肩作战","N1","eggrolls;N1低频;原词性:名;音调:①"
"同調","どうちょう","与他人态度、意见一致","名词/サ变动词","相手の意見に同調する","赞同对方的意见","N1","eggrolls;N1中频;原词性:名・自動3;音调:⓪"
"堂々","どうどう","（行为举止）大大方方，堂堂正正","な形容词/ト/タル型","堂々とした態度","堂堂正正的态度","N1","eggrolls;N1高频;原词性:形動トタル;音调:③⓪"
"得策","とくさく","好办法，上策","名词","何も言わないほうが得策だ","最好什么也不说","N1","eggrolls;N1高频;原词性:名;音调:⓪"
"特許","とっきょ","专利","名词","特許を獲得する","获得专利","N1","eggrolls;N1低频;原词性:名;音调:①"
"特権","とっけん","特权","名词","特権を持つ","拥有特权","N1","eggrolls;N1中频;原词性:名;音调:⓪"
"特集","とくしゅう","专刊，专集","名词/サ变动词","特集記事","专题报导","N1","eggrolls;N1高频;原词性:名・他動3;音调:⓪"
"独創","どくそう","独创","名词/サ变动词","独創的な発想","独创的构思","N1","eggrolls;N1高频;原词性:名・他動3;音调:⓪"
"突っ張る","つっぱる","支撑；（肌肉）僵硬；固执己见","动词/自他动词/五段动词","棒で壊れかかった塀を突っ張る","用棍子支撑快要倒塌的围墙","N1","eggrolls;N1低频;原词性:自他動1;音调:③"
"突入","とつにゅう","冲进，闯进","名词/サ变动词","敵陣に突入する","冲入敌阵","N1","eggrolls;N1低频;原词性:名・自動3;音调:⓪"
"突破","とっぱ","突破；超过","名词/サ变动词","難関を突破する","突破难关","N1","eggrolls;N1中频;原词性:名・自他動3;音调:⓪①"
"鈍る","にぶる","（刀具等）变钝；（感觉等）变迟钝","动词/自动词/五段动词","小刀の切れ味が鈍る","小刀不快了","N1","eggrolls;N1中频;原词性:自動1;音调:②"
"内心","ないしん","内心，暗地里","名词/副词","内心穏やかでない","内心很不平静","N1","eggrolls;N1中频;原词性:名・副;音调:⓪"
"内訳","うちわけ","明细，细目","名词","出費の内訳","开销的明细","N1","eggrolls;N1中频;原词性:名;音调:⓪"
"内陸","ないりく","内陆","名词","内陸の国","内陆国家","N1","eggrolls;N1低频;原词性:名;音调:⓪"
"肉体","にくたい","肉体","名词","強靱な肉体に鍛える","锻炼坚韧的体魄","N1","eggrolls;N1中频;原词性:名;音调:⓪"
"日焼け","ひやけ","晒黑","名词/サ变动词","真っ黒に日焼けした","晒得黝黑","N1","eggrolls;N1中频;原词性:名・自動3;音调:⓪"
"乳幼児","にゅうようじ","婴幼儿（学龄前孩子的总称）","名词","乳幼児健診","婴幼儿健康检查","N1","eggrolls;N1中频;原词性:名;音调:③"
"如実","にょじつ","如实，原原本本","名词","現実の厳しさを如実に描いている","真实地描绘了现实的残酷","N1","eggrolls;N1低频;原词性:名;音调:⓪"
"任務","にんむ","任务，职责","名词","任務を果たす","完成任务","N1","eggrolls;N1低频;原词性:名;音调:①"
"妊娠","にんしん","怀孕，妊娠","名词/サ变动词","妊娠八週目に入る","进入怀孕第八周","N1","eggrolls;N1低频;原词性:名・自動3;音调:⓪"
"熱意","ねつい","热情，干劲","名词","仕事への熱意","对工作的热情","N1","eggrolls;N1中频;原词性:名;音调:①"
"年長","ねんちょう","年长","名词","三歳年長の人","大我三岁的人","N1","eggrolls;N1中频;原词性:名;音调:⓪"
"念願","ねんがん","愿望，夙愿","名词/サ变动词","念願のマイホームを購入する","买了梦寐以求的房子","N1","eggrolls;N1高频;原词性:名・他動3;音调:⓪③"
"粘り","ねばり","黏性；毅力","名词","このもちは粘りが足りない","这个年糕黏劲不够","N1","eggrolls;N1高频;原词性:名;音调:③"
"粘る","ねばる","发黏；坚持不懈","动词/自动词/五段动词","ガムが粘る","口香糖好黏","N1","eggrolls;N1低频;原词性:自動1;音调:②"
"悩ましい","なやましい","烦恼，恼人；迷人，妖艳","い形容词","悩ましい青春の日々","烦恼的青春时代","N1","eggrolls;N1低频;原词性:イ形;音调:④"
"納入","のうにゅう","缴纳，上缴","名词/サ变动词","会費を納入する","缴会费","N1","eggrolls;N1中频;原词性:名・他動3;音调:⓪"
"脳裏","のうり","心里，脑海里","名词","脳裏に浮かぶ","浮现在脑海","N1","eggrolls;N1中频;原词性:名;音调:①"
"農耕","のうこう","农耕","名词","農耕生活","农耕生活","N1","eggrolls;N1低频;原词性:名;音调:⓪"
"破損","はそん","破损，损坏","名词/サ变动词","台風で家屋が破損する","台风导致房屋破损","N1","eggrolls;N1高频;原词性:名・自他動3;音调:⓪"
"破裂","はれつ","破裂","名词/サ变动词","風船が破裂する","气球爆炸","N1","eggrolls;N1低频;原词性:名・自動3;音调:⓪"
"廃れる","すたれる","（曾经兴盛的事物）过时，衰退","动词/自动词/一段动词","流行語は廃れるのも速い","流行语很快就过时","N1","eggrolls;N1低频;原词性:自動2;音调:⓪③"
"廃棄","はいき","废弃，废除","名词/サ变动词","不要な物を廃棄する","废弃不用之物","N1","eggrolls;N1高频;原词性:名・他動3;音调:①⓪"
"敗北","はいぼく","战败，（比赛）失败","名词/サ变动词","選挙で敗北する","在选举中败北","N1","eggrolls;N1中频;原词性:名・自動3;音调:⓪"
"背後","はいご","背后；背地，幕后","名词","背後から声がする","背后传来声音","N1","eggrolls;N1中频;原词性:名;音调:①"
"配給","はいきゅう","配给，分配（物资）；定量供应","名词/サ变动词","救援物資を配給する","分配救援物资","N1","eggrolls;N1中频;原词性:名・他動3;音调:⓪"
"配偶者","はいぐうしゃ","配偶","名词","配偶者控除","配偶者免税额","N1","eggrolls;N1中频;原词性:名;音调:③"
"配置","はいち","配置，布置，部署","名词/サ变动词","配置転換","岗位调动","N1","eggrolls;N1高频;原词性:名・他動3;音调:⓪①"
"配分","はいぶん","分配","名词/サ变动词","もうけを均等に配分する","将利润平均分配","N1","eggrolls;N1低频;原词性:名・他動3;音调:⓪"
"配列","はいれつ","排列","名词/サ变动词","アルファベット順に配列する","按字母顺序排列","N1","eggrolls;N1低频;原词性:名・他動3;音调:⓪"
"媒介","ばいかい","媒介，传播","サ变动词/名词","ウイルスの媒介となる","成为病毒的媒介","N1","eggrolls;N1中频;原词性:他動3・名;音调:⓪"
"漠然","ばくぜん","含糊，暧昧，模糊","な形容词/ト/タル型","漠然とした印象","模糊的印象","N1","eggrolls;N1高频;原词性:形動トタル;音调:⓪"
"発掘","はっくつ","发掘，挖掘；发现","名词/サ变动词","遺跡の発掘","遗迹的发掘","N1","eggrolls;N1中频;原词性:名・他動3;音调:⓪"
"発足","ほっそく","（组织等）成立，开始活动","名词/サ变动词","新しい協会は10月に発足する","新的协会十月成立","N1","eggrolls;N1高频;原词性:名・自動3;音调:⓪"
"発端","ほったん","发端，起因","名词","事件の発端","事件的起因","N1","eggrolls;N1低频;原词性:名;音调:⓪③"
"発話","はつわ","（语言学）发声，表达","名词/サ变动词","発話行為","言语行为","N1","eggrolls;N1低频;原词性:名・自他動3;音调:⓪"
"伴奏","ばんそう","伴奏","名词/サ变动词","ピアノで伴奏する","用钢琴伴奏","N1","eggrolls;N1低频;原词性:名・自動3;音调:⓪"
"判明","はんめい","判明，弄清楚","名词/サ变动词","事故の原因が判明した","事故原因已查明","N1","eggrolls;N1高频;原词性:名・自動3;音调:⓪"
"半端","はんぱ","零头，尾数；不彻底；无用（的人）","名词/な形容词","半端な数字は切り捨てにする","尾数舍去","N1","eggrolls;N1中频;原词性:名・ナ形;音调:⓪"
"反響","はんきょう","回音；反响","名词/サ变动词","生徒の声が廊下に反響する","学生的声音在走廊回荡","N1","eggrolls;N1高频;原词性:名・自動3;音调:⓪"
"氾濫","はんらん","泛滥","名词/サ变动词","川が氾濫する","河流泛滥","N1","eggrolls;N1中频;原词性:名・自動3;音调:⓪"
"繁盛","はんじょう","繁荣，兴隆","名词/サ变动词","商売繁盛","生意兴隆","N1","eggrolls;N1中频;原词性:名・自動3;音调:①"
"煩わしい","わずらわしい","烦琐的，麻烦的","い形容词","煩わしい手続き","烦琐的手续","N1","eggrolls;N1高频;原词性:イ形;音调:⑤⓪"
"晩年","ばんねん","晚年","名词","幸せな晩年を送る","安享幸福的晚年","N1","eggrolls;N1低频;原词性:名;音调:⓪"
"悲鳴","ひめい","悲鸣；叫苦声","名词","痛くて悲鳴をあげる","痛得叫起来","N1","eggrolls;N1低频;原词性:名;音调:⓪"
"肥料","ひりょう","肥料","名词","肥料を撒く","撒施肥料","N1","eggrolls;N1高频;原词性:名;音调:①"
"飛び交う","とびかう","飞来飞去","动词/自动词/五段动词","空には鳥が飛び交う","空中鸟儿飞来飞去","N1","eggrolls;N1中频;原词性:自動1;音调:③"
"表彰","ひょうしょう","表彰","名词/サ变动词","功績を表彰する","表彰功绩","N1","eggrolls;N1低频;原词性:名・他動3;音调:⓪"
"描写","びょうしゃ","描写，描绘，描述","名词/サ变动词","彼の性格を描写する","描写他的性格","N1","eggrolls;N1高频;原词性:名・他動3;音调:⓪"
"頻繁","ひんぱん","频繁","名词/な形容词","この駐車場は車の出入りが頻繁だ","这个停车场车进进出出很频繁","N1","eggrolls;N1高频;原词性:名・ナ形;音调:⓪"
"不在","ふざい","不在，不在场","名词","彼は不在だ","他不在","N1","eggrolls;N1中频;原词性:名;音调:⓪"
"不審","ふしん","可疑","名词/な形容词","不審な人物","可疑的人","N1","eggrolls;N1低频;原词性:名・ナ形;音调:⓪"
"不当","ふとう","不正当，非法","名词/な形容词","不当な利益","非法的利益","N1","eggrolls;N1高频;原词性:名・ナ形;音调:⓪"
"不備","ふび","不完备","名词/な形容词","法の不備を悪用する","钻法律的空子","N1","eggrolls;N1高频;原词性:名・ナ形;音调:①"
"不服","ふふく","异议，不服","名词/な形容词","不服を唱える","提出异议","N1","eggrolls;N1低频;原词性:名・ナ形;音调:⓪"
"不平等","ふびょうどう","不平等","な形容词/名词","不平等条約","不平等条约","N1","eggrolls;N1中频;原词性:ナ形・名;音调:②"
"富む","とむ","富有；富于","动词/自动词/五段动词","富む国","富裕的国家","N1","eggrolls;N1高频;原词性:自動1;音调:①"
"普遍","ふへん","普遍，一般","名词","普遍の真理","普遍的真理","N1","eggrolls;N1高频;原词性:名;音调:⓪"
"腐敗","ふはい","腐烂；腐败","名词/サ变动词","腐敗しやすい食べ物","易腐的食品","N1","eggrolls;N1低频;原词性:名・自動3;音调:⓪"
"負債","ふさい","负债","名词","負債を抱える","背负债务","N1","eggrolls;N1低频;原词性:名;音调:⓪"
"赴く","おもむく","赴，前往；趋于，倾向","动词/自动词/五段动词","現地に赴く","前往当地","N1","eggrolls;N1低频;原词性:自動1;音调:③"
"赴任","ふにん","赴任","名词/サ变动词","単身赴任","（不带家眷）单身赴任","N1","eggrolls;N1高频;原词性:名・自動3;音调:⓪"
"武家","ぶけ","武士门第；武士","名词","武家屋敷","武士宅第","N1","eggrolls;N1低频;原词性:名;音调:①⓪"
"風物","ふうぶつ","风景，风物","名词","自然の風物に親しむ","欣赏自然风景","N1","eggrolls;N1低频;原词性:名;音调:①"
"復活","ふっかつ","复活；恢复，复兴","名词/サ变动词","キリストの復活","基督的复活","N1","eggrolls;N1高频;原词性:名・自他動3;音调:⓪"
"復興","ふっこう","复兴","名词/サ变动词","日本の戦後復興","日本战后的复兴","N1","eggrolls;N1中频;原词性:名・自他動3;音调:⓪"
"覆す","くつがえす","打翻；推翻","动词/他动词/五段动词","大きな岩を覆す","弄翻大岩石","N1","eggrolls;N1高频;原词性:他動1;音调:③"
"仏像","ぶつぞう","佛像","名词","仏像を彫る","雕刻佛像","N1","eggrolls;N1低频;原词性:名;音调:⓪"
"分業","ぶんぎょう","分工","名词/サ变动词","皆分業して仕事を進める","大家分工来进行工作","N1","eggrolls;N1高频;原词性:名・自他動3;音调:⓪"
"分散","ぶんさん","分散","名词/サ变动词","リスクを分散する","分散风险","N1","eggrolls;N1中频;原词性:名・自他動3;音调:⓪"
"憤る","いきどおる","愤怒，气愤，愤慨","动词/自他动词/五段动词","道徳の退廃を憤る","慨叹道德的沦丧","N1","eggrolls;N1低频;原词性:自他動1;音调:③"
"奮闘","ふんとう","奋战；奋斗","名词/サ变动词","孤軍奮闘","孤军奋战","N1","eggrolls;N1中频;原词性:名・自動3;音调:⓪"
"粉末","ふんまつ","粉末","名词","粉末ジュース","粉末果汁","N1","eggrolls;N1中频;原词性:名;音调:⓪"
"紛れる","まぎれる","混淆；混进；排解郁闷或烦恼","动词/自动词/一段动词","どれがどれだか紛れてしまう","哪个是哪个混淆不清","N1","eggrolls;N1低频;原词性:自動2;音调:③"
"兵士","へいし","士兵，战士","名词","兵士を訓練する","训练士兵","N1","eggrolls;N1低频;原词性:名;音调:①"
"並列","へいれつ","并列，并排；并联","名词/サ变动词","並列行進","并排行进","N1","eggrolls;N1中频;原词性:名・自他動3;音调:⓪"
"偏見","へんけん","偏见","名词","偏見を持つ","有偏见","N1","eggrolls;N1低频;原词性:名;音调:⓪"
"変遷","へんせん","变迁","名词/サ变动词","時代の変遷","时代的变迁","N1","eggrolls;N1中频;原词性:名・自動3;音调:⓪"
"返還","へんかん","归还，退还","名词/サ变动词","領土を返還する","归还领土","N1","eggrolls;N1低频;原词性:名・他動3;音调:⓪"
"返済","へんさい","还钱，偿还","サ变动词/名词","住宅ローンを返済する","偿还房贷","N1","eggrolls;N1低频;原词性:他動3・名;音调:⓪"
"弁解","べんかい","辩解，申辩，辩白","名词/サ变动词","遅刻したことをくどくどと弁解する","喋喋不休地为迟到辩解","N1","eggrolls;N1中频;原词性:名・自他動3;音调:⓪"
"弁償","べんしょう","赔偿","名词/サ变动词","損害を弁償する","赔偿损失","N1","eggrolls;N1中频;原词性:名・他動3;音调:⓪"
"保持","ほじ","保持","サ变动词/名词","世界記録を保持する","保持世界纪录","N1","eggrolls;N1高频;原词性:他動3・名;音调:①"
"保守","ほしゅ","保守；保养","名词/サ变动词","保守と革新の両陣営に分かれる","分成保守和革新两个阵营","N1","eggrolls;N1中频;原词性:名・他動3;音调:①"
"保全","ほぜん","保全","サ变动词/名词","国土を保全する","保全国土","N1","eggrolls;N1低频;原词性:他動3・名;音调:⓪"
"捕獲","ほかく","捕获","名词/サ变动词","魚を捕獲する","捕鱼","N1","eggrolls;N1中频;原词性:名・他動3;音调:⓪"
"補給","ほきゅう","补给","名词/サ变动词","燃料を補給する","供给燃料","N1","eggrolls;N1中频;原词性:名・他動3;音调:⓪"
"補強","ほきょう","加强，强化","名词/サ变动词","堤防を補強する","补强堤防","N1","eggrolls;N1低频;原词性:名・他動3;音调:⓪"
"補充","ほじゅう","补充","名词/サ变动词","欠員を補充する","补充缺额","N1","eggrolls;N1高频;原词性:名・他動3;音调:⓪"
"募る","つのる","（某种感觉）越来越厉害；招募","动词/自他动词/五段动词","不安が募る","越来越不安","N1","eggrolls;N1高频;原词性:自他動1;音调:②"
"慕う","したう","想念；景仰；追随","动词/他动词/五段动词","亡き友人を慕う","怀念故友","N1","eggrolls;N1中频;原词性:他動1;音调:⓪②"
"包括","ほうかつ","包括，总括","サ变动词/名词","包括的に述べる","总结性叙述","N1","eggrolls;N1低频;原词性:他動3・名;音调:⓪"
"報じる","ほうじる","报答；报道","动词/自他动词/一段动词","先生のご恩に報じる","报答老师的恩情","N1","eggrolls;N1低频;原词性:自他動2;音调:⓪③"
"報酬","ほうしゅう","报酬","名词","労働に対する報酬","劳动报酬","N1","eggrolls;N1中频;原词性:名;音调:⓪"
"宝庫","ほうこ","宝库","名词","知識の宝庫","知识的宝库","N1","eggrolls;N1中频;原词性:名;音调:①"
"崩壊","ほうかい","崩溃，垮台","名词/サ变动词","バブルが崩壊する","泡沫破裂","N1","eggrolls;N1低频;原词性:名・自動3;音调:⓪"
"捧げる","ささげる","捧举；献上；献出","动词/他动词/一段动词","賞状を捧げて礼をする","手捧奖状行礼致敬","N1","eggrolls;N1低频;原词性:他動2;音调:⓪"
"放射","ほうしゃ","放射","名词/サ变动词","熱を四方に放射する","向四周辐射热量","N1","eggrolls;N1低频;原词性:名・自他動3;音调:⓪"
"放出","ほうしゅつ","放出，喷出；发放，投放","名词/サ变动词","エネルギーを放出する","放出能量","N1","eggrolls;N1低频;原词性:名・自他動3;音调:⓪"
"放置","ほうち","搁置，置之不理","名词/サ变动词","怪我人を放置する","对受伤的人置之不管","N1","eggrolls;N1高频;原词性:名・他動3;音调:⓪①"
"方策","ほうさく","方法，策略","名词","方策を巡らす","出谋划策","N1","eggrolls;N1高频;原词性:名;音调:⓪"
"飽和","ほうわ","饱和，极限","名词/サ变动词","飽和状態","饱和状态","N1","eggrolls;N1低频;原词性:名・自動3;音调:⓪"
"傍ら","かたわら","旁边；……的同时","名词/副词","道の傍らに咲く花","在路边开的花","N1","eggrolls;N1高频;原词性:名・副;音调:⓪④"
"妨害","ぼうがい","妨碍","名词/サ变动词","営業を妨害する","妨碍营业","N1","eggrolls;N1中频;原词性:名・他動3;音调:⓪"
"暴露","ばくろ","暴露，揭露，败露","名词/サ变动词","秘密を暴露する","泄露秘密","N1","eggrolls;N1中频;原词性:名・自他動3;音调:①⓪"
"冒頭","ぼうとう","开头","名词","冒頭に結論を述べる","在开头陈述结论","N1","eggrolls;N1中频;原词性:名;音调:⓪"
"防衛","ぼうえい","防卫，捍卫","名词/サ变动词","国を防衛する","保卫国家","N1","eggrolls;N1低频;原词性:名・他動3;音调:⓪"
"没頭","ぼっとう","埋头，专心致志","名词/サ变动词","勉強に没頭する","埋头读书","N1","eggrolls;N1中频;原词性:名・自動3;音调:⓪"
"本筋","ほんすじ","主要情节；本题","名词","話を本筋に戻す","言归正传","N1","eggrolls;N1中频;原词性:名;音调:⓪"
"本場","ほんば","原产地，发源地，正宗","名词","本場の味","正宗的味道","N1","eggrolls;N1低频;原词性:名;音调:⓪"
"埋蔵","まいぞう","埋藏；蕴藏","名词/サ变动词","地下に埋蔵されていた財宝が掘り出された","埋藏在地下的财宝被挖掘出来了","N1","eggrolls;N1中频;原词性:名・他動3;音调:⓪"
"末期","まっき","末期，晚期","名词","末期癌","癌症晚期","N1","eggrolls;N1低频;原词性:名;音调:①"
"慢性","まんせい","慢性","名词","急性肝炎が慢性の肝臓病になる","急性肝炎变成了慢性肝病","N1","eggrolls;N1低频;原词性:名;音调:⓪"
"満喫","まんきつ","吃饱喝足；充分享受","名词/サ变动词","山海の珍味を満喫する","饱尝山珍海味","N1","eggrolls;N1高频;原词性:名・他動3;音调:⓪"
"味覚","みかく","味觉","名词","味覚が鈍る","味觉变迟钝","N1","eggrolls;N1中频;原词性:名;音调:⓪"
"未熟","みじゅく","未熟；不成熟","名词/な形容词","未熟なウメ","未熟的梅子","N1","eggrolls;N1高频;原词性:名・ナ形;音调:⓪"
"未知","みち","未知","名词","未知の世界","未知的世界","N1","eggrolls;N1中频;原词性:名;音调:①"
"密集","みっしゅう","密集","名词/サ变动词","ビルが密集する","高楼密集","N1","eggrolls;N1中频;原词性:名・自動3;音调:⓪"
"密度","みつど","密度；内容充实度","名词","人口密度が高い","人口密度高","N1","eggrolls;N1低频;原词性:名;音调:①"
"民衆","みんしゅう","民众，群众","名词","民衆の声を聞く","倾听民众的声音；听取群众的意见","N1","eggrolls;N1低频;原词性:名;音调:⓪"
"無闇","むやみ","胡乱；过分","な形容词","無闇に信じる","随便相信","N1","eggrolls;N1中频;原词性:ナ形;音调:①"
"無知","むち","一无所知；无知，愚蠢","名词/な形容词","法律には無知だ","对法律一无所知","N1","eggrolls;N1高频;原词性:名・ナ形;音调:①"
"無念","むねん","（佛教）万念俱空；遗憾","名词/な形容词","無念に思う","感到遗憾","N1","eggrolls;N1低频;原词性:名・ナ形;音调:①"
"無能","むのう","无能","名词/な形容词","警察の無能を批判する","指责警察的无能","N1","eggrolls;N1低频;原词性:名・ナ形;音调:⓪"
"むろん","むろん","不用说，当然","副词","生産はむろん、設計もできます","生产自不必说，设计也可以做","N1","eggrolls;N1中频;原词性:副;音调:⓪"
"名称","めいしょう","（事物的）名称","名词","新製品の名称","新产品的名称","N1","eggrolls;N1中频;原词性:名;音调:⓪"
"名誉","めいよ","名誉，荣誉","名词/な形容词","名誉を重んずる","重视名誉","N1","eggrolls;N1中频;原词性:名・ナ形;音调:①"
"明暗","めいあん","（人生的）明暗，幸福与不幸；（颜色的）浓淡","名词","人生の明暗","人生的明暗","N1","eggrolls;N1中频;原词性:名;音调:⓪"
"明白","めいはく","明显，确凿","名词/な形容词","明白な事実","确凿的事实","N1","eggrolls;N1低频;原词性:名・ナ形;音调:⓪"
"滅びる","ほろびる","消亡，灭亡，灭绝","动词/自动词/一段动词","国が滅びる","国家灭亡","N1","eggrolls;N1高频;原词性:自動2;音调:③⓪"
"滅ぼす","ほろぼす","毁灭；使……灭亡","动词/他动词/五段动词","国を滅ぼす","亡国","N1","eggrolls;N1中频;原词性:他動1;音调:③⓪"
"滅亡","めつぼう","灭亡","名词/サ变动词","文明が滅亡する","文明灭亡","N1","eggrolls;N1低频;原词性:名・自動3;音调:⓪"
"免除","めんじょ","免除，豁免","名词/サ变动词","税金を免除する","免税","N1","eggrolls;N1中频;原词性:名・他動3;音调:①"
"面会","めんかい","见面，会面","名词/サ变动词","受刑者と面会する","会见囚犯","N1","eggrolls;N1低频;原词性:名・自動3;音调:⓪"
"模擬","もぎ","模拟","サ变动词/名词","模擬試験を受ける","参加模拟考试","N1","eggrolls;N1低频;原词性:他動3・名;音调:①"
"模倣","もほう","模仿","名词/サ变动词","模倣がうまい","善于模仿","N1","eggrolls;N1高频;原词性:名・他動3;音调:⓪"
"猛烈","もうれつ","猛烈，激烈","な形容词/名词","猛烈な競争","激烈的竞争","N1","eggrolls;N1中频;原词性:ナ形・名;音调:⓪"
"目覚ましい","めざましい","惊人的，异常显著的","い形容词","目覚しい発展を遂げる","取得惊人的发展","N1","eggrolls;N1中频;原词性:イ形;音调:④"
"野心","やしん","野心，抱负","名词","野心に燃える","充满抱负","N1","eggrolls;N1低频;原词性:名;音调:①⓪"
"優位","ゆうい","优势，优越地位","名词/な形容词","優位に立つ","占优势","N1","eggrolls;N1中频;原词性:名・ナ形;音调:①"
"優勢","ゆうせい","优势","名词/な形容词","最後まで優勢を保ち、他の追随を許さない","直到最后都保持优势，不容他人追赶","N1","eggrolls;N1低频;原词性:名・ナ形;音调:⓪"
"優美","ゆうび","优美","名词/な形容词","優美な動作","优美的动作","N1","eggrolls;N1低频;原词性:名・ナ形;音调:①"
"勇敢","ゆうかん","勇敢","名词/な形容词","勇敢な行動","勇敢的行动","N1","eggrolls;N1低频;原词性:名・ナ形;音调:⓪"
"有益","ゆうえき","有益，有意义","名词/な形容词","休みを有益に使いたい","想度过有意义的假期","N1","eggrolls;N1高频;原词性:名・ナ形;音调:⓪"
"有数","ゆうすう","屈指可数","名词/な形容词","日本有数の観光スポット","日本屈指可数的旅游景点","N1","eggrolls;N1中频;原词性:名・ナ形;音调:⓪"
"誘導","ゆうどう","引导，诱导","名词/サ变动词","質問で話を誘導する","通过提问引导对话","N1","eggrolls;N1中频;原词性:名・他動3;音调:⓪"
"融合","ゆうごう","融合","名词/サ变动词","東西文化の融合を図る","促进东西方文化融合","N1","eggrolls;N1低频;原词性:名・自動3;音调:⓪"
"融資","ゆうし","融资，贷款","名词/サ变动词","銀行から融資を受ける","从银行获得贷款","N1","eggrolls;N1中频;原词性:名・自他動3;音调:①⓪"
"融通","ゆうずう","借贷；随机应变","名词/サ变动词","金を融通する","资金周转","N1","eggrolls;N1中频;原词性:名・他動3;音调:⓪"
"予言","よげん","预言","名词/サ变动词","彼女は未来を予言できると言われている","传说她能预言未来","N1","eggrolls;N1中频;原词性:名・他動3;音调:⓪"
"余地","よち","余地","名词","交渉にはもう余地がない","谈判已经没有余地了","N1","eggrolls;N1高频;原词性:名;音调:①"
"揺さぶる","ゆさぶる","大幅摇动，摇晃；震惊，使……动摇","动词/他动词/五段动词","揺さぶって目を覚まさせる","摇醒","N1","eggrolls;N1中频;原词性:他動1;音调:⓪"
"揺らぐ","ゆらぐ","摇动，摇晃；摇摇欲坠，岌岌可危","动词/自动词/五段动词","地震で家が揺らぐ","房子因地震而摇晃","N1","eggrolls;N1中频;原词性:自動1;音调:②⓪"
"様相","ようそう","（事物的）状态，样子，姿态","名词","紛争は長期化の様相を呈する","纷争呈现长期化的状况","N1","eggrolls;N1低频;原词性:名;音调:⓪"
"要請","ようせい","请求，要求","名词/サ变动词","国際社会に支援を要請する","向国际社会请求援助","N1","eggrolls;N1高频;原词性:名・他動3;音调:⓪"
"抑圧","よくあつ","压迫，压制（行动、欲望等）","名词/サ变动词","抑圧された感情","被压抑的情感","N1","eggrolls;N1低频;原词性:名・他動3;音调:⓪"
"抑制","よくせい","抑制，制止","名词/サ变动词","病状の悪化を抑制する","抑制病情的恶化","N1","eggrolls;N1高频;原词性:名・他動3;音调:⓪"
"来訪","らいほう","来访","名词/サ变动词","外国から知人が来訪した","有外国友人来访","N1","eggrolls;N1低频;原词性:名・自動3;音调:⓪"
"落下","らっか","落下，掉下","名词/サ变动词","コンクリートの破片が落下する","混凝土碎片落下来","N1","eggrolls;N1低频;原词性:名・自動3;音调:⓪①"
"酪農","らくのう","乳畜业","名词","酪農製品","乳制品","N1","eggrolls;N1中频;原词性:名;音调:⓪"
"理屈っぽい","りくつっぽい","好讲理的，爱诡辩的","い形容词","理屈っぽいから嫌われる","因为爱死讲道理所以惹人嫌","N1","eggrolls;N1低频;原词性:イ形;音调:⑤"
"率いる","ひきいる","带领；率领","动词/他动词/一段动词","部下を率いる","带领部下","N1","eggrolls;N1中频;原词性:他動2;音调:③"
"立ち会う","たちあう","见证，在场","动词/自动词/五段动词","出産に立ち会う","见证孩子的出生","N1","eggrolls;N1低频;原词性:自動1;音调:③⓪"
"流暢","りゅうちょう","流畅，流利","な形容词/名词","日本語を流暢に話す","流利地说日语","N1","eggrolls;N1低频;原词性:ナ形・名;音调:①"
"流通","りゅうつう","流通","名词/サ变动词","空気の流通をよくする","让空气流通","N1","eggrolls;N1高频;原词性:名・自動3;音调:⓪"
"両極","りょうきょく","两极，两端；南北极；阴阳极","名词","意見が賛成と反対の両極に分かれている","赞成和反对的意见两极分化","N1","eggrolls;N1低频;原词性:名;音调:⓪"
"良心","りょうしん","良心","名词","良心が咎める","良心受到谴责","N1","eggrolls;N1中频;原词性:名;音调:①"
"例年","れいねん","往年","名词","例年と比べて暖かい","与往年相比温暖","N1","eggrolls;N1高频;原词性:名;音调:⓪"
"冷やかす","ひやかす","戏弄；逛（只看而不买）","动词/他动词/五段动词","人を冷やかす","戏弄人","N1","eggrolls;N1低频;原词性:他動1;音调:③"
"冷淡","れいたん","冷漠，不关心","名词/な形容词","個人の名利に冷淡な人","对名利淡泊的人","N1","eggrolls;N1低频;原词性:名・ナ形;音调:③"
"励む","はげむ","勤奋，努力","动词/自动词/五段动词","日夜研究に励む","夜以继日地努力研究","N1","eggrolls;N1高频;原词性:自動1;音调:②"
"連なる","つらなる","连绵，绵延；关系到；参加","动词/自动词/五段动词","山脈が東西に連なる","山脉绵亘东西","N1","eggrolls;N1低频;原词性:自動1;音调:③"
"連鎖","れんさ","连锁","名词/サ变动词","連鎖倒産","连锁倒闭","N1","eggrolls;N1高频;原词性:名・自動3;音调:①"
"連帯","れんたい","团结，联合，协作；连带","名词/サ变动词","経済的連帯","经济上的协力合作","N1","eggrolls;N1中频;原词性:名・自動3;音调:⓪"
"連中","れんちゅう","伙伴，同伙","名词","仲良し連中","要好的伙伴","N1","eggrolls;N1低频;原词性:名;音调:⓪"
"露骨","ろこつ","露骨，直率；毫不留情","名词/な形容词","露骨な表現","露骨的表达方式","N1","eggrolls;N1低频;原词性:名・ナ形;音调:⓪"
"労力","ろうりょく","劳力；劳动力","名词","労力を費やす","费力","N1","eggrolls;N1中频;原词性:名;音调:①"
"朗報","ろうほう","好消息，喜讯","名词","朗報が舞い込む","传来好消息","N1","eggrolls;N1低频;原词性:名;音调:⓪"
"老いる","おいる","上年纪，衰老","动词/自动词/一段动词","2、3年会わないうちに彼もずいぶん老いた","二、三年没见，他也老得厉害了","N1","eggrolls;N1低频;原词性:自動2;音调:②"
"論証","ろんしょう","论证","サ变动词/名词","理論を論証する","论证理论","N1","eggrolls;N1低频;原词性:他動3・名;音调:⓪"
"和らげる","やわらげる","使缓和，使柔和；使语言或文章更容易理解","动词/他动词/一段动词","痛みを和らげる","缓解疼痛","N1","eggrolls;N1中频;原词性:他動2;音调:④"
"賄う","まかなう","供给（饭食）；设法应付，勉强凑合","动词/他动词/五段动词","寮の食事を賄う","负责学生宿舍的供食","N1","eggrolls;N1中频;原词性:他動1;音调:③"
"惑う","まどう","茫然，困惑；迷恋，沉溺","动词/自动词/五段动词","行くべきかどうか惑う","犹豫着该不该去","N1","eggrolls;N1低频;原词性:自動1;音调:②"
"惑星","わくせい","行星；黑马，明日之星","名词","土星は美しい輪を持つ惑星だ","土星是拥有美丽环带的行星","N1","eggrolls;N1低频;原词性:名;音调:⓪"
"腕前","うでまえ","本事，才能","名词","腕前を披露する","露一手","N1","eggrolls;N1高频;原词性:名;音调:⓪③"
"がらみ","がらみ","与……有密切关联；包括……在内；接近","接尾词","汚職がらみの事件","涉嫌贪污的事件","N1","eggrolls;N1低频;原词性:接尾"
"ぐるみ","ぐるみ","包括……在内，全部","接尾词","家族ぐるみの付き合い","整个家庭的交往","N1","eggrolls;N1低频;原词性:接尾"
"ずくめ","ずくめ","尽是……，清一色……","接尾词","黒ずくめの服装","一身黑的服装","N1","eggrolls;N1低频;原词性:接尾"
"まみれ","まみれ","沾满……","接尾词","血まみれ","沾满血","N1","eggrolls;N1低频;原词性:接尾"
"越し","ごし","隔着……；某一期间一直……","接尾词","ガラス越しに話をする","隔着玻璃窗说话","N1","eggrolls;N1低频;原词性:接尾"
"圏","けん","……圈，范围","造语成分","英語圏","说英语的国家","N1","eggrolls;N1低频;原词性:造"
"陣","じん","……阵容","名词/造语成分","報道陣","报道阵容","N1","eggrolls;N1低频;原词性:名・造"
"ばる","ばる","拘泥于……","接尾词","形式ばる","拘泥于形式","N1","eggrolls;N1低频;原词性:接尾"
"派","は","……派","名词/造语成分","改革派","改革派","N1","eggrolls;N1高频;原词性:名・造"
"味","み","表示药品或食材的种类","造语成分","五味唐辛子","五味辣椒粉","N1","eggrolls;N1低频;原词性:造"
"身だしなみ","みだしなみ","（服装、言谈举止、态度、姿态等）注意仪表；修养艺术","名词","身だしなみに注意する","注意仪容","N1","eggrolls;N1低频;原词性:名;音调:⓪"
"愛嬌","あいきょう","可爱之处，魅力；好感，亲切","名词","愛嬌のある娘","妩媚可爱的女孩子","N1","eggrolls;N1中频;原词性:名;音调:③"
"相まって","あいまって","相辅相成，相互作用","连语","努力と才能が相まって今日の成功を見た","努力和才能相得益彰，才成就了今天的成功","N1","eggrolls;N1中频;原词性:連語;音调:①"
"顕わ","あらわ","显露，表露；公然，公开；露骨，显然","な形容词","顕わな肌を見せる","露出肉体","N1","eggrolls;N1低频;原词性:ナ形;音调:①⓪"
"ありきたり","ありきたり","一般，寻常，老一套的","名词/な形容词","ありきたりの考え","普通的想法；并不出色的想法","N1","eggrolls;N1高频;原词性:名・ナ形;音调:⓪"
"ありとあらゆる","ありとあらゆる","所有的","连体词","ありとあらゆる手段を尽す","用尽所有的办法","N1","eggrolls;N1低频;原词性:連体;音调:①+③"
"在り方","ありかた","应有的状态，理想的状态","名词","学問の在り方を問う","探究做学问应有的状态","N1","eggrolls;N1高频;原词性:名;音调:③④"
"いかなる","いかなる","如何的，怎样的","连体词","いかなる困難にも負けない","不管是什么样的困难，都不屈服","N1","eggrolls;N1低频;原词性:連体;音调:②"
"いたたまれない","いたたまれない","简直待不下去，如坐针毡","连语","いたたまれなくなって席を立つ","如坐针毡，便起身离席","N1","eggrolls;N1低频;原词性:連語;音调:⑤⓪"
"インスピレーション","インスピレーション","灵感","名词","インスピレーションがわく","灵感涌现","N1","eggrolls;N1低频;原词性:名;音调:⑤;カタカナ語"
"うずうず","うずうず","（因为想做）跃跃欲试，坐不住","副词/サ变动词","腕がうずうずしている","跃跃欲试","N1","eggrolls;N1低频;原词性:副・自動3;音调:①;オノマトペ"
"うなだれる","うなだれる","（因悲观、失望、担心、羞耻等）垂头丧气","动词/自动词/一段动词","再度の失敗にうなだれる","因再次失败而垂头丧气","N1","eggrolls;N1中频;原词性:自動2;音调:④⓪"
"鵜呑み","うのみ","囫囵吞枣","名词","宣伝文句を鵜吞みにする","盲信广告的宣传","N1","eggrolls;N1低频;原词性:名;音调:③⓪"
"うろたえる","うろたえる","惊慌失措，狼狈","动词/自动词/一段动词","突然の出来事にうろたえる","因突发事件而惊慌失措","N1","eggrolls;N1中频;原词性:自動2;音调:④③⓪"
"エッセー","エッセー","随笔","名词","随筆","随笔","N1","eggrolls;N1高频;原词性:名;音调:①;カタカナ語"
"エピソード","エピソード","插曲；插话；逸事","名词","国際関係にまつわるエピソード","和国际关系有关的逸闻","N1","eggrolls;N1中频;原词性:名;音调:①③;カタカナ語"
"エリート","エリート","精英","名词","エリート意識","精英意识","N1","eggrolls;N1低频;原词性:名;音调:②;カタカナ語"
"エントリー","エントリー","报名（参加运动会等）","名词/サ变动词","市民マラソン大会にエントリーする","报名参加了市民马拉松大赛","N1","eggrolls;N1低频;原词性:名・自動3;音调:①;カタカナ語"
"幼なじみ","おさななじみ","青梅竹马之交；发小","名词","あの二人は幼なじみだ","他们俩是青梅竹马之交；他们俩是发小","N1","eggrolls;N1低频;原词性:名;音调:④"
"億劫","おっくう","嫌麻烦，懒得","な形容词","出かけるのが億劫で、一日中家でごろごろした","因为懒得出去，一整天都在家待着","N1","eggrolls;N1中频;原词性:ナ形;音调:③"
"自ずと","おのずと","自然而然地","副词","何度も読めば、自ずと意味がわかる","多读几遍，自然就明白了其中的意思","N1","eggrolls;N1低频;原词性:副;音调:⓪"
"おぼろげ","おぼろげ","模糊，朦胧","な形容词","おぼろげな記憶","模糊的记忆","N1","eggrolls;N1中频;原词性:ナ形;音调:⓪"
"おろか","おろか","（「AはおろかB…」の形で）不用说","な形容词/副词","1000円はおろか10円も持ち合わせがない","别说一千日元，就是十日元也没带","N1","eggrolls;N1中频;原词性:ナ形・副;音调:①"
"がさがさ","がさがさ","（干燥的物体接触时的）沙沙声；粗野的（人）；干燥的","副词/サ变动词/な形容词","草の中で何かがさがさ音がする","草里有什么东西发出沙沙的响声","N1","eggrolls;N1低频;原词性:副・自動3・ナ形;音调:①⓪;オノマトペ"
"かたくな","かたくな","顽固，固执","な形容词","かたくなに拒む","固执地拒绝","N1","eggrolls;N1中频;原词性:ナ形;音调:⓪"
"がみがみ","がみがみ","唠叨","副词","よくがみがみ文句を言う","经常唠唠叨叨地发牢骚","N1","eggrolls;N1低频;原词性:副;音调:①;オノマトペ"
"がやがや","がやがや","（很多人）大声喧哗","副词/サ变动词","会場はがやがやしていた","会场吵吵闹闹的","N1","eggrolls;N1低频;原词性:副・自動3;音调:①;オノマトペ"
"からっと","からっと","晴朗；松脆；（性格）爽朗","副词/サ变动词","からっと晴れわたる空","晴朗的天空","N1","eggrolls;N1低频;原词性:副・自動3;音调:②;オノマトペ"
"キープ","キープ","保持，保留","サ变动词/名词","いい席をキープする","占个好座位","N1","eggrolls;N1中频;原词性:他動3・名;音调:①;カタカナ語"
"キャリア","キャリア","履历，经验；职业生涯","名词","長いキャリアをもつ画家","经验丰富的画家","N1","eggrolls;N1高频;原词性:名;音调:①;カタカナ語"
"クーポン","クーポン","联票；优惠券","名词","クーポン付きの広告","带有优惠券的广告","N1","eggrolls;N1中频;原词性:名;音调:①;カタカナ語"
"クール","クール","凉快；冷静","な形容词","クールなタッチ","手感凉爽","N1","eggrolls;N1高频;原词性:ナ形;音调:①;カタカナ語"
"くじく","くじく","扭；挫败","动词/他动词/五段动词","転んで足をくじく","摔倒扭伤脚","N1","eggrolls;N1低频;原词性:他動1;音调:②"
"くしゃくしゃ","くしゃくしゃ","［ナ形］皱巴巴⓪；［ナ形］乱蓬蓬⓪；［副・自動3］心情郁闷①②","副词/サ变动词/な形容词","紙をくしゃくしゃに丸める","把纸揉成一团","N1","eggrolls;N1低频;原词性:副・自動3・ナ形;音调:⓪①②;オノマトペ"
"くまなく","くまなく","到处，不留死角地；晴朗无云","副词","部屋をくまなく探した","把房间彻底找了个遍","N1","eggrolls;N1低频;原词性:副;音调:②③"
"グローバル","グローバル","全球的，全世界的","な形容词","グローバルな視点","全球性的视点","N1","eggrolls;N1高频;原词性:ナ形;音调:②;カタカナ語"
"コーディネート","コーディネート","搭配，组合","サ变动词/名词","ファッションコーディネート","服饰搭配","N1","eggrolls;N1中频;原词性:他動3・名;音调:④;カタカナ語"
"こまめ","こまめ","勤快地，经常","な形容词","こまめにチェックする","经常检查","N1","eggrolls;N1低频;原词性:ナ形;音调:①"
"コンマ","コンマ","逗号；小数点","名词","コンマを打つ","点逗号","N1","eggrolls;N1中频;原词性:名;音调:①;カタカナ語"
"サーフィン","サーフィン","冲浪","名词","サーフィン繋がりの友だち","因冲浪而结识的朋友","N1","eggrolls;N1中频;原词性:名;音调:①;カタカナ語"
"さらけ出す","さらけだす","暴露出，揭露","动词/他动词/五段动词","秘密を全部さらけ出す","把所有秘密都揭露出来","N1","eggrolls;N1低频;原词性:他動1;音调:④"
"さわさわ","さわさわ","（轻触薄物时发出的声音）沙沙声","副词","秋風がさわさわと吹く","秋风瑟瑟","N1","eggrolls;N1低频;原词性:副;音调:①;オノマトペ"
"しがみつく","しがみつく","紧紧抱住；抓住不放手","动词/自动词/五段动词","溺れそうになって木切れにしがみつく","眼看要下沉，于是紧紧抓住了木头","N1","eggrolls;N1中频;原词性:自動1;音调:④"
"しとやか","しとやか","端庄，文静","な形容词","しとやかに振る舞う","举止端庄","N1","eggrolls;N1中频;原词性:ナ形;音调:②"
"ジャーナリスト","ジャーナリスト","新闻工作者","名词","私はジャーナリスト志望です","我想当一名新闻工作者","N1","eggrolls;N1低频;原词性:名;音调:④;カタカナ語"
"ジャーナリズム","ジャーナリズム","新闻界","名词","卒業してジャーナリズムの社会に入る","毕业后进入新闻界","N1","eggrolls;N1低频;原词性:名;音调:④;カタカナ語"
"ジレンマ","ジレンマ","困境，进退维谷","名词","ジレンマに陥る","陷入进退两难的困境","N1","eggrolls;N1中频;原词性:名;音调:②;カタカナ語"
"しんなり","しんなり","变软，蔫","副词/サ变动词","キャベツをゆでてしんなりさせる","将卷心菜煮软","N1","eggrolls;N1低频;原词性:副・自動3;音调:③;オノマトペ"
"スクーター","スクーター","小型摩托车","名词","スクーターに乗る","骑小摩托车","N1","eggrolls;N1低频;原词性:名;音调:②⓪;カタカナ語"
"スケール","スケール","比例尺；规模；（人的）度量","名词","スケールが大きい","规模很大","N1","eggrolls;N1中频;原词性:名;音调:②;カタカナ語"
"ずけずけ","ずけずけ","直言不讳，毫不客气地说","副词","ずけずけものを言う人","心直口快的人","N1","eggrolls;N1低频;原词性:副;音调:①;オノマトペ"
"すこぶる","すこぶる","颇，非常","副词","すこぶる気に入っている","非常喜欢","N1","eggrolls;N1低频;原词性:副;音调:③②"
"すさまじい","すさまじい","猛烈，厉害；可怕，惊人","い形容词","すさまじい音を立てる","发出巨响","N1","eggrolls;N1中频;原词性:イ形;音调:④"
"ステータス","ステータス","社会地位，身份","名词","ステータスシンボル","社会地位的象征","N1","eggrolls;N1中频;原词性:名;音调:②;カタカナ語"
"ストック","ストック","库存","名词","倉庫のストックが少なくなった","仓库的库存变少了","N1","eggrolls;N1中频;原词性:名;音调:②;カタカナ語"
"すねる","すねる","闹别扭，乖戾，任性撒泼","动词/自动词/一段动词","子どもがすねて泣き出す","孩子闹别扭哭了起来","N1","eggrolls;N1低频;原词性:自動2;音调:②"
"ずぶぬれ","ずぶぬれ","全身湿透","名词","雨に降られ、ずぶぬれになる","被雨淋得浑身湿透","N1","eggrolls;N1低频;原词性:名;音调:⓪"
"スポット","スポット","场所，地点","名词","グルメスポット","美食街","N1","eggrolls;N1高频;原词性:名;音调:②;カタカナ語"
"スポンサー","スポンサー","赞助商","名词","スポンサー探しがたいへんだ","找赞助商很难","N1","eggrolls;N1低频;原词性:名;音调:②⓪;カタカナ語"
"ずれ","ずれ","偏差；分歧","名词","時間のずれ","时间上的偏差，时间差","N1","eggrolls;N1高频;原词性:名;音调:②"
"スローガン","スローガン","标语，口号","名词","言論自由というスローガンを掲げる","打着言论自由的口号","N1","eggrolls;N1低频;原词性:名;音调:②;カタカナ語"
"セールスマン","セールスマン","推销员","名词","彼女はやっとの思いでしつこいセールスマンを立ち退かせた","她好容易才把讨厌的推销员打发走了","N1","eggrolls;N1低频;原词性:名;音调:④;カタカナ語"
"セルフ","セルフ","自己","接头词","セルフサービス","自己服务，自助","N1","eggrolls;N1低频;原词性:接頭;音调:①;カタカナ語"
"そぎ落とす","そぎおとす","削减（不要的部分）","动词/他动词/五段动词","不要な部分をそぎ落とす","削去不需要的部分","N1","eggrolls;N1中频;原词性:他動1;音调:④⓪"
"そそる","そそる","引起，激起（某种感情等）","动词/他动词/五段动词","食欲をそそる","引起食欲","N1","eggrolls;N1中频;原词性:他動1;音调:⓪②"
"そっちのけ","そっちのけ","不管不顾；优秀，出色","名词","ゲームに夢中で宿題がそっちのけになる","沉迷于游戏，把作业丢在一边","N1","eggrolls;N1中频;原词性:名;音调:⓪"
"ターミナル","ターミナル","终点站；机场大楼","名词","バスターミナル","公交车终点站","N1","eggrolls;N1低频;原词性:名;音调:①;カタカナ語"
"タフ","タフ","顽强","な形容词","まったくタフな男だ","真是个硬汉子","N1","eggrolls;N1低频;原词性:ナ形;音调:①;カタカナ語"
"ためらう","ためらう","犹豫，踌躇","动词/自他动词/五段动词","返事をためらう","犹豫答复","N1","eggrolls;N1中频;原词性:自他動1;音调:③"
"だらだら","だらだら","（液体）往下直流；冗长；倾斜度小而长；散漫","副词/サ变动词","汗がだらだらと流れる","汗不停地往下淌","N1","eggrolls;N1低频;原词性:副・自動3;音调:①;オノマトペ"
"たわいない","たわいない","不省人事；轻易；不足道；天真","い形容词","たわいなく眠っている","酣睡","N1","eggrolls;N1低频;原词性:イ形;音调:④"
"タンク","タンク","罐；坦克","名词","ガスタンク","储气罐，气罐","N1","eggrolls;N1低频;原词性:名;音调:①;カタカナ語"
"チャーミング","チャーミング","有魅力，迷人","な形容词","チャーミングな笑顔","迷人的笑容","N1","eggrolls;N1低频;原词性:ナ形;音调:①;カタカナ語"
"てこ入れ","てこいれ","操盘，干预行情；援助","名词/サ变动词","大量に売りに出ててこ入れする","大量抛售维持行情","N1","eggrolls;N1低频;原词性:名・自動3;音调:④⓪"
"デビュー","デビュー","初次登台，初出茅庐","名词/サ变动词","デビュー作","处女作，成名作","N1","eggrolls;N1中频;原词性:名・自動3;音调:①;カタカナ語"
"デマ","デマ","诽谤，谣言","名词","デマを流す","散布谣言","N1","eggrolls;N1低频;原词性:名;音调:①;カタカナ語"
"どっさり","どっさり","数量多；（重物掉落）咚地一声","副词","本がどっさりと積まれている","书堆积如山","N1","eggrolls;N1低频;原词性:副;音调:③;オノマトペ"
"トピック","トピック","话题，主题","名词","今週のトピック","本周的话题","N1","eggrolls;N1中频;原词性:名;音调:①②;カタカナ語"
"どん底","どんぞこ","底层，最下层，最差的状态","名词","不景気のどん底にある","处于最不景气的状态","N1","eggrolls;N1低频;原词性:名;音调:⓪"
"ないがしろ","ないがしろ","忽视，小看","な形容词/名词","その提案をないがしろにするべきではない","不应该忽视那个提议","N1","eggrolls;N1中频;原词性:ナ形・名;音调:⓪"
"馴染み","なじみ","熟悉，熟人","名词","あの店とは馴染みが深い","和那家店很熟","N1","eggrolls;N1高频;原词性:名;音调:③⓪"
"はいはい","はいはい","（幼儿用语）爬","名词/サ变动词","はいはいができるようになった","学会爬了","N1","eggrolls;N1低频;原词性:名・自動3;音调:①"
"はじける","はじける","（里面的东西因膨胀而）裂开，绽开","动词/自动词/一段动词","豆のさやがはじける","豆荚爆开","N1","eggrolls;N1低频;原词性:自動2;音调:③"
"バックアップ","バックアップ","支援；备份","サ变动词/名词","A社のバックアップを受ける","得到了A公司的支援","N1","eggrolls;N1高频;原词性:他動3・名;音调:④;カタカナ語"
"パッケージ","パッケージ","包装","サ变动词/名词","コンパクトにパッケージする","紧凑地包装","N1","eggrolls;N1高频;原词性:他動3・名;音调:①;カタカナ語"
"はばかる","はばかる","怕，顾忌；横行霸道","动词/自他动词/五段动词","人目をはばかる","顾忌别人的目光","N1","eggrolls;N1低频;原词性:自他動1;音调:③⓪"
"羽ばたく","はばたく","振翅，飞翔","动词/自动词/五段动词","鳥が羽ばたく","鸟儿振翅飞翔","N1","eggrolls;N1低频;原词性:自動1;音调:③"
"はびこる","はびこる","蔓延，丛生；横行，猖獗","动词/自动词/五段动词","庭に雑草がはびこる","庭院里杂草丛生","N1","eggrolls;N1低频;原词性:自動1;音调:③"
"ばらつき","ばらつき","参差不齐；数值分布不规则","名词","どうも品質にばらつきがあるようだ","看起来品质好像有些参差不齐","N1","eggrolls;N1中频;原词性:名;音调:⓪"
"贔屓","ひいき","偏爱，偏袒，袒护","サ变动词/名词","妹ばかり贔屓する","只偏袒妹妹","N1","eggrolls;N1中频;原词性:他動3・名;音调:①"
"ひずみ","ひずみ","歪；不良风气","名词","鉄板にひずみができる","铁板变形","N1","eggrolls;N1低频;原词性:名;音调:⓪"
"ひたむき","ひたむき","一心一意，专心致志","な形容词","ひたむきに頑張る","一心一意地努力","N1","eggrolls;N1中频;原词性:ナ形;音调:⓪"
"ひっそり","ひっそり","寂静；默默地","副词/サ变动词","夜の街はひっそり静まり返った","夜晚的街道一片寂静","N1","eggrolls;N1中频;原词性:副・自動3;音调:③;オノマトペ"
"ひらめき","ひらめき","（在脑海里）闪现；闪烁","名词","問題を解決するひらめきがあった","有了解决问题的灵感","N1","eggrolls;N1中频;原词性:名;音调:⓪"
"ピンチ","ピンチ","紧急关头，危机","名词","ピンチを乗り切る","渡过危机","N1","eggrolls;N1中频;原词性:名;音调:①;カタカナ語"
"ピント","ピント","焦距；要点","名词","カメラのピントを合わせる","调整相机的焦距","N1","eggrolls;N1中频;原词性:名;音调:⓪;カタカナ語"
"ぴんと","ぴんと","立刻领会；绷紧；猛地弹起","副词","説明を聞いてぴんと来た","听了说明，一下就明白了","N1","eggrolls;N1低频;原词性:副;音调:⓪①;オノマトペ"
"フォロー","フォロー","帮助；追踪；（社交媒体的）关注","サ变动词/名词","新入社員をフォローする","帮助新职员","N1","eggrolls;N1低频;原词性:他動3・名;音调:①;カタカナ語"
"ブランク","ブランク","空白；空白期","名词","ノートのブランクを埋める","补上笔记的空白","N1","eggrolls;N1中频;原词性:名;音调:②;カタカナ語"
"プログラミング","プログラミング","编程","名词/サ变动词","コンピュータプログラミング","计算机编程","N1","eggrolls;N1中频;原词性:名・自他動3;音调:⓪④③;カタカナ語"
"ベース","ベース","基本，基础","名词","ウォッカをベースにしたカクテル","用伏特加调制的鸡尾酒","N1","eggrolls;N1中频;原词性:名;音调:①⓪;カタカナ語"
"へま","へま","愚蠢；失败，搞砸","な形容词/名词","へまなやつ","愚蠢的家伙","N1","eggrolls;N1低频;原词性:ナ形・名;音调:①"
"ホース","ホース","软管，胶皮管","名词","水を撒くためにホースを使う","用水管浇水","N1","eggrolls;N1低频;原词性:名;音调:①;カタカナ語"
"ボクシング","ボクシング","拳击","名词","ボクシングのフライ級チャンピオン","拳击蝇量级冠军","N1","eggrolls;N1低频;原词性:名;音调:①;カタカナ語"
"まだしも","まだしも","还行，还可以","副词","雨ならまだしも、雪は困る","下雨还好，下雪就麻烦了","N1","eggrolls;N1低频;原词性:副;音调:①"
"まとまり","まとまり","一贯性；统一；解决","名词","まとまりのない文章","前后内容不一致的文章","N1","eggrolls;N1高频;原词性:名;音调:⓪"
"まとめ","まとめ","总结；汇总；调停","名词","うまくまとめがつけられない","归纳得不好","N1","eggrolls;N1高频;原词性:名;音调:⓪"
"まとも","まとも","正面；正经","名词/な形容词","西日をまともに受ける部屋","西晒直射的房间","N1","eggrolls;N1中频;原词性:名・ナ形;音调:⓪"
"まんじゅう","まんじゅう","豆包；包子","名词","あんこがたっぷり入ったまんじゅう","豆包里塞满了红豆馅","N1","eggrolls;N1低频;原词性:名;音调:③"
"水たまり","みずたまり","水洼，水坑","名词","水たまりに足をつっこんだ","踩进水坑里了","N1","eggrolls;N1低频;原词性:名;音调:⓪"
"みずみずしい","みずみずしい","水灵灵的，新鲜的","い形容词","みずみずしい肌","水嫩的肌肤","N1","eggrolls;N1中频;原词性:イ形;音调:⑤"
"みっちり","みっちり","（不偷工减料地）充分（做、学习等）","副词","練習をみっちり行う","扎实地练习","N1","eggrolls;N1低频;原词性:副;音调:③;オノマトペ"
"ミュージカル","ミュージカル","音乐的，配乐的；音乐片","名词","ミュージカルコメディー","音乐喜剧","N1","eggrolls;N1中频;原词性:名;音调:①;カタカナ語"
"ミュージシャン","ミュージシャン","音乐家","名词","音楽家","音乐家","N1","eggrolls;N1低频;原词性:名;音调:③①;カタカナ語"
"むしゃくしゃ","むしゃくしゃ","烦恼，恼火，心烦意乱","副词/サ变动词","仕事でむしゃくしゃしている","因工作感到心烦意乱","N1","eggrolls;N1中频;原词性:副・自動3;音调:①;オノマトペ"
"メカニズム","メカニズム","机械结构；机制","名词","通信衛星のメカニズム","通信卫星的机械结构","N1","eggrolls;N1高频;原词性:名;音调:③;カタカナ語"
"めそめそ","めそめそ","低声哭泣","副词/サ变动词","めそめそと泣く","低声哭泣","N1","eggrolls;N1低频;原词性:副・自動3;音调:①;オノマトペ"
"愛でる","めでる","欣赏；疼爱","动词/他动词/一段动词","月を愛でて歌を詠む","赏月咏诗","N1","eggrolls;N1中频;原词性:他動2;音调:②"
"もてなし","もてなし","接待，款待，招待","名词","手厚いもてなし","热情款待","N1","eggrolls;N1高频;原词性:名;音调:⓪"
"やつれる","やつれる","憔悴；落魄","动词/自动词/一段动词","病気でひどくやつれた","因病变得憔悴","N1","eggrolls;N1低频;原词性:自動2;音调:③"
"ラグビー","ラグビー","橄榄球","名词","ラグビーの選手は広い肩幅のがっちりした体格の人が多い","橄榄球选手大多都是肩膀宽大，身材魁梧的人","N1","eggrolls;N1低频;原词性:名;音调:①;カタカナ語"
"リサーチ","リサーチ","研究","サ变动词/名词","貿易の動向をリサーチする","研究贸易动向","N1","eggrolls;N1中频;原词性:他動3・名;音调:②;カタカナ語"
"リストアップ","リストアップ","列出，列表","サ变动词/名词","パーティーに必要なものをリストアップする","列出派对上需要的东西","N1","eggrolls;N1中频;原词性:他動3・名;音调:④;カタカナ語"
"リハビリ","リハビリ","医疗指导，康复训练","名词","毎日リハビリに通っている","每天去做复健","N1","eggrolls;N1中频;原词性:名;音调:⓪;カタカナ語"
"リレー","リレー","接力传递","サ变动词/名词","400メートルリレー","400米接力赛","N1","eggrolls;N1低频;原词性:他動3・名;音调:⓪①;カタカナ語"
"レート","レート","比例，比率","名词","為替レート","汇率","N1","eggrolls;N1中频;原词性:名;音调:⓪①;カタカナ語"
"レギュラー","レギュラー","正式成员，正式选手；正规，普通；普通汽油","名词","レギュラーで出演する","作为正式人员参演","N1","eggrolls;N1中频;原词性:名;音调:①;カタカナ語"
"ロス","ロス","浪费，损耗","サ变动词/名词","ロスが出る","产生损耗","N1","eggrolls;N1低频;原词性:他動3・名;音调:①;カタカナ語"
"扱い","あつかい","操作；处理；对待","名词","この機械の扱いは簡単だ","这个机器容易操纵","N1","eggrolls;N1高频;原词性:名;音调:⓪"
"安堵","あんど","放心，安心","名词/サ变动词","無事の知らせに安堵する","得知平安无事后松了口气","N1","eggrolls;N1低频;原词性:名・自動3;音调:①"
"安らぐ","やすらぐ","心情平稳下来","动词/自动词/五段动词","気持ちが安らぐ","心情平静下来","N1","eggrolls;N1中频;原词性:自動1;音调:③"
"囲う","かこう","围起来；贮藏；隐匿","动词/他动词/五段动词","庭を塀で囲う","用围墙把院子围起来","N1","eggrolls;N1低频;原词性:他動1;音调:⓪"
"意気込み","いきごみ","干劲，热情","名词","最初の意気込みはどこへ行った？","开始的热情到哪里去了？","N1","eggrolls;N1中频;原词性:名;音调:⓪③④"
"意味合い","いみあい","（根据前后情况或语境推测出的）含义","名词","今回の訪問は謝罪の意味合いが強い","这次的拜访带有强烈的道歉意味","N1","eggrolls;N1高频;原词性:名;音调:⓪③"
"異質","いしつ","异质，性质不同","な形容词/名词","日本とは異質の文化","与日本截然不同的文化","N1","eggrolls;N1中频;原词性:ナ形・名;音调:⓪"
"移り変わり","うつりかわり","推移，变迁","名词","季節の移り変わり","四季的变迁","N1","eggrolls;N1中频;原词性:名;音调:⓪"
"萎縮","いしゅく","萎缩","名词/サ变动词","寒くて手足が萎縮する","冷得手脚都蜷缩起来了","N1","eggrolls;N1中频;原词性:名・自動3;音调:⓪"
"衣","ころも","衣服；（食物外面的）糖衣或面衣","名词","衣をつける","披上衣服；穿衣服","N1","eggrolls;N1中频;原词性:名;音调:⓪"
"遺憾","いかん","遗憾","名词/な形容词","遺憾の意を表する","深表遗憾","N1","eggrolls;N1中频;原词性:名・ナ形;音调:⓪"
"医院","いいん","（床位不满20张的小规模）诊所","名词","近所に新しい医院が開業した","附近开了家新诊所","N1","eggrolls;N1中频;原词性:名;音调:①"
"育む","はぐくむ","孵蛋；养育；培养","动词/他动词/五段动词","ハトがひなを育む","鸽子抱雏","N1","eggrolls;N1高频;原词性:他動1;音调:③"
"一環","いっかん","一环","名词","このプロジェクトは大きな計画の一環として重要だ","这个项目是大计划中的重要一环","N1","eggrolls;N1高频;原词性:名;音调:⓪③"
"一苦労","ひとくろう","费一些力气","名词/サ变动词","この装置を設置するのは一苦労だった","安装这个设备费了一番力气","N1","eggrolls;N1中频;原词性:名・自動3;音调:②③"
"一刻","いっこく","（古代时间单位，约为30分钟）一刻；片刻","名词","彼女との一刻も大切にしたい","我想珍惜与她的每一刻","N1","eggrolls;N1中频;原词性:名;音调:④⓪"
"一人ぼっち","ひとりぼっち","孤单一人","名词","停電の暗闇の中、ずっと一人ぼっちで何とも心細かった","在停电的黑暗中，一直孤身一人，感到非常不安","N1","eggrolls;N1中频;原词性:名;音调:④"
"一掃","いっそう","扫除，清除","名词/サ变动词","悪習を一掃する","扫除恶习","N1","eggrolls;N1低频;原词性:名・他動3;音调:⓪"
"一直線","いっちょくせん","一条直线，笔直，径直","名词","ゴールに向かって一直線に走る","向着终点径直跑去","N1","eggrolls;N1低频;原词性:名;音调:③④"
"一任","いちにん","完全交给，全权委托","名词/サ变动词","私の議決権は議長に一任する","我的表决权完全委托给议长","N1","eggrolls;N1中频;原词性:名・他動3;音调:⓪"
"一目惚れ","ひとめぼれ","一见钟情","名词/サ变动词","彼女に一目惚れした","对她一见钟情","N1","eggrolls;N1低频;原词性:名・自動3;音调:⓪"
"逸脱","いつだつ","偏离（社会轨道、规矩等）","名词/サ变动词","常軌を逸脱している","越出常轨","N1","eggrolls;N1高频;原词性:名・自他動3;音调:⓪"
"稲刈り","いねかり","割稻子","名词","稲刈り機","割稻机","N1","eggrolls;N1低频;原词性:名;音调:②"
"引き寄せる","ひきよせる","拉到跟前；（「惹き寄せる」とも）吸引","动词/他动词/一段动词","灰皿を引き寄せる","把烟灰缸拉到手边","N1","eggrolls;N1低频;原词性:他動2;音调:④"
"引き継ぐ","ひきつぐ","接替；继承","动词/他动词/五段动词","仕事を引き継ぐ","接替工作","N1","eggrolls;N1中频;原词性:他動1;音调:③"
"引き抜く","ひきぬく","拔出来；（把人才等）挖过来","动词/他动词/五段动词","雑草を引き抜く","拔除杂草","N1","eggrolls;N1低频;原词性:他動1;音调:③"
"引き立てる","ひきたてる","鼓励；关照；强行拉走；衬托","动词/他动词/一段动词","気を引き立てる","鼓励；给……打气","N1","eggrolls;N1中频;原词性:他動2;音调:④"
"雨雲","あまぐも","雨云，乌云","名词","雨雲が空を覆っている","乌云笼罩着天空","N1","eggrolls;N1低频;原词性:名;音调:⓪"
"映し出す","うつしだす","（映）映出；（写）以绘画、文章等来表现；（映）反映出","动词/他动词/五段动词","スライドで名画を映し出す","用幻灯片放映名画","N1","eggrolls;N1中频;原词性:他動1;音调:④"
"遠ざける","とおざける","使远离；疏远","动词/他动词/一段动词","人を遠ざけて密談する","避开他人进行密谈","N1","eggrolls;N1中频;原词性:他動2;音调:④"
"横着","おうちゃく","偷懒，耍滑头","名词/な形容词/サ变动词","横着を決め込む","成心耍滑头","N1","eggrolls;N1低频;原词性:名・ナ形・自動3;音调:③④"
"屋台","やたい","流动摊位，路边摊","名词","屋台を引いてラーメンを売る","摆摊卖拉面","N1","eggrolls;N1低频;原词性:名;音调:①"
"下請け","したうけ","承包，转包","名词/サ变动词","その工事は下請け業者が担当する","那个工程由下游承包商负责","N1","eggrolls;N1低频;原词性:名・他動3;音调:⓪"
"寡黙","かもく","沉默寡言","な形容词/名词","寡黙な人","沉默寡言的人","N1","eggrolls;N1低频;原词性:ナ形・名;音调:⓪"
"果敢","かかん","果敢，当机立断","な形容词","果敢にチャレンジする","勇敢地去挑战","N1","eggrolls;N1中频;原词性:ナ形;音调:⓪"
"稼働","かどう","劳动；（机器）运转","名词/サ变动词","稼働人口","劳动人口","N1","eggrolls;N1中频;原词性:名・自他動3;音调:⓪"
"過言","かごん","言过其实","名词","それを奇跡と言うのは過言ではない","把那称作奇迹并不为过","N1","eggrolls;N1高频;原词性:名;音调:⓪"
"会心","かいしん","满意，得意","名词","会心の作","得意之作","N1","eggrolls;N1低频;原词性:名;音调:⓪"
"解き放つ","ときはなつ","解开，放开，解放","动词/他动词/五段动词","鳥をかごから解き放つ","把鸟从笼子里放飞","N1","eggrolls;N1低频;原词性:他動1;音调:④⓪"
"解析","かいせき","解析，分析","サ变动词/名词","データを解析する","分析数据","N1","eggrolls;N1低频;原词性:他動3・名;音调:⓪"
"回想","かいそう","回想","サ变动词/名词","彼は青春時代を回想する","他回忆起了青春时代","N1","eggrolls;N1低频;原词性:他動3・名;音调:⓪"
"回避","かいひ","回避；推卸","名词/サ变动词","争いを回避する","回避争论","N1","eggrolls;N1高频;原词性:名・自他動3;音调:①⓪"
"快楽","かいらく","快乐，享乐","名词","快楽をむさぼる","贪求享乐","N1","eggrolls;N1低频;原词性:名;音调:⓪①"
"快諾","かいだく","欣然允诺","名词/サ变动词","取材要請を快諾する","欣然答应接受采访","N1","eggrolls;N1低频;原词性:名・他動3;音调:⓪"
"悔いる","くいる","懊悔，后悔","动词/他动词/一段动词","前非を悔いる","悔改前非","N1","eggrolls;N1低频;原词性:他動2;音调:②"
"戒める","いましめる","劝诫；戒除；警戒","动词/他动词/一段动词","生徒のいたずらを戒める","教训学生恶作剧","N1","eggrolls;N1中频;原词性:他動2;音调:④⓪"
"改修","かいしゅう","（道路、建筑等）改建，修复","名词/サ变动词","道路の改修工事","道路的整修工程","N1","eggrolls;N1中频;原词性:名・他動3;音调:⓪"
"海底","かいてい","海底","名词","海底トンネル","海底隧道","N1","eggrolls;N1中频;原词性:名;音调:⓪"
"開園","かいえん","开设（公园或幼儿园等）；（公园或幼儿园等）开门","名词/サ变动词","新しい公園が開園した","新公园开业了","N1","eggrolls;N1低频;原词性:名・自他動3;音调:⓪"
"開業","かいぎょう","开业；正在营业","名词/サ变动词","新しいレストランが開業した","新餐厅开业了","N1","eggrolls;N1中频;原词性:名・自他動3;音调:⓪"
"開校","かいこう","开设学校，建校","名词/サ变动词","新しい学校が開校した","新学校开校了","N1","eggrolls;N1中频;原词性:名・自他動3;音调:⓪"
"外的","がいてき","外部的","な形容词","外的要因によって計画が変わる","由于外部因素，计划改变了","N1","eggrolls;N1中频;原词性:ナ形;音调:⓪"
"概観","がいかん","概览，概观","サ变动词/名词","中東の情勢を概観する","概观中东局势","N1","eggrolls;N1低频;原词性:他動3・名;音调:⓪"
"概略","がいりゃく","概略，概要","名词","事件の概略を説明する","说明事件的概况","N1","eggrolls;N1低频;原词性:名;音调:⓪"
"街灯","がいとう","街灯，路灯","名词","街灯の明かり","路灯的亮光","N1","eggrolls;N1低频;原词性:名;音调:⓪"
"核心","かくしん","核心，关键","名词","問題の核心に触れる","触及问题的本质","N1","eggrolls;N1低频;原词性:名;音调:⓪"
"隔週","かくしゅう","隔一周","名词","隔週のミーティング","每两周一次的会议","N1","eggrolls;N1中频;原词性:名;音调:⓪"
"割り振る","わりふる","分摊，分派","动词/他动词/五段动词","仕事をメンバーに割り振る","将工作分配给团队成员","N1","eggrolls;N1中频;原词性:他動1;音调:③"
"割り当て","わりあて","分配，分摊","名词","宿舎の割り当てがなかなか困難だ","宿舍的分配相当困难","N1","eggrolls;N1高频;原词性:名;音调:⓪"
"喚起","かんき","唤起，提醒","サ变动词/名词","関心を喚起する","唤起关注","N1","eggrolls;N1低频;原词性:他動3・名;音调:①"
"堪能","たんのう","精通；十分满足，享受","名词/な形容词/サ变动词","ピアノに堪能である","擅长弹钢琴","N1","eggrolls;N1高频;原词性:名・ナ形・自他動3;音调:⓪"
"完結","かんけつ","完结，结束","名词/サ变动词","連載小説が完結する","小说连载结束","N1","eggrolls;N1高频;原词性:名・自動3;音调:⓪"
"感銘","かんめい","铭感，铭刻在心中","名词","深い感銘を受ける","深受感动","N1","eggrolls;N1低频;原词性:名;音调:⓪"
"簡便","かんべん","简便","な形容词/名词","簡便な方法を選ぶ","选择简便的方法","N1","eggrolls;N1低频;原词性:ナ形・名;音调:⓪"
"肝要","かんよう","重要，关键","名词/な形容词","忍耐が肝要だ","忍耐最重要","N1","eggrolls;N1中频;原词性:名・ナ形;音调:⓪"
"鑑みる","かんがみる","鉴于","动词/自他动词/一段动词","国際情勢を鑑みるに楽観は許されない","鉴于国际形势，不能掉以轻心","N1","eggrolls;N1低频;原词性:自他動2;音调:④"
"閑静","かんせい","清净，幽静","な形容词/名词","閑静な住宅地","幽静的住宅区","N1","eggrolls;N1低频;原词性:ナ形・名;音调:①"
"顔負け","かおまけ","相形见绌","名词/サ变动词","プロも顔負けの腕前だ","连行家都甘拜下风的技艺","N1","eggrolls;N1中频;原词性:名・自動3;音调:⓪"
"危惧","きぐ","危惧，担心，担忧","サ变动词/名词","未来に対する危惧を感じる","对未来感到担忧","N1","eggrolls;N1中频;原词性:他動3・名;音调:①"
"寄り添う","よりそう","（身体）贴近，挨近","动词/自动词/五段动词","二人寄り添って歩く","两个人相依而行","N1","eggrolls;N1高频;原词性:自動1;音调:③"
"気まずい","きまずい","不融洽的，不愉快的，尴尬","い形容词","気まずい雰囲気","不融洽的气氛","N1","eggrolls;N1低频;原词性:イ形;音调:⓪③"
"気概","きがい","气概，气魄","名词","気概のある男","有气概的男人","N1","eggrolls;N1低频;原词性:名;音调:⓪"
"気遣う","きづかう","担心，挂念","动词/他动词/五段动词","安否を気遣う","挂念是否平安","N1","eggrolls;N1低频;原词性:他動1;音调:③"
"気合","きあい","气势，劲头","名词","気合を入れる","鼓足干劲","N1","eggrolls;N1中频;原词性:名;音调:⓪"
"気心","きごころ","性情，脾气，性格","名词","気心の知れた仲だ","彼此都知道脾气；我们是对脾气的朋友","N1","eggrolls;N1低频;原词性:名;音调:②⓪"
"偽る","いつわる","歪曲，说谎；冒充，欺骗","动词/他动词/五段动词","事実を偽る","歪曲事实","N1","eggrolls;N1中频;原词性:他動1;音调:③"
"戯れる","たわむれる","玩耍；闹着玩；调情","动词/自动词/一段动词","子供たちが戯れている","孩子们在玩耍","N1","eggrolls;N1中频;原词性:自動2;音调:④"
"疑わしい","うたがわしい","可疑的；不确定","い形容词","疑わしい人物","可疑的人","N1","eggrolls;N1中频;原词性:イ形;音调:⑤⓪"
"議事","ぎじ","议事","名词","議事を進める","推进议程","N1","eggrolls;N1中频;原词性:名;音调:①"
"逆行","ぎゃっこう","逆行，倒行，退行，开倒车","名词/サ变动词","時代に逆行する","倒行逆施，开历史倒车","N1","eggrolls;N1低频;原词性:名・自動3;音调:⓪"
"急遽","きゅうきょ","匆忙，仓皇","副词","心臓に異変を感じ、急遽病院に行った","感觉心脏有些异常，匆忙去了医院","N1","eggrolls;N1中频;原词性:副;音调:①"
"急務","きゅうむ","紧急任务，当务之急","名词","目下の急務","当务之急","N1","eggrolls;N1中频;原词性:名;音调:①"
"球根","きゅうこん","（植物）球根","名词","チューリップを球根から育てる","从球根开始培育郁金香花","N1","eggrolls;N1低频;原词性:名;音调:⓪"
"球状","きゅうじょう","球状","名词","球状星団","球状星团","N1","eggrolls;N1低频;原词性:名;音调:⓪"
"究明","きゅうめい","调查清楚","名词/サ变动词","事件の真相を究明する","查明事件的真相","N1","eggrolls;N1高频;原词性:名・他動3;音调:⓪"
"巨匠","きょしょう","（艺术领域的）巨匠，泰斗","名词","絵画の巨匠","绘画领域的泰斗","N1","eggrolls;N1中频;原词性:名;音调:⓪"
"拒む","こばむ","拒绝；阻挡","动词/他动词/五段动词","要求を拒む","拒绝要求","N1","eggrolls;N1高频;原词性:他動1;音调:②"
"挙句の果て","あげくのはて","归根到底，最终","成句","苦労した挙句の果てに失敗した","历经千辛万苦，最终还是失败了","N1","eggrolls;N1低频;原词性:成句"
"漁獲","ぎょかく","捕鱼，捕捞；渔获","名词","漁獲シーズン","捕捞期","N1","eggrolls;N1中频;原词性:名;音调:⓪"
"供与","きょうよ","供给，提供","名词/サ变动词","武器を供与する","提供武器","N1","eggrolls;N1低频;原词性:名・他動3;音调:①"
"競合","きょうごう","竞争","名词/サ变动词","競合するメーカー","竞争的厂商","N1","eggrolls;N1高频;原词性:名・自動3;音调:⓪"
"凶器","きょうき","凶器","名词","警察は凶器を押収した","警方没收了凶器","N1","eggrolls;N1低频;原词性:名;音调:①"
"強要","きょうよう","强行要求","サ变动词/名词","辞職を強要する","强逼辞职","N1","eggrolls;N1中频;原词性:他動3・名;音调:⓪"
"恐竜","きょうりゅう","恐龙","名词","恐竜の化石を見つける","发现恐龙化石","N1","eggrolls;N1高频;原词性:名;音调:⓪"
"狂気","きょうき","发疯，发狂","名词","狂気の沙汰","疯狂之举","N1","eggrolls;N1低频;原词性:名;音调:①"
"狭める","せばめる","缩小，缩短（空间、间隔、范围等）","动词/他动词/一段动词","活動領域を狭める","缩小活动范围","N1","eggrolls;N1中频;原词性:他動2;音调:③"
"仰天","ぎょうてん","非常吃惊","名词/サ变动词","彼の話を聞いてみんな仰天した","听了他的话，大家都非常吃惊","N1","eggrolls;N1低频;原词性:名・自動3;音调:⓪③"
"凝縮","ぎょうしゅく","凝结，凝聚","名词/サ变动词","金属は冷却すると凝縮する","金属冷却后会凝缩","N1","eggrolls;N1中频;原词性:名・自他動3;音调:⓪"
"暁","あかつき","黎明时分；……之际","名词","暁を告げる鶏鳴","报晓的鸡鸣","N1","eggrolls;N1低频;原词性:名;音调:⓪"
"局面","きょくめん","局面，局势","名词","困難な局面を打開する","打破困难局面","N1","eggrolls;N1高频;原词性:名;音调:③⓪"
"極力","きょくりょく","极力，尽量","副词","お酒を極力控える","尽量节制喝酒","N1","eggrolls;N1高频;原词性:副;音调:②⓪"
"均質","きんしつ","均质，等质","名词/な形容词","商品を均質化する","保持商品质量统一","N1","eggrolls;N1中频;原词性:名・ナ形;音调:⓪"
"緊迫","きんぱく","紧迫，紧张","名词/サ变动词","緊迫した空気に包まれる","笼罩在紧张的气氛中","N1","eggrolls;N1中频;原词性:名・自動3;音调:⓪"
"緊密","きんみつ","紧密，密切","名词/な形容词","緊密な関係","密切的关系","N1","eggrolls;N1中频;原词性:名・ナ形;音调:⓪"
"金具","かなぐ","小五金，金属零件","名词","バッグの金具が壊れた","包上的金属扣坏了","N1","eggrolls;N1中频;原词性:名;音调:⓪"
"駆け寄る","かけよる","跑到跟前","动词/自动词/五段动词","駆け寄って握手をする","跑过去握手","N1","eggrolls;N1低频;原词性:自動1;音调:③⓪"
"駆除","くじょ","（用药剂等）消灭，驱除","名词/サ变动词","ネズミを駆除する","灭鼠","N1","eggrolls;N1高频;原词性:名・他動3;音调:①"
"空白","くうはく","空白","名词/な形容词","空白を埋める","填补空白","N1","eggrolls;N1中频;原词性:名・ナ形;音调:⓪"
"憩い","いこい","休息","名词","市民の憩いの場","市民休息的场所","N1","eggrolls;N1中频;原词性:名;音调:⓪"
"敬遠","けいえん","敬而远之，有意回避","名词/サ变动词","部下に敬遠される","被下属敬而远之","N1","eggrolls;N1高频;原词性:名・他動3;音调:⓪"
"景観","けいかん","景观，风景","名词","雄大な景観","雄伟的景观","N1","eggrolls;N1中频;原词性:名;音调:⓪"
"欠航","けっこう","（船舶、飞机）停运","名词/サ变动词","悪天候のためにフライトが欠航した","因恶劣天气航班取消","N1","eggrolls;N1低频;原词性:名・自動3;音调:⓪"
"結び付き","むすびつき","结合，联系，关系","名词","二人の間に強い結び付きがある","两人之间有着强烈的联系","N1","eggrolls;N1中频;原词性:名;音调:⓪"
"血縁","けつえん","血缘","名词","血縁関係","血缘关系","N1","eggrolls;N1低频;原词性:名;音调:⓪"
"血行","けっこう","血液循环","名词","血行を良くする","促进血液循环","N1","eggrolls;N1低频;原词性:名;音调:⓪"
"懸念","けねん","担心，惦记","サ变动词/名词","経済の未来に懸念を抱く","对经济的未来抱有担忧","N1","eggrolls;N1高频;原词性:他動3・名;音调:①⓪"
"検閲","けんえつ","审查","名词/サ变动词","出版物を検閲する","审查出版物","N1","eggrolls;N1低频;原词性:名・他動3;音调:⓪"
"検証","けんしょう","验证，检验；勘验","名词/サ变动词","仮説を検証する","验证假设","N1","eggrolls;N1高频;原词性:名・他動3;音调:⓪"
"見とれる","みとれる","看入迷","动词/自动词/一段动词","美しい景色に見とれてしまった","被美丽的景色迷住了","N1","eggrolls;N1低频;原词性:自動2;音调:⓪"
"見栄え","みばえ","（显得）好看，美观","名词","見栄えのする贈答品","体面的赠礼","N1","eggrolls;N1中频;原词性:名;音调:⓪③②"
"見越す","みこす","预料，预测","动词/他动词/五段动词","問題を見越して対策を立てる","预见问题并制定对策","N1","eggrolls;N1低频;原词性:他動1;音调:②⓪"
"見境","みさかい","分辨（事物，判断善恶好坏）","名词","誰彼の見境なく食ってかかる","不分青红皂白地攻击任何人","N1","eggrolls;N1低频;原词性:名;音调:⓪"
"見極める","みきわめる","看透（事物的本质）；弄清楚","动词/他动词/一段动词","心底を見極める","看透心灵深处","N1","eggrolls;N1高频;原词性:他動2;音调:④⓪"
"見識","けんしき","见识，见地，见解","名词","著者の見識が問われる","作者的见地受到质疑","N1","eggrolls;N1高频;原词性:名;音调:⓪"
"見受ける","みうける","看上去（看后判断出）；看到","动词/他动词/一段动词","彼女の顔に疲れが見受ける","看得出她的脸上有疲惫","N1","eggrolls;N1低频;原词性:他動2;音调:③⓪"
"見入る","みいる","注视，看得出神","动词/自他动词/五段动词","あまりの美しさについ見入ってしまった","因为过于美丽而不由得看入迷了","N1","eggrolls;N1低频;原词性:自他動1;音调:②⓪"
"見聞","けんぶん","见闻，知识","名词/サ变动词","見聞を広める","拓宽知识面","N1","eggrolls;N1中频;原词性:名・他動3;音调:⓪"
"見返り","みかえり","回头看，回顾；抵押品，回报","名词","見返り美人図","美人回眸图（日本的浮世绘）","N1","eggrolls;N1中频;原词性:名;音调:⓪"
"元手","もとで","本钱，本金","名词","商売の元手","做生意的本钱","N1","eggrolls;N1低频;原词性:名;音调:⓪"
"元祖","がんそ","第一代祖先；鼻祖，创始者","名词","豚カツ屋の元祖","猪排店的始祖","N1","eggrolls;N1低频;原词性:名;音调:①"
"原点","げんてん","原点，基准点；出发点，根源","名词","問題を解決するために原点に戻る","为了解决问题回到出发点","N1","eggrolls;N1中频;原词性:名;音调:①⓪"
"原動力","げんどうりょく","动力，原动力","名词","若者たちは社会の原動力だ","年轻人是社会的原动力","N1","eggrolls;N1中频;原词性:名;音调:③"
"原油","げんゆ","原油","名词","原油の価格が上昇している","原油价格正在上涨","N1","eggrolls;N1中频;原词性:名;音调:⓪"
"幻想","げんそう","幻想","名词/サ变动词","現実から逃避するために幻想にふける","为了逃避现实沉浸在幻想中","N1","eggrolls;N1高频;原词性:名・他動3;音调:⓪"
"減税","げんぜい","减税","名词/サ变动词","政府は中小企業に対して減税の措置を取った","政府对中小企业采取了减税措施","N1","eggrolls;N1中频;原词性:名・自他動3;音调:⓪"
"現役","げんえき","现役（人员）；应届高考考生","名词","現役の選手","现役选手","N1","eggrolls;N1高频;原词性:名;音调:⓪"
"言い回し","いいまわし","措辞","名词","言い回しがまずい","措辞不当","N1","eggrolls;N1中频;原词性:名;音调:⓪"
"言い残す","いいのこす","未说完；留话，遗言","动词/他动词/五段动词","その点についてはまだ言い残したことがある","关于那一点我还没有说完","N1","eggrolls;N1低频;原词性:他動1;音调:④"
"言い渡す","いいわたす","（上对下）宣告，宣判","动词/他动词/五段动词","被告人に無罪判決を言い渡す","宣判被告无罪","N1","eggrolls;N1低频;原词性:他動1;音调:④"
"言い放つ","いいはなつ","断言","动词/他动词/五段动词","責任はないと言い放つ","断言没有责任","N1","eggrolls;N1低频;原词性:他動1;音调:④"
"言及","げんきゅう","提及，说到","名词/サ变动词","敏感な話題には言及しない","不涉及敏感话题","N1","eggrolls;N1低频;原词性:名・自動3;音调:⓪"
"言動","げんどう","言语和行动，言行","名词","過激な言動を慎む","收敛过激的言行","N1","eggrolls;N1中频;原词性:名;音调:⓪"
"古めかしい","ふるめかしい","古色古香的","い形容词","古めかしい建物","古色古香的建筑","N1","eggrolls;N1低频;原词性:イ形;音调:⑤"
"呼び寄せる","よびよせる","叫来","动词/他动词/一段动词","まくら元へ呼び寄せる","把（某人）叫到枕边","N1","eggrolls;N1低频;原词性:他動2;音调:④"
"戸惑う","とまどう","困惑，不知所措","动词/自动词/五段动词","どうしていいかわからず戸惑う","不知如何是好，很困惑","N1","eggrolls;N1高频;原词性:自動1;音调:③"
"もも","もも","大腿","名词","ももが太い","大腿粗","N1","eggrolls;N1低频;原词性:名;音调:①"
"顧問","こもん","顾问","名词","彼は会社の法律顧問を務めている","他担任公司的法律顾问","N1","eggrolls;N1低频;原词性:名;音调:①"
"五感","ごかん","（视觉、听觉、嗅觉、味觉、触觉的）五感","名词","五感を研ぎすませる","磨练五感","N1","eggrolls;N1低频;原词性:名;音调:⓪"
"後ろめたい","うしろめたい","内疚，亏心","い形容词","裏切ったようで後ろめたい","觉得像是背叛了一样，心里有点愧疚","N1","eggrolls;N1中频;原词性:イ形;音调:⑤"
"後援","こうえん","后援，支援；援军","名词/サ变动词","新聞社の後援でコンサートを開く","在报社的赞助下举办音乐会","N1","eggrolls;N1低频;原词性:名・他動3;音调:⓪"
"誤作動","ごさどう","运转失误，控制失灵","名词/サ变动词","機械の誤作動で事故が起こった","由于机械的误操作导致了事故","N1","eggrolls;N1低频;原词性:名・自動3;音调:②"
"交錯","こうさく","交错，错杂","名词/サ变动词","様々な感情が交錯している","各种感情交错在一起","N1","eggrolls;N1中频;原词性:名・自動3;音调:⓪"
"効能","こうのう","效能，功效","名词","この薬は風邪に対する効能がある","这药对感冒有功效","N1","eggrolls;N1中频;原词性:名;音调:⓪"
"厚生","こうせい","厚生，保健","名词","厚生労働省","厚生劳动省","N1","eggrolls;N1低频;原词性:名;音调:⓪"
"口出し","くちだし","插嘴，干预","名词/サ变动词","部下の私生活に口出しするのはよくない","干涉下属的私生活不太好","N1","eggrolls;N1低频;原词性:名・自動3;音调:⓪"
"工程","こうてい","工序；阶段","名词","製造工程を検査する","检查制造工序","N1","eggrolls;N1高频;原词性:名;音调:⓪"
"工面","くめん","设法筹措；经济状况","名词/サ变动词","資金を工面する","筹措资金","N1","eggrolls;N1中频;原词性:名・他動3;音调:①⓪"
"広大","こうだい","广阔，宏大","名词/な形容词","広大な平野","广阔的平原","N1","eggrolls;N1中频;原词性:名・ナ形;音调:⓪"
"恒例","こうれい","惯例，常规","名词","恒例を破る","打破惯例","N1","eggrolls;N1高频;原词性:名;音调:⓪"
"控え室","ひかえしつ","等候室，休息室","名词","控え室で待機する","在休息室等待","N1","eggrolls;N1低频;原词性:名;音调:③②"
"更生","こうせい","更生，复兴；改过自新；废物再利用","名词/サ变动词","会社更生法","公司复兴法","N1","eggrolls;N1低频;原词性:名・自他動3;音调:⓪"
"校正","こうせい","校对，校正","サ变动词/名词","原稿を校正する","校对原稿","N1","eggrolls;N1低频;原词性:他動3・名;音调:⓪"
"構想","こうそう","构想，设想","名词/サ变动词","小説の構想を練る","构思小说","N1","eggrolls;N1中频;原词性:名・他動3;音调:⓪"
"構築","こうちく","构筑，构建","サ变动词/名词","システムを構築する","构建系统","N1","eggrolls;N1高频;原词性:他動3・名;音调:⓪"
"行き届く","いきとどく","周到，无微不至","动词/自动词/五段动词","行き届いたサービス","细致周到的服务","N1","eggrolls;N1中频;原词性:自動1;音调:④"
"行く手","ゆくて","去处，前方，前途","名词","岩壁が行く手をはばむ","岩壁阻挡了去路","N1","eggrolls;N1低频;原词性:名;音调:⓪③"
"講読","こうどく","讲解","名词/サ变动词","源氏物語講読会","源氏物语讲解会","N1","eggrolls;N1低频;原词性:名・他動3;音调:⓪"
"高々","たかだか","高高地；高声地；顶多","副词","高々と旗を掲げる","高高举起旗帜","N1","eggrolls;N1低频;原词性:副;音调:②"
"高額","こうがく","高额，巨额；大额","名词/な形容词","高額な負債","高额负债","N1","eggrolls;N1高频;原词性:名・ナ形;音调:⓪"
"高揚","こうよう","高昂","名词/サ变动词","士気が高揚する","士气高昂","N1","eggrolls;N1低频;原词性:名・自他動3;音调:⓪"
"克明","こくめい","细致，详细","な形容词","克明に記す","详细记录","N1","eggrolls;N1中频;原词性:ナ形;音调:⓪②"
"困惑","こんわく","困惑，不知所措","名词/サ变动词","質問に困惑する","面对提问不知所措","N1","eggrolls;N1低频;原词性:名・自動3;音调:⓪"
"根源","こんげん","根源","名词","問題の根源を探る","探究问题的根源","N1","eggrolls;N1高频;原词性:名;音调:③⓪"
"差異","さい","差异，不同之处","名词","文化の差異","文化差异","N1","eggrolls;N1中频;原词性:名;音调:①"
"査定","さてい","评估，评定","名词/サ变动词","中古車の値段を査定する","评估二手车的价格","N1","eggrolls;N1低频;原词性:名・他動3;音调:⓪"
"彩り","いろどり","彩色，着色；配色，色彩搭配；情趣，趣味","名词","彩りを施す","增添色彩","N1","eggrolls;N1中频;原词性:名;音调:④⓪"
"採取","さいしゅ","采集，选取，提取","名词/サ变动词","指紋を採取する","采集指纹","N1","eggrolls;N1中频;原词性:名・他動3;音调:①⓪"
"歳月","さいげつ","岁月，年月","名词","歳月を重ねる","日积月累","N1","eggrolls;N1低频;原词性:名;音调:①"
"細心","さいしん","细心，小心谨慎","名词/な形容词","細心の注意を払う","小心谨慎","N1","eggrolls;N1低频;原词性:名・ナ形;音调:⓪"
"細分","さいぶん","细分，详细划分","サ变动词/名词","業務を細分化する","将业务细分化","N1","eggrolls;N1中频;原词性:他動3・名;音调:⓪"
"財","ざい","财产，财富；财宝","名词","財を成す","发财","N1","eggrolls;N1中频;原词性:名;音调:①"
"作動","さどう","（机械装置）工作，发动","名词/サ变动词","エンジンが作動しない","引擎不能发动","N1","eggrolls;N1中频;原词性:名・自動3;音调:⓪"
"擦り切れる","すりきれる","磨损，磨破","动词/自动词/一段动词","ズボンの裾が擦り切れた","裤脚磨破了","N1","eggrolls;N1低频;原词性:自動2;音调:④⓪"
"雑貨","ざっか","杂货","名词","輸入雑貨","进口杂货","N1","eggrolls;N1低频;原词性:名;音调:⓪"
"雑踏","ざっとう","拥挤（的人群）","名词/サ变动词","雑踏に紛れる","混入拥挤的人群","N1","eggrolls;N1低频;原词性:名・自動3;音调:⓪"
"さらす","さらす","暴晒；暴露于","动词/他动词/五段动词","肌を日光にさらす","皮肤暴露在阳光下","N1","eggrolls;N1高频;原词性:他動1;音调:⓪"
"山積","さんせき","堆积如山","名词/サ变动词","問題が山積している","问题堆积如山","N1","eggrolls;N1低频;原词性:名・自動3;音调:⓪"
"仕掛け","しかけ","开始做，做到一半；装置，机关","名词","仕掛けの仕事","还未做完的工作","N1","eggrolls;N1中频;原词性:名;音调:⓪"
"仕業","しわざ","勾当，捣鬼","名词","この落書きは近所の子どもの仕業だ","这个涂鸦是附近小孩捣的鬼","N1","eggrolls;N1中频;原词性:名;音调:⓪"
"仕込む","しこむ","训练，指导；（饭店、商店）进货；酿造","动词/他动词/五段动词","娘に行儀作法を仕込む","教给女儿礼节","N1","eggrolls;N1低频;原词性:他動1;音调:②"
"仕分け","しわけ","区分，分类","名词/サ变动词","作業の仕分け","工作分类","N1","eggrolls;N1中频;原词性:名・他動3;音调:⓪"
"仕返し","しかえし","报复；重做","名词/サ变动词","てひどい仕返しを受ける","遭到惨烈的报复","N1","eggrolls;N1低频;原词性:名・自動3;音调:⓪"
"市議会","しぎかい","市议会","名词","市議会議員","市议会议员","N1","eggrolls;N1低频;原词性:名;音调:②"
"志願","しがん","志愿，报名，申请","名词/サ变动词","ボランティアを志願する","申请做志愿者","N1","eggrolls;N1中频;原词性:名・自他動3;音调:①"
"思い詰める","おもいつめる","钻牛角尖，想不开","动词/自他动词/一段动词","そんなに思い詰めるなよ","别那样想不开","N1","eggrolls;N1低频;原词性:自他動2;音调:⑤"
"思い上がる","おもいあがる","骄傲自大","动词/自动词/五段动词","思い上がった態度","自以为是的态度","N1","eggrolls;N1中频;原词性:自動1;音调:⑤"
"思い入れ","おもいいれ","对某事有很深的感情；沉思的表情","名词","作者の思い入れが感じられる大作","可以感受到作者情感投入的巨作","N1","eggrolls;N1中频;原词性:名;音调:⓪"
"思い悩む","おもいなやむ","苦恼，发愁，伤脑筋","动词/自动词/五段动词","将来のことで思い悩んでいる","为将来的事感到苦恼","N1","eggrolls;N1中频;原词性:自動1;音调:⑤⓪"
"思索","しさく","思考，思索","名词/サ变动词","思索に耽る","冥思苦想","N1","eggrolls;N1中频;原词性:名・自他動3;音调:⓪"
"思春期","ししゅんき","青春期","名词","思春期の少女","青春期的少女","N1","eggrolls;N1中频;原词性:名;音调:②"
"指向","しこう","指向，面向","サ变动词/名词","性的指向","性取向","N1","eggrolls;N1低频;原词性:他動3・名;音调:⓪"
"指数","しすう","（经济、数学上的）指数","名词","物価指数","物价指数","N1","eggrolls;N1低频;原词性:名;音调:②"
"支障","ししょう","障碍","名词","支障なく通行する","通行无阻","N1","eggrolls;N1高频;原词性:名;音调:⓪"
"死後","しご","死后","名词","死後の世界はどうなっているのだろうか","死后的世界会是怎样的呢","N1","eggrolls;N1中频;原词性:名;音调:①"
"死滅","しめつ","死绝，灭绝，绝种","名词/サ变动词","死滅した古生物","已灭绝的古生物","N1","eggrolls;N1低频;原词性:名・自動3;音调:⓪"
"私的","してき","私人的，个人的","な形容词","私的な問題","私人问题","N1","eggrolls;N1高频;原词性:ナ形;音调:⓪"
"紫外線","しがいせん","紫外线","名词","紫外線で殺菌する","用紫外线杀菌","N1","eggrolls;N1低频;原词性:名;音调:⓪"
"試練","しれん","锻炼，考验","名词","厳しい試練を受ける","接受严峻的考验","N1","eggrolls;N1低频;原词性:名;音调:①⓪"
"歯止め","はどめ","车闸；煞住","名词","歯止めをかける","关闸；刹车","N1","eggrolls;N1中频;原词性:名;音调:⓪③"
"事象","じしょう","事态，现象","名词","社会的事象","社会现象","N1","eggrolls;N1高频;原词性:名;音调:⓪"
"似たり寄ったり","にたりよったり","半斤八两，大同小异","名词/な形容词","どちらにしても似たり寄ったりだ","每一个都大同小异","N1","eggrolls;N1低频;原词性:名・ナ形;音调:②+③、④"
"字体","じたい","字体","名词","この字体は読みやすい","这种字体很容易阅读","N1","eggrolls;N1低频;原词性:名;音调:⓪"
"持ちかける","もちかける","提出话题，倡议","动词/他动词/一段动词","彼に相談を持ちかける","找他商量","N1","eggrolls;N1低频;原词性:他動2;音调:④⓪"
"持て余す","もてあます","难于处理，无法对付","动词/他动词/五段动词","子どもを持て余す","面对孩子束手无策；管教无方","N1","eggrolls;N1中频;原词性:他動1;音调:④⓪"
"時代遅れ","じだいおくれ","过时，落伍","な形容词/名词","その考え方はもう時代遅れだ","那种思维方式已经过时了","N1","eggrolls;N1中频;原词性:ナ形・名;音调:④"
"自国","じこく","本国","名词","自国の文化を大切にする","重视自己国家的文化","N1","eggrolls;N1中频;原词性:名;音调:①⓪"
"自粛","じしゅく","自慎，自我约束","名词/サ变动词","コンビニが深夜の営業を自粛する","便利店主动停止深夜营业","N1","eggrolls;N1低频;原词性:名・他動3;音调:⓪"
"自制","じせい","自制，自我克制","名词/サ变动词","感情を自制する","控制情绪","N1","eggrolls;N1低频;原词性:名・自他動3;音调:⓪"
"軸","じく","轴，中心","名词","対称軸","对称轴","N1","eggrolls;N1高频;原词性:名;音调:②"
"実況","じっきょう","实况","名词","実況中継","实况转播","N1","eggrolls;N1低频;原词性:名;音调:⓪"
"実在","じつざい","实际存在","名词/サ变动词","実在の人物","现实中的人物","N1","eggrolls;N1高频;原词性:名・自動3;音调:⓪"
"煮詰める","につめる","把……煮得没有水分；使（问题）接近解决，使（讨论、计划等）进入最后阶段","动词/他动词/一段动词","マメをとろ火でゆっくり煮詰める","用文火慢慢把豆子煮干","N1","eggrolls;N1中频;原词性:他動2;音调:③"
"遮断","しゃだん","切断，阻隔","名词/サ变动词","逃げ道を遮断する","切断逃路","N1","eggrolls;N1中频;原词性:名・他動3;音调:⓪"
"邪悪","じゃあく","邪恶","な形容词/名词","邪悪な心","邪恶的心","N1","eggrolls;N1低频;原词性:ナ形・名;音调:⓪"
"釈明","しゃくめい","阐明，说明，申明，辩解","名词/サ变动词","疑惑について釈明する","针对疑惑进行说明","N1","eggrolls;N1中频;原词性:名・自他動3;音调:⓪"
"弱音","よわね","泄气的话","名词","弱音を吐く","说泄气话；示弱","N1","eggrolls;N1低频;原词性:名;音调:⓪②"
"弱肉強食","じゃくにくきょうしょく","弱肉强食","名词","弱肉強食の社会","弱肉强食的社会","N1","eggrolls;N1低频;原词性:名;音调:⓪+⓪"
"主演","しゅえん","主演，主角","名词/サ变动词","彼女は映画で主演を務める","她在电影中担任主演","N1","eggrolls;N1中频;原词性:名・自動3;音调:⓪"
"主旨","しゅし","主旨，中心思想","名词","主旨がはっきりしない演説","主旨不明确的演讲","N1","eggrolls;N1低频;原词性:名;音调:①"
"主体性","しゅたいせい","自主性；主体性","名词","個人の主体性を尊重する","尊重个人的自主性","N1","eggrolls;N1中频;原词性:名;音调:⓪"
"取りやめる","とりやめる","停止，中止，取消","动词/他动词/一段动词","風雨が強いので出航を取りやめる","因大风大雨取消航行","N1","eggrolls;N1低频;原词性:他動2;音调:④⓪"
"取り立てて","とりたてて","（并不）值得一提","副词","取り立てて説明するまでもない","没必要特别说明","N1","eggrolls;N1中频;原词性:副;音调:⓪"
"取り立てる","とりたてる","催收，强征；提拔；特别列举","动词/他动词/一段动词","税金を取り立てる","征税","N1","eggrolls;N1中频;原词性:他動2;音调:④⓪"
"手がける","てがける","亲自负责，亲自培养","动词/他动词/一段动词","これまで手がけてきた製品","一直以来亲自负责的产品","N1","eggrolls;N1高频;原词性:他動2;音调:③"
"手先","てさき","手指尖；手下，爪牙","名词","器用な手先","灵巧的手指","N1","eggrolls;N1低频;原词性:名;音调:③"
"殊更","ことさら","特别；故意","副词","今年の冬は殊更寒い","今年的冬天特别冷","N1","eggrolls;N1低频;原词性:副;音调:⓪"
"種子","しゅし","种子","名词","草花の種子を採取する","采集花草的种子","N1","eggrolls;N1低频;原词性:名;音调:①"
"受け答え","うけこたえ","应答，对答，应付","名词/サ变动词","きちんと受け答えする","认真回应","N1","eggrolls;N1低频;原词性:名・自動3;音调:⓪"
"受注","じゅちゅう","接受订货","名词/サ变动词","受注して生産する","接受订单后生产","N1","eggrolls;N1中频;原词性:名・他動3;音调:⓪"
"収束","しゅうそく","平息，得到解决","名词/サ变动词","事態の収束を図る","谋求事态的平息","N1","eggrolls;N1中频;原词性:名・自他動3;音调:⓪"
"就任","しゅうにん","就任","名词/サ变动词","社長に就任する","就任社长","N1","eggrolls;N1中频;原词性:名・自動3;音调:⓪"
"修業","しゅぎょう","学习（技能），钻研","名词/サ变动词","一流のデザイナーを目指して、修業を積む","为了成为一流设计师而不断学习","N1","eggrolls;N1中频;原词性:名・自他動3;音调:⓪"
"修士","しゅうし","硕士","名词","修士課程","硕士课程","N1","eggrolls;N1中频;原词性:名;音调:①"
"修復","しゅうふく","修复","名词/サ变动词","友好関係を修復する","修复友好关系","N1","eggrolls;N1中频;原词性:名・他動3;音调:⓪"
"終止","しゅうし","终止","名词/サ变动词","終止符","句号；（事物的）终结","N1","eggrolls;N1中频;原词性:名・自動3;音调:⓪"
"終止符","しゅうしふ","（英文）句点，句号；结局","名词","終止符を打つ","画上句号；结束","N1","eggrolls;N1中频;原词性:名;音调:③"
"終息","しゅうそく","停息，结束","名词/サ变动词","戦争が終息する","战争结束","N1","eggrolls;N1低频;原词性:名・自動3;音调:⓪"
"集い","つどい","聚会，集会","名词","名曲鑑賞の集い","名曲鉴赏会","N1","eggrolls;N1低频;原词性:名;音调:②⓪"
"集大成","しゅうたいせい","集大成，汇集","名词/サ变动词","長年研究成果の集大成","多年研究成果的集大成","N1","eggrolls;N1低频;原词性:名・他動3;音调:③"
"住人","じゅうにん","居民","名词","この地の住人となって3年になる","住在当地已经三年了","N1","eggrolls;N1低频;原词性:名;音调:⓪"
"充足","じゅうそく","充足；补充","名词/サ变动词","資源が充足する","资源充足","N1","eggrolls;N1中频;原词性:名・自他動3;音调:⓪"
"従属","じゅうぞく","从属，附属","名词/サ变动词","大国に従属する","从属于大国","N1","eggrolls;N1低频;原词性:名・自動3;音调:⓪"
"渋み","しぶみ","涩味；（带有古朴味道的）优雅沉着","名词","渋みの強い煎茶","涩味浓厚的煎茶","N1","eggrolls;N1低频;原词性:名;音调:③"
"重圧","じゅうあつ","沉重的压力","名词","職責の重圧に耐える","承受职责的重压","N1","eggrolls;N1低频;原词性:名;音调:⓪"
"重厚","じゅうこう","（性格等）沉着，庄重","な形容词/名词","重厚な人柄","为人稳重","N1","eggrolls;N1低频;原词性:ナ形・名;音调:⓪"
"重心","じゅうしん","重心，平衡","名词","重心を失う","失去平衡","N1","eggrolls;N1低频;原词性:名;音调:⓪"
"熟慮","じゅくりょ","深思熟虑","サ变动词/名词","熟慮の末に決断を下す","经过深思熟虑后做出决定","N1","eggrolls;N1中频;原词性:他動3・名;音调:①"
"出題","しゅつだい","出题","名词/サ变动词","過去出題された問題","过去考过的题目","N1","eggrolls;N1低频;原词性:名・自他動3;音调:⓪"
"出番","でばん","值班；出场（做某事）","名词","あすは私の出番だ","明天轮到我值班","N1","eggrolls;N1中频;原词性:名;音调:⓪②"
"瞬時","しゅんじ","瞬间","名词","瞬時の出来事","转瞬间发生的事","N1","eggrolls;N1高频;原词性:名;音调:①"
"順応","じゅんのう","顺应，适应","名词/サ变动词","環境に順応する","适应环境","N1","eggrolls;N1中频;原词性:名・自動3;音调:⓪"
"もろもろ","もろもろ","诸多，许多","名词","もろもろの事情を考慮する","考虑各种情况","N1","eggrolls;N1高频;原词性:名;音调:⓪"
"助長","じょちょう","助长，促进","サ变动词/名词","過剰な賞賛が怠惰を助長する","过度的赞扬会助长懒惰","N1","eggrolls;N1中频;原词性:他動3・名;音调:⓪"
"小心","しょうしん","小心眼，胆小；小心谨慎","な形容词/名词","小心者","胆小鬼","N1","eggrolls;N1低频;原词性:ナ形・名;音调:③⓪"
"小路","こうじ","小巷，胡同","名词","袋小路","死胡同","N1","eggrolls;N1低频;原词性:名;音调:①⓪"
"消え去る","きえさる","消失","动词/自动词/五段动词","彼女の姿が徐々に霧の中に消え去る","她的身影渐渐消失在雾中","N1","eggrolls;N1低频;原词性:自動1;音调:③"
"照会","しょうかい","询问，查询","名词/サ变动词","残高を照会する","查询余额","N1","eggrolls;N1低频;原词性:名・他動3;音调:⓪"
"衝動","しょうどう","冲动","名词","衝動を抑制する","抑制冲动","N1","eggrolls;N1高频;原词性:名;音调:⓪"
"上書き","うわがき","写在上面；（电脑用语）覆盖","名词/サ变动词","手紙の上書きをする","在信封上写上收信人姓名和住址","N1","eggrolls;N1低频;原词性:名・他動3;音调:⓪"
"上陸","じょうりく","登陆","名词/サ变动词","台風が沖縄に上陸する","台风登陆冲绳","N1","eggrolls;N1低频;原词性:名・自動3;音调:⓪"
"乗り気","のりき","起劲，感兴趣","な形容词/名词","彼は今日の計画に乗り気ではない","他对今天的计划不太感兴趣","N1","eggrolls;N1低频;原词性:ナ形・名;音调:⓪"
"乗り出す","のりだす","乘（车船等）出去；着手；探出","动词/自他动词/五段动词","大海に乗り出す","出海","N1","eggrolls;N1高频;原词性:自他動1;音调:③"
"場当たり","ばあたり","即兴；权宜","名词/な形容词","場当たり演説","即席演说","N1","eggrolls;N1低频;原词性:名・ナ形;音调:②⓪"
"拭き取る","ふきとる","擦拭，擦掉","动词/他动词/五段动词","テーブルの上の水を雑巾で拭き取る","用抹布擦干净桌上的水","N1","eggrolls;N1低频;原词性:他動1;音调:③"
"植木鉢","うえきばち","花盆","名词","新しい花を植木鉢に植えた","在花盆里种了新花","N1","eggrolls;N1低频;原词性:名;音调:③"
"色とりどり","いろとりどり","五彩缤纷；形形色色","名词/な形容词","庭には色とりどりの花が咲いている","庭院里开满了五颜六色的花","N1","eggrolls;N1中频;原词性:名・ナ形;音调:④"
"色気","いろけ","色泽；性诱惑力，春心；风趣","名词","服の色気がいい","衣服的色调好","N1","eggrolls;N1低频;原词性:名;音调:③"
"色合い","いろあい","色调；色彩","名词","色合いといい柄といい申し分ない","无论颜色花样都无可挑剔","N1","eggrolls;N1高频;原词性:名;音调:⓪"
"触発","しょくはつ","受到刺激（而去做某事）","名词/サ变动词","山田先生に触発されて画家の道を志した","受到山田老师的启发，立志成为画家","N1","eggrolls;N1中频;原词性:名・自他動3;音调:⓪"
"食い止める","くいとめる","防止，阻止，控制住（情况的发展或扩大）","动词/他动词/一段动词","インフルエンザの蔓延を食い止める","防止流感蔓延","N1","eggrolls;N1高频;原词性:他動2;音调:④⓪"
"心外","しんがい","（对方的行为或事情的结果出乎意料而感到）遗憾，意外","名词","疑われるとは心外だ","被怀疑让我感到意外和难以接受","N1","eggrolls;N1低频;原词性:名;音调:⓪"
"心地よい","ここちよい","惬意的，舒适的","い形容词","心地よい春風","舒适的春风","N1","eggrolls;N1高频;原词性:イ形;音调:④"
"新奇","しんき","新奇事物","な形容词/名词","新奇を追う","追求新奇","N1","eggrolls;N1低频;原词性:ナ形・名;音调:①"
"浸る","ひたる","浸；沉迷","动词/自动词/五段动词","畑が水に浸る","田地被水淹没","N1","eggrolls;N1中频;原词性:自動1;音调:⓪②"
"深化","しんか","深化，加深","名词/サ变动词","解釈を深化する","深入解说","N1","eggrolls;N1低频;原词性:名・自他動3;音调:①"
"真偽","しんぎ","真伪","名词","真偽をただす","辨别真伪","N1","eggrolls;N1低频;原词性:名;音调:①"
"真上","まうえ","正上方","名词","真上から照りつける太陽","阳光当头照射","N1","eggrolls;N1低频;原词性:名;音调:③"
"真正面","ましょうめん","正对面","名词","家の真正面にデパートがある","家对面有个百货商店","N1","eggrolls;N1低频;原词性:名;音调:②④"
"神経質","しんけいしつ","神经质，过分在意","名词/な形容词","人の評価に神経質になる","过分在意别人的评价","N1","eggrolls;N1中频;原词性:名・ナ形;音调:③"
"親近感","しんきんかん","亲切感","名词","親近感を覚える","感到亲切","N1","eggrolls;N1中频;原词性:名;音调:③"
"親心","おやごころ","父母心；父母般的关怀","名词","子を思う親心は一つ","父母疼爱子女的心都是一样的","N1","eggrolls;N1中频;原词性:名;音调:③"
"親方","おやかた","老板，工头，师傅","名词","親方に仕事を教わる","向师傅学习工作","N1","eggrolls;N1低频;原词性:名;音调:③④⓪"
"親密","しんみつ","亲密，密切","名词/な形容词","親密な関係","亲密的关系","N1","eggrolls;N1中频;原词性:名・ナ形;音调:⓪"
"人並み","ひとなみ","普通，寻常","名词/な形容词","人並みな生活","普通的生活","N1","eggrolls;N1高频;原词性:名・ナ形;音调:⓪"
"塵","ちり","灰尘，污垢，垃圾；少许，丝毫（不）","名词","塵を払う","拂去灰尘","N1","eggrolls;N1低频;原词性:名;音调:⓪"
"尽力","じんりょく","尽力，努力","名词/サ变动词","会社のために尽力する","为公司尽心尽力","N1","eggrolls;N1低频;原词性:名・自動3;音调:①⓪"
"推理","すいり","推理，推断","名词/サ变动词","推理小説を読むのが好き","喜欢读推理小说","N1","eggrolls;N1高频;原词性:名・他動3;音调:①"
"水深","すいしん","水深","名词","水深20メートルの湖","水深20米的湖","N1","eggrolls;N1低频;原词性:名;音调:⓪"
"水槽","すいそう","水槽；鱼缸","名词","防火用水槽","消防用水槽","N1","eggrolls;N1低频;原词性:名;音调:⓪"
"雛","ひな","雏鸟；（三月三日女儿节陈列的）古装玩偶；小而可爱","名词/造语成分","カナリアの雛が孵る","金丝雀的雏鸟孵化了","N1","eggrolls;N1中频;原词性:名・造;音调:①"
"据え置き","すえおき","（价格）不变动；搁置；（存款、债券等）冻结","名词","小売価格は据え置きにする","零售价格不变动","N1","eggrolls;N1低频;原词性:名;音调:⓪"
"寸前","すんぜん","（前接名词）迫在眉睫；临近","名词","衝突寸前にかろうじて止まった","眼看就要撞上了，才停了下来","N1","eggrolls;N1低频;原词性:名;音调:⓪"
"性急","せいきゅう","性急，急躁","名词/な形容词","性急に作業を進める","急躁冒进地开展工作","N1","eggrolls;N1低频;原词性:名・ナ形;音调:⓪"
"成り行き","なりゆき","趋势，推移","名词","成り行きに任せる","顺其自然","N1","eggrolls;N1低频;原词性:名;音调:⓪"
"成員","せいいん","成员","名词","このプロジェクトの成員は10人です","这个项目有十名成员","N1","eggrolls;N1低频;原词性:名;音调:⓪"
"成就","じょうじゅ","成就，实现","名词/サ变动词","悲願が成就する","夙愿实现","N1","eggrolls;N1低频;原词性:名・自他動3;音调:①"
"政策","せいさく","政策","名词","その政策は経済成長を目的としている","那个政策旨在促进经济增长","N1","eggrolls;N1高频;原词性:名;音调:⓪"
"晴らす","はらす","消除；雪除","动词/他动词/五段动词","うっぷんを晴らす","泄愤","N1","eggrolls;N1低频;原词性:他動1;音调:②"
"晴れ渡る","はれわたる","完全放晴","动词/自动词/五段动词","晴れ渡った青空","万里无云的晴空","N1","eggrolls;N1低频;原词性:自動1;音调:④⓪"
"生々しい","なまなましい","非常新，生动，鲜明，逼真","い形容词","生々しい記憶","鲜明的记忆","N1","eggrolls;N1低频;原词性:イ形;音调:⑤"
"生動","せいどう","生动，栩栩如生","名词/サ变动词","生動感のある彫像","栩栩如生的雕像","N1","eggrolls;N1中频;原词性:名・自動3;音调:⓪"
"盛り付け","もりつけ","装盘摆设","名词","料理の盛り付けに気を配る","在料理的装盘摆设方面花心思","N1","eggrolls;N1低频;原词性:名;音调:⓪"
"精算","せいさん","细算；补（票）","名词/サ变动词","乗り越した分の切符を精算する","补坐过站的票","N1","eggrolls;N1低频;原词性:名・他動3;音调:⓪"
"精度","せいど","精度","名词","精度が高い・悪い","精度高/差","N1","eggrolls;N1中频;原词性:名;音调:①"
"精力","せいりょく","精力","名词","精力的に仕事をする","精力充沛地工作","N1","eggrolls;N1低频;原词性:名;音调:①"
"請け負う","うけおう","承包（工程等）","动词/他动词/五段动词","ビルの建設を請け負う","承包大楼的建设工程","N1","eggrolls;N1中频;原词性:他動1;音调:③⓪"
"積み木","つみき","积木","名词","子どもが積み木で遊んでいる","孩子们在玩积木","N1","eggrolls;N1低频;原词性:名;音调:⓪"
"積み立てる","つみたてる","积攒，积累","动词/他动词/一段动词","旅行の費用を積み立てる","攒旅行费用","N1","eggrolls;N1低频;原词性:他動2;音调:④"
"跡地","あとち","旧地皮，旧址","名词","工場の跡地が公園になった","工厂的旧址变成了公园","N1","eggrolls;N1中频;原词性:名;音调:⓪②"
"切り抜ける","きりぬける","杀出，突围；摆脱，逃脱，闯过","动词/他动词/一段动词","単身敵の陣中を切り抜ける","单枪匹马杀出敌阵","N1","eggrolls;N1高频;原词性:他動2;音调:④⓪"
"切り離す","きりはなす","割开，断开","动词/他动词/五段动词","政治と宗教を切り離す","政教分离","N1","eggrolls;N1中频;原词性:他動1;音调:④⓪"
"切望","せつぼう","切盼，殷切期望","名词/サ变动词","帰国を切望する","渴望回国","N1","eggrolls;N1中频;原词性:名・他動3;音调:⓪"
"接点","せってん","交接点；相同处","名词","二つの文化の接点","两种文化的共同点","N1","eggrolls;N1中频;原词性:名;音调:①"
"摂取","せっしゅ","摄取，吸收","名词/サ变动词","栄養を摂取する","摄取营养","N1","eggrolls;N1高频;原词性:名・他動3;音调:①⓪"
"折","おり","时机；时候","名词","折を見て","找时机","N1","eggrolls;N1中频;原词性:名;音调:②"
"説く","とく","说明","动词/他动词/五段动词","原理を説く","说明原理","N1","eggrolls;N1高频;原词性:他動1;音调:①"
"絶妙","ぜつみょう","绝妙，高超","な形容词/名词","絶妙な演技","精湛的演技","N1","eggrolls;N1低频;原词性:ナ形・名;音调:⓪"
"せみ","せみ","蝉","名词","夏の日にセミが鳴いている","夏日里蝉鸣声声","N1","eggrolls;N1低频;原词性:名;音调:⓪"
"先だって","せんだって","前几天，前些日子","名词/副词","先だっての晩、知らせが届いた","前几天晚上消息传来了","N1","eggrolls;N1低频;原词性:名・副;音调:⓪⑤"
"先述","せんじゅつ","前述，上述","サ变动词/名词","先述の通り、計画を変更する必要がある","正如先前所述，需要更改计划","N1","eggrolls;N1低频;原词性:他動3・名;音调:⓪"
"先走る","さきばしる","出风头，贸然行事","动词/自动词/五段动词","先走った行動はやめろ","别贸然行事！","N1","eggrolls;N1低频;原词性:自動1;音调:④"
"先導","せんどう","先导，带路","サ变动词/名词","案内者が先導する","向导带路","N1","eggrolls;N1低频;原词性:他動3・名;音调:⓪"
"先方","せんぽう","对方","名词","先方の意向を聞く","询问对方的意向","N1","eggrolls;N1高频;原词性:名;音调:⓪"
"戦前","せんぜん","（特指第二次世界大战之前）战前","名词","戦前の日本は異なる文化を持っていた","战前的日本拥有不同的文化","N1","eggrolls;N1低频;原词性:名;音调:⓪"
"浅はか","あさはか","肤浅，浅薄","な形容词","浅はかな考え","肤浅的想法","N1","eggrolls;N1低频;原词性:ナ形;音调:②"
"潜水","せんすい","潜水","名词/サ变动词","潜水して湖底を探る","潜入水中探索湖底","N1","eggrolls;N1低频;原词性:名・自動3;音调:⓪"
"素振り","そぶり","神态、举止中表现出来的样子","名词","冷たい素振りを見せる","给人一副冷漠的样子","N1","eggrolls;N1中频;原词性:名;音调:①⓪"
"操縦","そうじゅう","驾驶；操纵","名词/サ变动词","飛行機を操縦する","驾驶飞机","N1","eggrolls;N1低频;原词性:名・他動3;音调:⓪"
"相手取る","あいてどる","以……为对手争执，（特指）起诉……","动词/他动词/五段动词","国を相手取って訴訟を起こす","起诉国家","N1","eggrolls;N1低频;原词性:他動1;音调:④"
"総じて","そうじて","总的来说","副词","今年の売上げは総じて伸びている","总的来说，今年的营业额在增长","N1","eggrolls;N1低频;原词性:副;音调:⓪①"
"増殖","ぞうしょく","增殖，繁殖","名词/サ变动词","細菌が速く増殖する","细菌快速繁殖","N1","eggrolls;N1高频;原词性:名・自他動3;音调:⓪"
"増税","ぞうぜい","增税","名词/サ变动词","消費税が10％に増税した","消费税增至10%","N1","eggrolls;N1中频;原词性:名・自他動3;音调:⓪"
"則る","のっとる","遵守，遵照，遵循","动词/自动词/五段动词","先例に則る","遵循先例","N1","eggrolls;N1低频;原词性:自動1;音调:③"
"即刻","そっこく","立即","副词","即刻中止にする","立即停止","N1","eggrolls;N1低频;原词性:副;音调:⓪"
"足取り","あしどり","步伐；行踪","名词","軽い足取りで歩く","用轻快的脚步走路","N1","eggrolls;N1低频;原词性:名;音调:⓪④"
"尊厳","そんげん","尊严","な形容词/名词","法の尊厳を傷つける","损害法律的尊严","N1","eggrolls;N1低频;原词性:ナ形・名;音调:⓪③"
"損ねる","そこねる","损害；（前接动词的连用形）没成功","动词/他动词/一段动词","健康を損ねる","损害健康","N1","eggrolls;N1中频;原词性:他動2;音调:③"
"損傷","そんしょう","损伤","名词/サ变动词","損傷を受ける","受损","N1","eggrolls;N1低频;原词性:名・自他動3;音调:⓪"
"村落","そんらく","村落，村庄","名词","谷間に村落がある","山谷中有村落","N1","eggrolls;N1低频;原词性:名;音调:①⓪"
"多角","たかく","多角；多方面","名词","投資の多角化","投资多元化","N1","eggrolls;N1高频;原词性:名;音调:⓪"
"多岐","たき","涉及多方面","名词/な形容词","多岐にわたる研究","涉及多方面的研究","N1","eggrolls;N1高频;原词性:名・ナ形;音调:①"
"多発","たはつ","多发","名词/サ变动词","この地域では地震が多発している","这个区域地震频发","N1","eggrolls;N1低频;原词性:名・自動3;音调:⓪"
"打ち解ける","うちとける","亲密，融洽，无隔阂","动词/自动词/一段动词","異文化に打ち解ける","融入异文化中","N1","eggrolls;N1中频;原词性:自動2;音调:⓪④"
"うってつけ","うってつけ","理想，合适，适合","な形容词","英語の講師にうってつけな人","非常适合担任英语讲师的人","N1","eggrolls;N1中频;原词性:ナ形;音调:⓪"
"打診","だしん","叩诊；打探，试探","名词/サ变动词","胸を打診する","敲诊胸部","N1","eggrolls;N1中频;原词性:名・他動3;音调:⓪"
"耐性","たいせい","（植物的耐热性、耐寒性等）抗性；（细菌的）抗药性","名词","この植物は寒さに耐性がある","这种植物有耐寒性","N1","eggrolls;N1低频;原词性:名;音调:⓪"
"待ち受ける","まちうける","（做好心理准备后）等待","动词/他动词/一段动词","新しい挑戦を待ち受ける","等待接受新的挑战","N1","eggrolls;N1低频;原词性:他動2;音调:④⓪"
"待機","たいき","待命，等待时机","名词/サ变动词","軍隊を待機させる","让军队待命","N1","eggrolls;N1低频;原词性:名・自動3;音调:①⓪"
"代行","だいこう","代行，代办","名词/サ变动词","運転を代行する","代驾","N1","eggrolls;N1中频;原词性:名・他動3;音调:⓪"
"代講","だいこう","代课","名词/サ变动词","先生が病気で、代講が入る","老师生病了，由代课教师上课","N1","eggrolls;N1低频;原词性:名・自他動3;音调:⓪"
"大がかり","おおがかり","大规模","な形容词","数年はかかる大がかりな工事","耗费数年的大型工程","N1","eggrolls;N1中频;原词性:ナ形;音调:③"
"大口","おおぐち","大宗（买卖、订单等）","名词","大口の注文","大笔订单","N1","eggrolls;N1低频;原词性:名;音调:⓪"
"大正","たいしょう","大正年号（1912年—1926年）","名词","大正時代に建てられた家","大正时代建造的房子","N1","eggrolls;N1高频;原词性:名;音调:⓪"
"大台","おおだい","（金额、数量的）大关，整数关口","名词","売上げは1億ドルの大台に乗る","营业额突破了一亿美元的大关","N1","eggrolls;N1低频;原词性:名;音调:⓪"
"大便","だいべん","大便","名词","小便","小便","N1","eggrolls;N1低频;原词性:名;音调:③"
"大粒","おおつぶ","大颗，大粒","な形容词/名词","大粒の雨が降り始めた","开始下起了大粒的雨","N1","eggrolls;N1低频;原词性:ナ形・名;音调:⓪"
"第三者","だいさんしゃ","第三者，局外人","名词","問題解決のために第三者を介入させる","为了解决问题而让第三方介入","N1","eggrolls;N1高频;原词性:名;音调:①+①"
"託す","たくす","托付，委托；托词；寄托","动词/他动词/五段动词","一本の綱に命を託す","将生命托付于一根绳索","N1","eggrolls;N1中频;原词性:他動1;音调:②"
"脱","だつ","脱离……","造语成分","脱サラ","（脱离工薪阶层）自谋职业（的人）；辞职创业","N1","eggrolls;N1低频;原词性:造"
"丹精","たんせい","精心，竭力，心血","名词/サ变动词","多年の丹精の結果","多年努力的结果","N1","eggrolls;N1低频;原词性:名・自動3;音调:①"
"単独","たんどく","单独，独自","名词","単独行動","单独行动","N1","eggrolls;N1中频;原词性:名;音调:⓪"
"探知","たんち","探知，探查","名词/サ变动词","敵艦船の位置を探知する","探查敌军军舰的位置","N1","eggrolls;N1中频;原词性:名・他動3;音调:⓪①"
"探偵","たんてい","侦探，侦查","名词/サ变动词","探偵小説","侦探小说","N1","eggrolls;N1中频;原词性:名・他動3;音调:⓪"
"たたえる","たたえる","装满；洋溢；赞扬，称赞，夸奖，表彰","动词/他动词/一段动词","目に涙をたたえる／鈴木さんに表彰状を贈り、永年の功績をたたえた","眼含泪光／向铃木先生颁发了表彰状，表彰其多年来的功绩","N1","eggrolls;N1低频;原词性:他動2;音调:③②⓪;N1高频;音调:⓪③②"
"短絡","たんらく","武断；短路","名词/サ变动词","短絡的発想","短视的想法","N1","eggrolls;N1低频;原词性:名・自他動3;音调:⓪"
"端的","たんてき","直截了当；明显，清楚","な形容词","端的に言う","直截了当地说","N1","eggrolls;N1中频;原词性:ナ形;音调:⓪"
"断ち切る","たちきる","切断；断绝","动词/他动词/五段动词","紙を二つに断ち切る","把纸切成两半","N1","eggrolls;N1中频;原词性:他動1;音调:③⓪"
"断念","だんねん","死心，放弃","名词/サ变动词","新しい企画を断念する","放弃新的企划案","N1","eggrolls;N1低频;原词性:名・他動3;音调:③"
"知覚","ちかく","（视觉、听觉、嗅觉、味觉、触觉）知觉；（通过感觉器官的作用）察觉，辨别","サ变动词/名词","知覚を失う","失去知觉","N1","eggrolls;N1高频;原词性:他動3・名;音调:⓪"
"地殻","ちかく","地壳","名词","地殻変動","地壳变动","N1","eggrolls;N1低频;原词性:名;音调:⓪"
"地形","ちけい","地形","名词","カルスト地形","喀斯特地形","N1","eggrolls;N1中频;原词性:名;音调:⓪"
"置き去り","おきざり","丢下不管","名词","妻子を置き去りにする","抛妻弃子","N1","eggrolls;N1低频;原词性:名;音调:⓪"
"着色","ちゃくしょく","着色，上颜色","名词/サ变动词","着色がはげる","上的颜色掉了","N1","eggrolls;N1中频;原词性:名・自他動3;音调:⓪"
"中枢","ちゅうすう","中枢，枢纽，关键","名词","都市の中枢","都市的中枢","N1","eggrolls;N1低频;原词性:名;音调:⓪"
"仲間入り","なかまいり","加入……的行列","名词/サ变动词","チームに仲間入りする","加入团队","N1","eggrolls;N1低频;原词性:名・自動3;音调:⓪"
"虫食い","むしくい","虫蛀","名词","虫食いだらけの本","满是虫蛀的书","N1","eggrolls;N1低频;原词性:名;音调:⓪③"
"兆候","ちょうこう","征兆，迹象","名词","回復の兆候が見える","看到了恢复的迹象","N1","eggrolls;N1低频;原词性:名;音调:⓪"
"聴衆","ちょうしゅう","听众","名词","聴衆が押しかける","听众蜂拥而至","N1","eggrolls;N1低频;原词性:名;音调:⓪"
"調達","ちょうたつ","筹措，筹备","名词/サ变动词","資金を調達する","筹集资金","N1","eggrolls;N1高频;原词性:名・他動3;音调:⓪"
"追い払う","おいはらう","轰走，驱赶，驱逐","动词/他动词/五段动词","猫を庭から追い払った","把猫从院子里赶走","N1","eggrolls;N1低频;原词性:他動1;音调:④"
"追究","ついきゅう","追求，弄清","名词/サ变动词","真理を追究する","追求真理","N1","eggrolls;N1中频;原词性:名・他動3;音调:⓪"
"痛手","いたで","重伤；沉重的打击","名词","痛手を負う","身负重伤","N1","eggrolls;N1低频;原词性:名;音调:⓪"
"通報","つうほう","通报，通知；报警","名词/サ变动词","気象通報","气象报告；天气预报","N1","eggrolls;N1低频;原词性:名・他動3;音调:⓪"
"鶴","つる","鹤，仙鹤","名词","鶴は千年亀は万年","千年仙鹤万年龟；长命百岁","N1","eggrolls;N1低频;原词性:名;音调:①"
"低迷","ていめい","低垂，弥漫；低迷，低潮","名词/サ变动词","暗雲が低迷する","乌云低垂","N1","eggrolls;N1高频;原词性:名・自動3;音调:⓪"
"呈示","ていじ","出示（证件等）","サ变动词/名词","身分証明書を呈示する","出示身份证","N1","eggrolls;N1低频;原词性:他動3・名;音调:①⓪"
"定か","さだか","确定，清楚，明确","な形容词","彼の去就はまだ定かではない","他的去向还不确定","N1","eggrolls;N1低频;原词性:ナ形;音调:①"
"定時","ていじ","定时，准时；定期","名词","定時に会社を出る","准时离开公司","N1","eggrolls;N1高频;原词性:名;音调:①"
"定職","ていしょく","稳定的工作","名词","彼はまだ定職に就いていない","他还没有找到固定的工作","N1","eggrolls;N1低频;原词性:名;音调:⓪"
"定説","ていせつ","定论","名词","その理論はもはや定説ではない","那个理论已不再是定论","N1","eggrolls;N1低频;原词性:名;音调:⓪"
"定番","ていばん","常规，固定（的商品）","名词","この曲はカラオケの定番だ","这首歌是卡拉OK的经典曲目","N1","eggrolls;N1中频;原词性:名;音调:⓪"
"ほどほど","ほどほど","适当，恰当","名词","ほどほどの返事をする","给出适当的回答","N1","eggrolls;N1中频;原词性:名;音调:⓪"
"締めつける","しめつける","用力勒紧；严加管教","动词/他动词/一段动词","両足で締めつける","用双腿夹住","N1","eggrolls;N1低频;原词性:他動2;音调:④⓪"
"締結","ていけつ","（条约、协定等）缔结，签订","名词/サ变动词","契約を締結する","签订合同","N1","eggrolls;N1低频;原词性:名・他動3;音调:⓪"
"摘出","てきしゅつ","摘除，取出；指出，摘出","名词/サ变动词","腫瘍を摘出する","摘除肿瘤","N1","eggrolls;N1低频;原词性:名・他動3;音调:⓪"
"摘発","てきはつ","揭发，检举","サ变动词/名词","不正取引を摘発する","揭露不正当的买卖","N1","eggrolls;N1低频;原词性:他動3・名;音调:⓪"
"的","まと","靶子；目标","名词","非難の的","众矢之的","N1","eggrolls;N1中频;原词性:名;音调:⓪"
"撤廃","てっぱい","取消，撤销","名词/サ变动词","制限を撤廃する","取消限制","N1","eggrolls;N1低频;原词性:名・他動3;音调:⓪"
"天体","てんたい","天体","名词","天体観測をする","进行天体观测","N1","eggrolls;N1中频;原词性:名;音调:⓪"
"天文","てんもん","天文","名词","天文学","天文学","N1","eggrolls;N1低频;原词性:名;音调:⓪"
"転化","てんか","转化，转变","名词/サ变动词","情勢の趨向は有利に転化しつつある","局势正朝着有利的方向转变","N1","eggrolls;N1中频;原词性:名・自動3;音调:①⓪"
"伝承","でんしょう","口传，代代相传","サ变动词/名词","民間伝承","民间传说","N1","eggrolls;N1中频;原词性:他動3・名;音调:⓪"
"度外視","どがいし","置之度外","名词/サ变动词","採算を度外視する","不计盈亏","N1","eggrolls;N1低频;原词性:名・他動3;音调:②"
"冬山","ふゆやま","冬天的山","名词","冬山に登るのは危険が伴う","冬天爬山有风险","N1","eggrolls;N1中频;原词性:名;音调:⓪"
"投げ出す","なげだす","扔，抛出；中途放弃；豁出去","动词/他动词/五段动词","衝突した車から投げ出される","从相撞的车辆中被抛了出去","N1","eggrolls;N1低频;原词性:他動1;音调:③⓪"
"投球","とうきゅう","投球","名词/サ变动词","全力投球","（棒球）全力投球；（工作等）全力以赴","N1","eggrolls;N1中频;原词性:名・自動3;音调:⓪"
"東南","とうなん","东南","名词","東南アジア","东南亚","N1","eggrolls;N1低频;原词性:名;音调:⓪"
"踏み越える","ふみこえる","踏过去；渡过（难关）","动词/自动词/一段动词","敷居を踏み越える","迈过门槛","N1","eggrolls;N1低频;原词性:自動2;音调:④"
"踏み入れる","ふみいれる","踏入（场所、领域）","动词/他动词/一段动词","禁止区域に踏み入れる","踏入禁区","N1","eggrolls;N1中频;原词性:他動2;音调:④"
"同然","どうぜん","几乎一样","な形容词/名词","この条件では、合意は無効同然だ","在这条件下，协议几乎等同于无效","N1","eggrolls;N1低频;原词性:ナ形・名;音调:⓪"
"同伴","どうはん","陪同，（男女）同行","名词/サ变动词","夫人同伴で日本を訪問する","偕同夫人访日","N1","eggrolls;N1中频;原词性:名・自他動3;音调:⓪"
"胴","どう","（动物的）躯体；腰身","名词","柔道では胴を投げる技がある","柔道中有投摔对方躯干的技巧","N1","eggrolls;N1低频;原词性:名;音调:①"
"道のり","みちのり","路程，距离","名词","人生の長い道のり","漫漫人生路","N1","eggrolls;N1中频;原词性:名;音调:⓪"
"道筋","みちすじ","道路；道理，条理","名词","パレードの道筋を調べる","查询游行的路线","N1","eggrolls;N1低频;原词性:名;音调:⓪"
"独学","どくがく","自学","名词/サ变动词","日本語を独学する","自学日语","N1","eggrolls;N1低频;原词性:名・他動3;音调:⓪"
"突き止める","つきとめる","追究，彻底查明（真相等）","动词/他动词/一段动词","事故の原因を突き止める","查明事故的原因","N1","eggrolls;N1高频;原词性:他動2;音调:④"
"突き出す","つきだす","伸出，探出；（迅速向前）突出，推出；扭送","动词/他动词/五段动词","窓から首を突き出す","把头伸出窗外","N1","eggrolls;N1低频;原词性:他動1;音调:③"
"突き放す","つきはなす","强行推开；冷淡对待；冷眼旁观","动词/他动词/五段动词","組みついてくる相手を突き放す","推开缠上来的对手","N1","eggrolls;N1中频;原词性:他動1;音调:④"
"難航","なんこう","难以航行；进展迟缓","名词/サ变动词","暴風雨で船が難航する","暴风雨天气导致船只难以航行","N1","eggrolls;N1中频;原词性:名・自動3;音调:⓪"
"日和","ひより","天气；晴天；形势","名词","いいお日和ですね","今天天气真好","N1","eggrolls;N1低频;原词性:名;音调:⓪"
"入荷","にゅうか","进货，到货","名词/サ变动词","新製品が入荷する","新产品到货","N1","eggrolls;N1高频;原词性:名・自他動3;音调:⓪"
"入念","にゅうねん","细心，精心，周到","名词/な形容词","試験前に入念な準備をした","考试前做了详尽的准备","N1","eggrolls;N1中频;原词性:名・ナ形;音调:⓪"
"忍ぶ","しのぶ","躲避，避开；忍受，忍耐；隐藏，潜伏","动词/自他动词/五段动词","人目を忍ぶ","避人耳目","N1","eggrolls;N1低频;原词性:自他動1;音调:②⓪"
"認知","にんち","（心理上的）认知","サ变动词/名词","標識を認知する","识别标志","N1","eggrolls;N1高频;原词性:他動3・名;音调:①⓪"
"熱湯","ねっとう","沸腾的热水，滚烫的水","名词","熱湯に手を入れて火傷した","手伸进开水中烫伤了","N1","eggrolls;N1低频;原词性:名;音调:⓪"
"熱量","ねつりょう","热量；热情的程度","名词","熱量の多い食物","高热量的食物","N1","eggrolls;N1低频;原词性:名;音调:②"
"年俸","ねんぽう","年薪","名词","年俸は500万円です","年薪500万日元","N1","eggrolls;N1低频;原词性:名;音调:⓪"
"念入り","ねんいり","周到，细致","な形容词","念入りにチェックする","仔细确认","N1","eggrolls;N1中频;原词性:ナ形;音调:⓪④"
"捻出","ねんしゅつ","筹措；想出","名词/サ变动词","何とか費用を捻出する","想办法筹措费用","N1","eggrolls;N1低频;原词性:名・他動3;音调:⓪"
"濃密","のうみつ","浓厚，浓密","な形容词","濃密な色合い","浓厚的色彩","N1","eggrolls;N1高频;原词性:ナ形;音调:⓪"
"納期","のうき","交货期","名词","納期を守る","按期交货","N1","eggrolls;N1高频;原词性:名;音调:①"
"農場","のうじょう","农场","名词","父は農場で働いている","父亲在农场工作","N1","eggrolls;N1低频;原词性:名;音调:③⓪"
"波及","はきゅう","波及","名词/サ变动词","影響が全国に波及する","影响波及全国","N1","eggrolls;N1中频;原词性:名・自動3;音调:⓪"
"破綻","はたん","破裂，失败，破产","名词/サ变动词","交渉の破綻","谈判破裂","N1","eggrolls;N1低频;原词性:名・自動3;音调:⓪"
"羽目","はめ","困境","名词","苦しい羽目に陥る","陷入（极严重）困境","N1","eggrolls;N1高频;原词性:名;音调:②"
"廃棄物","はいきぶつ","废弃物","名词","放射性廃棄物","放射性废料；核废料","N1","eggrolls;N1中频;原词性:名;音调:③"
"配付","はいふ","分配，分发（给某个固定群体）","名词/サ变动词","問題用紙を配付する","发试卷","N1","eggrolls;N1中频;原词性:名・他動3;音调:⓪①"
"培う","つちかう","培植；培养","动词/他动词/五段动词","苗木を培う","培育树苗","N1","eggrolls;N1高频;原词性:他動1;音调:③"
"拍子","ひょうし","节拍；当……","名词","拍子を合わせる","合拍子","N1","eggrolls;N1中频;原词性:名;音调:③⓪"
"薄まる","うすまる","变浅，变淡","动词/自动词/五段动词","味が薄まる","味道变淡","N1","eggrolls;N1低频;原词性:自動1;音调:③⓪"
"発育","はついく","发育，成长","名词/サ变动词","発育がよい","发育很好","N1","eggrolls;N1低频;原词性:名・自動3;音调:⓪"
"発酵","はっこう","发酵","名词/サ变动词","味噌はダイズを発酵させて作る","味噌是用大豆发酵制成的","N1","eggrolls;N1中频;原词性:名・自動3;音调:⓪"
"発注","はっちゅう","订购","名词/サ变动词","部品を発注する","订购零件","N1","eggrolls;N1中频;原词性:名・他動3;音调:⓪"
"発病","はつびょう","发病，得病","名词/サ变动词","ストレスが原因で発病する可能性がある","压力可能是发病的原因","N1","eggrolls;N1低频;原词性:名・自動3;音调:⓪"
"罰","ばつ","惩罚，处罚","名词","遅刻した罰として掃除をさせられた","作为迟到的惩罚，被要求打扫卫生","N1","eggrolls;N1低频;原词性:名;音调:①"
"抜きん出る","ぬきんでる","出类拔萃","动词/自他动词/一段动词","抜きん出た才能","出类拔萃的才华","N1","eggrolls;N1低频;原词性:自他動2;音调:④"
"抜き打ち","ぬきうち","拔刀就砍；突袭","名词","抜き打ち検査","突击检查","N1","eggrolls;N1低频;原词性:名;音调:⓪"
"抜群","ばつぐん","超群","名词/な形容词","業績が抜群だ","业绩超群","N1","eggrolls;N1高频;原词性:名・ナ形;音调:⓪"
"抜粋","ばっすい","摘录","名词/サ变动词","要点を抜粋する","摘录要点","N1","eggrolls;N1中频;原词性:名・他動3;音调:⓪"
"販路","はんろ","销路","名词","販路を広げる","拓展销路","N1","eggrolls;N1低频;原词性:名;音调:①"
"煩雑","はんざつ","繁杂，麻烦","名词/な形容词","煩雑な手続き","繁杂的手续","N1","eggrolls;N1中频;原词性:名・ナ形;音调:⓪"
"番人","ばんにん","值班人，看守人","名词","夜間には番人が学校を見回る","夜间有看门人巡视学校","N1","eggrolls;N1低频;原词性:名;音调:③"
"否めない","いなめない","不可否认的","连语","否めない事実","不可否认的事实","N1","eggrolls;N1高频;原词性:連語;音调:③"
"秘める","ひめる","隐藏，隐秘","动词/他动词/一段动词","思い出を胸に秘める","把回忆珍藏在心里","N1","eggrolls;N1高频;原词性:他動2;音调:②"
"飛躍","ひやく","跳跃；飞跃；不连贯","名词/サ变动词","科学技術は飛躍をとげた","科学技术取得了飞跃","N1","eggrolls;N1高频;原词性:名・自動3;音调:⓪"
"微生物","びせいぶつ","微生物","名词","細菌、酵母、原生動物などは微生物だ","细菌、酵母、原生动物等是微生物","N1","eggrolls;N1中频;原词性:名;音调:②"
"美化","びか","美化","サ变动词/名词","校内を美化する","美化校园","N1","eggrolls;N1中频;原词性:他動3・名;音调:①"
"必須","ひっす","必须，必要","な形容词/名词","応募者に必須の条件","申请者的必要条件","N1","eggrolls;N1高频;原词性:ナ形・名;音调:⓪①"
"必然性","ひつぜんせい","必然性","名词","必然性が感じられない","不认为有必然性","N1","eggrolls;N1低频;原词性:名;音调:⓪"
"表向き","おもてむき","表面，外表；公开","名词","表向きは笑っているが、心は悲しい","表面上在笑，内心却很悲伤","N1","eggrolls;N1低频;原词性:名;音调:⓪"
"貧富","ひんぷ","贫富","名词","貧富の差がはげしい","贫富差距悬殊","N1","eggrolls;N1中频;原词性:名;音调:①"
"不穏","ふおん","不稳定，险恶","名词/な形容词","不穏な情勢","不稳定的局势","N1","eggrolls;N1低频;原词性:名・ナ形;音调:⓪"
"不可解","ふかかい","难以理解，不可思议","名词/な形容词","不可解な問題","难以理解的问题","N1","eggrolls;N1低频;原词性:名・ナ形;音调:②"
"不慣れ","ふなれ","不习惯，不熟悉","な形容词/名词","新しい仕事に不慣れ","对新工作不熟悉","N1","eggrolls;N1低频;原词性:ナ形・名;音调:①"
"不祥事","ふしょうじ","丑闻，坏事","名词","前代未聞の不祥事","前所未闻的丑闻","N1","eggrolls;N1中频;原词性:名;音调:②"
"不信","ふしん","不相信；不诚实；没有信仰","な形容词/名词","夫に対して不信の念をいだく","对丈夫抱有不信任的想法","N1","eggrolls;N1中频;原词性:ナ形・名;音调:⓪"
"不信感","ふしんかん","不信任的感觉","名词","そのニュースは人々の間に不信感を生じさせた","那则新闻在人们中间引起了不信任感","N1","eggrolls;N1中频;原词性:名;音调:②"
"不人気","ふにんき","没有人气，不受欢迎","な形容词/名词","彼はクラスで不人気だ","他在班上不受欢迎","N1","eggrolls;N1低频;原词性:ナ形・名;音调:②"
"不本意","ふほんい","不情愿，非本意","名词/な形容词","不本意ながら謝る","不情愿地道歉","N1","eggrolls;N1低频;原词性:名・ナ形;音调:②"
"富","とみ","财富","名词","富を誇る","炫富","N1","eggrolls;N1中频;原词性:名;音调:①"
"浮き彫り","うきぼり","浮雕；刻画，使形象突出","名词","浮き彫り細工","浮雕工艺","N1","eggrolls;N1低频;原词性:名;音调:⓪"
"符合","ふごう","符合，一致","名词/サ变动词","条件に符合する","符合条件","N1","eggrolls;N1低频;原词性:名・自動3;音调:⓪"
"負荷","ふか","担，负，荷；负载","サ变动词/名词","責任を負荷する","承担责任","N1","eggrolls;N1低频;原词性:他動3・名;音调:①②"
"付加","ふか","附加","名词","契約に別項の条件を付加する","在合同中附加其他条款","N1","eggrolls;N1高频;原词性:名;音调:②①"
"部族","ぶぞく","部族，部落","名词","部族の首長","部落首领","N1","eggrolls;N1低频;原词性:名;音调:①⓪"
"風合い","ふうあい","（纺织品、纸张等的）手感和观感","名词","シルクのような風合いの布地","丝绸般质感的布料","N1","eggrolls;N1低频;原词性:名;音调:⓪"
"風俗","ふうぞく","风俗，习俗","名词","昭和初期の風俗","昭和初期的风俗","N1","eggrolls;N1低频;原词性:名;音调:①"
"伏せる","ふせる","朝下；扣，伏；不公开","动词/他动词/一段动词","目を伏せる","眼睛朝下看","N1","eggrolls;N1低频;原词性:他動2;音调:②"
"副業","ふくぎょう","副业","名词","本業の他に副業を持っている","除了本职工作外还有副业","N1","eggrolls;N1中频;原词性:名;音调:⓪"
"福利","ふくり","福利","名词","この会社は福利厚生がいい","这个公司福利好","N1","eggrolls;N1低频;原词性:名;音调:②"
"払拭","ふっしょく","彻底抹掉，消除干净","サ变动词/名词","旧弊を払拭する","革除积弊","N1","eggrolls;N1中频;原词性:他動3・名;音调:⓪"
"物件","ぶっけん","房地产；物品","名词","条件に相応しい物件を探す","寻找符合条件的房子","N1","eggrolls;N1中频;原词性:名;音调:⓪"
"分け与える","わけあたえる","分配，分发（物品等）","动词/他动词/一段动词","財産を子供たちに分け与える","将财产分给孩子们","N1","eggrolls;N1低频;原词性:他動2;音调:⑤⓪"
"憤り","いきどおり","愤怒","名词","憤りを禁じえない","抑制不住愤怒","N1","eggrolls;N1低频;原词性:名;音调:⓪⑤"
"文化財","ぶんかざい","文化遗产，文化财富","名词","この建物は国の文化財に指定されている","这座建筑被指定为国家文化遗产","N1","eggrolls;N1中频;原词性:名;音调:③⓪"
"聞きつける","ききつける","偶然听到；听惯","动词/他动词/一段动词","噂を聞きつけた","偶然听到了谣言","N1","eggrolls;N1低频;原词性:他動2;音调:④"
"平静","へいせい","平静，镇静","名词/な形容词","平静を装う","假装镇静","N1","eggrolls;N1低频;原词性:名・ナ形;音调:⓪"
"平年","へいねん","平年，普通的年份","名词","平年並みの収穫","和往年一样的收成","N1","eggrolls;N1低频;原词性:名;音调:⓪"
"弊害","へいがい","危害，弊病","名词","専制政治の弊害が現れる","专制政治的弊端显现","N1","eggrolls;N1高频;原词性:名;音调:⓪"
"並行","へいこう","并行；同时进行","名词/サ变动词","3台の車が高速道路を並行して走る","三辆汽车在高速公路上并排行驶","N1","eggrolls;N1中频;原词性:名・自動3;音调:⓪"
"閉じ込める","とじこめる","把……关在……里","动词/他动词/一段动词","彼は部屋に閉じ込められた","他被锁在房间里了","N1","eggrolls;N1低频;原词性:他動2;音调:④⓪"
"変容","へんよう","变样，面貌改观","名词/サ变动词","故郷はすっかり変容した","故乡完全变样了","N1","eggrolls;N1高频;原词性:名・自他動3;音调:⓪"
"片隅","かたすみ","一隅，一个角落","名词","部屋の片隅に古い箱が置いてある","房间的一角放着一个旧箱子","N1","eggrolls;N1低频;原词性:名;音调:③⓪"
"編成","へんせい","编成，组成","名词/サ变动词","6両編成の地下鉄","6节编组的地铁","N1","eggrolls;N1低频;原词性:名・他動3;音调:⓪"
"編著","へんちょ","编著","名词","編著者","编著者","N1","eggrolls;N1高频;原词性:名;音调:①"
"返上","へんじょう","奉还，归还","名词/サ变动词","休暇を返上して働く","放弃休假去工作","N1","eggrolls;N1中频;原词性:名・他動3;音调:⓪"
"返送","へんそう","寄回","サ变动词/名词","誤送付の書類を返送した","将误寄的文件退回","N1","eggrolls;N1中频;原词性:他動3・名;音调:⓪"
"弁護士","べんごし","律师","名词","彼は弁護士になるために勉強している","他正在为了成为一名律师而学习","N1","eggrolls;N1高频;原词性:名;音调:③"
"保温","ほおん","保温","名词/サ变动词","保温ポット","保温瓶","N1","eggrolls;N1高频;原词性:名・自他動3;音调:⓪"
"法人","ほうじん","法人","名词","NPO法人の理事長を勤めた","担任NPO法人的理事长","N1","eggrolls;N1中频;原词性:名;音调:⓪"
"芳しい","かんばしい","芳香；（不）出色","い形容词","バラの芳しい香り","玫瑰的芬芳","N1","eggrolls;N1高频;原词性:イ形;音调:④"
"褒めたたえる","ほめたたえる","极力称赞","动词/他动词/一段动词","勇敢な行動を褒めたたえる","极力称赞勇敢的举动","N1","eggrolls;N1低频;原词性:他動2;音调:⑤④⓪"
"紡ぐ","つむぐ","纺织；（将各种素材组合起来创作故事等）编织","动词/他动词/五段动词","糸を紡ぐ","纺线","N1","eggrolls;N1低频;原词性:他動1;音调:②"
"没","ぼつ","死；（投稿）不采用；没有","名词/接头词","1999年没","死于一九九九年","N1","eggrolls;N1低频;原词性:名・接頭;音调:①"
"本体","ほんたい","真相；主要部分","名词","本体がわからない","真相不明","N1","eggrolls;N1中频;原词性:名;音调:①"
"翻す","ひるがえす","翻，转，闪；挥舞，飘扬；突然改变（态度、意见等）","动词/他动词/五段动词","身を翻して逃げて行った","转身逃走了","N1","eggrolls;N1低频;原词性:他動1;音调:③"
"埋め合わせる","うめあわせる","填补，弥补","动词/他动词/一段动词","損を埋め合わせる","弥补损失","N1","eggrolls;N1低频;原词性:他動2;音调:⑤"
"万事","ばんじ","万事","名词","万事順調に運ぶ","一切顺利","N1","eggrolls;N1低频;原词性:名;音调:①"
"満たない","みたない","不满，不足","连语","参加者が50人に満たない","参加者不足五十人","N1","eggrolls;N1中频;原词性:連語;音调:②"
"満月","まんげつ","满月，圆月","名词","満月の夜","满月之夜","N1","eggrolls;N1低频;原词性:名;音调:①"
"未然","みぜん","未然","名词","事故を未然に防ぐ","防事故于未然","N1","eggrolls;N1中频;原词性:名;音调:⓪"
"無気力","むきりょく","缺乏朝气，没有精神","名词/な形容词","無気力な生活","死气沉沉的生活","N1","eggrolls;N1中频;原词性:名・ナ形;音调:②"
"無残","むざん","残酷，无情","名词/な形容词","見るも無残な光景","惨不忍睹的景象","N1","eggrolls;N1低频;原词性:名・ナ形;音调:①"
"無実","むじつ","无根据；冤枉","な形容词/名词","それは無実無根の話だ","那是凭空捏造的事","N1","eggrolls;N1中频;原词性:ナ形・名;音调:①"
"無造作","むぞうさ","简单，容易；随意，漫不经心","名词/な形容词","難事を無造作にやってのける","轻而易举地完成难事","N1","eggrolls;N1低频;原词性:名・ナ形;音调:②"
"無謀","むぼう","鲁莽，欠斟酌","名词/な形容词","無謀な計画","欠斟酌的计划","N1","eggrolls;N1中频;原词性:名・ナ形;音调:⓪"
"無防備","むぼうび","没有防备","な形容词/名词","ハイジャックに対して無防備だ","对劫机毫无防备","N1","eggrolls;N1低频;原词性:ナ形・名;音调:②"
"猛","もう","强烈……，猛烈……","造语成分","猛反対","强烈反对","N1","eggrolls;N1低频;原词性:造"
"網羅","もうら","包罗，收罗","名词/サ变动词","このサイトは最新の不動産情報を網羅している","这个网站涵盖了最新的房产信息","N1","eggrolls;N1中频;原词性:名・他動3;音调:①"
"目まぐるしい","めまぐるしい","瞬息万变的","い形容词","目まぐるしい世の中","令人目不暇接的人世间","N1","eggrolls;N1高频;原词性:イ形;音调:⑤"
"目先","めさき","眼前；当前；预见","名词","母のすがたが目先にちらつく","母亲的面貌浮现在眼前","N1","eggrolls;N1高频;原词性:名;音调:③"
"問い詰める","といつめる","逼问，追问，质问","动词/他动词/一段动词","真相を問い詰める","追问真相","N1","eggrolls;N1低频;原词性:他動2;音调:④⓪"
"諭す","さとす","（上对下）教导，告诫","动词/他动词/五段动词","二度と同じ過ちを犯さないよう諭す","告诫不要再犯同样的错误","N1","eggrolls;N1低频;原词性:他動1;音调:②⓪"
"ありよう","ありよう","样子；实情；（不）可能有","名词","子は親のありようを見て育つ","孩子会看着父母的样子成长","N1","eggrolls;N1低频;原词性:名;音调:③⓪"
"由緒","ゆいしょ","渊源，来源；显赫的来历","名词","由緒のある家柄","名门","N1","eggrolls;N1低频;原词性:名;音调:①"
"余生","よせい","余生","名词","余生を静かに過ごす","安静地度过余生","N1","eggrolls;N1低频;原词性:名;音调:①⓪"
"揺るがす","ゆるがす","摇撼，震撼","动词/他动词/五段动词","政界を揺るがす不祥事","震撼政界的丑闻","N1","eggrolls;N1低频;原词性:他動1;音调:③⓪"
"落書き","らくがき","涂鸦，乱涂乱画","名词/サ变动词","壁に落書きをする","往墙上乱涂乱画","N1","eggrolls;N1中频;原词性:名・自他動3;音调:⓪"
"落胆","らくたん","沮丧","名词/サ变动词","試験の結果に落胆する","对考试结果感到沮丧","N1","eggrolls;N1中频;原词性:名・自動3;音调:⓪"
"理念","りねん","理念，根本想法","名词","会社の理念を共有する","分享公司的理念","N1","eggrolls;N1高频;原词性:名;音调:①"
"裏腹","うらはら","正相反，表里不一","な形容词/名词","期待と裏腹の結果","事与愿违的结果","N1","eggrolls;N1中频;原词性:ナ形・名;音调:⓪"
"裏目","うらめ","骰子的背面；针织品翻过来看的针眼；事与愿违","名词","裏目に出る","适得其反，事与愿违","N1","eggrolls;N1低频;原词性:名;音调:⓪"
"率先","そっせん","率先，带头","名词/サ变动词","率先して規則を守る","率先遵守规章制度","N1","eggrolls;N1低频;原词性:名・自動3;音调:⓪"
"立ち退く","たちのく","离开；搬出","动词/自动词/五段动词","野次馬を立ち退かせる","驱散看热闹的人","N1","eggrolls;N1低频;原词性:自動1;音调:⓪③"
"立ち返る","たちかえる","返回原地","动词/自动词/五段动词","原点に立ち返る","回归原点","N1","eggrolls;N1低频;原词性:自動1;音调:③⓪"
"立体","りったい","立体","名词","立体的な画面","有立体感的画面","N1","eggrolls;N1中频;原词性:名;音调:⓪"
"かすれる","かすれる","（字迹）不清楚；（声音）沙哑","动词/自动词/一段动词","文字がかすれて読みにくい","文字模糊难以辨认","N1","eggrolls;N1中频;原词性:自動2;音调:③⓪"
"輪郭","りんかく","轮廓；概要","名词","鉛筆で輪郭をとる","用铅笔画个轮廓","N1","eggrolls;N1中频;原词性:名;音调:⓪"
"類い","たぐい","类；匹敌","名词","これは虫の類いだ","这属于虫类","N1","eggrolls;N1高频;原词性:名;音调:⓪②"
"類型","るいけい","类型","名词","この小説は新しい類型を切り開いた","这部小说开辟了新的类型","N1","eggrolls;N1低频;原词性:名;音调:⓪"
"零細","れいさい","零碎；规模小","な形容词","零細な寄付金","小额的捐款","N1","eggrolls;N1低频;原词性:ナ形;音调:⓪"
"歴然","れきぜん","明显，清楚","な形容词/ト/タル型","2人の実力は歴然としている","两个人的实力差距显而易见","N1","eggrolls;N1中频;原词性:形動トタル;音调:⓪"
"連携","れんけい","合作","名词/サ变动词","密接な連携を保つ","保持紧密合作","N1","eggrolls;N1高频;原词性:名・自動3;音调:⓪"
"連帯感","れんたいかん","凝聚力","名词","クラスの連帯感を強める","增强班级的凝聚力","N1","eggrolls;N1低频;原词性:名;音调:③"
"弄ぶ","もてあそぶ","摆弄（物品）；玩弄（感情、命运等）","动词/他动词/五段动词","髪の毛を弄ぶ","抚弄头发","N1","eggrolls;N1中频;原词性:他動1;音调:④⓪"
"老若男女","ろうにゃくなんにょ","男女老少","名词","老若男女を問わず参加できる","不管男女老少皆可参加","N1","eggrolls;N1低频;原词性:名;音调:⑤"
"論説","ろんせつ","评论，社论","サ变动词/名词","事件を論説で扱う","就事件发表社论","N1","eggrolls;N1低频;原词性:他動3・名;音调:⓪"
"和む","なごむ","平静下来，温和","动词/自动词/五段动词","音楽を聞きながら心が和む","听着音乐心情平静下来","N1","eggrolls;N1中频;原词性:自動1;音调:②"
"和らぐ","やわらぐ","缓和，变温和","动词/自动词/五段动词","寒さが和らぐ","不那么冷了","N1","eggrolls;N1高频;原词性:自動1;音调:③"
"つぼ","つぼ","罐，坛；要害，要点","名词","つぼを押さえる","抓住要点","N1","eggrolls;N1低频;原词性:名;音调:⓪"
"つぶる","つぶる","闭眼；假装不知道；死，瞑目","动词/他动词/五段动词","目をつぶって考える","闭上眼睛思考","N1","eggrolls;N1中频;原词性:他動1;音调:⓪"
"貪欲","どんよく","贪婪，贪欲","な形容词/名词","貪欲に富を追求する","贪婪地追求财富","N1","eggrolls;N1低频;原词性:ナ形・名;音调:⓪"
"眉を顰める","まゆをひそめる","紧锁眉头","成句","傍若無人の振る舞いに眉を顰める","旁若无人的举止让我不禁皱起眉头","N1","eggrolls;N1低频;原词性:成句"
"退く","しりぞく","倒退；退职","动词/自动词/五段动词","後ろに退く","向后倒退","N1","eggrolls;N1中频;原词性:自動1;音调:③"
"リモコン","リモコン","遥控器","名词","リモコンでテレビのチャンネルを変える","用遥控器调电视的频道","N1","eggrolls;N1低频;原词性:名;音调:⓪;カタカナ語"
"脅かす","おびやかす","威胁","动词/他动词/五段动词","テロは言論の自由を脅かすものである","恐怖活动威胁言论自由","N1","eggrolls;N1中频;原词性:他動1;音调:④"
"健やか","すこやか","健壮，健康，健全","な形容词","子どもが健やかに育つ","孩子茁壮地成长","N1","eggrolls;N1低频;原词性:ナ形;音调:②"
"つまむ","つまむ","捏，撮，夹；吃；摘取，摘要","动词/他动词/五段动词","はしでマメをつまむ","用筷子夹豆","N1","eggrolls;N1低频;原词性:他動1;音调:⓪"
"無難","ぶなん","没有缺点，无可非议，说得过去","な形容词/名词","この服ならまあ無難だ","这服装的话还算说得过去","N1","eggrolls;N1中频;原词性:ナ形・名;音调:⓪"
"ゆがむ","ゆがむ","（物体）歪斜；（内心）不正","动词/自动词/五段动词","ネクタイがゆがむ","领带歪了","N1","eggrolls;N1高频;原词性:自動1;音调:⓪②"
"すすぐ","すすぐ","涮，洗濯；漱口；（不好的评价）洗掉，雪除","动词/他动词/五段动词","洗濯物をよくすすぐ","把衣物好好冲洗一下","N1","eggrolls;N1低频;原词性:他動1;音调:⓪"
"脅かす","おどかす","威胁，威吓；恐吓","动词/他动词/五段动词","ピストルを突きつけて脅かす","用手枪指着进行威胁","N1","eggrolls;N1低频;原词性:他動1;音调:⓪"
"それにしても","それにしても","即使那样","接续词","高いのは承知していたが、それにしてもちょっと高すぎる","虽然我知道价格不便宜，但这也太贵了吧","N1","eggrolls;N1中频;原词性:接;音调:⑤"
"除去","じょきょ","除去，去掉，消除","サ变动词/名词","溶液中の不純物を除去する","去除溶液中的杂质","N1","eggrolls;N1高频;原词性:他動3・名;音调:①"
"録画","ろくが","录像","サ变动词/名词","子どもの運動会をビデオに録画する","用录像机录下孩子们的运动会","N1","eggrolls;N1高频;原词性:他動3・名;音调:⓪"
"音読","おんどく","朗读，诵读；按（日语）音读法读","サ变动词/名词","教科書を音読する","朗读教科书","N1","eggrolls;N1低频;原词性:他動3・名;音调:⓪"
"直営","ちょくえい","直接经营，直属","サ变动词/名词","直営店","直营店","N1","eggrolls;N1中频;原词性:他動3・名;音调:⓪"
"貸与","たいよ","借给，出借，贷与","サ变动词/名词","制服を貸与する","借发制服","N1","eggrolls;N1低频;原词性:他動3・名;音调:①"
"落葉","らくよう","落叶","名词/サ变动词","秋になり、森の木々もすっかり落葉した","入秋后，森林里的树叶全落光了","N1","eggrolls;N1低频;原词性:名・自動3;音调:⓪"
"才覚","さいかく","才智，机智；筹措","サ变动词/名词","才覚のある人","有才干的人","N1","eggrolls;N1中频;原词性:他動3・名;音调:⓪"
"対峙","たいじ","对峙，相持","名词/サ变动词","両軍が対峙する","两军对峙","N1","eggrolls;N1高频;原词性:名・自動3;音调:①"
"造形","ぞうけい","造型","名词/サ变动词","造形美術","造型美术","N1","eggrolls;N1低频;原词性:名・自他動3;音调:⓪"
"起業","きぎょう","创业","名词/サ变动词","起業家","企业家","N1","eggrolls;N1高频;原词性:名・自動3;音调:⓪"
"出荷","しゅっか","上市，运出货物","名词/サ变动词","市場に野菜を出荷する","往市场运送蔬菜","N1","eggrolls;N1高频;原词性:名・自他動3;音调:⓪"
"既存","きそん","既存，原有，现有","名词/サ变动词","既存の設備","现有的设备","N1","eggrolls;N1高频;原词性:名・自動3;音调:⓪"
"取引","とりひき","交易，贸易；交易，讨价还价","サ变动词/名词","大手企業と小麦を取引する","与大企业进行小麦交易","N1","eggrolls;N1高频;原词性:他動3・名;音调:②"
"実証","じっしょう","确凿的证据；拿事实来证明，实证","名词/サ变动词","実証をつかんでいる","掌握实证","N1","eggrolls;N1高频;原词性:名・他動3;音调:⓪"
"提起","ていき","提起，提出","名词/サ变动词","軍備縮小について問題を提起する","就裁减军备提出问题","N1","eggrolls;N1中频;原词性:名・他動3;音调:①"
"リタイア","リタイア","退休，引退；退场，弃权","名词/サ变动词","リタイアして地域活動に専念する","退休后专注于地区活动","N1","eggrolls;N1低频;原词性:名・自動3;音调:②;カタカナ語"
"黙読","もくどく","默读","サ变动词/名词","音読","朗读，诵读；按（日语）音读法读","N1","eggrolls;N1低频;原词性:他動3・名;音调:⓪"
"ディスカッション","ディスカッション","讨论","名词/サ变动词","老人介護と福祉に関するディスカッション","关于护理老人和社会福利的讨论会","N1","eggrolls;N1高频;原词性:名・自他動3;音调:③;カタカナ語"
"狩猟","しゅりょう","狩猎","名词/サ变动词","山で狩猟をする","在山上打猎","N1","eggrolls;N1中频;原词性:名・自他動3;音调:⓪"
"明示","めいじ","明示，写明","名词/サ变动词","製造日を明示する","注明生产日期","N1","eggrolls;N1高频;原词性:名・他動3;音调:⓪"
"忍耐","にんたい","忍耐","サ变动词/名词","忍耐強い","很有耐性；不屈不挠","N1","eggrolls;N1中频;原词性:他動3・名;音调:①"
"裏打ち","うらうち","衬里，裱里；（多く「裏打ちされる」の形で）从旁得到佐证","サ变动词/名词","破れた古文書の裏打ちをする","从背面把破了的旧文件裱上","N1","eggrolls;N1中频;原词性:他動3・名;音调:⓪④"
"殺菌","さっきん","杀菌，灭菌，消毒","サ变动词/名词","お湯で殺菌する","用开水杀菌","N1","eggrolls;N1高频;原词性:他動3・名;音调:⓪"
"衰弱","すいじゃく","衰弱","名词/サ变动词","体力が衰弱する","体力衰弱","N1","eggrolls;N1中频;原词性:名・自動3;音调:⓪"
"再考","さいこう","再次考虑，重新考虑","サ变动词/名词","再考を促す","催促重新考虑","N1","eggrolls;N1高频;原词性:他動3・名;音调:⓪"
"没入","ぼつにゅう","埋头，专心致志；没入，沉入","名词/サ变动词","仕事に没入する","埋头工作","N1","eggrolls;N1中频;原词性:名・自動3;音调:⓪"
"出没","しゅつぼつ","出没，出现","名词/サ变动词","最近怪しい男がこのあたりに出没している","最近有可疑男子在这附近出没","N1","eggrolls;N1中频;原词性:名・自動3;音调:⓪"
"直進","ちょくしん","一直前进，直线前进","名词/サ变动词","直進して次の曲がり角を左折する","直走，下个路口左转","N1","eggrolls;N1低频;原词性:名・自動3;音调:⓪"
"拮抗","きっこう","较量，对抗","名词/サ变动词","二大勢力が拮抗する","两大势力互相抗衡","N1","eggrolls;N1高频;原词性:名・自動3;音调:⓪"
"留意","りゅうい","留心，注意","名词/サ变动词","健康に留意する","注意健康","N1","eggrolls;N1高频;原词性:名・自動3;音调:⓪①"
"過信","かしん","过于相信","名词/サ变动词","実力を過信して失敗する","因为过于相信自己的实力而失败","N1","eggrolls;N1中频;原词性:名・他動3;音调:⓪"
"洗浄","せんじょう","洗涤，洗净","サ变动词/名词","試験管を洗浄する","清洗试管","N1","eggrolls;N1中频;原词性:他動3・名;音调:⓪"
"占有","せんゆう","占有，据有","名词/サ变动词","市場占有率","市场占有率","N1","eggrolls;N1中频;原词性:名・他動3;音调:⓪"
"固執","こしつ","坚持，固执","名词/サ变动词","自分の意見に固執する","固执己见","N1","eggrolls;N1中频;原词性:名・自他動3;音调:⓪"
"認定","にんてい","认定，认可","名词/サ变动词","労災と認定される","被认定为工伤","N1","eggrolls;N1低频;原词性:名・他動3;音调:⓪"
"愛護","あいご","爱护，保护","サ变动词/名词","動物愛護週間","保护动物周","N1","eggrolls;N1中频;原词性:他動3・名;音调:①"
"推察","すいさつ","推测，推察；体谅，谅查","サ变动词/名词","ご推察のとおりです","如您所料","N1","eggrolls;N1中频;原词性:他動3・名;音调:⓪"
"潜在","せんざい","潜在","名词/サ变动词","潜在している危険","潜在的危险","N1","eggrolls;N1中频;原词性:名・自動3;音调:⓪"
"防御","ぼうぎょ","防御","サ变动词/名词","攻撃は最大の防御なり","进攻是最好的防御","N1","eggrolls;N1中频;原词性:他動3・名;音调:①"
"集約","しゅうやく","总括，汇集，概括","サ变动词/名词","会員の意見を集約する","汇总会员的意见","N1","eggrolls;N1高频;原词性:他動3・名;音调:⓪①"
"渇望","かつぼう","渴望，切盼","サ变动词/名词","平和を渇望する","渴望和平","N1","eggrolls;N1低频;原词性:他動3・名;音调:⓪"
"攪乱","かくらん","搅乱，捣乱，扰乱","名词/サ变动词","治安を攪乱する","扰乱治安","N1","eggrolls;N1低频;原词性:名・他動3;音调:⓪"
"痙攣","けいれん","痉挛，抽搐，抽筋","名词/サ变动词","食道痙攣","食道痉挛","N1","eggrolls;N1低频;原词性:名・自動3;音调:⓪"
"複製","ふくせい","复制，仿制","名词/サ变动词","名画を複製する","复制名画","N1","eggrolls;N1中频;原词性:名・他動3;音调:⓪"
"リンク","リンク","链环；联系；链接","サ变动词/名词","週刊誌とリンクさせたテレビ番組","与周刊杂志联动的电视节目","N1","eggrolls;N1中频;原词性:他動3・名;音调:①;カタカナ語"
"隣接","りんせつ","邻接，毗连","名词/サ变动词","市街地に隣接する地域","邻近市区的地区","N1","eggrolls;N1中频;原词性:名・自動3;音调:⓪"
"復帰","ふっき","恢复（原来的地位、任务、状态等）","名词/サ变动词","病気が治って職場に復帰する","病愈重返职场","N1","eggrolls;N1高频;原词性:名・自動3;音调:⓪"
"撤去","てっきょ","撤去，撤除，拆除","サ变动词/名词","工事現場から足場を撤去する","从施工现场撤走脚手架","N1","eggrolls;N1中频;原词性:他動3・名;音调:①"
"配属","はいぞく","分配，配属","サ变动词/名词","人事課に配属される","被分配到人事课","N1","eggrolls;N1高频;原词性:他動3・名;音调:⓪"
"養殖","ようしょく","养殖","名词/サ变动词","カキを養殖する","养殖牡蛎","N1","eggrolls;N1低频;原词性:名・他動3;音调:⓪"
"面談","めんだん","面谈，面洽","名词/サ变动词","三者面談で受験校を決める","三方（老师、家长、本人）面谈决定报考学校","N1","eggrolls;N1高频;原词性:名・自動3;音调:⓪"
"売却","ばいきゃく","出售","サ变动词/名词","工場跡地を売却した","出售工厂旧址","N1","eggrolls;N1中频;原词性:他動3・名;音调:⓪"
"考案","こうあん","设计，构思","名词/サ变动词","新しいデザインを考案する","构思新的设计","N1","eggrolls;N1中频;原词性:名・他動3;音调:⓪"
"撤退","てったい","撤退，退出","名词/サ变动词","海外市場から撤退する","退出海外市场","N1","eggrolls;N1中频;原词性:名・自動3;音调:⓪"
"増員","ぞういん","增加人员","名词/サ变动词","50名を60名に増員する","把人员从五十人增加到六十人","N1","eggrolls;N1中频;原词性:名・自他動3;音调:⓪"
"同化","どうか","同化","名词/サ变动词","他民族を同化する","同化其他民族","N1","eggrolls;N1低频;原词性:名・自他動3;音调:⓪"
"転売","てんばい","转卖，倒卖","サ变动词/名词","土地の転売で儲ける","倒卖地皮赚钱","N1","eggrolls;N1低频;原词性:他動3・名;音调:⓪"
"抽出","ちゅうしゅつ","抽出，提取，提炼","サ变动词/名词","任意抽出","随机抽样","N1","eggrolls;N1中频;原词性:他動3・名;音调:⓪"
"投影","とうえい","投影；反映","名词/サ变动词","投影図","投影图","N1","eggrolls;N1中频;原词性:名・自他動3;音调:⓪"
"受理","じゅり","受理","サ变动词/名词","辞表を受理する","受理辞呈","N1","eggrolls;N1中频;原词性:他動3・名;音调:①"
"両用","りょうよう","两用","サ变动词/名词","水陸両用車","水陆两用车辆","N1","eggrolls;N1低频;原词性:他動3・名;音调:⓪"
"激動","げきどう","（政治、社会等）动荡，激荡，震荡","名词/サ变动词","激動の昭和史","动荡的昭和史","N1","eggrolls;N1中频;原词性:名・自動3;音调:⓪"
"誇示","こじ","夸示，炫耀，夸耀","名词/サ变动词","武力を誇示する","炫耀武力","N1","eggrolls;N1中频;原词性:名・他動3;音调:①"
"所蔵","しょぞう","收藏","サ变动词/名词","美術館所蔵の名画の数々","美术馆收藏的诸多名画","N1","eggrolls;N1中频;原词性:他動3・名;音调:⓪"
"浸透","しんとう","渗透，渗入","名词/サ变动词","雨水が地面に浸透する","雨水渗入地里","N1","eggrolls;N1高频;原词性:名・自動3;音调:⓪"
"献身","けんしん","献身，舍己，忘我","名词/サ变动词","社会事業に献身する","献身于社会事业","N1","eggrolls;N1中频;原词性:名・自動3;音调:⓪"
"直撃","ちょくげき","直击","名词/サ变动词","津波の直撃を受ける","直接遭受海啸的袭击","N1","eggrolls;N1低频;原词性:名・自他動3;音调:⓪"
"増収","ぞうしゅう","增加收入；增加产量","名词/サ变动词","法人税は前年比10%の増収だった","法人税的税收与去年相比增加了百分之十","N1","eggrolls;N1低频;原词性:名・自動3;音调:⓪"
"満腹","まんぷく","吃饱","名词/サ变动词","満腹でもう食べられない","已经吃饱了，吃不下了","N1","eggrolls;N1低频;原词性:名・自動3;音调:⓪"
"容認","ようにん","承认，同意，准许","名词/サ变动词","その点は容認しにくい","这一点难以接受","N1","eggrolls;N1中频;原词性:名・他動3;音调:⓪"
"督促","とくそく","督促，催促","サ变动词/名词","借金返済の督促をする","催促还债","N1","eggrolls;N1低频;原词性:他動3・名;音调:⓪"
"発覚","はっかく","暴露，被发现","名词/サ变动词","陰謀が発覚した","阴谋败露了","N1","eggrolls;N1中频;原词性:名・自動3;音调:⓪"
"習練","しゅうれん","习练，反复练习","名词/サ变动词","長年にわたって習練を積む","长年累月的练习","N1","eggrolls;N1低频;原词性:名・他動3;音调:①"
"酷評","こくひょう","严厉批评，批评得一无是处","サ变动词/名词","著書が酷評を受ける","著作受到严厉批评","N1","eggrolls;N1低频;原词性:他動3・名;音调:⓪"
"熟知","じゅくち","熟知，熟悉","サ变动词/名词","熟知の仲","彼此很熟","N1","eggrolls;N1高频;原词性:他動3・名;音调:①"
"錬磨","れんま","磨炼，锻炼","サ变动词/名词","心身を練磨する","锻炼身心","N1","eggrolls;N1低频;原词性:他動3・名;音调:①"
"警報","けいほう","警报","名词","津波警報","海啸警报","N1","eggrolls;N1中频;原词性:名;音调:⓪"
"千変万化","せんぺんばんか","千变万化","名词/サ变动词","世相が千変万化する","社会现象千变万化","N1","eggrolls;N1低频;原词性:名・自動3;音调:⑤"
"伸縮","しんしゅく","伸缩","名词/サ变动词","伸縮性がない","没有灵活性","N1","eggrolls;N1中频;原词性:名・自他動3;音调:⓪"
"封印","ふういん","封条；封印","名词/サ变动词","封印をする","贴封条；加封印","N1","eggrolls;N1低频;原词性:名・自他動3;音调:⓪"
"忘却","ぼうきゃく","忘却，遗忘，忘记","サ变动词/名词","忘却のかなたより呼び覚まされた記憶","从忘却中被唤醒的记忆","N1","eggrolls;N1低频;原词性:他動3・名;音调:⓪"
"専心","せんしん","专心，一心一意，全心全意","名词/サ变动词","研究に専心する","专心于研究","N1","eggrolls;N1低频;原词性:名・自動3;音调:⓪"
"懐疑","かいぎ","怀疑","名词/サ变动词","自己の存在に懐疑する","怀疑自己的存在","N1","eggrolls;N1低频;原词性:名・自他動3;音调:①"
"昇華","しょうか","升华","名词/サ变动词","ドライアイスが昇華する","干冰升华","N1","eggrolls;N1中频;原词性:名・自他動3;音调:⓪"
"明記","めいき","清楚记载，记明","名词/サ变动词","憲法に明記してある","宪法中有明文记载","N1","eggrolls;N1中频;原词性:名・他動3;音调:①"
"散策","さんさく","散步，随便走走","名词/サ变动词","街を散策する","逛逛街","N1","eggrolls;N1中频;原词性:名・自動3;音调:⓪"
"点滅","てんめつ","（灯光）忽亮忽灭，闪亮","名词/サ变动词","信号が点滅する","红绿灯闪烁","N1","eggrolls;N1低频;原词性:名・自他動3;音调:⓪"
"改築","かいちく","重盖，改建","サ变动词/名词","家を改築する","重建／改建房屋","N1","eggrolls;N1中频;原词性:他動3・名;音调:⓪"
"送り迎え","おくりむかえ","接送","サ变动词/名词","娘を幼稚園に送り迎えする","接送女儿上下幼儿园","N1","eggrolls;N1中频;原词性:他動3・名;音调:⓪④"
"新調","しんちょう","新制；新曲调","名词/サ变动词","背広を新調する","新做一套西服","N1","eggrolls;N1低频;原词性:名・他動3;音调:⓪"
"点在","てんざい","散在，散布","名词/サ变动词","岩礁が点在する海岸","散布着岩礁的海岸","N1","eggrolls;N1中频;原词性:名・自動3;音调:⓪"
"混在","こんざい","混在一起","名词/サ变动词","日本語と中国語とを混在させた文書","日语和中文混用的文件","N1","eggrolls;N1中频;原词性:名・自動3;音调:⓪"
"誘致","ゆうち","招徕，招揽，吸引","サ变动词/名词","オリンピックを誘致する","申办奥林匹克运动会","N1","eggrolls;N1高频;原词性:他動3・名;音调:①"
"在職","ざいしょく","在职，工作，任职","名词/サ变动词","この役所には5年間在職した","在这个机关工作五年了","N1","eggrolls;N1低频;原词性:名・自動3;音调:⓪"
"愛読","あいどく","爱读，喜欢读","サ变动词/名词","名著を愛読する","爱读名著","N1","eggrolls;N1中频;原词性:他動3・名;音调:⓪"
"商談","しょうだん","贸易谈判，谈生意，洽谈","名词/サ变动词","商談がまとまる","买卖谈妥了","N1","eggrolls;N1中频;原词性:名・自動3;音调:⓪"
"放牧","ほうぼく","放牧，牧放","名词/サ变动词","ウシを放牧する","放牛","N1","eggrolls;N1低频;原词性:名・他動3;音调:⓪"
"決裁","けっさい","裁决，审批","サ变动词/名词","書類を決裁する","审批文件","N1","eggrolls;N1低频;原词性:他動3・名;音调:①"
"会食","かいしょく","聚餐","名词/サ变动词","友人と会食する","和朋友聚餐","N1","eggrolls;N1低频;原词性:名・自動3;音调:⓪"
"習熟","しゅうじゅく","熟习，熟练","名词/サ变动词","運転に習熟する","熟练驾驶","N1","eggrolls;N1低频;原词性:名・自動3;音调:⓪"
"出土","しゅつど","出土","名词/サ变动词","遺跡から土器が出土した","从遗迹出土了土器","N1","eggrolls;N1低频;原词性:名・自動3;音调:⓪"
"再選","さいせん","重选，再次当选，重新当选","サ变动词/名词","再選をねらう","企图重新当选","N1","eggrolls;N1中频;原词性:他動3・名;音调:⓪"
"輩出","はいしゅつ","辈出，不断涌现出","サ变动词/名词","すぐれた科学者が続々と輩出した","优秀的科学家不断涌现","N1","eggrolls;N1低频;原词性:自他動3・名;音调:⓪"
"併用","へいよう","并用","サ变动词/名词","二つの治療法を併用する","同时使用两种治疗方法","N1","eggrolls;N1低频;原词性:他動3・名;音调:⓪"
"推奨","すいしょう","推荐","名词/サ变动词","推奨銘柄","推荐个股","N1","eggrolls;N1低频;原词性:名・他動3;音调:⓪"
"転入","てんにゅう","迁入；转入","名词/サ变动词","転入届","迁入登记","N1","eggrolls;N1低频;原词性:名・自動3;音调:⓪"
"管轄","かんかつ","管辖","名词/サ变动词","管轄が違うので手出しができない","管辖范围不同无法插手","N1","eggrolls;N1中频;原词性:名・他動3;音调:⓪"
"生殖","せいしょく","生殖，繁殖","名词/サ变动词","生殖器","生殖器官","N1","eggrolls;N1低频;原词性:名・自動3;音调:⓪"
"交配","こうはい","交配，杂交","サ变动词/名词","異種交配","异种杂交","N1","eggrolls;N1低频;原词性:他動3・名;音调:⓪"
"流入","りゅうにゅう","流入，流进；涌进","名词/サ变动词","地下水が流入する","地下水流入","N1","eggrolls;N1低频;原词性:名・自動3;音调:⓪"
"濾過","ろか","过滤","サ变动词/名词","井戸水をガーゼで濾過する","用纱布过滤井水","N1","eggrolls;N1低频;原词性:他動3・名;音调:①"
"履修","りしゅう","修习（规定的学科、课程等）","サ变动词/名词","大学の全課程を履修する","修完大学所有课程","N1","eggrolls;N1低频;原词性:他動3・名;音调:⓪"
"躊躇","ちゅうちょ","踌躇，犹豫","名词/サ变动词","躊躇なく拒絶する","毫不犹豫地拒绝","N1","eggrolls;N1高频;原词性:名・自他動3;音调:①"
"てんてこ舞い","てんてこまい","忙得不可开交，手忙脚乱","名词","きょうはてんてこ舞いの忙しさだ","今天忙得不可开交","N1","eggrolls;N1低频;原词性:名;音调:④"
"伐採","ばっさい","采伐，砍伐","サ变动词/名词","山林を伐採する","砍伐山林","N1","eggrolls;N1中频;原词性:他動3・名;音调:⓪"
"廃業","はいぎょう","关门，歇业，停业","名词/サ变动词","その会社は廃業を余儀なくされた","那家公司不得不停业","N1","eggrolls;N1低频;原词性:名・自他動3;音调:⓪"
"推論","すいろん","推论，推断，判断","サ变动词/名词","資料に基づいて、次のように推論する","根据资料，推断如下","N1","eggrolls;N1低频;原词性:他動3・名;音调:⓪"
"搭載","とうさい","装载；搭载","名词/サ变动词","船に貨物を搭載する","往船上装货","N1","eggrolls;N1中频;原词性:名・他動3;音调:⓪"
"ダイビング","ダイビング","跳水；飞跃；潜水","名词/サ变动词","ダイビングキャッチ","飞身接杀","N1","eggrolls;N1低频;原词性:名・自動3;音调:①⓪;カタカナ語"
"粉砕","ふんさい","粉碎；摧毁，彻底打垮","サ变动词/名词","粉砕機","粉碎机","N1","eggrolls;N1低频;原词性:他動3・名;音调:⓪"
"焼却","しょうきゃく","焚烧，烧掉","名词/サ变动词","ごみ焼却場","垃圾焚化厂","N1","eggrolls;N1低频;原词性:名・他動3;音调:⓪"
"遊泳","ゆうえい","游泳；处世","名词/サ变动词","遊泳禁止","禁止游泳","N1","eggrolls;N1低频;原词性:名・自動3;音调:⓪"
"製本","せいほん","装订","名词/サ变动词","論文を製本する","将论文装订成册","N1","eggrolls;N1低频;原词性:名・他動3;音调:⓪"
"製氷","せいひょう","制冰","名词/サ变动词","製氷機","制冰机","N1","eggrolls;N1低频;原词性:名・自動3;音调:⓪"
"冷却","れいきゃく","冷却；冷静","名词/サ变动词","エンジンを冷却する","冷却引擎","N1","eggrolls;N1低频;原词性:名・自他動3;音调:⓪"
"連動","れんどう","联锁，联动，传动","名词/サ变动词","距離計がカメラのレンズと連動する","测距计跟照相机的镜头联动","N1","eggrolls;N1中频;原词性:名・自動3;音调:⓪"
"特設","とくせつ","特设","サ变动词/名词","大会のために特設された舞台","为大会而特设的舞台","N1","eggrolls;N1低频;原词性:他動3・名;音调:⓪"
"帳消し","ちょうけし","消账，清账；一笔勾销，互相抵消","名词","残りの1万円と利子を払えば帳消しになる","再付了剩下的一万日元和利息就清账了","N1","eggrolls;N1低频;原词性:名;音调:⓪"
"君臨","くんりん","君临，统治；（在某个领域）称霸","名词/サ变动词","国王は君臨すれども統治せず","国王虽然在位但不实施统治","N1","eggrolls;N1低频;原词性:名・自動3;音调:⓪"
"軽装","けいそう","轻装","名词/サ变动词","軽装で富士山に登るのは危険だ","轻装登富士山是很危险的","N1","eggrolls;N1低频;原词性:名・自動3;音调:⓪"
"自滅","じめつ","自然灭亡，自取灭亡","名词/サ变动词","勝ちを焦って自滅した","急于取胜而自取灭亡","N1","eggrolls;N1低频;原词性:名・自動3;音调:⓪"
"付着","ふちゃく","附着，粘着","名词/サ变动词","服にガムが付着する","衣服沾到口香糖","N1","eggrolls;N1低频;原词性:名・自動3;音调:⓪"
"和解","わかい","和好；和解，调解","名词/サ变动词","父と和解する","与父亲和解/和好","N1","eggrolls;N1低频;原词性:名・自動3;音调:⓪"
"必着","ひっちゃく","必须送到，一定送到","名词","応募書類は月末までに必着のこと","报名材料必须在月底以前寄到","N1","eggrolls;N1中频;原词性:名;音调:⓪"
"挫折","ざせつ","挫折，受挫，气馁","名词/サ变动词","どんな困難にあっても挫折しない","不管碰到什么样的困难也不气馁","N1","eggrolls;N1中频;原词性:名・自動3;音调:⓪"
"白熱","はくねつ","白炽，灼热；最高潮，白热","名词/サ变动词","白熱電球","白炽灯泡","N1","eggrolls;N1低频;原词性:名・自動3;音调:⓪"
"撲滅","ぼくめつ","扑灭，消灭","サ变动词/名词","害虫を撲滅する","消灭害虫","N1","eggrolls;N1低频;原词性:他動3・名;音调:⓪"
"立案","りつあん","制定方案，筹划","サ变动词/名词","新しい政策を立案する","制定新政策的方案","N1","eggrolls;N1低频;原词性:他動3・名;音调:⓪"
"充当","じゅうとう","充当，填补，充作","サ变动词/名词","利益は施設費に充当する","将利润拨充设施费","N1","eggrolls;N1低频;原词性:他動3・名;音调:⓪"
"打撲","だぼく","磕碰，碰撞","サ变动词/名词","全身打撲で1か月入院した","全身挫伤住院了一个月","N1","eggrolls;N1低频;原词性:他動3・名;音调:⓪"
"苦笑い","にがわらい","苦笑","名词/サ变动词","苦笑いを浮かべる","露出苦笑","N1","eggrolls;N1低频;原词性:名・自動3;音调:③"
"過熱","かねつ","过热；过度，过于激烈","サ变动词/名词","ソケットが過熱する","插座过热","N1","eggrolls;N1低频;原词性:自他動3・名;音调:⓪"
"近接","きんせつ","接近；邻近","名词/サ变动词","津波は海岸線に近接しつつある","海啸正在接近海岸线","N1","eggrolls;N1低频;原词性:名・自動3;音调:⓪"
"一戦","いっせん","一仗，一战","名词/サ变动词","優勝をかけた一戦","争夺冠军的一战","N1","eggrolls;N1低频;原词性:名・自動3;音调:⓪"
"編纂","へんさん","编纂","サ变动词/名词","教科書を編纂する","编写课本","N1","eggrolls;N1低频;原词性:他動3・名;音调:⓪"
"帰結","きけつ","归结，归宿，结果","名词/サ变动词","当然の帰結","理所当然的归结","N1","eggrolls;N1低频;原词性:名・自動3;音调:⓪"
"立候補","りっこうほ","当候选人，参加竞选","名词/サ变动词","参議院議員選挙に立候補する","参加参议院议员竞选","N1","eggrolls;N1中频;原词性:名・自動3;音调:③"
"作図","さくず","绘图，画图，作图","名词/サ变动词","定規とコンパスで作図する","用尺和圆规作图","N1","eggrolls;N1低频;原词性:名・自他動3;音调:⓪"
"肥大","ひだい","肥大","名词/サ变动词","前立腺肥大","前列腺肥大","N1","eggrolls;N1中频;原词性:名・自動3;音调:⓪"
"散在","さんざい","分散，分布，遍布","名词/サ变动词","研究所は全国に散在している","研究所分布在全国各地","N1","eggrolls;N1低频;原词性:名・自動3;音调:⓪"
"脱税","だつぜい","逃税，偷税，漏税","名词/サ变动词","脱税が発覚した","逃税被发现了","N1","eggrolls;N1低频;原词性:名・自他動3;音调:⓪"
"先取り","さきどり","优先取得，先得到；预先领取，预先得到","サ变动词/名词","時代を先取りする","走在时代前面","N1","eggrolls;N1低频;原词性:他動3・名;音调:⓪"
"迎合","げいごう","迎合，逢迎，投其所好","名词/サ变动词","若者に迎合する","迎合年轻人","N1","eggrolls;N1低频;原词性:名・自動3;音调:⓪"
"撤回","てっかい","撤回，撤销","サ变动词/名词","計画を撤回する","撤回计划","N1","eggrolls;N1中频;原词性:他動3・名;音调:⓪"
"増設","ぞうせつ","增设","サ变动词/名词","新学部を増設する","增设新系","N1","eggrolls;N1低频;原词性:他動3・名;音调:⓪"
"発着","はっちゃく","出发和到达","名词/サ变动词","新幹線が発着するホーム","新干线发车和到达的月台","N1","eggrolls;N1低频;原词性:名・自動3;音调:⓪"
"訪日","ほうにち","访日，访问日本","名词/サ变动词","訪日代表団の一行が昨夜成田空港に着いた","访日代表团一行昨晚到达成田机场","N1","eggrolls;N1低频;原词性:名・自動3;音调:⓪"
"代替","だいたい","代替","名词/サ变动词","代替手段","替代方案","N1","eggrolls;N1中频;原词性:名・他動3;音调:⓪"
"驚嘆","きょうたん","惊叹","名词/サ变动词","人々を驚嘆させる","令人惊叹","N1","eggrolls;N1低频;原词性:名・自動3;音调:⓪"
"解禁","かいきん","解除禁令","名词/サ变动词","アユ釣りの解禁","香鱼钓鱼解禁","N1","eggrolls;N1低频;原词性:名・他動3;音调:⓪"
"起用","きよう","起用，擢用，任用","名词/サ变动词","もっと若手を起用すべきだ","应该更多地任用年轻人","N1","eggrolls;N1高频;原词性:名・他動3;音调:⓪"
"スライス","スライス","片，薄片，切片","名词/サ变动词","ハムをスライスして皿に載せた","把火腿切片放在盘子上","N1","eggrolls;N1低频;原词性:名・自他動3;音调:②;カタカナ語"
"手立て","てだて","方法，手段，办法","名词","手立てを講じる","想办法","N1","eggrolls;N1低频;原词性:名;音调:①"
"恩返し","おんがえし","报恩","名词/サ变动词","育ての親に恩返しをする","报答养育之恩","N1","eggrolls;N1低频;原词性:名・自動3;音调:③"
"精通","せいつう","精通，通晓","名词/サ变动词","彼は日本文学に精通している","他精通日本文学","N1","eggrolls;N1中频;原词性:名・自動3;音调:⓪"
"着想","ちゃくそう","立意，构思，主意","サ变动词/名词","すばらしい着想が胸に浮かぶ","心中浮现出一个绝妙的主意","N1","eggrolls;N1低频;原词性:自他動3・名;音调:⓪"
"熟考","じゅっこう","仔细考虑，深思熟虑","サ变动词/名词","熟考のうえ返事をする","仔细考虑之后答复","N1","eggrolls;N1低频;原词性:他動3・名;音调:⓪"
"内省","ないせい","反省，自我检查；（心理学）内省","名词/サ变动词","深く内省する","深刻反省","N1","eggrolls;N1低频;原词性:名・他動3;音调:⓪"
"突出","とっしゅつ","突出","名词/サ变动词","岬がずっと海へ突出している","岬角远远突入海中","N1","eggrolls;N1低频;原词性:名・自動3;音调:⓪"
"逆戻り","ぎゃくもどり","往回走；开倒车，走回头路","名词/サ变动词","通行止めで逆戻りする","因为禁止通行又返回来","N1","eggrolls;N1低频;原词性:名・自動3;音调:⓪③"
"後押し","あとおし","（在后面）推（的人）；支援（者）","サ变动词/名词","故障した自動車をみんなで後押しした","大家一起帮忙推抛锚的汽车","N1","eggrolls;N1低频;原词性:他動3・名;音调:②"
"漏洩","ろうえい","泄漏","サ变动词/名词","軍事機密を漏洩する","泄漏军事机密","N1","eggrolls;N1低频;原词性:自他動3・名;音调:⓪"
"流布","るふ","散布，传播","名词/サ变动词","風説を流布する","散布流言","N1","eggrolls;N1低频;原词性:名・自他動3;音调:①"
"感知","かんち","察觉，感知","名词/サ变动词","危険を感知する","感知危险","N1","eggrolls;N1中频;原词性:名・他動3;音调:①"
"感嘆","かんたん","感叹，赞叹","名词/サ变动词","感嘆の声をあげる","发出赞叹声","N1","eggrolls;N1低频;原词性:名・自動3;音调:⓪"
"供述","きょうじゅつ","供述，口供","サ变动词/名词","犯行を供述する","供述罪行","N1","eggrolls;N1中频;原词性:他動3・名;音调:⓪"
"急進","きゅうしん","急进；激进，冒进","名词/サ变动词","敵陣に向かって急進する","冲向敌人阵地","N1","eggrolls;N1低频;原词性:名・自動3;音调:⓪"
"邁進","まいしん","迈进，挺进","名词/サ变动词","勇往邁進","勇往直前","N1","eggrolls;N1低频;原词性:名・自動3;音调:⓪"
"却下","きゃっか","不受理，驳回（申请、诉讼等）","サ变动词/名词","上告を却下する","驳回上诉","N1","eggrolls;N1低频;原词性:他動3・名;音调:①"
"転移","てんい","转移，扩散","名词/サ变动词","肺がんが転移する","肺癌已经扩散","N1","eggrolls;N1低频;原词性:名・自他動3;音调:⓪①"
"紛糾","ふんきゅう","纠纷，混乱","名词/サ变动词","議論が紛糾して収拾がつかない","议论纷纷不可收拾","N1","eggrolls;N1中频;原词性:名・自動3;音调:⓪"
"巡回","じゅんかい","巡回；巡视","名词/サ变动词","巡回公演","巡回演出","N1","eggrolls;N1低频;原词性:名・自動3;音调:⓪"
"枯渇","こかつ","干涸，枯竭；缺乏，罄尽","名词/サ变动词","資金が枯渇する","资金匮乏","N1","eggrolls;N1低频;原词性:名・自動3;音调:⓪"
"絶賛","ぜっさん","无上的称赞，最好的赞美","サ变动词/名词","絶賛を博する","广受好评","N1","eggrolls;N1中频;原词性:他動3・名;音调:⓪"
"出馬","しゅつば","参加竞选，当候选人","名词/サ变动词","選挙に出馬する","参选","N1","eggrolls;N1低频;原词性:名・自動3;音调:⓪"
"施錠","せじょう","上锁","名词/サ变动词","玄関を施錠する","锁门","N1","eggrolls;N1低频;原词性:名・自他動3;音调:⓪"
"沈下","ちんか","沉降，下沉","名词/サ变动词","沈下を防ぐ","防止（地面的）下沉","N1","eggrolls;N1低频;原词性:名・自動3;音调:⓪①"
"仲裁","ちゅうさい","调解，仲裁","サ变动词/名词","仲裁に入る","介入调解","N1","eggrolls;N1低频;原词性:他動3・名;音调:⓪"
"露出","ろしゅつ","露出，裸露；曝光","名词/サ变动词","太ももを露出する","露出大腿","N1","eggrolls;N1中频;原词性:名・自他動3;音调:⓪"
"すべすべ","すべすべ","光滑，滑润","副词","すべすべとした肌","光滑的肌肤","N1","eggrolls;N1低频;原词性:副;音调:①;オノマトペ"
"ごつごつ","ごつごつ","不平滑，凹凸不平；生硬，粗鲁","副词","ごつごつの歩きにくい道","崎岖难行的道路","N1","eggrolls;N1低频;原词性:副;音调:①;オノマトペ"
"夢想","むそう","梦想，幻想，空想","名词/サ变动词","この企画の成功を夢想する","梦想这个企划的成功","N1","eggrolls;N1低频;原词性:名・他動3;音调:⓪"
"代償","だいしょう","赔偿，补偿；代价","名词","壊した窓ガラスの代償を払う","赔偿打碎的玻璃窗","N1","eggrolls;N1低频;原词性:名;音调:⓪"
"謳歌","おうか","讴歌，歌颂","名词/サ变动词","青春を謳歌する","歌颂美好的青春","N1","eggrolls;N1低频;原词性:名・他動3;音调:①"
"潜伏","せんぷく","潜伏，躲藏，隐藏；（疾病）潜伏","名词/サ变动词","犯人は山に潜伏していた","犯人一直躲藏在山里","N1","eggrolls;N1低频;原词性:名・自動3;音调:⓪"
"自重","じちょう","自重，慎重；保重，珍重","名词/サ变动词","われわれは今後いっそう自重しなければならない","我们今后必须更加谨慎才行","N1","eggrolls;N1低频;原词性:名・自動3;音调:⓪"
"譲渡","じょうと","转让","サ变动词/名词","土地を譲渡する","转让土地","N1","eggrolls;N1中频;原词性:他動3・名;音调:①"
"著作","ちょさく","著作，著书","サ变动词/名词","著作に専念する","专心写作","N1","eggrolls;N1中频;原词性:他動3・名;音调:⓪"
"校閲","こうえつ","校阅，校订","サ变动词/名词","原稿を校閲する","校订原稿","N1","eggrolls;N1低频;原词性:他動3・名;音调:⓪"
"不倫","ふりん","作风不好，乱搞男女关系","な形容词/名词","不倫の恋","婚外情","N1","eggrolls;N1低频;原词性:ナ形・名;音调:⓪"
"店舗","てんぽ","店铺，商店","名词","店舗を構える","开设店铺","N1","eggrolls;N1高频;原词性:名;音调:①"
"人里","ひとざと","村落，村庄，城镇","名词","人里離れた森に住む","住在远离城镇的森林里","N1","eggrolls;N1低频;原词性:名;音调:⓪"
"土壌","どじょう","土壤","名词","肥えた土壌","肥沃的土壤","N1","eggrolls;N1高频;原词性:名;音调:⓪"
"寄生虫","きせいちゅう","寄生虫；靠别人养活的人","名词","寄生虫を下ろす","驱除寄生虫","N1","eggrolls;N1低频;原词性:名;音调:⓪"
"営み","いとなみ","营生；办事，准备","名词","日々の営み","日常生活","N1","eggrolls;N1高频;原词性:名;音调:⓪④"
"使い手","つかいて","使用者；擅长使用的人","名词","使い手がいない","没有人使用","N1","eggrolls;N1低频;原词性:名;音调:⓪"
"リネン","リネン","亚麻布；床单、枕套、桌布、毛巾等的总称","名词","リネンのハンカチ","亚麻手绢","N1","eggrolls;N1低频;原词性:名;音调:①;カタカナ語"
"しいたけ","しいたけ","香菇","名词","干し椎茸","干香菇","N1","eggrolls;N1中频;原词性:名;音调:①"
"蟹","かに","蟹，螃蟹","名词","蟹の甲","蟹壳","N1","eggrolls;N1低频;原词性:名;音调:⓪"
"図面","ずめん","图纸，设计图，构造图","名词","図面を引く","画设计图","N1","eggrolls;N1低频;原词性:名;音调:⓪"
"盆踊り","ぼんおどり","盂兰盆会舞","名词","日本の夏祭りで花火と同様に多いイベントは盆踊りだ","在日本的夏日祭典中，与烟火同样多的活动是盂兰盆舞","N1","eggrolls;N1低频;原词性:名;音调:③"
"優劣","ゆうれつ","优劣","名词","優劣つけがたい","难分优劣","N1","eggrolls;N1高频;原词性:名;音调:⓪①"
"軒先","のきさき","檐头，房前","名词","軒先に提灯をつるす","在屋檐下挂灯笼","N1","eggrolls;N1低频;原词性:名;音调:⓪"
"渡り","わたり","渡口；（由外国）传来；搭关系；（鸟类）迁徙","名词","渡りで船を待つ","在渡口等船","N1","eggrolls;N1中频;原词性:名;音调:⓪"
"雷雨","らいう","雷雨","名词","雷雨にあう","遇上雷雨","N1","eggrolls;N1低频;原词性:名;音调:①"
"天敵","てんてき","天敌","名词","ヘビはカエルの天敵だ","蛇是青蛙的天敌","N1","eggrolls;N1高频;原词性:名;音调:⓪"
"断片","だんぺん","片断，部分","名词","生活の断片","生活的片断","N1","eggrolls;N1中频;原词性:名;音调:⓪③"
"書庫","しょこ","书库，藏书室","名词","書庫の本を整理する","整理书库的书籍","N1","eggrolls;N1低频;原词性:名;音调:①"
"十二支","じゅうにし","十二支，生肖","名词","昔は十二支で時刻や方角を示した","过去曾用十二生肖来表示时间和方位","N1","eggrolls;N1低频;原词性:名;音调:③"
"互角","ごかく","势均力敌，不相上下，互有优劣","な形容词/名词","互角の勝負","不分胜负","N1","eggrolls;N1中频;原词性:ナ形・名;音调:⓪"
"史実","しじつ","史实","名词","史実を尊重する","尊重史实","N1","eggrolls;N1低频;原词性:名;音调:⓪①"
"双方","そうほう","双方，两方","名词","双方とも言い分がある","双方都各有各的理","N1","eggrolls;N1高频;原词性:名;音调:①"
"老朽","ろうきゅう","老朽；陈旧，破旧","名词/サ变动词","老朽した校舎を建て直す","重建破旧的校舍","N1","eggrolls;N1高频;原词性:名・自動3;音调:⓪"
"鋳型","いがた","铸模，模子","名词","溶けた鉛を鋳型に流し込む","将熔化的铅水倒入铸模中","N1","eggrolls;N1低频;原词性:名;音调:⓪"
"人家","じんか","人家，人烟","名词","その地方は人家がごくまれである","那个地方人烟稀少","N1","eggrolls;N1高频;原词性:名;音调:①"
"スランプ","スランプ","一时不振，萎靡，低谷","名词","スランプに陥る","陷入低谷","N1","eggrolls;N1中频;原词性:名;音调:②;カタカナ語"
"筋道","すじみち","道理，条理；顺序，程序","名词","筋道を立てて話す","有条有理地说话","N1","eggrolls;N1高频;原词性:名;音调:⓪②"
"旧来","きゅうらい","以往，以前，从前，从来","名词","旧来の陋習を破る","打破陈规陋习","N1","eggrolls;N1中频;原词性:名;音调:①"
"基調","きちょう","基调，基准","名词","赤を基調とした絵","以红色为基调的绘画","N1","eggrolls;N1中频;原词性:名;音调:⓪"
"断じて","だんじて","绝对，一定；决（不）","副词","断じて勝ってみせる","我一定会赢给你看","N1","eggrolls;N1低频;原词性:副;音调:⓪①"
"無名","むめい","无名，不知名；不著名，没名气","名词","無名の草花","无名的花草","N1","eggrolls;N1高频;原词性:名;音调:⓪"
"資質","ししつ","资质，秉性，天资","名词","すぐれた資質の持ち主","具有卓越资质的人","N1","eggrolls;N1高频;原词性:名;音调:⓪"
"業種","ぎょうしゅ","行业","名词","業種別の賃金","各行业薪资","N1","eggrolls;N1高频;原词性:名;音调:⓪①"
"人間ドック","にんげんどっく","综合体检","名词","どうせ人間ドックに入るなら 、 徹底的に検査してもらおう","既然要去做全身检查，那就彻底检查一下吧","N1","eggrolls;N1低频;原词性:名;音调:⑤;カタカナ語"
"上限","じょうげん","上限","名词","借り入れ額に上限を設定する","设定借款额度上限","N1","eggrolls;N1中频;原词性:名;音调:⓪"
"幼虫","ようちゅう","幼虫","名词","ハエの幼虫","苍蝇的幼虫；蛆","N1","eggrolls;N1高频;原词性:名;音调:⓪"
"端末","たんまつ","终端；终端装置","名词","組織の端末","组织的终端","N1","eggrolls;N1低频;原词性:名;音调:⓪"
"ガイドライン","ガイドライン","指导方针，大纲","名词","物価上昇率のガイドライン","物价上涨率的指导方针","N1","eggrolls;N1中频;原词性:名;音调:④;カタカナ語"
"間取り","まどり","房间布局，平面布置","名词","間取りのよい家","房间布局很好的房子","N1","eggrolls;N1中频;原词性:名;音调:⓪"
"シニア","シニア","年长者，资格老的，前辈","名词","英語のシニアコース","英语高级课程","N1","eggrolls;N1中频;原词性:名;音调:①;カタカナ語"
"皮切り","かわきり","起头，开头，开始","名词","これを皮切りとして","以此为开端","N1","eggrolls;N1高频;原词性:名;音调:⓪④"
"尺度","しゃくど","尺子；长度，尺寸；标准，尺度","名词","彼を他の人々と同じ尺度ではかることはできない","对他不能用和（衡量）其他人同样的标准来衡量","N1","eggrolls;N1高频;原词性:名;音调:①"
"罠","わな","陷阱；圈套","名词","キツネが罠にかかる","狐狸落入陷阱","N1","eggrolls;N1高频;原词性:名;音调:①"
"すかさず","すかさず","立刻，马上","副词","転んだところをすかさずつかまえる","在摔倒的一瞬间马上抓住","N1","eggrolls;N1中频;原词性:副;音调:⓪"
"我が身","わがみ","自己","名词","明日は我が身","他人的不幸，或许明天就会降临到自己身上","N1","eggrolls;N1低频;原词性:名;音调:①"
"別個","べっこ","另一个；个别","な形容词/名词","私にはそれは二つの別個の事件のように思われる","在我看来，这是两个完全不同的事件","N1","eggrolls;N1中频;原词性:ナ形・名;音调:⓪①"
"マスメディア","マスメディア","（报刊、电视、广播等）大众传媒","名词","マスメディアの取材を受ける","接受媒体采访","N1","eggrolls;N1高频;原词性:名;音调:③;カタカナ語"
"音響","おんきょう","声响，声音","名词","大音響をたてて倒れる","发出巨大的声响，倒了下去","N1","eggrolls;N1中频;原词性:名;音调:⓪"
"とことん","とことん","最后，到底","副词/名词","とことんまで戦う","战斗到底","N1","eggrolls;N1中频;原词性:副・名;音调:③"
"人一倍","ひといちばい","比别人更加……","名词","人一倍勉強する","比别人加倍努力学习","N1","eggrolls;N1中频;原词性:名;音调:⓪④"
"民話","みんわ","民间故事，民间传说","名词","民話を収集する","搜集民间故事","N1","eggrolls;N1中频;原词性:名;音调:⓪"
"本書","ほんしょ","正式文本，正本；本书，此书","名词","皆さんに本書を薦めたい","我想向大家推荐这本书","N1","eggrolls;N1高频;原词性:名;音调:①"
"工具","こうぐ","工具，特指机械加工用的刀具类","名词","切削工具","切削工具","N1","eggrolls;N1低频;原词性:名;音调:①"
"誤植","ごしょく","排错（的字），误排","名词","誤植を直す","改正错字","N1","eggrolls;N1低频;原词性:名;音调:⓪"
"指針","ししん","指针；方针，准则","名词","メーターの指針","仪表指针","N1","eggrolls;N1中频;原词性:名;音调:⓪"
"出方","でかた","（处理某事的）态度，方式","名词","万事先方の出方しだいだ","一切要看对方态度如何","N1","eggrolls;N1低频;原词性:名;音调:⓪②③"
"対極","たいきょく","相反的极端","名词","対極的立場","对立的立场","N1","eggrolls;N1中频;原词性:名;音调:⓪"
"水中","すいちゅう","水中，水里","名词","水中に飛び込む","跳入水中","N1","eggrolls;N1中频;原词性:名;音调:⓪"
"アシスタント","アシスタント","助手，助理","名词","チーフアシスタント","首席助理","N1","eggrolls;N1中频;原词性:名;音调:②;カタカナ語"
"担い手","にないて","挑东西的人；旗手，核心人物","名词","新事業の担い手","新事业的骨干","N1","eggrolls;N1中频;原词性:名;音调:⓪④"
"経緯","けいい","（事情的）经过，原委；经度和纬度","名词","事件の経緯を説明する","说明事件的经过","N1","eggrolls;N1高频;原词性:名;音调:①"
"亡者","もうじゃ","逝者；利欲熏心的人","名词","金の亡者","守财奴","N1","eggrolls;N1低频;原词性:名;音调:①"
"風情","ふぜい","风趣，情趣；样子，情况；（接尾）……之类","名词/造语成分","風情のある眺め","别有韵味的景色","N1","eggrolls;N1中频;原词性:名・造;音调:①"
"誌面","しめん","杂志上，杂志的篇幅","名词","誌面レイアウト","版面编排","N1","eggrolls;N1中频;原词性:名;音调:①"
"土器","どき","土器，陶器","名词","弥生式土器","弥生时代的土器","N1","eggrolls;N1中频;原词性:名;音调:①"
"河原","かわら","河滩","名词","河原でキャンプをする","在河滩上露营","N1","eggrolls;N1中频;原词性:名;音调:⓪"
"南半球","みなみはんきゅう","南半球","名词","北半球","北半球","N1","eggrolls;N1低频;原词性:名;音调:④"
"店先","みせさき","店头，店面","名词","店先に並べられた商品","店面陈列的商品","N1","eggrolls;N1中频;原词性:名;音调:⓪④"
"潤い","うるおい","湿润；利益，补益；风趣，情趣","名词","肌に潤いがない","肌肤干燥缺水","N1","eggrolls;N1中频;原词性:名;音调:⓪"
"迷路","めいろ","容易迷路的道路，迷宫","名词","このビルは迷路のように込み入っている","这座楼就像迷宫一样错综复杂","N1","eggrolls;N1中频;原词性:名;音调:①"
"首尾","しゅび","首尾，始终；经过，结果","名词","首尾一貫","始终如一","N1","eggrolls;N1中频;原词性:名;音调:①"
"良書","りょうしょ","良书，好书","名词","後世に残る良書を出版する","出版流芳百世的良书","N1","eggrolls;N1低频;原词性:名;音调:①"
"サバンナ","サバンナ","热带的（树木稀少的）大草原","名词","サバンナ気候","热带草原气候","N1","eggrolls;N1低频;原词性:名;音调:②;カタカナ語"
"遺物","いぶつ","遗物；古物，文化遗产；遗失物","名词","父の遺物","父亲的遗物","N1","eggrolls;N1中频;原词性:名;音调:⓪①"
"里帰り","さとがえり","回娘家；回乡探亲，回国探亲","名词/サ变动词","3年ぶりに家族で里帰りする","时隔三年和家人一起回乡探亲","N1","eggrolls;N1低频;原词性:名・自動3;音调:③⑤"
"物見","ものみ","参观，游览；瞭望，侦察","名词","物見遊山","游山玩水","N1","eggrolls;N1低频;原词性:名;音调:③"
"遊山","ゆさん","出去游玩","名词","物見遊山","游山逛景","N1","eggrolls;N1低频;原词性:名;音调:⓪①"
"細切れ","こまぎれ","碎片，碎块","名词","肉を細切れにする","把肉剁碎","N1","eggrolls;N1低频;原词性:名;音调:⓪"
"素地","そじ","质地，底子；基础，根基","名词","日本語の素地ができている","日语的底子不错","N1","eggrolls;N1低频;原词性:名;音调:①"
"度合い","どあい","程度","名词","緊張の度合いが高まる","紧张的程度加剧","N1","eggrolls;N1高频;原词性:名;音调:⓪"
"論旨","ろんし","论点","名词","論旨を明らかにする","把论点搞明确","N1","eggrolls;N1低频;原词性:名;音调:①"
"テナント","テナント","借地人，租房人","名词","テナント募集中","正在招租","N1","eggrolls;N1低频;原词性:名;音调:⓪;カタカナ語"
"客層","きゃくそう","顾客层次","名词","昼と夜では客層ががらっと変わる","白天和晚上客群完全不同","N1","eggrolls;N1中频;原词性:名;音调:⓪"
"魔物","まもの","妖怪，魔鬼","名词","金は魔物だ","金钱是魔鬼","N1","eggrolls;N1低频;原词性:名;音调:⓪"
"爬虫類","はちゅうるい","爬行动物","名词","爬虫類を極端に嫌う","极度讨厌爬行类动物","N1","eggrolls;N1中频;原词性:名;音调:②"
"客室","きゃくしつ","客厅；客房","名词","最上級の客室","最高级的客房","N1","eggrolls;N1低频;原词性:名;音调:⓪"
"車体","しゃたい","车身，车体，车厢","名词","車体の低い自動車","车身低的汽车","N1","eggrolls;N1中频;原词性:名;音调:⓪"
"二の次","にのつぎ","第二，其次，次要","名词","勉強は二の次にして遊び回る","把学习扔在脑后到处玩耍","N1","eggrolls;N1中频;原词性:名;音调:④"
"リセット","リセット","复位","サ变动词/名词","パソコンをリセットする","重置电脑","N1","eggrolls;N1中频;原词性:他動3・名;音调:②;カタカナ語"
"ウエア","ウエア","衣着，衣服","名词","スポーツウエア","运动服","N1","eggrolls;N1低频;原词性:名;音调:②;カタカナ語"
"肌触り","はだざわり","接触肌肤时的感觉，手感","名词","このシャツは肌触りがよい","这件衬衫穿起来舒服","N1","eggrolls;N1中频;原词性:名;音调:③"
"ぽい捨て","ぽいすて","随手扔掉，乱扔","名词","たばこのぽい捨てはやめましょう","请勿乱扔烟蒂","N1","eggrolls;N1中频;原词性:名;音调:⓪"
"惜しくも","おしくも","真可惜；非常遗憾","副词","決勝戦で惜しくも負けた","在决赛中惜败","N1","eggrolls;N1中频;原词性:副;音调:①"
"兼ね合い","かねあい","保持均衡，兼顾","名词","機能とデザインの兼ね合いが難しい","兼顾机能与设计是件难事","N1","eggrolls;N1中频;原词性:名;音调:⓪"
"風通し","かぜとおし","通风","名词","風通しがよい","通风良好","N1","eggrolls;N1中频;原词性:名;音调:⓪⑤"
"高気圧","こうきあつ","高气压","名词","高気圧に覆われる","受高气压控制","N1","eggrolls;N1低频;原词性:名;音调:③"
"終盤","しゅうばん","接近决定胜负的局面，残棋；最后阶段","名词","勝負は終盤に入った","进入决胜负的最后阶段","N1","eggrolls;N1中频;原词性:名;音调:⓪"
"悲願","ひがん","誓必实现的决心","名词","優勝の悲願に燃えて練習に励む","为了实现夺冠的愿望而努力练习","N1","eggrolls;N1中频;原词性:名;音调:①"
"むっと","むっと","怒上心头；闷得慌，熏得慌","副词","悪口を言われてむっとする","被说坏话而感到不悦","N1","eggrolls;N1中频;原词性:副;音调:⓪①;オノマトペ"
"現職","げんしょく","现职，现任","名词","現職の警官","现任警官","N1","eggrolls;N1中频;原词性:名;音调:⓪"
"獣医","じゅうい","兽医","名词","犬を獣医が診察する","兽医给狗做检查","N1","eggrolls;N1中频;原词性:名;音调:①"
"路線","ろせん","线路；路线","名词","地下鉄の路線","地铁线路","N1","eggrolls;N1中频;原词性:名;音调:⓪"
"遊歩道","ゆうほどう","散步道","名词","公園の遊歩道","公园的散步道","N1","eggrolls;N1中频;原词性:名;音调:③"
"アナログ","アナログ","模拟","名词","アナログ式の時計","指针式时钟","N1","eggrolls;N1中频;原词性:名;音调:⓪;カタカナ語"
"知名度","ちめいど","知名度","名词","知名度が高い","知名度高","N1","eggrolls;N1高频;原词性:名;音调:②"
"媒体","ばいたい","媒介物，媒体，手段","名词","情報伝達の重要な媒体","传达信息的重要媒介","N1","eggrolls;N1中频;原词性:名;音调:⓪"
"鮮度","せんど","新鲜的程度，鲜度","名词","鮮度が落ちる","失去新鲜度；不新鲜了","N1","eggrolls;N1中频;原词性:名;音调:①"
"原価","げんか","进货价，成本价；成本，生产费用","名词","原価を割る","低于成本价","N1","eggrolls;N1高频;原词性:名;音调:①"
"最良","さいりょう","最好","名词","最良の方法","最佳办法","N1","eggrolls;N1中频;原词性:名;音调:⓪"
"愕然","がくぜん","愕然","な形容词/ト/タル型","その知らせに愕然とする","那个消息令我感到错愕","N1","eggrolls;N1中频;原词性:形動トタル;音调:⓪"
"ビッグ","ビッグ","大规模，大；重要","な形容词","ビッグな夢","远大的梦想","N1","eggrolls;N1中频;原词性:ナ形;音调:①;カタカナ語"
"白紙","はくし","白纸；空白的纸；事前不带偏见；原状","名词","答案を白紙で出す","交白卷","N1","eggrolls;N1中频;原词性:名;音调:⓪"
"難関","なんかん","难关","名词","入学試験の難関を突破する","闯过入学考试的难关","N1","eggrolls;N1中频;原词性:名;音调:⓪"
"頭打ち","あたまうち","达到顶点，涨到极限","名词","生産が頭打ちの状態だ","生产到顶了","N1","eggrolls;N1低频;原词性:名;音调:⓪"
"メンテナンス","メンテナンス","维修，维持，维护，保养","名词","ビルのメンテナンス工事","大楼的维修工程","N1","eggrolls;N1低频;原词性:名;音调:①;カタカナ語"
"若木","わかぎ","小树，幼树","名词","桜の若木","樱花树幼苗","N1","eggrolls;N1低频;原词性:名;音调:⓪②"
"品位","ひんい","品格，品位，风度","名词","品位がある","有品位；有风度；高尚","N1","eggrolls;N1低频;原词性:名;音调:①"
"劣勢","れっせい","劣势","名词/な形容词","劣勢に立つ","处于劣势","N1","eggrolls;N1中频;原词性:名・ナ形;音调:⓪"
"激流","げきりゅう","激流，急流","名词","激流に押し流される","被急流冲走","N1","eggrolls;N1低频;原词性:名;音调:⓪"
"農夫","のうふ","农民，农夫","名词","芋掘りの農夫が畑に立っている","挖番薯的农夫站在田里","N1","eggrolls;N1低频;原词性:名;音调:①"
"臨床","りんしょう","临床","名词","臨床実験","临床实验","N1","eggrolls;N1低频;原词性:名;音调:⓪"
"里","さと","村庄；乡下；老家","名词","人里","村庄","N1","eggrolls;N1低频;原词性:名;音调:⓪"
"仙人","せんにん","仙人，神仙","名词","仙人の風骨を帯びる","很有仙风道骨","N1","eggrolls;N1低频;原词性:名;音调:③"
"化け物","ばけもの","妖怪，鬼怪，魔鬼；拥有非凡能力的人","名词","化け物が正体を現す","妖怪现原形","N1","eggrolls;N1低频;原词性:名;音调:③④"
"室温","しつおん","室内温度，室温","名词","室温を20度に保つ","室温保持在二十度","N1","eggrolls;N1中频;原词性:名;音调:⓪"
"巻物","まきもの","（装裱成卷轴的）书画","名词","絵巻物","画卷","N1","eggrolls;N1低频;原词性:名;音调:⓪"
"混沌","こんとん","混沌，混乱","名词/な形容词/ト/タル型","混沌とした世界情勢","混乱的世界局势","N1","eggrolls;N1低频;原词性:名・形動トタル;音调:⓪"
"岐路","きろ","歧路，岔道","名词","人生の岐路に立つ","站在人生的岔路口","N1","eggrolls;N1中频;原词性:名;音调:①"
"表面張力","ひょうめんちょうりょく","表面张力","名词","水面に浮いて生活するアメンボは、水が汚かろうと富栄養化していようと一向にかまわない。彼らにとって重要なのは、水に表面張力だけである。たとえ科学的に無害な物質によってでも、水に表面張力が低下すれば、彼らは溺れてしまう","在水面生活的水黾，不管水质是脏还是富营养化都无所谓。对他们来说重要的是水的表面张力。就算是科学上无害的物质，只要让水的表面张力降低，他们就会溺死","N1","eggrolls;N1低频;原词性:名;音调:⑤"
"生半可","なまはんか","不成熟，不熟练，不充分，不彻底","な形容词/名词","生半可の知識","一知半解","N1","eggrolls;N1低频;原词性:ナ形・名;音调:⓪③"
"あぐら","あぐら","盘腿坐","名词","あぐらをかく","盘腿坐；安于现状","N1","eggrolls;N1低频;原词性:名;音调:⓪"
"漁民","ぎょみん","渔民","名词","不漁にあえぐ漁民","因渔获不振而苦恼的渔民","N1","eggrolls;N1中频;原词性:名;音调:⓪"
"絵柄","えがら","图案，图样，花样","名词","絵柄がよい","花样新颖","N1","eggrolls;N1中频;原词性:名;音调:⓪"
"境内","けいだい","（神社、庙宇的）院内，院落","名词","寺の境内が人で埋まる","寺庙的院子挤满了人","N1","eggrolls;N1低频;原词性:名;音调:①"
"趨勢","すうせい","趋势，趋向，动向，倾向","名词","時代の趨勢に従う","顺应时代潮流","N1","eggrolls;N1中频;原词性:名;音调:⓪"
"同列","どうれつ","同列，同排；同等地位","名词","彼女の席はあなたと同列にあります","她的坐位跟您一排","N1","eggrolls;N1中频;原词性:名;音调:⓪"
"石垣","いしがき","石垣，石墙","名词","城の石垣","城堡的石墙","N1","eggrolls;N1低频;原词性:名;音调:⓪"
"意表","いひょう","意表，意外","名词","意表を突いた作戦をとる","采取出奇不意的战术","N1","eggrolls;N1中频;原词性:名;音调:⓪"
"薬剤","やくざい","药，药剂","名词","薬剤師","药剂师","N1","eggrolls;N1低频;原词性:名;音调:⓪②"
"田畑","たはた","水田和旱田，田地","名词","台風で田畑が荒れる","台风侵袭，农田荒芜","N1","eggrolls;N1低频;原词性:名;音调:①"
"いわんや","いわんや","何况，况且","副词","大人にもできない。いわんや子供には無理だ","大人都做不到，更何况是小孩","N1","eggrolls;N1低频;原词性:副;音调:②"
"威厳","いげん","威严","名词","威厳がある","有威严","N1","eggrolls;N1低频;原词性:名;音调:⓪"
"絵描き","えかき","画家","名词","大きくなったら絵描きになりたい","长大后想当画家","N1","eggrolls;N1低频;原词性:名;音调:③⓪"
"風潮","ふうちょう","潮流，倾向，时势","名词","金が万能だという風潮を嘆く","对金钱万能的社会风气感叹不已","N1","eggrolls;N1中频;原词性:名;音调:⓪"
"背丈","せたけ","身高；衣长","名词","背丈が兄に追いつく","身高追上哥哥","N1","eggrolls;N1低频;原词性:名;音调:①"
"巷","ちまた","岔道；繁华街；场所；社会","名词","生死の巷をさまよう","在生死关头徘徊","N1","eggrolls;N1中频;原词性:名;音调:⓪"
"雑用","ざつよう","杂事，琐事","名词","雑用に追われる","被琐事缠身","N1","eggrolls;N1低频;原词性:名;音调:⓪"
"類人猿","るいじんえん","类人猿","名词","類人猿の四足歩行と人間の二足歩行を比べると、時速４KMくらいの速度で歩くと、二足歩行のほうがエネルギー効率がいい","类人猿的四足行走和人类的两足行走相比，以每小时4公里的速度行走时，两足行走的能量效率更高","N1","eggrolls;N1低频;原词性:名;音调:③"
"彗星","すいせい","彗星","名词","ハレー彗星","哈雷彗星","N1","eggrolls;N1低频;原词性:名;音调:⓪"
"成り立ち","なりたち","成立的经过；构成","名词","国の成り立ちを語る神話","讲述国家起源的神话","N1","eggrolls;N1中频;原词性:名;音调:⓪"
"一足飛び","いっそくとび","并着脚跳；快跑；越级","名词","一足飛びに走って帰る","飞快地跑回家","N1","eggrolls;N1低频;原词性:名;音调:③④"
"用足し","ようたし","办事；上厕所","名词","学校の帰りに街へ回って用足しをしてくる","从学校回来的路上绕到街上办了一点事","N1","eggrolls;N1低频;原词性:名;音调:③④"
"世俗","せぞく","社会风俗，一般风习；世间，社会","名词","世俗に言う","通俗地说","N1","eggrolls;N1低频;原词性:名;音调:⓪"
"沽券","こけん","人品，体面，身价，尊严","名词","そんなことをするときみの沽券にかかわるよ","那么做有失你的身份啊","N1","eggrolls;N1低频;原词性:名;音调:⓪"
"豪傑","ごうけつ","豪杰，好汉","名词","天下の豪傑","英雄豪杰","N1","eggrolls;N1低频;原词性:名;音调:⓪"
"人為","じんい","人为，人工","名词","人為的に作り出された品種","人为创造的品种","N1","eggrolls;N1低频;原词性:名;音调:①"
"漆","うるし","漆树；（从漆树树液提取的天然涂料）漆","名词","漆を塗る","涂漆","N1","eggrolls;N1低频;原词性:名;音调:⓪"
"ともすると","ともすると","往往，每每，动不动（就）","副词","病気で、ともすると沈みがちだ","因为生病，所以情绪容易低落","N1","eggrolls;N1中频;原词性:副;音调:①"
"空疎","くうそ","空洞，空虚","な形容词/名词","空疎な理論を振り回す","搬弄着空洞的理论","N1","eggrolls;N1低频;原词性:ナ形・名;音调:①"
"平安","へいあん","平安，太平，平静，平稳","な形容词/名词","旅の平安を祈る","祈愿旅途平安","N1","eggrolls;N1低频;原词性:ナ形・名;音调:⓪"
"不向き","ふむき","不合适，不适当","な形容词/名词","商売には不向きな場所","不适合做生意的地方","N1","eggrolls;N1高频;原词性:ナ形・名;音调:①"
"洋館","ようかん","西方式建筑","名词","明治の面影を残す古めかしい洋館は文化財に指定された","这栋保留明治时代风貌的古老西式建筑，被指定为文化遗产","N1","eggrolls;N1低频;原词性:名;音调:⓪"
"労苦","ろうく","劳苦，辛苦","名词","労苦をいとわない","不辞辛苦","N1","eggrolls;N1低频;原词性:名;音调:①"
"領分","りょうぶん","领土，领地；范围，领域","名词","そういう仕事は私の領分ではない","那种工作不是我分内的事","N1","eggrolls;N1低频;原词性:名;音调:①"
"餌付け","えづけ","喂养（野生动物，使之驯服）","名词/サ变动词","ニホンザルに餌付けする","给日本猕猴喂食","N1","eggrolls;N1低频;原词性:名・自動3;音调:⓪"
"何にも","なんにも","完全（不）；无论什么也（不）","副词","食べる物は何にもない","什么东西都没得吃","N1","eggrolls;N1高频;原词性:副;音调:⓪①"
"話半分","はなしはんぶん","说的话只有一半可信","名词","話半分に聞く","听一半信一半；听听就好","N1","eggrolls;N1低频;原词性:名;音调:④⑥"
"寄る辺","よるべ","倚靠，投靠（之处）","名词","寄る辺ない身","无依无靠的处境","N1","eggrolls;N1低频;原词性:名;音调:⓪"
"源泉","げんせん","源泉，根源，本源","名词","精力の源泉","精力的来源","N1","eggrolls;N1低频;原词性:名;音调:⓪"
"自家撞着","じかどうちゃく","自相矛盾","名词/サ变动词","論理が自家撞着に陥る","逻辑陷入自相矛盾","N1","eggrolls;N1低频;原词性:名・自動3;音调:①+⓪、③"
"暗黙","あんもく","沉默，默不作声，缄默","名词","暗黙のうちに許す","默许","N1","eggrolls;N1高频;原词性:名;音调:⓪"
"エッセンス","エッセンス","本质，精华，真髓；精，香精","名词","王朝文学にみる美のエッセンス","王朝文学中所见的美之精髓","N1","eggrolls;N1中频;原词性:名;音调:①;カタカナ語"
"ハイライト","ハイライト","高光；最精彩的场面","名词","祇園祭のハイライト","祗园祭的亮点","N1","eggrolls;N1低频;原词性:名;音调:③;カタカナ語"
"耳目","じもく","耳目，视听，见闻","名词","耳目を驚かす","耸人听闻","N1","eggrolls;N1低频;原词性:名;音调:①"
"歯ぎしり","はぎしり","磨牙；咬牙切齿","名词/サ变动词","寝ながら歯ぎしりをする","睡觉磨牙","N1","eggrolls;N1中频;原词性:名・自動3;音调:②"
"太もも","ふともも","大腿","名词","むっちりとした太もも","丰满的大腿","N1","eggrolls;N1低频;原词性:名;音调:⓪"
"関節","かんせつ","关节","名词","肩の関節が外れる","肩关节脱臼","N1","eggrolls;N1低频;原词性:名;音调:⓪"
"むき出し","むきだし","露出，裸露；露骨，毫不掩饰","な形容词/名词","むき出しの肩","裸露的肩膀","N1","eggrolls;N1中频;原词性:ナ形・名;音调:⓪"
"アングル","アングル","角度；观点，见地","名词","カメラアングル","相机角度；摄影角度","N1","eggrolls;N1低频;原词性:名;音调:①;カタカナ語"
"代役","だいやく","代演（者），替角","名词","代役を務める","当替角","N1","eggrolls;N1低频;原词性:名;音调:⓪"
"夢にも","ゆめにも","一点也不，做梦也（没想到……）","副词","こんなに早く実現できるとは夢にも考えなかった","做梦也没想到能这么快实现","N1","eggrolls;N1低频;原词性:副;音调:②"
"寝具","しんぐ","寝具，被褥","名词","寝具を清潔に保つ","保持寝具清洁","N1","eggrolls;N1低频;原词性:名;音调:①"
"ざわめき","ざわめき","嘈杂声","名词","会場のざわめきがしずまる","会场的喧嚣声平息下来","N1","eggrolls;N1低频;原词性:名;音调:⓪④;オノマトペ"
"観葉植物","かんようしょくぶつ","赏叶植物","名词","観葉植物は寒さを嫌うので冬は室内に入れる","观叶植物怕冷，所以冬天会放在室内","N1","eggrolls;N1低频;原词性:名;音调:⑥"
"雨上がり","あめあがり","雨后","名词","美しい虹の橋が雨上がりの空にかかった","美丽的彩虹悬挂在雨后的天空上","N1","eggrolls;N1低频;原词性:名;音调:③"
"脚光を浴びる","きゃっこうをあびる","登场，展露头角，引人注目","成句","スマートフォンが時代の脚光を浴びる","智能手机的时代来临了","N1","eggrolls;N1低频;原词性:成句"
"物おじ","ものおじ","胆小，胆怯","名词/サ变动词","物おじしない子","不怕生的孩子","N1","eggrolls;N1低频;原词性:名・自動3;音调:⓪④③"
"冬至","とうじ","冬至","名词","夏至","夏至","N1","eggrolls;N1低频;原词性:名;音调:⓪"
"夏至","げし","夏至","名词","冬至","冬至","N1","eggrolls;N1低频;原词性:名;音调:⓪"
"潤滑油","じゅんかつゆ","润滑油","名词","軸受け部分に潤滑油を差す","在轴承部位加润滑油","N1","eggrolls;N1低频;原词性:名;音调:⓪④"
"質感","しつかん","（材料不同所引起的）质感","名词","ぬくもりのある質感","温润的质感","N1","eggrolls;N1中频;原词性:名;音调:⓪"
"山奥","やまおく","深山里","名词","山奥の村","深山里的村庄","N1","eggrolls;N1低频;原词性:名;音调:③"
"日替わり","ひがわり","一天一换","名词","日替わりのランチ","每日午餐特餐","N1","eggrolls;N1中频;原词性:名;音调:⓪"
"内装","ないそう","室内装潢","名词","内装工事","室内装修","N1","eggrolls;N1中频;原词性:名;音调:⓪"
"ひだ","ひだ","褶，襞","名词","カーテンのひだ","窗帘褶","N1","eggrolls;N1低频;原词性:名;音调:①"
"まぐろ","まぐろ","金枪鱼","名词","マグロの赤身","金枪鱼的赤身（红肉）","N1","eggrolls;N1低频;原词性:名;音调:⓪"
"大輪","たいりん","大朵（花）","名词","大輪のキク","大朵菊花","N1","eggrolls;N1中频;原词性:名;音调:⓪"
"器材","きざい","器材，器件","名词","実験用の器材","实验用的器材","N1","eggrolls;N1低频;原词性:名;音调:①"
"家業","かぎょう","家传的行业，父业","名词","先祖代々の家業","祖祖辈辈相传的家业","N1","eggrolls;N1中频;原词性:名;音调:①"
"ランキング","ランキング","名次，等级，排名","名词","世界ランキング","世界排名","N1","eggrolls;N1中频;原词性:名;音调:①⓪;カタカナ語"
"色素","しきそ","色素","名词","色素が沈着する","色素沉淀","N1","eggrolls;N1低频;原词性:名;音调:①②"
"高学年","こうがくねん","（小学）五、六年级（的学生）","名词","低学年","（小学）一、二年级（的学生）","N1","eggrolls;N1低频;原词性:名;音调:③④"
"片っ端から","かたっぱしから","依次，一个接一个（全部）","副词","本屋という本屋は片っ端から当たってみたが、見つからなかった","我把所有书店都找遍了，但还是没找到","N1","eggrolls;N1中频;原词性:副;音调:⓪"
"豚カツ","とんかつ","炸猪排","名词","豚カツ定食","炸猪排套餐","N1","eggrolls;N1低频;原词性:名;音调:⓪"
"裏話","うらばなし","秘闻，内幕","名词","政界の裏話","政界的内幕","N1","eggrolls;N1低频;原词性:名;音调:③"
"濃淡","のうたん","浓淡，深浅","名词","墨で濃淡をつける","用墨表现浓淡","N1","eggrolls;N1中频;原词性:名;音调:⓪①③"
"無人島","むじんとう","无人岛","名词","無人島に漂着する","漂流到无人岛","N1","eggrolls;N1低频;原词性:名;音调:⓪"
"草むら","くさむら","草丛","名词","草むらで虫が鳴く","草丛里传来虫鸣","N1","eggrolls;N1低频;原词性:名;音调:⓪"
"差し当たり","さしあたり","当前，目前，目下，眼前","副词","差し当たりこれで間に合う","眼下有这个就够用了","N1","eggrolls;N1低频;原词性:副;音调:⓪"
"本題","ほんだい","正题，本题","名词","本題に戻る","回到正题上来","N1","eggrolls;N1中频;原词性:名;音调:⓪"
"辛くも","からくも","好不容易，勉强","副词","辛くも全敗をまぬかれた","勉强避免了全败","N1","eggrolls;N1低频;原词性:副;音调:①"
"昼夜","ちゅうや","昼夜；日夜，经常","名词/副词","一昼夜","一天一夜","N1","eggrolls;N1低频;原词性:名・副;音调:①"
"自筆","じひつ","亲笔，亲自书写（的字画、文章等）","名词","自筆で署名する","亲笔签名","N1","eggrolls;N1低频;原词性:名;音调:⓪"
"書式","しょしき","（公文）格式","名词","この願書は書式が違っている","这份申请书格式不对","N1","eggrolls;N1低频;原词性:名;音调:⓪"
"後発","こうはつ","后出发；后发起，后发展起来（的）","名词/サ变动词","後発部隊","后续部队","N1","eggrolls;N1低频;原词性:名・自動3;音调:⓪"
"切り口","きりくち","切开的口，断面；伤口；切入点，论点；开口处","名词","新鮮な切り口で論じる","以崭新的切入点论述","N1","eggrolls;N1低频;原词性:名;音调:②"
"渋々","しぶしぶ","不痛快，不情愿，勉强","副词","渋々テレビを消す","不情愿地关掉电视","N1","eggrolls;N1低频;原词性:副;音调:⓪①"
"季節風","きせつふう","季风，季节风","名词","日本の冬は北西の季節風が吹く","日本的冬天会刮西北季风","N1","eggrolls;N1低频;原词性:名;音调:⓪③"
"消印","けしいん","邮戳","名词","当日の消印は有効です","当日邮戳有效","N1","eggrolls;N1低频;原词性:名;音调:⓪"
"ゆかり","ゆかり","因缘，关系","名词","縁もゆかりもない","毫无关系","N1","eggrolls;N1中频;原词性:名;音调:⓪"
"言い伝え","いいつたえ","传说","名词","地方に残っている言い伝えを集める","收集流传于各地的传说","N1","eggrolls;N1低频;原词性:名;音调:⓪"
"胴体","どうたい","躯干，胴体；飞机、船只的中心部分","名词","日本人は胴体が長い","日本人的躯干较长","N1","eggrolls;N1低频;原词性:名;音调:①"
"海中","かいちゅう","海中，海面下","名词","潜水艦が海中を航行する","潜艇在海面下航行","N1","eggrolls;N1低频;原词性:名;音调:⓪"
"食用","しょくよう","食用","名词","食用油","食用油","N1","eggrolls;N1中频;原词性:名;音调:⓪"
"石段","いしだん","石级，石阶，台阶","名词","神社の石段","神社的石阶","N1","eggrolls;N1低频;原词性:名;音调:⓪"
"キャビネット","キャビネット","橱柜，展示柜；唱片盒","名词","人形をキャビネットに入れる","把人偶放进展示柜里","N1","eggrolls;N1低频;原词性:名;音调:①③;カタカナ語"
"自家製","じかせい","自己制作","名词","自家製のハム","自制火腿","N1","eggrolls;N1低频;原词性:名;音调:⓪"
"物産","ぶっさん","土产（品），特产（品）","名词","青森県の物産を紹介する","介绍青森县的土产","N1","eggrolls;N1低频;原词性:名;音调:⓪"
"コンディション","コンディション","条件；健康状况","名词","選手が過度の練習でコンディションを悪くする","运动员因练习过度而影响身体","N1","eggrolls;N1中频;原词性:名;音调:③;カタカナ語"
"元凶","げんきょう","元凶，罪魁祸首","名词","事件の元凶","案件的元凶","N1","eggrolls;N1低频;原词性:名;音调:⓪"
"自前","じまえ","自己出钱，自办","名词","自前の衣装","自己准备的服装；自办的行头","N1","eggrolls;N1中频;原词性:名;音调:⓪"
"未完成","みかんせい","未完成","な形容词/名词","未完成の作品","未完成的作品","N1","eggrolls;N1低频;原词性:ナ形・名;音调:②"
"不測","ふそく","难以预料，不测","名词","不測の事態に備える","以防不测","N1","eggrolls;N1低频;原词性:名;音调:⓪"
"臨機応変","りんきおうへん","随机应变","な形容词/名词","臨機応変の指図","随机应变的指示","N1","eggrolls;N1中频;原词性:ナ形・名;音调:①+⓪"
"糧","かて","粮食；食粮","名词","日々の糧にも困る","连三餐都成问题","N1","eggrolls;N1中频;原词性:名;音调:①②"
"拾い物","ひろいもの","拾得物，捡来的东西；白得的便宜，意外的收获","名词","拾い物を持ち主に返す","把捡到的东西还给失主","N1","eggrolls;N1低频;原词性:名;音调:⓪"
"真冬","まふゆ","隆冬","名词","真冬の寒さに耐える","忍受隆冬的严寒","N1","eggrolls;N1低频;原词性:名;音调:⓪"
"山肌","やまはだ","山的地表","名词","赤土の山肌が出た山","露出红土地表的山","N1","eggrolls;N1低频;原词性:名;音调:⓪"
"心意気","こころいき","积极果敢地面对任何事物的精神，坚强的意志，气魄","名词","一流選手としての心意気を見せる","展现出身为一流选手的气魄","N1","eggrolls;N1低频;原词性:名;音调:⓪"
"フラッシュ","フラッシュ","闪光（灯），镁光（灯）；瞬间场面","名词","フラッシュをたく","打闪光灯","N1","eggrolls;N1中频;原词性:名;音调:②;カタカナ語"
"定評","ていひょう","定评，公认","名词","使いやすさでは定評のあるパソコン","在易用性方面备受好评的电脑","N1","eggrolls;N1中频;原词性:名;音调:⓪"
"檜","ひのき","丝柏，扁柏，桧木","名词","山田さんは杉、ひのきなど地元の木材のよさを巧みに生かしつつ独創的なデザインに拘った作品が海外でも人気を博している職人","山田先生是一位工匠，他巧妙地利用杉木、桧木等当地木材的优点，并坚持独创性的设计，他的作品在海外也很受欢迎","N1","eggrolls;N1中频;原词性:名;音调:⓪①"
"仕切り","しきり","隔开，隔板；清算，清账；（相扑）摆架势","名词","カーテンで仕切りを作る","用窗帘隔出空间","N1","eggrolls;N1中频;原词性:名;音调:⓪"
"取り決め","とりきめ","商定，约定，缔结，协定","名词","アメリカと貿易の取り決めをする","和美国缔结贸易协定","N1","eggrolls;N1中频;原词性:名;音调:⓪"
"幼少","ようしょう","年幼，幼小，童年时代","な形容词/名词","幼少のころの記憶","幼年时期的记忆","N1","eggrolls;N1中频;原词性:ナ形・名;音调:⓪"
"栄冠","えいかん","荣冠，荣誉","名词","勝利の栄冠を頂く","戴上胜利的桂冠","N1","eggrolls;N1中频;原词性:名;音调:⓪"
"上向き","うわむき","朝上，仰；趋涨","名词","上向きになって寝る","仰卧","N1","eggrolls;N1低频;原词性:名;音调:⓪"
"物品","ぶっぴん","物品；（不动产以外的）有形物品，动产","名词","物品を売買する","买卖物品","N1","eggrolls;N1低频;原词性:名;音调:⓪"
"奥行き","おくゆき","进深，纵深；（学识、思考、感情的）深度","名词","この庭は奥行きがない","这个院子深度不够","N1","eggrolls;N1低频;原词性:名;音调:⓪"
"水辺","みずべ","水边，水滨","名词","水辺で遊ぶ","在水边玩耍","N1","eggrolls;N1低频;原词性:名;音调:⓪"
"原案","げんあん","原案","名词","予算案を原案どおり可決した","预算法案按照原案通过了","N1","eggrolls;N1低频;原词性:名;音调:⓪"
"機体","きたい","机身，机体；飞机","名词","機体を組み立てる","组装（飞机的）机身","N1","eggrolls;N1低频;原词性:名;音调:⓪"
"頻度","ひんど","频度，频率","名词","出現頻度の高い単語","出现率高的单词","N1","eggrolls;N1中频;原词性:名;音调:①"
"渓谷","けいこく","溪谷，山谷","名词","山頂から渓谷を一望する","从山顶俯瞰溪谷","N1","eggrolls;N1低频;原词性:名;音调:⓪"
"被告","ひこく","被告","名词","刑事事件の被告になる","成为刑事案件的被告","N1","eggrolls;N1低频;原词性:名;音调:⓪"
"善悪","ぜんあく","善恶","名词","善悪をわきまえる","辨明善恶","N1","eggrolls;N1低频;原词性:名;音调:①"
"師走","しわす","腊月，（阴历）十二月","名词","師走の寒空","岁末寒冬","N1","eggrolls;N1低频;原词性:名;音调:⓪"
"プラスアルファ","プラスアルファ","加上若干；附加部分","名词","基本給にプラスアルファの手当をつける","在基本薪资上加上额外补贴","N1","eggrolls;N1低频;原词性:名;音调:④;カタカナ語"
"話しぶり","はなしぶり","口气，口吻","名词","あの話しぶりでは彼は何もかも承知らしい","听那口气他仿佛全都知道","N1","eggrolls;N1低频;原词性:名;音调:⓪"
"精鋭","せいえい","精锐，精英","名词","精鋭部隊を投入する","投入精锐部队","N1","eggrolls;N1低频;原词性:名;音调:⓪"
"時価","じか","时价，市值","名词","時価百万円の骨董品","时价百万日元的古董","N1","eggrolls;N1低频;原词性:名;音调:①"
"ありがたみ","ありがたみ","恩惠，价值","名词","病気になって初めて、健康のありがたみを痛感した","生病之后，才深深体会到健康的珍贵","N1","eggrolls;N1低频;原词性:名;音调:⓪⑤"
"恩人","おんじん","恩人","名词","命の恩人","救命恩人","N1","eggrolls;N1低频;原词性:名;音调:⓪③"
"厳冬","げんとう","严冬，隆冬","名词","厳冬の候","严冬时节","N1","eggrolls;N1低频;原词性:名;音调:⓪"
"最高峰","さいこうほう","最高峰；巅峰","名词","ヒマラヤの最高峰にアタックする","挑战喜马拉雅的最高峰","N1","eggrolls;N1低频;原词性:名;音调:③"
"布地","ぬのじ","布料，衣料","名词","きめ細かな布地","质地细腻的布料","N1","eggrolls;N1低频;原词性:名;音调:⓪"
"大国","たいこく","大国，强国","名词","経済大国","经济大国","N1","eggrolls;N1低频;原词性:名;音调:⓪"
"仏閣","ぶっかく","佛阁，佛堂，寺院","名词","京都には神社仏閣が多い","京都神社寺院很多","N1","eggrolls;N1低频;原词性:名;音调:⓪"
"白木","しらき","本色木料","名词","白木の柱","本色木头柱子","N1","eggrolls;N1中频;原词性:名;音调:⓪"
"甲斐性","かいしょう","有志气，要强，出息","名词","甲斐性のない人","没有志气的人；不要强的人；没出息的人","N1","eggrolls;N1低频;原词性:名;音调:③⓪"
"敷地","しきち","用地，地皮","名词","うちの敷地は40坪です","我家的占地面积是四十坪（约132平方米）","N1","eggrolls;N1中频;原词性:名;音调:⓪"
"流派","りゅうは","流派，门派","名词","新流派を起こす","创立新流派","N1","eggrolls;N1低频;原词性:名;音调:①"
"実権","じっけん","实权","名词","実権を握る","掌握实权","N1","eggrolls;N1低频;原词性:名;音调:⓪"
"揚げ物","あげもの","油炸的食品","名词","揚げ物をすると後片付けがめんどうだ","炸完东西后收拾起来很麻烦","N1","eggrolls;N1中频;原词性:名;音调:⓪"
"役柄","やくがら","职务的性质；职位的身份；角色的类型","名词","彼女はよく自分の役柄をのみ込んでいる","她很理解自己所任职务的性质","N1","eggrolls;N1低频;原词性:名;音调:⓪④"
"正論","せいろん","正论，正确的主张","名词","正論を述べる","发表正确主张","N1","eggrolls;N1中频;原词性:名;音调:⓪"
"和歌","わか","和歌","名词","花を愛でる和歌や俳句は数限りない","赞美花朵的和歌与俳句不胜枚举","N1","eggrolls;N1低频;原词性:名;音调:①"
"美意識","びいしき","审美意识，审美观","名词","美意識に欠ける","缺乏美感","N1","eggrolls;N1低频;原词性:名;音调:②"
"手持ち","てもち","手头有的，手头的","名词","あいにく手持ちは二千円しかない","不巧我手上只有两千日元","N1","eggrolls;N1中频;原词性:名;音调:⓪③"
"本意","ほんい","真心，真意；本来的愿望，初衷","名词","辞職はきみの本意ではあるまい","辞职并非你的本意吧","N1","eggrolls;N1中频;原词性:名;音调:①"
"手始め","てはじめ","开始，开端","名词","手始めに何をしようか","首先做什么？","N1","eggrolls;N1低频;原词性:名;音调:②"
"前略","ぜんりゃく","前略","名词/サ变动词","後略","后略","N1","eggrolls;N1低频;原词性:名・自他動3;音调:①"
"ひたひた","ひたひた","哗啦哗啦；逐渐逼近；液体的量刚好浸没里面东西的样子","副词","波が岸辺をひたひたと洗う","浪花哗啦哗啦冲打岸边","N1","eggrolls;N1低频;原词性:副;音调:①②⓪;オノマトペ"
"悲哀","ひあい","悲哀","名词","悲哀を感じる","感到悲哀","N1","eggrolls;N1低频;原词性:名;音调:⓪"
"ボンベ","ボンベ","液化气瓶，储气瓶","名词","酸素ボンベ","氧气瓶","N1","eggrolls;N1低频;原词性:名;音调:①;カタカナ語"
"成虫","せいちゅう","成虫","名词","幼虫","幼虫","N1","eggrolls;N1低频;原词性:名;音调:⓪"
"書棚","しょだな","书架，书橱","名词","書棚に洋書がいっぱい並べてある","书架上摆满了外文书","N1","eggrolls;N1低频;原词性:名;音调:⓪"
"かもめ","かもめ","海鸥","名词","海面すれすれにカモメが飛ぶ","海鸥掠过海面飞翔","N1","eggrolls;N1低频;原词性:名;音调:⓪"
"町人","ちょうにん","（江户时代的社会阶层之一，指住在都市的）商人，工匠","名词","浮世絵には粋でいなせな江戸の町人が描かれている","浮世绘中描绘了潇洒俐落的江户市民","N1","eggrolls;N1低频;原词性:名;音调:⓪①"
"狸","たぬき","貉，狸","名词","捕らぬ狸の皮算用","打如意算盘","N1","eggrolls;N1中频;原词性:名;音调:①"
"至上","しじょう","至上，最高","名词/な形容词","至上の喜び","无上的喜悦","N1","eggrolls;N1低频;原词性:名・ナ形;音调:⓪"
"物陰","ものかげ","背地，暗地，暗处","名词","物陰にひそむ","躲在暗处","N1","eggrolls;N1中频;原词性:名;音调:⓪③"
"巨木","きょぼく","大树","名词","杉の巨木","巨大的杉树","N1","eggrolls;N1低频;原词性:名;音调:⓪"
"新茶","しんちゃ","新茶","名词","新茶がもう出ている","新茶已经上市了","N1","eggrolls;N1低频;原词性:名;音调:⓪"
"振幅","しんぷく","振幅","名词","ふりこの振幅","摆锤的振幅","N1","eggrolls;N1低频;原词性:名;音调:⓪"
"自意識","じいしき","自我意识，个性","名词","自意識過剰","自我意识过剩","N1","eggrolls;N1低频;原词性:名;音调:②"
"同類","どうるい","同种类；同伙","名词","カモシカとウシは同類だ","羚羊和牛是同类","N1","eggrolls;N1低频;原词性:名;音调:⓪"
"虫害","ちゅうがい","虫害","名词","ムギの虫害を予防する","预防麦子的虫害","N1","eggrolls;N1低频;原词性:名;音调:⓪"
"製薬","せいやく","制药","名词","製薬会社","制药公司","N1","eggrolls;N1低频;原词性:名;音调:⓪"
"害鳥","がいちょう","害鸟","名词","害鳥を撃ち殺す","射杀害鸟","N1","eggrolls;N1低频;原词性:名;音调:⓪"
"汚名","おめい","污名，臭名，坏名声","名词","汚名を残す","留下臭名，遗臭万年","N1","eggrolls;N1低频;原词性:名;音调:⓪"
"品ぞろえ","しなぞろえ","商品种类；准备各种各样的商品","名词","豊富な品ぞろえ","商品种类丰富","N1","eggrolls;N1高频;原词性:名;音调:⓪③"
"節度","せつど","适度，节制","名词","節度がある","有节制","N1","eggrolls;N1低频;原词性:名;音调:①"
"私生活","しせいかつ","私生活","名词","仕事と私生活に一線を引く","划清工作与私生活的界限","N1","eggrolls;N1中频;原词性:名;音调:②"
"放し飼い","はなしがい","放养，牧放","名词","ウシを放し飼いにする","放养牛","N1","eggrolls;N1低频;原词性:名;音调:⓪"
"可否","かひ","好坏，是非；赞成与反对","名词","小選挙区制の可否を論じる","讨论小选举区制度的优劣","N1","eggrolls;N1中频;原词性:名;音调:①"
"オアシス","オアシス","绿洲；抚慰身心的事物","名词","砂漠のオアシス","沙漠的绿洲","N1","eggrolls;N1低频;原词性:名;音调:①②;カタカナ語"
"内実","ないじつ","内情，内幕；其实，说实在的","名词","経営の内実は苦しい","经营状况其实很吃紧","N1","eggrolls;N1低频;原词性:名;音调:⓪"
"条例","じょうれい","条例","名词","市議会で条例が可決される","市议会通过条例","N1","eggrolls;N1低频;原词性:名;音调:⓪"
"異色","いしょく","不同的颜色；特色","名词","異色の画家","有特色的画家","N1","eggrolls;N1低频;原词性:名;音调:⓪"
"遠隔","えんかく","远隔，远距离","名词","遠隔操作","远端操控","N1","eggrolls;N1低频;原词性:名;音调:⓪"
"さぞかし","さぞかし","想必，一定是","副词","さぞかし苦しかったことだろう","想必一定很痛苦吧","N1","eggrolls;N1中频;原词性:副;音调:①"
"特典","とくてん","优惠，特殊利益","名词","割引きの特典付き","附赠折扣优惠","N1","eggrolls;N1中频;原词性:名;音调:⓪"
"含み笑い","ふくみわらい","抿嘴笑","名词","意味ありげに含み笑いする","意味深长地含笑不语","N1","eggrolls;N1低频;原词性:名;音调:④"
"趣向","しゅこう","（动）脑筋，（下）工夫","名词","趣向を凝らす","别出心裁","N1","eggrolls;N1低频;原词性:名;音调:⓪"
"文言","もんごん","（文章中的）词句","名词","規約の文言を改める","修改条款措辞","N1","eggrolls;N1低频;原词性:名;音调:⓪③"
"巨額","きょがく","巨额","な形容词/名词","巨額の資金を支出する","拨出巨额资金","N1","eggrolls;N1低频;原词性:ナ形・名;音调:⓪"
"近海","きんかい","近海","名词","日本の近海でとれる魚","日本近海捕捞的鱼","N1","eggrolls;N1中频;原词性:名;音调:⓪"
"後書き","あとがき","附笔，跋，后记","名词","本文のあとに後書きがつく","正文之后是后记","N1","eggrolls;N1低频;原词性:名;音调:⓪"
"第一人者","だいいちにんしゃ","第一人，首屈一指的人","名词","各界の第一人者が顔をそろえる","各界的顶尖人物齐聚一堂","N1","eggrolls;N1中频;原词性:名;音调:①+③、⑤"
"拍車をかける","はくしゃをかける","加速，加快，促进","成句","議論に拍車をかける","促进议论","N1","eggrolls;N1低频;原词性:成句"
"若年","じゃくねん","年轻（人）","名词","最近若年層の犯罪が増えている","最近年轻人的犯罪在增加","N1","eggrolls;N1中频;原词性:名;音调:⓪"
"行間","ぎょうかん","行距；行间，字里行间","名词","行間があきすぎている","行距太大","N1","eggrolls;N1中频;原词性:名;音调:⓪"
"随想","ずいそう","随感","名词","求めに応じて随想を記す","应邀写下随感","N1","eggrolls;N1低频;原词性:名;音调:⓪"
"醍醐味","だいごみ","深奥的妙趣，乐趣","名词","スキーの醍醐味","滑雪的妙趣","N1","eggrolls;N1中频;原词性:名;音调:③⓪"
"家系","かけい","世系，世家","名词","古い家系","世家","N1","eggrolls;N1低频;原词性:名;音调:⓪"
"見ず知らず","みずしらず","素不相识，陌生","名词","見ず知らずの人","素不相识的人","N1","eggrolls;N1低频;原词性:名;音调:①"
"前衛","ぜんえい","先锋，前卫，先驱","名词","前衛的な演出","前卫的表演","N1","eggrolls;N1低频;原词性:名;音调:⓪"
"力士","りきし","相扑力士","名词","土俵上に両力士が登場する","两名相扑选手登上土俵","N1","eggrolls;N1中频;原词性:名;音调:①"
"スコア","スコア","（比赛中的）成绩，得分","名词","5対3のスコアで勝つ","以五比三的比分取胜","N1","eggrolls;N1中频;原词性:名;音调:②;カタカナ語"
"スタンス","スタンス","击球时两脚叉开的姿势；立场，立足点","名词","スタンスを広くとる","两腿叉开","N1","eggrolls;N1中频;原词性:名;音调:②;カタカナ語"
"内外","ないがい","内外，里外；国内外；左右，上下","名词","家の内外を探してまわる","在屋里屋外四处寻找","N1","eggrolls;N1高频;原词性:名;音调:①"
"栄養士","えいようし","营养师","名词","栄養士の資格を持つ","拥有营养师资格","N1","eggrolls;N1低频;原词性:名;音调:③"
"汗だく","あせだく","浑身是汗","な形容词/名词","汗だくになって働く","汗流浃背地劳动","N1","eggrolls;N1低频;原词性:ナ形・名;音调:⓪"
"凡人","ぼんじん","凡人，庸人","名词","凡人には思いつかない発想","常人难以想到的点子","N1","eggrolls;N1低频;原词性:名;音调:⓪"
"論拠","ろんきょ","论据","名词","論拠を示す","提出论据","N1","eggrolls;N1低频;原词性:名;音调:①"
"小惑星","しょうわくせい","小行星","名词","地球近傍小惑星","近地小行星","N1","eggrolls;N1低频;原词性:名;音调:③"
"デフレ","デフレ","通货紧缩","名词","デフレと円高の二重苦","通货紧缩与日币升值的双重打击","N1","eggrolls;N1低频;原词性:名;音调:⓪;カタカナ語"
"洋画","ようが","西洋画，油画；西方影片，外国影片","名词","洋画家","西洋画家","N1","eggrolls;N1低频;原词性:名;音调:⓪"
"遠目","とおめ","从远处看；看得远；远视","名词","遠目には美しく見える","从远处看很好看","N1","eggrolls;N1低频;原词性:名;音调:⓪"
"砂塵","さじん","沙尘","名词","砂塵が舞い上がる","尘土飞扬","N1","eggrolls;N1低频;原词性:名;音调:⓪"
"思うに","おもうに","想来，我以为","副词","思うに彼は善人である","想来他是个好人","N1","eggrolls;N1低频;原词性:副;音调:②"
"有毒","ゆうどく","有毒","な形容词/名词","有毒の植物","有毒植物","N1","eggrolls;N1低频;原词性:ナ形・名;音调:⓪"
"十人十色","じゅうにんといろ","（人的性格、思想、爱好）各不相同","名词","服装の好みは十人十色で、どれがいいかわからない","服装的喜好因人而异，很难说哪个好","N1","eggrolls;N1低频;原词性:名;音调:①+①"
"当座","とうざ","即席，当场；当时，暂时；活期","名词","当座の知恵を働かす","运用灵机应变的智慧","N1","eggrolls;N1低频;原词性:名;音调:⓪"
"一体全体","いったいぜんたい","到底，究竟","副词","一体全体政府は何をしているんだ","政府到底在干什么啊","N1","eggrolls;N1低频;原词性:副;音调:⓪+⓪"
"どじ","どじ","失败，笨蛋，蠢货","な形容词/名词","まったくどじだなあ","真是个冒失鬼啊","N1","eggrolls;N1低频;原词性:ナ形・名;音调:①"
"体面","たいめん","体面，面子","名词","双方の体面を保つ","保住双方的面子","N1","eggrolls;N1中频;原词性:名;音调:⓪③"
"庭木","にわき","庭园的树木","名词","庭木の手入れをする","修剪庭院树木","N1","eggrolls;N1低频;原词性:名;音调:⓪"
"木陰","こかげ","树阴，树下","名词","木陰で憩う","在树荫下休息","N1","eggrolls;N1低频;原词性:名;音调:⓪"
"手探り","てさぐり","摸；摸索","名词","闇の中を手探りで進む","在黑暗中摸索前进","N1","eggrolls;N1低频;原词性:名;音调:②"
"コンスタント","コンスタント","常数，恒量；经常，安定的","な形容词/名词","よい製品をコンスタントに作り出す","稳定生产具有高水平的产品","N1","eggrolls;N1中频;原词性:ナ形・名;音调:①;カタカナ語"
"持ち前","もちまえ","天性，生性；（各人的）份额，职责","名词","持ち前の根気でやりぬく","以天生的毅力坚持到底","N1","eggrolls;N1低频;原词性:名;音调:⓪"
"上級生","じょうきゅうせい","高年级学生","名词","下級生","低年级学生","N1","eggrolls;N1低频;原词性:名;音调:③"
"真意","しんい","本意，真意；真正的意思","名词","真意をはかりかねる","难以揣测真意","N1","eggrolls;N1低频;原词性:名;音调:①"
"通例","つうれい","通例，惯例；照例，通常","副词/名词","社会の通例","社会上的惯例","N1","eggrolls;N1中频;原词性:副・名;音调:⓪"
"寝床","ねどこ","睡铺，被窝","名词","寝床をこしらえる","鋪床","N1","eggrolls;N1低频;原词性:名;音调:⓪"
"骨董","こっとう","古董，骨董，古玩","名词","書画骨董","书画古董","N1","eggrolls;N1中频;原词性:名;音调:⓪"
"面識","めんしき","认识","名词","一面識もない人","素不相识的人","N1","eggrolls;N1高频;原词性:名;音调:⓪"
"心底","しんそこ","（从）心里，（打从）心眼里","副词/名词","心底惚れる","打心眼喜欢","N1","eggrolls;N1低频;原词性:副・名;音调:⓪①"
"官公庁","かんこうちょう","行政机关，政府机关和公共团体机关","名词","官公庁の統廃合","政府机关的合并与废除","N1","eggrolls;N1低频;原词性:名;音调:③"
"一辺倒","いっぺんとう","一边倒","名词","アメリカ一辺倒の政策","对美一边倒的政策","N1","eggrolls;N1低频;原词性:名;音调:③"
"逆手","さかて","倒持，倒握；反握；利用对方的论点反击对方，将计就计","名词","逆手を取って相手を論駁する","利用对方的论点驳倒对方","N1","eggrolls;N1低频;原词性:名;音调:⓪"
"スリル","スリル","惊险，刺激","名词","スリル満点の渓流下り","惊险刺激的溪流漂流","N1","eggrolls;N1中频;原词性:名;音调:①;カタカナ語"
"ぬるぬる","ぬるぬる","黏滑地","副词","手が油でぬるぬるとする","手上沾满了油，滑溜溜的","N1","eggrolls;N1低频;原词性:副;音调:①;オノマトペ"
"抱負","ほうふ","抱负","名词","卒業後の抱負を語る","畅谈毕业后的抱负","N1","eggrolls;N1中频;原词性:名;音调:⓪"
"放射状","ほうしゃじょう","放射状","名词","町は駅を中心に放射状に発展した","城镇以车站为中心呈放射状发展","N1","eggrolls;N1低频;原词性:名;音调:⓪"
"県立","けんりつ","县立，县办","名词","県立高校","县立高中","N1","eggrolls;N1低频;原词性:名;音调:⓪"
"盲目","もうもく","失明；盲目，没有理智","名词","盲目の愛","盲目的爱","N1","eggrolls;N1低频;原词性:名;音调:⓪"
"盲導犬","もうどうけん","导盲犬","名词","盲導犬を連れて外出する","牵着导盲犬出门","N1","eggrolls;N1低频;原词性:名;音调:⓪"
"初恋","はつこい","初恋","名词","初恋の思い出","初恋的回忆","N1","eggrolls;N1中频;原词性:名;音调:⓪"
"同質","どうしつ","同质，同一性质","名词/な形容词","これとあれは同質の素材でできている","这个和那个是同一性质的材料做成的","N1","eggrolls;N1低频;原词性:名・ナ形;音调:⓪"
"すぐさま","すぐさま","马上，立刻，立即","副词","すぐさま出発する","立刻出发","N1","eggrolls;N1低频;原词性:副;音调:①"
"横目","よこめ","斜视，侧视","名词","横目でにらむ","斜眼瞪视","N1","eggrolls;N1低频;原词性:名;音调:⓪"
"おなじみ","おなじみ","熟识，熟识的人","名词","おなじみの歌","熟悉的歌曲","N1","eggrolls;N1低频;原词性:名;音调:⓪"
"掛け声","かけごえ","吆喝声，喝采声，号子声；空喊","名词","一、二、一、二と掛け声勇ましく行進する","一，二，一，二地喊着雄壮的口号前进","N1","eggrolls;N1中频;原词性:名;音调:②③"
"ナノ","ナノ","十亿分之一，纳","造语成分","ナノメートル","纳米","N1","eggrolls;N1低频;原词性:造;音调:①;カタカナ語"
"ハム","ハム","火腿","名词","薫製ハム","熏制火腿","N1","eggrolls;N1中频;原词性:名;音调:①;カタカナ語"
"実話","じつわ","实话，真人真事","名词","実話記事","真实故事报道","N1","eggrolls;N1低频;原词性:名;音调:⓪"
"大波","おおなみ","大浪，巨浪","名词","大波が襲いかかってくる","巨浪卷来","N1","eggrolls;N1低频;原词性:名;音调:⓪"
"水量","すいりょう","水量","名词","大雨で川の水量が急に増した","河里的水量因大雨而骤增","N1","eggrolls;N1中频;原词性:名;音调:③"
"七色","なないろ","七色；七种，多种","名词","七色の虹","七色彩虹","N1","eggrolls;N1低频;原词性:名;音调:②"
"波紋","はもん","波纹；影响","名词","波紋を描く","泛起涟漪","N1","eggrolls;N1低频;原词性:名;音调:⓪"
"世評","せひょう","社会上的评论，舆论","名词","世評を恐れる","害怕世人的评价","N1","eggrolls;N1低频;原词性:名;音调:⓪"
"白書","はくしょ","白皮书","名词","犯罪白書","犯罪白皮书","N1","eggrolls;N1低频;原词性:名;音调:①"
"力量","りきりょう","能力；本领","名词","彼は社長としての力量に乏しい","他缺乏当总经理的能力","N1","eggrolls;N1中频;原词性:名;音调:⓪②"
"副産物","ふくさんぶつ","副产品；附带的收获","名词","この研究から多くの副産物が生まれた","这项研究产生了很多副产品","N1","eggrolls;N1低频;原词性:名;音调:③"
"悪臭","あくしゅう","恶臭，难闻的气味","名词","悪臭が漂う","恶臭弥漫","N1","eggrolls;N1低频;原词性:名;音调:⓪"
"適量","てきりょう","适量","名词","適量の酒をたしなむ","适量饮酒","N1","eggrolls;N1中频;原词性:名;音调:⓪"
"校内","こうない","校内，学校里","名词","校内弁論大会","校内辩论大会","N1","eggrolls;N1中频;原词性:名;音调:①"
"喪","も","居丧，服丧","名词","喪に服す","服丧","N1","eggrolls;N1低频;原词性:名;音调:⓪"
"二者択一","にしゃたくいつ","二选一","名词","二者択一を迫られる","被迫二选一","N1","eggrolls;N1中频;原词性:名;音调:①+⓪"
"かもしか","かもしか","羚羊","名词","カモシカとウシは同類だ","羚羊和牛是同类","N1","eggrolls;N1低频;原词性:名;音调:⓪"
"山里","やまざと","山村，山中的村庄","名词","山里にも春が来る","山村亦有春至","N1","eggrolls;N1低频;原词性:名;音调:⓪"
"家柄","いえがら","名门","名词","彼は家柄の生まれだ","他出身名门","N1","eggrolls;N1低频;原词性:名;音调:⓪④"
"藻類","そうるい","藻类","名词","藻類の研究","藻类的研究","N1","eggrolls;N1低频;原词性:名;音调:①"
"中生代","ちゅうせいだい","中生代","名词","中生代ジュラ紀","中生代侏罗纪","N1","eggrolls;N1低频;原词性:名;音调:③"
"無我夢中","むがむちゅう","拼命，忘我","名词","無我夢中で逃げ出す","没命地逃跑","N1","eggrolls;N1低频;原词性:名;音调:①+⓪"
"債務","さいむ","债务","名词","債務の取り立て","讨债","N1","eggrolls;N1低频;原词性:名;音调:①"
"手付かず","てつかず","还没使用，还没着手","な形容词/名词","原稿の締切日が迫っているのにまだ手付かずだ","截稿日期已经迫近，却还没动笔写","N1","eggrolls;N1低频;原词性:ナ形・名;音调:②③"
"異例","いれい","破例，破格，没有前例","名词","工事がこんなに順調なのは異例のことだ","工程进行得如此顺利是没有前例的","N1","eggrolls;N1中频;原词性:名;音调:⓪"
"つぶさに","つぶさに","详细，详尽，仔细","副词","つぶさに事情を聞く","详细询问情况","N1","eggrolls;N1中频;原词性:副;音调:①"
"脈絡","みゃくらく","血管；脉络，条理","名词","前後の脈絡","前后的脉络","N1","eggrolls;N1低频;原词性:名;音调:⓪"
"私事","しじ","私事；私人秘密，隐私","名词","私事と公事とを混同させてはならない","不可将私事和公事混为一谈","N1","eggrolls;N1低频;原词性:名;音调:①"
"空論","くうろん","空论，空谈，脱离实际的理论","名词","机上の空論","纸上谈兵","N1","eggrolls;N1低频;原词性:名;音调:⓪"
"杭","くい","桩子","名词","杭打ち機","打桩机","N1","eggrolls;N1低频;原词性:名;音调:①"
"的外れ","まとはずれ","离题，不中肯","な形容词/名词","的外れな質問をする","提出不相关的问题","N1","eggrolls;N1低频;原词性:ナ形・名;音调:③"
"物流","ぶつりゅう","物流","名词","物流管理","物流管理","N1","eggrolls;N1低频;原词性:名;音调:⓪"
"盛況","せいきょう","盛况","名词","コンサートは大盛況だった","演唱会非常成功","N1","eggrolls;N1中频;原词性:名;音调:⓪"
"余波","よは","余波；影响","名词","台風の余波で、まだ海が荒れている","受到台风余波的影响，海面仍然波涛汹涌","N1","eggrolls;N1低频;原词性:名;音调:①"
"足場","あしば","立足处；脚手架；（精神上的）立足点，基础；交通之便","名词","こういう斜面では足場が悪い","在这样的斜坡上脚下不稳","N1","eggrolls;N1低频;原词性:名;音调:③"
"口数","くちかず","话语的数量；人数；件数","名词","口数の多い人","话多的人","N1","eggrolls;N1低频;原词性:名;音调:⓪"
"後味","あとあじ","口中余味；余味，后味","名词","こってりした後味","浓郁的余味","N1","eggrolls;N1中频;原词性:名;音调:⓪②"
"存亡","そんぼう","存亡","名词","危急存亡の秋","危急存亡之秋","N1","eggrolls;N1低频;原词性:名;音调:⓪"
"一まとめ","ひとまとめ","总括到一起，归拢到一起","名词","材料を一まとめにしてしまっておく","把材料整理在一起保存","N1","eggrolls;N1低频;原词性:名;音调:②③"
"失意","しつい","失意，不得志","名词","失意のうちに晩年を送る","在失意中度过晚年","N1","eggrolls;N1低频;原词性:名;音调:①②"
"往年","おうねん","往时，从前","名词","往年の名優","以前的名演员","N1","eggrolls;N1低频;原词性:名;音调:⓪"
"車中","しゃちゅう","车中，车上，车内","名词","車中泊","在车中过夜","N1","eggrolls;N1低频;原词性:名;音调:⓪①"
"抑揚","よくよう","抑扬","名词","言葉に抑揚をつけて話す","说话带抑扬顿挫","N1","eggrolls;N1低频;原词性:名;音调:⓪"
"厳寒","げんかん","严寒，酷寒","名词","厳寒の候","严寒之时","N1","eggrolls;N1低频;原词性:名;音调:⓪"
"平屋","ひらや","平房","名词","木造の平屋に住む","住在木造平房里","N1","eggrolls;N1低频;原词性:名;音调:⓪"
"路面","ろめん","路面","名词","路面が凍結する","路面结冰","N1","eggrolls;N1低频;原词性:名;音调:⓪①"
"余力","よりょく","余力","名词","余力を残さず","不遗余力","N1","eggrolls;N1低频;原词性:名;音调:⓪"
"厚手","あつで","（纸、衣料、陶瓷等的质地）厚","な形容词/名词","厚手の織物","质地厚的纺织品","N1","eggrolls;N1中频;原词性:ナ形・名;音调:⓪"
"ホワイト","ホワイト","白，白色","名词","ホワイトチョコレート","白巧克力","N1","eggrolls;N1中频;原词性:名;音调:②;カタカナ語"
"不慮","ふりょ","意外，不测","名词","不慮の事故","意外的事故","N1","eggrolls;N1低频;原词性:名;音调:①"
"単行本","たんこうぼん","单行本","名词","単行本に併録された作品","收录于单行本的作品","N1","eggrolls;N1低频;原词性:名;音调:⓪"
"物真似","ものまね","仿效，模仿；口技","サ变动词/名词","先生の物真似をする","模仿老师","N1","eggrolls;N1中频;原词性:他動3・名;音调:⓪"
"一身","いっしん","自己，自身，全身","名词","一身の利益を図る","图谋私利","N1","eggrolls;N1中频;原词性:名;音调:③"
"曲がりなりにも","まがりなりにも","勉勉强强，好歹","副词","曲がりなりにもそれをやり遂げた","总算把它完成了","N1","eggrolls;N1低频;原词性:副;音调:⑤⑥"
"持論","じろん","一贯的主张","名词","持論を曲げない","坚持己见","N1","eggrolls;N1中频;原词性:名;音调:⓪"
"快挙","かいきょ","果敢的行动，壮举，令人称快的行为","名词","前例のない快挙","史无前例的壮举","N1","eggrolls;N1低频;原词性:名;音调:①"
"通行止め","つうこうどめ","禁止通行","名词","事故で通行止めになる","因事故封闭道路","N1","eggrolls;N1中频;原词性:名;音调:⓪"
"中核","ちゅうかく","中心，核心，骨干","名词","彼は組織の中核にいる","他是组织的核心","N1","eggrolls;N1低频;原词性:名;音调:⓪"
"自説","じせつ","己见，自己的意见","名词","自説を固持する","固执己见","N1","eggrolls;N1低频;原词性:名;音调:⓪"
"受け皿","うけざら","托盘；收容的机构","名词","コーヒーカップの受け皿","咖啡杯的托盘","N1","eggrolls;N1低频;原词性:名;音调:⓪②"
"即時","そくじ","立即，立刻","副词","願いが即時に成就した","愿望立刻就实现了","N1","eggrolls;N1低频;原词性:副;音调:①"
"痛烈","つうれつ","猛烈，激烈","な形容词/名词","痛烈な打撃を与える","给予猛烈的打击","N1","eggrolls;N1低频;原词性:ナ形・名;音调:⓪"
"緻密","ちみつ","（布、纸等）细致，细密；周密，缜密","な形容词/名词","緻密な紙質","纸质细腻","N1","eggrolls;N1高频;原词性:ナ形・名;音调:⓪"
"絶大","ぜつだい","巨大，极大","名词/な形容词","絶大な声援を受ける","受到极大的声援","N1","eggrolls;N1高频;原词性:名・ナ形;音调:⓪"
"雄大","ゆうだい","雄伟，雄壮，宏伟，宏大","な形容词","雄大な眺め","壮阔的景色","N1","eggrolls;N1中频;原词性:ナ形;音调:⓪"
"些細","ささい","细微，琐细，微不足道","な形容词","些細なことにこだわる","拘泥于琐事","N1","eggrolls;N1高频;原词性:ナ形;音调:①"
"適任","てきにん","适合（某种工作），胜任，称职","な形容词/名词","幹事に適任な人","适合担任干事的人","N1","eggrolls;N1中频;原词性:ナ形・名;音调:⓪"
"小規模","しょうきぼ","小规模","な形容词/名词","小規模なスーパーマーケット","小型超市","N1","eggrolls;N1中频;原词性:ナ形・名;音调:③"
"メイン","メイン","主要的，重要的，中心的","名词","メインの会場","主会场","N1","eggrolls;N1高频;原词性:名;音调:①;カタカナ語"
"不透明","ふとうめい","不透明；不明朗","な形容词/名词","不透明なガラス","不透明玻璃","N1","eggrolls;N1中频;原词性:ナ形・名;音调:②"
"孤高","ここう","孤高，高傲","名词/な形容词","孤高を持する","孤高自持；孤芳自赏","N1","eggrolls;N1低频;原词性:名・ナ形;音调:⓪"
"必至","ひっし","必至，一定到来","な形容词/名词","大きな被害を受けるのは必至だ","肯定会遭受巨大的损失","N1","eggrolls;N1中频;原词性:ナ形・名;音调:⓪"
"型破り","かたやぶり","打破常规，破格，破例","な形容词/名词","型破りな試験問題","打破常规的试题","N1","eggrolls;N1低频;原词性:ナ形・名;音调:③"
"身勝手","みがって","自私，任性","な形容词/名词","身勝手な人","只顾自己方便的人","N1","eggrolls;N1中频;原词性:ナ形・名;音调:②"
"不器用","ぶきよう","笨，笨拙，不熟练","な形容词/名词","やることがなんでも不器用だ","做什么事情都笨手笨脚","N1","eggrolls;N1中频;原词性:ナ形・名;音调:②"
"鮮烈","せんれつ","强烈，深刻","名词/な形容词","人々に鮮烈な印象を残した","给人们留下了深刻的印象","N1","eggrolls;N1中频;原词性:名・ナ形;音调:⓪"
"傲慢","ごうまん","傲慢，骄傲","な形容词/名词","傲慢に振る舞う","摆架子","N1","eggrolls;N1中频;原词性:ナ形・名;音调:⓪"
"難解","なんかい","难解，难懂","名词/な形容词","難解な文章","难懂的文章","N1","eggrolls;N1中频;原词性:名・ナ形;音调:⓪"
"独りよがり","ひとりよがり","自以为是，自命不凡","な形容词/名词","独りよがりな言動","自以为是的言行","N1","eggrolls;N1低频;原词性:ナ形・名;音调:④"
"愚直","ぐちょく","愚直，过于正直","な形容词/名词","愚直に規則を守る","死守规则","N1","eggrolls;N1低频;原词性:ナ形・名;音调:⓪"
"ぼろくそ","ぼろくそ","一钱不值","な形容词/名词","ぼろくそにけなされる","被贬斥得一钱不值","N1","eggrolls;N1低频;原词性:ナ形・名;音调:⓪;オノマトペ"
"コンパクト","コンパクト","带镜小粉盒；小型而内容充实的，紧凑型","な形容词/名词","新製品はコンパクトで軽量だ","新产品即小巧又轻便","N1","eggrolls;N1高频;原词性:ナ形・名;音调:①③;カタカナ語"
"不能","ふのう","不能；无能，没有才能","名词/な形容词","試合は続行不能となった","比赛不能继续进行了","N1","eggrolls;N1中频;原词性:名・ナ形;音调:⓪"
"豪快","ごうかい","豪爽，豪迈","な形容词/名词","豪快な笑い","豪爽的笑声","N1","eggrolls;N1低频;原词性:ナ形・名;音调:⓪"
"不可分","ふかぶん","分不开，离不开","な形容词/名词","両者は不可分の関係にある","两者有着密不可分的关系","N1","eggrolls;N1低频;原词性:ナ形・名;音调:②"
"空虚","くうきょ","空的；空虚，空洞，没有内容，没有价值","な形容词/名词","空虚な生活","空虚的生活","N1","eggrolls;N1中频;原词性:ナ形・名;音调:①"
"一目瞭然","いちもくりょうぜん","一目了然","な形容词","両チームの実力の差は一目瞭然だ","两队的实力差距一目了然","N1","eggrolls;N1低频;原词性:ナ形;音调:⓪+⓪、②+⓪"
"適正","てきせい","适当，公平，合理","な形容词/名词","適正価格","合理价格","N1","eggrolls;N1低频;原词性:ナ形・名;音调:⓪"
"不機嫌","ふきげん","不高兴，不痛快，不开心","な形容词/名词","不機嫌な顔をする","一脸不高兴","N1","eggrolls;N1中频;原词性:ナ形・名;音调:②"
"風流","ふうりゅう","风流，优美，风雅","な形容词/名词","風流の士","风雅之士","N1","eggrolls;N1低频;原词性:ナ形・名;音调:①"
"不毛","ふもう","不毛，无成果","な形容词/名词","不毛の地","不毛之地","N1","eggrolls;N1低频;原词性:ナ形・名;音调:⓪"
"無害","むがい","无害，无害处","な形容词/名词","人畜無害","人畜无害","N1","eggrolls;N1低频;原词性:ナ形・名;音调:①"
"あからさま","あからさま","明显，露骨","な形容词","あからさまに言えば…","直截了当地说……","N1","eggrolls;N1中频;原词性:ナ形;音调:⓪"
"逃げ腰","にげごし","想要逃脱，想要逃避","名词","強そうな相手と知って逃げ腰になる","知道对方厉害，想打退堂鼓","N1","eggrolls;N1低频;原词性:名;音调:⓪"
"不用意","ふようい","没准备；不慎，不小心","な形容词/名词","不用意に漏らす","无意中泄漏","N1","eggrolls;N1低频;原词性:ナ形・名;音调:②"
"画一的","かくいつてき","划一的，统一的","な形容词","画一的な教育","形式化的教育","N1","eggrolls;N1中频;原词性:ナ形;音调:⓪"
"筋違い","すじちがい","不像话，不合理；扭筋，错筋","な形容词/名词","彼の主張はまるで筋違いだ","他的主张太不合理了","N1","eggrolls;N1低频;原词性:ナ形・名;音调:③"
"微細","びさい","微小，细微","な形容词/名词","微細な粒子","微细粒子","N1","eggrolls;N1低频;原词性:ナ形・名;音调:⓪"
"従順","じゅうじゅん","顺从，听话，温顺","な形容词/名词","見かけは従順だ","表面看来很温顺","N1","eggrolls;N1中频;原词性:ナ形・名;音调:⓪"
"尊大","そんだい","自大，骄傲自大","な形容词/名词","尊大に構える","摆架子","N1","eggrolls;N1低频;原词性:ナ形・名;音调:⓪"
"熱烈","ねつれつ","热烈，火热，热情","な形容词/名词","熱烈な恋愛","热恋","N1","eggrolls;N1低频;原词性:ナ形・名;音调:⓪"
"カジュアル","カジュアル","休闲（的），轻便（的），舒适（的）","な形容词","カジュアルウエア","休闲服装","N1","eggrolls;N1低频;原词性:ナ形;音调:①;カタカナ語"
"公的","こうてき","公共的，官方的","な形容词","公的な事業","公共事业","N1","eggrolls;N1低频;原词性:ナ形;音调:⓪"
"広範囲","こうはんい","范围广大","な形容词/名词","彼の知識は広範囲にわたっている","他的知识面很广","N1","eggrolls;N1低频;原词性:ナ形・名;音调:③"
"深遠","しんえん","深远，深奥","名词/な形容词","深遠な哲理","深奥的哲理","N1","eggrolls;N1低频;原词性:名・ナ形;音调:⓪"
"上出来","じょうでき","做得很好，结果非常成功","な形容词/名词","今年の米は上出来だ","今年的稻米收成不错","N1","eggrolls;N1低频;原词性:ナ形・名;音调:⓪"
"高慢","こうまん","傲慢，高傲","な形容词","高慢に振る舞う","举止傲慢","N1","eggrolls;N1低频;原词性:ナ形;音调:⓪"
"ちっぽけ","ちっぽけ","极小","な形容词","ここから眺めるとずいぶんちっぽけに見える","从这里望去显得非常小","N1","eggrolls;N1中频;原词性:ナ形;音调:③;オノマトペ"
"無心","むしん","天真；专心；索要钱财","な形容词/サ变动词/名词","無心に笑う","天真地笑","N1","eggrolls;N1中频;原词性:ナ形・他動3・名;音调:⓪"
"明快","めいかい","明快，条理清楚，平明易解","な形容词/名词","明快な説明","明快的解释","N1","eggrolls;N1低频;原词性:ナ形・名;音调:⓪"
"伸びやか","のびやか","舒展，悠然自得","な形容词","伸びやかにすくすくと育つ","舒展茁壮地成长","N1","eggrolls;N1低频;原词性:ナ形;音调:②"
"突っ走る","つっぱしる","飞跑；（向着某个目标）冲刺","动词/自动词/五段动词","高速道路を突っ走る","在高速公路上奔驰","N1","eggrolls;N1中频;原词性:自動1;音调:④"
"ほどける","ほどける","（系着的东西）解开；消，解消","动词/自动词/一段动词","結び目がほどける","绳结松开了","N1","eggrolls;N1低频;原词性:自動2;音调:③"
"生き抜く","いきぬく","（挣扎着）活下去","动词/自动词/五段动词","どんなに苦しくても生き抜こうと決心した","无论多么痛苦，我都决心要活下去","N1","eggrolls;N1中频;原词性:自動1;音调:⓪③"
"行き渡る","ゆきわたる","遍布，普及","动词/自动词/五段动词","救援物資が被災者に行き渡る","救援物资送达至灾民手中","N1","eggrolls;N1高频;原词性:自動1;音调:④"
"見定める","みさだめる","看准，看清","动词/他动词/一段动词","状況を見定めてから行動する","先看清状况再行动","N1","eggrolls;N1高频;原词性:他動2;音调:⓪④"
"閉ざす","とざす","锁上（门窗）；闭上；封锁；封闭","动词/他动词/五段动词","閉ざされた室内で殺人が起こる","在密室里发生了杀人事件","N1","eggrolls;N1中频;原词性:他動1;音调:⓪②"
"置き換える","おきかえる","挪到；调换，替换","动词/他动词/一段动词","ベッドを壁際に置き換える","把床挪到靠墙的地方","N1","eggrolls;N1高频;原词性:他動2;音调:③④"
"抱え込む","かかえこむ","双手抱，夹；承担（负担等）","动词/他动词/五段动词","大きな荷物を抱え込む","抱着大件行李","N1","eggrolls;N1低频;原词性:他動1;音调:④"
"講じる","こうじる","讲授；谋求，采取（措施）","动词/他动词/一段动词","文学を講じる","讲授文学","N1","eggrolls;N1低频;原词性:他動2;音调:⓪③"
"この上ない","このうえない","无上，无以复加","い形容词","この上ないぜいたく","穷奢极欲","N1","eggrolls;N1中频;原词性:イ形;音调:⑤"
"包み込む","つつみこむ","包进去，包在里面","动词/他动词/五段动词","霧が町全体を包み込む","雾气笼罩了整个城镇","N1","eggrolls;N1中频;原词性:他動1;音调:④"
"踏ん張る","ふんばる","叉开双脚用力站稳；坚持，挣扎","动词/自动词/五段动词","土俵際で踏ん張る","在相扑台边上用力站住","N1","eggrolls;N1中频;原词性:自動1;音调:③"
"駆り立てる","かりたてる","迫使，逼迫，驱使","动词/他动词/一段动词","人を悪事に駆り立てる","逼迫人干坏事","N1","eggrolls;N1低频;原词性:他動2;音调:④"
"振り向ける","ふりむける","转向；挪用，充当","动词/他动词/一段动词","頭を振り向ける","转过头来","N1","eggrolls;N1中频;原词性:他動2;音调:④"
"指し示す","さししめす","示出，指示","动词/他动词/五段动词","進むべき道を指し示す","指示前进的方向","N1","eggrolls;N1低频;原词性:他動1;音调:⓪④"
"てらう","てらう","炫耀，夸耀，显示","动词/他动词/五段动词","新奇をてらう","标新立异","N1","eggrolls;N1中频;原词性:他動1;音调:⓪②"
"せこい","せこい","心胸狭窄，狡猾，小气","い形容词","やり方がせこい","手段卑鄙","N1","eggrolls;N1低频;原词性:イ形;音调:②"
"狭まる","せばまる","（空间、间隔、范围等）变窄","动词/自动词/五段动词","道幅が狭まる","道路变窄","N1","eggrolls;N1低频;原词性:自動1;音调:③"
"ほぐす","ほぐす","解开，拆开，理开；揉开，使……松弛","动词/他动词/五段动词","セーターの毛糸をほぐす","拆毛衣","N1","eggrolls;N1中频;原词性:他動1;音调:②"
"干からびる","ひからびる","干涸，干枯","动词/自动词/一段动词","干からびたパン","干巴巴的面包","N1","eggrolls;N1低频;原词性:自動2;音调:⓪④"
"出しゃばる","でしゃばる","多管闲事，多嘴多舌","动词/自动词/五段动词","余計なことだ、出しゃばるな","不关你的事，少管闲事！","N1","eggrolls;N1低频;原词性:自動1;音调:③"
"押しやる","おしやる","推开","动词/他动词/五段动词","じゃまな荷物を押しやる","把碍事的行李推到一边","N1","eggrolls;N1低频;原词性:他動1;音调:③"
"育て上げる","そだてあげる","养育成人","动词/他动词/一段动词","3人の息子を立派に育て上げた","把三个儿子都养育成材","N1","eggrolls;N1低频;原词性:他動2;音调:⓪⑤"
"見据える","みすえる","盯着看；看准","动词/他动词/一段动词","相手を見据える","目不转睛地看对方","N1","eggrolls;N1中频;原词性:他動2;音调:⓪③"
"立ち向かう","たちむかう","对抗，顶撞；应付，面临","动词/自动词/五段动词","素手で強敵に立ち向かう","赤手空拳面对强敌","N1","eggrolls;N1中频;原词性:自動1;音调:⓪④"
"動じる","どうじる","动摇，心慌","动词/自动词/一段动词","ちょっとやそっとのことでは動じない","不会因为一点小事而动摇","N1","eggrolls;N1低频;原词性:自動2;音调:⓪③"
"働かす","はたらかす","使劳动，使动作；发挥","动词/他动词/五段动词","機械を働かす","启动机器","N1","eggrolls;N1中频;原词性:他動1;音调:⓪"
"群れる","むれる","群聚，群集，聚集","动词/自动词/一段动词","ごみの山にハエが群れる","垃圾堆里苍蝇群聚","N1","eggrolls;N1低频;原词性:自動2;音调:②"
"世知辛い","せちがらい","生活艰苦，日子不好过；小气，好打小算盘","い形容词","ますます世知辛い世の中になってきた","日子越来越不好过了","N1","eggrolls;N1低频;原词性:イ形;音调:④"
"かけ離れる","かけはなれる","相离太远，相差悬殊","动词/自动词/一段动词","現実と懸け離れる","脱离实际","N1","eggrolls;N1低频;原词性:自動2;音调:⓪⑤"
"立ち戻る","たちもどる","回来，返回","动词/自动词/五段动词","本題に立ち戻る","回到本题；言归正传","N1","eggrolls;N1中频;原词性:自動1;音调:⓪④"
"付け込む","つけこむ","抓住机会，乘机；记账，记流水账","动词/自他动词/五段动词","相手のミスに付け込む","利用对方的失误","N1","eggrolls;N1低频;原词性:自他動1;音调:③"
"埋もれる","うもれる","（被）埋上，压埋；湮没，埋没","动词/自动词/一段动词","登山者が雪崩で雪に埋もれる","登山者遭雪崩掩埋","N1","eggrolls;N1低频;原词性:自動2;音调:⓪"
"探し回る","さがしまわる","到处寻找，到处搜寻","动词/他动词/五段动词","家中探し回ったけれども、どうしても見つからない","家里都找遍了，怎么找也没有","N1","eggrolls;N1低频;原词性:他動1;音调:⑤"
"そぐ","そぐ","削，割；削尖；削弱","动词/他动词/五段动词","敵兵の耳をそぐ","割下敌兵的耳朵","N1","eggrolls;N1中频;原词性:他動1;音调:①"
"せわしない","せわしない","忙，忙碌","い形容词","年末は何かとせわしない","年末总是忙碌不已","N1","eggrolls;N1低频;原词性:イ形;音调:④"
"すごむ","すごむ","威吓，恐吓","动词/自动词/五段动词","金を出せとすごむ","威胁要钱","N1","eggrolls;N1低频;原词性:自動1;音调:②"
"推し量る","おしはかる","推测，推想，猜测","动词/他动词/五段动词","相手の心を推し量る","揣测对方的心思","N1","eggrolls;N1中频;原词性:他動1;音调:④"
"没する","ぼっする","沉没；死去；隐没；没收","サ变动词","船が水中に没する","船沉入水中","N1","eggrolls;N1低频;原词性:自他動3;音调:⓪③"
"青臭い","あおくさい","青涩，幼稚","い形容词","彼の言うことは青臭い","他说话很幼稚","N1","eggrolls;N1低频;原词性:イ形;音调:④"
"ぎこちない","ぎこちない","笨拙，生硬，不流畅","い形容词","ぎこちなく笑う","尴尬地笑","N1","eggrolls;N1中频;原词性:イ形;音调:④"
"揺るぎない","ゆるぎない","巩固，牢固","い形容词","揺るぎない名声を築く","树立了不可动摇的名声","N1","eggrolls;N1低频;原词性:イ形;音调:④"
"畳み込む","たたみこむ","折叠起来；放在心里；连珠炮","动词/他动词/五段动词","食卓の脚を畳み込む","把餐桌的桌腿折叠起来","N1","eggrolls;N1低频;原词性:他動1;音调:④"
"植え付ける","うえつける","种植，插秧；灌输","动词/他动词/一段动词","水田にイネを植え付ける","往水田里插稻秧","N1","eggrolls;N1低频;原词性:他動2;音调:④"
"練り上げる","ねりあげる","搅拌好；精炼，推敲","动词/他动词/一段动词","砂糖を加えて餡を練り上げる","加入砂糖，将馅料揉捏均匀","N1","eggrolls;N1低频;原词性:他動2;音调:⓪④"
"ちりばめる","ちりばめる","镶嵌","动词/他动词/一段动词","宝石をちりばめた王冠","镶满宝石的王冠","N1","eggrolls;N1中频;原词性:他動2;音调:④"
"持ち直す","もちなおす","改变拿法；恢复；好转","动词/自他动词/五段动词","本を右手に持ち直す","换右手拿书","N1","eggrolls;N1低频;原词性:自他動1;音调:⓪④"
"古びる","ふるびる","变旧，陈旧","动词/自动词/一段动词","古びた家","老房子，旧房子","N1","eggrolls;N1低频;原词性:自動2;音调:③"
"張り出す","はりだす","突出，伸出；公布，揭示","动词/自他动词/五段动词","半島が海に張り出す","半岛延伸至海洋","N1","eggrolls;N1低频;原词性:自他動1;音调:③"
"挙がる","あがる","举起来；被提出；被逮捕","动词/自动词/五段动词","手が挙がる","举手","N1","eggrolls;N1低频;原词性:自動1;音调:⓪"
"跳ね上がる","はねあがる","飞溅；（物价等）暴涨；行动过激","动词/自动词/五段动词","ズボンのすそに泥が跳ね上がる","裤脚溅上泥水","N1","eggrolls;N1低频;原词性:自動1;音调:⓪④"
"せがむ","せがむ","央求，纠缠","动词/他动词/五段动词","小遣いをせがむ","讨零用钱","N1","eggrolls;N1低频;原词性:他動1;音调:②"
"失せる","うせる","消失","动词/自动词/一段动词","やる気が失せる","失去干劲","N1","eggrolls;N1低频;原词性:自動2;音调:②"
"際立つ","きわだつ","显著，显眼，与众不同","动词/自动词/五段动词","赤を際立たせたデザイン","突显红色的设计","N1","eggrolls;N1中频;原词性:自動1;音调:③"
"練り直す","ねりなおす","再揉和；重新思考，推敲","动词/他动词/五段动词","計画を練り直す","重新推敲计划","N1","eggrolls;N1低频;原词性:他動1;音调:⓪④"
"くびれる","くびれる","中间变细","动词/自动词/一段动词","胴のくびれた酒器","腰身收窄的酒器","N1","eggrolls;N1低频;原词性:自動2;音调:⓪③"
"切らす","きらす","中断的状态；用尽，用光","动词/他动词/五段动词","息を切らす","气喘吁吁","N1","eggrolls;N1高频;原词性:他動1;音调:②"
"はみ出す","はみだす","超出限度，越出范围","动词/自动词/五段动词","子どもの体が布団からはみ出している","孩子的身体从被子里露出来","N1","eggrolls;N1中频;原词性:自動1;音调:③⓪"
"書き入れる","かきいれる","写上，记入","动词/他动词/一段动词","書類に氏名を書き入れる","在文件上填写姓名","N1","eggrolls;N1中频;原词性:他動2;音调:⓪④"
"売り込む","うりこむ","推销；出卖（秘密）","动词/他动词/五段动词","新製品を売り込む","推销新产品","N1","eggrolls;N1中频;原词性:他動1;音调:③"
"埋め立てる","うめたてる","填海造地","动词/他动词/一段动词","海を埋め立てる","填海造地","N1","eggrolls;N1低频;原词性:他動2;音调:④"
"買い占める","かいしめる","（为了获利）全部买下，囤积","动词/他动词/一段动词","駅前の土地を買い占める","囤积车站前的土地","N1","eggrolls;N1低频;原词性:他動2;音调:④"
"手間取る","てまどる","费事，费工夫，费时间","动词/自动词/五段动词","買い物に手間取る","买东西花了不少时间","N1","eggrolls;N1中频;原词性:自動1;音调:③"
"割り切る","わりきる","（除法）除尽；想开，看开","动词/他动词/五段动词","3は6を割り切る","3能整除6","N1","eggrolls;N1高频;原词性:他動1;音调:③"
"引き締まる","ひきしまる","紧绷，紧致；紧张，不松懈","动词/自动词/五段动词","引き締まった体","紧实的身体","N1","eggrolls;N1低频;原词性:自動1;音调:④"
"黒ずむ","くろずむ","发黑，带黑色","动词/自动词/五段动词","すすで黒ずんだ顔","被煤烟熏黑的脸","N1","eggrolls;N1低频;原词性:自動1;音调:③"
"うろつく","うろつく","彷徨，徘徊，闲荡","动词/自动词/五段动词","家の前を変な人がうろついている","家门前有可疑人士徘徊","N1","eggrolls;N1低频;原词性:自動1;音调:⓪"
"念じる","ねんじる","念念不忘，祈祷；默念","动词/他动词/一段动词","合格を念じる","祈求合格","N1","eggrolls;N1低频;原词性:他動2;音调:⓪③"
"さもしい","さもしい","下流，卑鄙，卑劣，贪婪无耻","い形容词","さもしい心を起こす","起卑鄙的念头","N1","eggrolls;N1低频;原词性:イ形;音调:③"
"凝り固まる","こりかたまる","凝固，凝结；狂热，热衷","动词/自动词/五段动词","疲労で凝り固まった筋肉","因疲劳而僵硬的肌肉","N1","eggrolls;N1低频;原词性:自動1;音调:⓪⑤"
"知り抜く","しりぬく","洞悉，深知，了如指掌","动词/他动词/五段动词","彼は相手方の弱点を知り抜いていた","他对对方的弱点了如指掌","N1","eggrolls;N1低频;原词性:他動1;音调:③"
"罪深い","つみぶかい","罪大，罪孽深重","い形容词","罪深い身を恥じる","为自己罪孽深重而感到羞愧","N1","eggrolls;N1低频;原词性:イ形;音调:④"
"流し込む","ながしこむ","灌入，浇注","动词/他动词/五段动词","溶けた鉛を型に流し込む","把熔化的铅水浇注到模子里","N1","eggrolls;N1低频;原词性:他動1;音调:④"
"そぐわない","そぐわない","不合适，不符合","连语","会議の趣旨にそぐわない発言","不符合会议宗旨的发言","N1","eggrolls;N1中频;原词性:連語;音调:③"
"襲いかかる","おそいかかる","袭击过来，猛扑过来，进攻过来","动词/自动词/五段动词","猛獣が襲いかかってくる","猛兽猛扑过来","N1","eggrolls;N1低频;原词性:自動1;音调:⑤"
"宿す","やどす","保有，留下；怀孕","动词/他动词/五段动词","胸に秘密を宿す","把秘密藏在心里","N1","eggrolls;N1低频;原词性:他動1;音调:②"
"浮かれる","うかれる","兴高采烈，得意忘形","动词/自动词/一段动词","月に浮かれて外へ出る","被明月吸引而出门赏月","N1","eggrolls;N1低频;原词性:自動2;音调:⓪"
"思い返す","おもいかえす","再想一遍，回想；重新考虑，改变主意","动词/他动词/五段动词","事の経緯を思い返してみる","回想事情的经过","N1","eggrolls;N1中频;原词性:他動1;音调:④"
"見透かす","みすかす","看穿，看透","动词/他动词/五段动词","心を見透かす","看穿内心","N1","eggrolls;N1低频;原词性:他動1;音调:⓪③"
"見せかける","みせかける","假装，装作","动词/他动词/一段动词","実力以上に見せかける","虚张声势","N1","eggrolls;N1低频;原词性:他動2;音调:⓪④"
"やり切れない","やりきれない","做不完；受不了","连语","この仕事は一か月ではやり切れない","这个工作一个月做不完","N1","eggrolls;N1低频;原词性:連語;音调:④"
"真新しい","まあたらしい","崭新，全新","い形容词","真新しい洋服","崭新的西服","N1","eggrolls;N1低频;原词性:イ形;音调:⑤"
"しょい込む","しょいこむ","背上；担负，承担","动词/他动词/五段动词","大きな荷物をしょい込む","背负着沉重的行李","N1","eggrolls;N1低频;原词性:他動1;音调:③"
"咲き乱れる","さきみだれる","繁花盛开","动词/自动词/一段动词","リンドウが咲き乱れる高原","龙胆花盛开的高原","N1","eggrolls;N1中频;原词性:自動2;音调:⑤"
"見せつける","みせつける","卖弄，炫耀","动词/他动词/一段动词","仲のよいところを見せつける","炫耀关系亲密","N1","eggrolls;N1低频;原词性:他動2;音调:⓪④"
"胡散臭い","うさんくさい","形迹可疑，奇怪，蹊跷","い形容词","胡散臭い人","形迹可疑的人","N1","eggrolls;N1低频;原词性:イ形;音调:⑤"
"見て取る","みてとる","看破，看穿","动词/他动词/五段动词","相手の真意を見て取る","看出对方的真正意图","N1","eggrolls;N1中频;原词性:他動1;音调:①+①"
"引き戻す","ひきもどす","拉回，拽回","动词/他动词/五段动词","現実に引き戻される","被拉回现实中","N1","eggrolls;N1中频;原词性:他動1;音调:④"
"潤す","うるおす","润，弄湿；使受惠","动词/他动词/五段动词","のどを潤す","润嗓子","N1","eggrolls;N1中频;原词性:他動1;音调:③"
"興す","おこす","兴办，振兴","动词/他动词/五段动词","会社を興す","创办公司","N1","eggrolls;N1低频;原词性:他動1;音调:②"
"耐え抜く","たえぬく","忍到最后，坚持到底","动词/自动词/五段动词","苦難の日々を耐え抜いてきた","熬过了苦难的日子","N1","eggrolls;N1低频;原词性:自動1;音调:③"
"押し込める","おしこめる","塞进，硬塞；关在里面，监禁","动词/他动词/一段动词","ポケットに本を押し込める","把书塞进口袋里","N1","eggrolls;N1低频;原词性:他動2;音调:④"
"見立てる","みたてる","选择；诊断；比作","动词/他动词/一段动词","自分で見立てる","自己挑选","N1","eggrolls;N1低频;原词性:他動2;音调:⓪③"
"耳慣れる","みみなれる","听惯，耳熟","动词/自动词/一段动词","耳慣れないカタカナ語","陌生的外来语","N1","eggrolls;N1低频;原词性:自動2;音调:④"
"牛耳る","ぎゅうじる","执牛耳，把持，操纵，主宰","动词/他动词/五段动词","会社を牛耳る","把持公司","N1","eggrolls;N1低频;原词性:他動1;音调:③"
"疎ましい","うとましい","讨厌，厌恶","い形容词","しつこくつきまとって疎ましがられる","死缠烂打，惹人厌烦","N1","eggrolls;N1低频;原词性:イ形;音调:④"
"投げかける","なげかける","随手搭上，披上；（视线、话语等）投向；提出；倚靠","动词/他动词/一段动词","肩にジャケットを投げかける","把外套披在肩上","N1","eggrolls;N1中频;原词性:他動2;音调:⓪④"
"ほほえましい","ほほえましい","使人欣慰，招人微笑","い形容词","子どもたちの遊んでいる様子はほほえましい","孩子们玩耍的样子让人不禁露出笑容","N1","eggrolls;N1中频;原词性:イ形;音调:⑤"
"根差す","ねざす","生根；扎根；起因，由来","动词/自动词/五段动词","地中に深く根差す","深深地在土里扎根","N1","eggrolls;N1中频;原词性:自動1;音调:②"
"見返す","みかえす","回头看；重看，反复看；回看，还眼；（受了侮辱或轻视后）争气","动词/他动词/五段动词","今来た道を見返す","回头看向来时的路","N1","eggrolls;N1低频;原词性:他動1;音调:⓪②"
"細める","ほそめる","使细，弄细","动词/他动词/一段动词","目を細める","眯起眼睛","N1","eggrolls;N1低频;原词性:他動2;音调:③"
"見下す","みくだす","看不起，轻视；往下看，俯视","动词/他动词/五段动词","人を見下した態度","瞧不起人的态度","N1","eggrolls;N1低频;原词性:他動1;音调:⓪③"
"塗り替える","ぬりかえる","重新涂抹，重画","动词/他动词/一段动词","壁を塗り替える","重新粉刷墙壁","N1","eggrolls;N1低频;原词性:他動2;音调:③④"
"てこずる","てこずる","棘手，难对付，犯难","动词/自动词/五段动词","和平交渉にてこずる","和平谈判陷入僵局","N1","eggrolls;N1中频;原词性:自動1;音调:③"
"渋る","しぶる","不肯，不痛快，不爽快；不流畅，发涩","动词/自他动词/五段动词","金を出し渋る","不痛痛快快地付钱","N1","eggrolls;N1中频;原词性:自他動1;音调:②"
"切り立つ","きりたつ","峭立，陡立，陡峭","动词/自动词/五段动词","切り立ったがけ","陡峭的悬崖","N1","eggrolls;N1低频;原词性:自動1;音调:⓪③"
"かたどる","かたどる","仿照，形象化","动词/他动词/五段动词","熊をかたどった彫刻","以熊为形象的雕像","N1","eggrolls;N1低频;原词性:他動1;音调:③"
"織り成す","おりなす","织成，织出；穿插成，组成","动词/他动词/五段动词","錦を織りなす","织锦","N1","eggrolls;N1低频;原词性:他動1;音调:③"
"語り継ぐ","かたりつぐ","不断地讲述并传承给下一代","动词/他动词/五段动词","古くから語り継がれた話","古老相传的故事","N1","eggrolls;N1低频;原词性:他動1;音调:④"
"継ぎ足す","つぎたす","接上，添上，加上，补上","动词/他动词/五段动词","2階を継ぎ足す","增建二楼","N1","eggrolls;N1低频;原词性:他動1;音调:⓪③"
"すり減らす","すりへらす","磨薄；劳神，费心","动词/他动词/五段动词","消しゴムをすり減らす","橡皮擦越擦越小","N1","eggrolls;N1低频;原词性:他動1;音调:⓪④"
"打ち付ける","うちつける","用力撞击；钉（上）","动词/他动词/一段动词","柱に頭を打ち付ける","把头撞在柱子上","N1","eggrolls;N1低频;原词性:他動2;音调:⓪④"
"ずれ込む","ずれこむ","推迟，拖延","动词/自动词/五段动词","竣工が来月までずれ込む","工程延宕到下个月才完工","N1","eggrolls;N1中频;原词性:自動1;音调:⓪③"
"押し通す","おしとおす","强行通过；硬干，固执到底","动词/他动词/五段动词","自分の意見をあくまで押し通す","始终坚持己见","N1","eggrolls;N1低频;原词性:他動1;音调:③"
"降りかかる","ふりかかる","落到；降临","动词/自动词/五段动词","雨が降りかかる","雨水打在身上","N1","eggrolls;N1低频;原词性:自動1;音调:④"
"堅苦しい","かたくるしい","限制过严，死板","い形容词","堅苦しいあいさつは抜きにしよう","我们就免去那些繁文缛节的寒暄吧","N1","eggrolls;N1中频;原词性:イ形;音调:⑤⓪"
"かき集める","かきあつめる","扒，搂；搜罗，搜集","动词/他动词/一段动词","落ち葉をかき集める","扫集落叶","N1","eggrolls;N1低频;原词性:他動2;音调:⓪⑤"
"取り決める","とりきめる","决定，商定，议定","动词/他动词/一段动词","結婚式の日取りを取り決める","决定婚礼的日期","N1","eggrolls;N1低频;原词性:他動2;音调:⓪④"
"掘り下げる","ほりさげる","往下深挖；深入思考，挖掘（思想）","动词/他动词/一段动词","井戸を掘り下げる","挖井","N1","eggrolls;N1低频;原词性:他動2;音调:⓪④"
"あやす","あやす","哄，逗（小孩子）","动词/他动词/五段动词","泣く子をあやす","哄哭闹的孩子","N1","eggrolls;N1低频;原词性:他動1;音调:②"
"行き交う","ゆきかう","（行人）往来","动词/自动词/五段动词","街は行き交う人々でごった返している","街上行人往来熙熙攘攘","N1","eggrolls;N1低频;原词性:自動1;音调:③"
"痩せ衰える","やせおとろえる","消瘦，瘦弱","动词/自动词/一段动词","大病を得て痩せ衰える","重病缠身，形销骨立","N1","eggrolls;N1低频;原词性:自動2;音调:⑤⑥"
"忍びない","しのびない","（…に忍びない）忍不住，不忍","连语","その惨状は見るに忍びない","那种惨状目不忍睹","N1","eggrolls;N1低频;原词性:連語;音调:④"
"ほぐれる","ほぐれる","开，解开；舒畅，开朗","动词/自动词/一段动词","からんだ毛糸がほぐれる","缠绕的毛线解开了","N1","eggrolls;N1中频;原词性:自動2;音调:③"
"絡み合う","からみあう","互相缠绕，搅在一起；互相纠缠，彼此牵扯","动词/自动词/五段动词","釣り糸が絡み合う","钓鱼线缠绕在一起","N1","eggrolls;N1低频;原词性:自動1;音调:④"
"がらり","がらり","哗啦，轰隆，轰；突然改变，豹变","副词","がらりと戸があいた","哗啦一声门开了","N1","eggrolls;N1中频;原词性:副;音调:②③;オノマトペ"
"別途","べっと","另，另外","名词","交際費は別途支給する","交际费另行支给","N1","eggrolls;N1中频;原词性:名;音调:⓪①"
"順次","じゅんじ","顺次，依次","副词","順次答える","依次回答","N1","eggrolls;N1低频;原词性:副;音调:①"
"ありあり","ありあり","清清楚楚；历历在目","副词","不満の色がありありと現れる","不满之色溢于言表","N1","eggrolls;N1低频;原词性:副;音调:③;オノマトペ"
"ひしひし","ひしひし","深刻地，深深地","副词","上司の気遣いがひしひしと感じられる","切身感受到上级的关心","N1","eggrolls;N1低频;原词性:副;音调:②①;オノマトペ"
"ならでは","ならでは","非……不可，除……之外别无其他","连语","あの人ならではの出来栄え","只有他才做得出来的好成果","N1","eggrolls;N1高频;原词性:連語;音调:①"
"まくる","まくる","挽，卷起；（接在动词连用形后）激烈地，持续不断地","动词/他动词/五段动词","シャツの袖をまくる","卷起衬衫袖子","N1","eggrolls;N1中频;原词性:他動1;音调:⓪"
"何かしら","なにかしら","什么，某种；不知为何","副词","この本は何かしら役に立つだろう","这本书应该会有些用处","N1","eggrolls;N1高频;原词性:副;音调:⓪"
"常時","じょうじ","平时，平常；经常，时常","名词","当店は常時5000点の家具をそろえております","本店常年备有五千种家具","N1","eggrolls;N1高频;原词性:名;音调:①"
"根こそぎ","ねこそぎ","连根拔起；彻底地","副词/名词","根こそぎにする","连根拔起；根除","N1","eggrolls;N1中频;原词性:副・名;音调:⓪"
"随時","ずいじ","随时","副词","随時アルバイトを募集する","随时招募兼职人员","N1","eggrolls;N1中频;原词性:副;音调:①"
"来春","らいしゅん","明年春天","名词","来春には卒業する","明年春天就要毕业了","N1","eggrolls;N1低频;原词性:名;音调:⓪"
"紀元前","きげんぜん","公元前","名词","ローマを建国したのは紀元前753年だ","罗马建国于公元前753年","N1","eggrolls;N1低频;原词性:名;音调:②"
"何物","なにもの","什么东西，何物","名词","いったい、学歴とは何物なのか","学历到底是什么东西呢？","N1","eggrolls;N1中频;原词性:名;音调:⓪"
"苦しみ","くるしみ","痛苦，苦恼，困难，困苦","名词","病気の苦しみから逃れようともがく","挣扎着想要摆脱疾病的痛苦","N1","eggrolls;N1低频;原词性:名;音调:⓪③④"
"暴走","ぼうそう","乱跑，狂驾；失控；鲁莽从事","名词/サ变动词","暴走族が高速道を占拠した","暴走族占据了高速公路","N1","eggrolls;N1低频;原词性:名・自動3;音调:⓪"
"仮面","かめん","假脸；面具","名词","仮面舞踏会","假面舞会","N1","eggrolls;N1低频;原词性:名;音调:⓪"
"怪物","かいぶつ","怪物，妖怪；（言行奇特的）神秘人物，怪杰，怪人","名词","海の怪物","海怪","N1","eggrolls;N1中频;原词性:名;音调:⓪"
"一族","いちぞく","一族，整个家族，同族","名词","平家の一族","平氏一族","N1","eggrolls;N1低频;原词性:名;音调:②"
"平然","へいぜん","沉着，冷静，镇静，不在乎","な形容词/ト/タル型","叱られても平然としている","被骂了也满不在乎","N1","eggrolls;N1中频;原词性:形動トタル;音调:⓪"
"はっと","はっと","突然（想起）；（因意外事件而）吃惊","副词","はっとして我に返る","突然回过神来","N1","eggrolls;N1高频;原词性:副;音调:①⓪;オノマトペ"
"目線","めせん","视线；观点","名词","カメラ目線","看镜头","N1","eggrolls;N1高频;原词性:名;音调:⓪"
"食材","しょくざい","食材","名词","旬の食材を使った料理","使用当季食材的料理","N1","eggrolls;N1高频;原词性:名;音调:⓪"
"光栄","こうえい","光荣，荣誉","名词/な形容词","お招きいただき光栄です","承蒙邀请，不胜荣幸","N1","eggrolls;N1中频;原词性:名・ナ形;音调:⓪"
"ライン","ライン","线；水平；航线","名词","スタートライン","起跑线","N1","eggrolls;N1中频;原词性:名;音调:①;カタカナ語"
"飛び降りる","とびおりる","（从高处或行驶的交通工具）跳下","动词/自动词/一段动词","電車から飛び降りる","从电车上跳下来","N1","eggrolls;N1低频;原词性:自動2;音调:④"
"初日","しょにち","第一天","名词","展覧会の初日","展览会的第一天","N1","eggrolls;N1低频;原词性:名;音调:⓪"
"後ろ姿","うしろすがた","背影","名词","彼女の後ろ姿をいつまでも見送る","一直目送她远去","N1","eggrolls;N1低频;原词性:名;音调:④"
"結末","けつまつ","（最后的）结果，结局","名词","その事件はまだ結末がつかない","那个事件还没有了结","N1","eggrolls;N1高频;原词性:名;音调:⓪"
"店主","てんしゅ","店主","名词","強盗が首を絞めて店主を殺す","强盗勒死店主","N1","eggrolls;N1高频;原词性:名;音调:①"
"大規模","だいきぼ","大规模，规模宏大","な形容词/名词","大規模な福祉施設を造る","建造大规模的福利设施","N1","eggrolls;N1高频;原词性:ナ形・名;音调:③"
"突き刺す","つきさす","扎，刺；刺痛","动词/他动词/五段动词","短刀を胸に突き刺す","把匕首刺进胸膛","N1","eggrolls;N1低频;原词性:他動1;音调:③"
"大して","たいして","并不那么……","副词","大して変わらない","没什么大变化；没太大差别","N1","eggrolls;N1高频;原词性:副;音调:①"
"豚","ぶた","猪；猪肉","名词","豚を飼う","养猪","N1","eggrolls;N1低频;原词性:名;音调:⓪"
"強大","きょうだい","强大，强盛，雄厚","名词/な形容词","強大な勢力を持つ","拥有强大的势力","N1","eggrolls;N1中频;原词性:名・ナ形;音调:⓪"
"我が家","わがや","自己的家，我家","名词","我が家の庭","我家院子","N1","eggrolls;N1中频;原词性:名;音调:①"
"四方","しほう","四方（东西南北）；四周，周围；四角，方形","名词","破片が四方に飛び散る","碎片四处飞散","N1","eggrolls;N1低频;原词性:名;音调:①②"
"自力","じりき","自力","名词","自力で問題を解決する","靠自己的力量解决问题","N1","eggrolls;N1高频;原词性:名;音调:⓪"
"流れ込む","ながれこむ","流入，注入","动词/自动词/五段动词","生活排水が湖に流れ込む","生活污水流入湖中","N1","eggrolls;N1中频;原词性:自動1;音调:④"
"偽","にせ","假，假冒，赝品","名词","偽医者","假冒的医生","N1","eggrolls;N1低频;原词性:名;音调:⓪"
"責任者","せきにんしゃ","负责人","名词","責任者とじかに話し合う","直接与负责人商谈","N1","eggrolls;N1高频;原词性:名;音调:③"
"見比べる","みくらべる","（对照着）比较，对比","动词/他动词/一段动词","実物と見本を見比べる","将实物和样品相比较","N1","eggrolls;N1低频;原词性:他動2;音调:⓪④"
"賛同","さんどう","赞同，赞成，同意","名词/サ变动词","趣旨に賛同する","对其宗旨表示赞同","N1","eggrolls;N1中频;原词性:名・自動3;音调:⓪"
"苦悩","くのう","苦恼，烦恼，苦闷","名词/サ变动词","顔に苦悩の色が現れる","脸上现出苦闷的表情","N1","eggrolls;N1中频;原词性:名・自動3;音调:⓪①"
"絶好","ぜっこう","绝好，绝佳，最好","名词","きょうは絶好のハイキング日和だ","今天是最适于郊游的天气","N1","eggrolls;N1低频;原词性:名;音调:⓪"
"来客","らいきゃく","来客","名词","午後から来客の予定がある","下午有客人来访","N1","eggrolls;N1中频;原词性:名;音调:⓪"
"立ち入る","たちいる","进入；介入，干涉","动词/自动词/五段动词","無断で構内に立ち入る","擅自进入场地内","N1","eggrolls;N1高频;原词性:自動1;音调:⓪③"
"影響力","えいきょうりょく","影响力","名词","大きな影響力を持つ","拥有巨大影响力","N1","eggrolls;N1高频;原词性:名;音调:③"
"強固","きょうこ","巩固，坚固，坚强","な形容词","地位を強固にする","巩固地位","N1","eggrolls;N1中频;原词性:ナ形;音调:①"
"過ぎ去る","すぎさる","通过；过去，消逝","动词/自动词/五段动词","台風が過ぎ去る","台风过境","N1","eggrolls;N1中频;原词性:自動1;音调:⓪③"
"路上","ろじょう","路上，街上","名词","路上で財布を拾った","在路上拾到一个钱包","N1","eggrolls;N1低频;原词性:名;音调:⓪"
"極度","きょくど","极端，极其","な形容词/名词","極度の疲労で倒れる","因极度疲劳而倒下","N1","eggrolls;N1中频;原词性:ナ形・名;音调:①"
"使者","ししゃ","使者","名词","使者を派遣する","派遣使者","N1","eggrolls;N1低频;原词性:名;音调:①"
"次期","じき","下期，下次，下届","名词","次期に繰り越す","结转下期；转入下期","N1","eggrolls;N1低频;原词性:名;音调:①"
"草原","そうげん","草原","名词","草原を駆け回る","奔驰在草原上","N1","eggrolls;N1中频;原词性:名;音调:⓪"
"異国","いこく","异国，外国","名词","異国情緒","异国风情","N1","eggrolls;N1低频;原词性:名;音调:⓪"
"ライブ","ライブ","现场直播；现场演奏会","名词","ライブカメラ","直播摄像头","N1","eggrolls;N1中频;原词性:名;音调:①;カタカナ語"
"パンチ","パンチ","剪票夹，打孔机；拳击；简洁有力，魄力","サ变动词/名词","パンチを入れる","打孔","N1","eggrolls;N1低频;原词性:他動3・名;音调:①;カタカナ語"
"目玉","めだま","眼球；（「お目玉」 「大目玉」の形で）挨瞪，挨申斥；以廉价吸引顾客的（商品）","名词","目玉焼き","荷包蛋","N1","eggrolls;N1低频;原词性:名;音调:③"
"強度","きょうど","强度；程度高","名词","地震の強度","地震的强度","N1","eggrolls;N1中频;原词性:名;音调:①"
"強者","きょうしゃ","强者","名词","強者の論理","强者的逻辑","N1","eggrolls;N1低频;原词性:名;音调:①"
"判別","はんべつ","辨别，分辨","サ变动词/名词","敵味方を判別する","辨明敌我","N1","eggrolls;N1中频;原词性:他動3・名;音调:⓪"
"後継者","こうけいしゃ","继任者，后继人，接班人","名词","後継者を育てる","培养接班人","N1","eggrolls;N1高频;原词性:名;音调:③"
"ぐいぐい","ぐいぐい","连续用力；使劲（喝酒等）；有力地（连续进行，不断进展）","副词","ぐいぐいと引っ張る","用力拉扯","N1","eggrolls;N1低频;原词性:副;音调:①;オノマトペ"
"真夜中","まよなか","半夜，深夜","名词","残業で真夜中まで働く","加班工作到深夜","N1","eggrolls;N1中频;原词性:名;音调:②"
"生命力","せいめいりょく","生命力","名词","生命力の強い植物","生命力强的植物","N1","eggrolls;N1低频;原词性:名;音调:③"
"山々","やまやま","群山；很多；（实际上做不到但是）很想","副词/名词","伊豆の山々を歩く","在伊豆的群山中漫步","N1","eggrolls;N1高频;原词性:副・名;音调:②"
"大差","たいさ","显著的不同，很大的差别","名词","どれを選んでも大差はない","不管选哪个都差不多","N1","eggrolls;N1高频;原词性:名;音调:⓪①"
"後々","のちのち","将来","名词","後々困ったことになりそうだ","以后可能会遇到麻烦","N1","eggrolls;N1高频;原词性:名;音调:⓪"
"義父","ぎふ","继父；养父；岳父","名词","妻の実家で義父に会う","在老婆娘家与岳父见面","N1","eggrolls;N1中频;原词性:名;音调:①"
"質量","しつりょう","（物理）质量；质和量","名词","質量を測る","测定质量","N1","eggrolls;N1低频;原词性:名;音调:②"
"内面","ないめん","内部，里面；心里，内心","名词","事物の内面を見る","观察事物的内部","N1","eggrolls;N1高频;原词性:名;音调:⓪③"
"転倒","てんとう","摔倒；颠倒；惊慌失措","名词/サ变动词","滑って転倒する","滑倒","N1","eggrolls;N1中频;原词性:名・自他動3;音调:⓪"
"勝ち取る","かちとる","赢得，夺得","动词/他动词/五段动词","成功を勝ち取る","赢得成功","N1","eggrolls;N1低频;原词性:他動1;音调:⓪③"
"保留","ほりゅう","保留，搁置","サ变动词/名词","態度を保留して様子を見る","采取保留态度，静观其变","N1","eggrolls;N1高频;原词性:他動3・名;音调:⓪"
"質","しち","抵押品，当的东西","名词","質に入れる","抵押给当铺","N1","eggrolls;N1低频;原词性:名;音调:②"
"苦笑","くしょう","苦笑","名词/サ变动词","痛いところをつかれて苦笑する","被戳到痛处而苦笑","N1","eggrolls;N1中频;原词性:名・自動3;音调:⓪"
"背筋","せすじ","背部，脊梁；衣服背部中心的缝线","名词","背筋を伸ばす","挺直腰板","N1","eggrolls;N1低频;原词性:名;音调:⓪①"
"優雅","ゆうが","优雅，温文尔雅；悠闲，悠然自得","な形容词/名词","優雅な踊り","优雅的舞蹈","N1","eggrolls;N1低频;原词性:ナ形・名;音调:①"
"鼓動","こどう","（心脏的）跳动，搏动；（比喻）感受到某种内在的、强大的力量或趋势","名词/サ变动词","胸の鼓動が高まる","心跳加速","N1","eggrolls;N1低频;原词性:名・自動3;音调:⓪"
"降り注ぐ","ふりそそぐ","（日光、雨水等）不断落下，洒下","动词/自动词/五段动词","雨が降り注ぐ","大雨倾盆而下","N1","eggrolls;N1低频;原词性:自動1;音调:⓪④"
"敵意","てきい","敌意，仇视的心","名词","敵意をむき出しにする","显露出敌意","N1","eggrolls;N1低频;原词性:名;音调:①"
"一礼","いちれい","稍施一礼，行个礼","名词/サ变动词","一礼して去る","行个礼后离开","N1","eggrolls;N1低频;原词性:名・自動3;音调:⓪"
"さりげない","さりげない","若无其事，毫不在意","い形容词","さりげなく証言を聞き出す","不动声色地套出证词","N1","eggrolls;N1低频;原词性:イ形;音调:④"
"生き延びる","いきのびる","幸存，保住性命","动词/自动词/一段动词","戦火の下を生き延びる","在战火中幸存","N1","eggrolls;N1高频;原词性:自動2;音调:⓪④"
"反動","はんどう","反动，反作用","名词","好景気の反動が出始める","经济繁荣开始出现反作用","N1","eggrolls;N1低频;原词性:名;音调:⓪"
"浴びせる","あびせる","浇，泼；给予","动词/他动词/一段动词","頭から冷水を浴びせる","从头上浇冷水","N1","eggrolls;N1低频;原词性:他動2;音调:⓪"
"よくよく","よくよく","仔细地，十分注意地；非常，极其；万不得已","副词","よくよく調べてみたら、あの記事は単なるうわさにすぎなかった","仔细调查之后，发现那篇报道只是谣言而已","N1","eggrolls;N1中频;原词性:副;音调:⓪;オノマトペ"
"致命的","ちめいてき","致命的；重大的","な形容词","致命的な重傷","致命性的重伤","N1","eggrolls;N1中频;原词性:ナ形;音调:⓪"
"ともあれ","ともあれ","总之；（「…はともあれ」の形で）姑且不论","副词","ともあれ電話だけはしておこう","总之还是先打个电话吧","N1","eggrolls;N1低频;原词性:副;音调:①"
"万全","ばんぜん","万全","な形容词/名词","万全の注意を払う","充分注意","N1","eggrolls;N1低频;原词性:ナ形・名;音调:⓪"
"集う","つどう","（为了做某事而）集会，聚会","动词/自动词/五段动词","一堂に集う","齐聚一堂","N1","eggrolls;N1中频;原词性:自動1;音调:②"
"食い込む","くいこむ","深入，陷入；侵入，挤进；亏本，赔钱","动词/自动词/五段动词","腕に縄が食い込む","绳子勒进手腕","N1","eggrolls;N1低频;原词性:自動1;音调:⓪③"
"度胸","どきょう","胆量，胆子","名词","彼はやってみるだけの度胸がない","他没有试试看的胆量","N1","eggrolls;N1低频;原词性:名;音调:①"
"嫌悪","けんお","嫌恶，厌恶","サ变动词/名词","嫌悪感","厌恶感，反感","N1","eggrolls;N1高频;原词性:他動3・名;音调:①"
"透ける","すける","透过……看见，透明的","动词/自动词/一段动词","肌の透けるブラウス","透肤衬衫","N1","eggrolls;N1中频;原词性:自動2;音调:⓪"
"当事者","とうじしゃ","当事人","名词","事件の当事者","事件的当事人","N1","eggrolls;N1中频;原词性:名;音调:③"
"降参","こうさん","投降；束手无策，无计可施","名词/サ变动词","この問題には降参だ","对于这个问题已经没辙了","N1","eggrolls;N1低频;原词性:名・自動3;音调:⓪"
"詮索","せんさく","探索，调查（细节）","サ变动词/名词","事実を詮索する","探究事实","N1","eggrolls;N1低频;原词性:他動3・名;音调:⓪"
"着用","ちゃくよう","穿（衣服）","サ变动词/名词","当日は礼服着用のこと","当天要穿礼服","N1","eggrolls;N1低频;原词性:他動3・名;音调:⓪"
"鑑定","かんてい","鉴别，鉴定","名词/サ变动词","骨董品を鑑定する","鉴定古董","N1","eggrolls;N1中频;原词性:名・他動3;音调:⓪"
"工房","こうぼう","工作室","名词","陶芸家の工房","陶藝家的工作室","N1","eggrolls;N1低频;原词性:名;音调:⓪"
"集落","しゅうらく","村子，村落；群体，集群","名词","山のふもとに小さな集落がある","山下有一个小村落","N1","eggrolls;N1低频;原词性:名;音调:⓪①"
"悪党","あくとう","无赖，坏蛋","名词","根っからの悪党","天生的恶棍","N1","eggrolls;N1低频;原词性:名;音调:③"
"隔離","かくり","隔离；隔绝","名词/サ变动词","伝染病患者を隔離する","把传染病患者隔离起来","N1","eggrolls;N1低频;原词性:名・自他動3;音调:⓪①"
"静けさ","しずけさ","寂静，沉静，清静","名词","嵐の前の静けさ","暴风雨前的寂静","N1","eggrolls;N1低频;原词性:名;音调:③"
"駆け巡る","かけめぐる","到处奔跑","动词/自动词/五段动词","妄想が頭の中を駆けめぐっている","妄想萦绕在脑海中","N1","eggrolls;N1低频;原词性:自動1;音调:⓪④"
"直視","ちょくし","直视，注视；正视，认真看待","サ变动词/名词","前方を直視する","直视前方","N1","eggrolls;N1低频;原词性:他動3・名;音调:⓪①"
"ファンタジー","ファンタジー","空想，幻想；幻想曲","名词","ファンタジー小説","奇幻小说","N1","eggrolls;N1中频;原词性:名;音调:①;カタカナ語"
"切り落とす","きりおとす","剪掉，砍掉；掘开堤坝","动词/他动词/五段动词","いらない枝を切り落とす","剪掉不需要的枝条","N1","eggrolls;N1低频;原词性:他動1;音调:⓪④"
"ノイズ","ノイズ","杂音，噪音","名词","ノイズが入る","有杂音","N1","eggrolls;N1低频;原词性:名;音调:①⓪;カタカナ語"
"引き金","ひきがね","扳机；起因","名词","引き金を引く","扣扳机","N1","eggrolls;N1低频;原词性:名;音调:⓪"
"技量","ぎりょう","本事，本领，技能","名词","名匠の技量に感服する","钦佩名匠的技艺","N1","eggrolls;N1中频;原词性:名;音调:⓪①"
"素顔","すがお","素颜；原状，本色，真实面貌","名词","素顔が美しい","素颜很美","N1","eggrolls;N1低频;原词性:名;音调:①"
"疾走","しっそう","疾驶，快跑","名词/サ变动词","全力疾走","竭尽全力快跑","N1","eggrolls;N1低频;原词性:名・自動3;音调:⓪"
"機材","きざい","机械材料，机器和材料","名词","建築用の機材","建筑用器材","N1","eggrolls;N1高频;原词性:名;音调:①"
"武術","ぶじゅつ","武术，武艺","名词","武術の心得がある","会武术","N1","eggrolls;N1低频;原词性:名;音调:①"
"純","じゅん","纯洁，纯真，天真；纯","な形容词","彼の心は純だ","他的心是纯洁的","N1","eggrolls;N1中频;原词性:ナ形;音调:①"
"粘膜","ねんまく","黏膜","名词","胃の粘膜","胃黏膜","N1","eggrolls;N1低频;原词性:名;音调:①"
"思い起こす","おもいおこす","想起，回忆起","动词/他动词/五段动词","思い起こせば結婚前のことだ","回想起来那是结婚前的事了","N1","eggrolls;N1低频;原词性:他動1;音调:⑤"
"手腕","しゅわん","手腕，才干，才能，本事，本领","名词","これは大いに手腕を要する仕事だ","这是一件很需要本事的工作","N1","eggrolls;N1低频;原词性:名;音调:⓪①"
"生息","せいそく","生活，生存，栖息","名词/サ变动词","カモシカの生息地","羚羊的栖息地","N1","eggrolls;N1高频;原词性:名・自動3;音调:⓪"
"蛙","かえる","青蛙，蛤蟆","名词","蛙が鳴くから帰ろう","青蛙叫起来了，（天晚了）回家吧","N1","eggrolls;N1低频;原词性:名;音调:⓪"
"買収","ばいしゅう","收购，购入；收买","サ变动词/名词","用地を買収する","收购土地","N1","eggrolls;N1低频;原词性:他動3・名;音调:⓪"
"近辺","きんぺん","近处，附近，近旁","名词","病院はすぐ近辺にある","医院就在附近","N1","eggrolls;N1低频;原词性:名;音调:①"
"装い","よそおい","装束，服装；装饰，修饰","名词","旅の装い","旅行装束","N1","eggrolls;N1低频;原词性:名;音调:⓪③"
"式典","しきてん","典礼，仪式","名词","式典が厳かに挙行された","典礼庄严地举行了","N1","eggrolls;N1低频;原词性:名;音调:⓪"
"亭主","ていしゅ","主人，老板；丈夫","名词","亭主持ち","有丈夫的、已婚的（女性）","N1","eggrolls;N1低频;原词性:名;音调:①"
"軌跡","きせき","轨迹，经历，历程","名词","優勝までの軌跡をたどる","追溯其取胜的历程","N1","eggrolls;N1中频;原词性:名;音调:⓪"
"保有","ほゆう","保有","サ变动词/名词","核を保有する国","拥有核武的国家","N1","eggrolls;N1低频;原词性:他動3・名;音调:⓪"
"繁華街","はんかがい","闹市，繁华街","名词","都心の繁華街","市中心的繁华街道","N1","eggrolls;N1低频;原词性:名;音调:③"
"行く末","ゆくすえ","将来，前途","名词","この子の行く末が案じられる","这个孩子的前途令人担心","N1","eggrolls;N1中频;原词性:名;音调:⓪"
"機密","きみつ","机密","名词","機密を漏らす","泄漏机密","N1","eggrolls;N1低频;原词性:名;音调:⓪"
"際限","さいげん","止境，尽头","名词","彼女のおしゃべりは際限もなく続く","她喋喋不休，没完没了","N1","eggrolls;N1低频;原词性:名;音调:③"
"タッチ","タッチ","触，接触；涉及，参与；笔触；指法","名词/サ变动词","タッチの差で間に合わなかった","只差一点，没赶上","N1","eggrolls;N1中频;原词性:名・自動3;音调:①;カタカナ語"
"希少","きしょう","稀少，稀罕，罕见","名词/な形容词","希少金属","稀有金属","N1","eggrolls;N1高频;原词性:名・ナ形;音调:⓪"
"話し込む","はなしこむ","畅谈","动词/自他动词/五段动词","深夜まで話し込む","聊到深夜","N1","eggrolls;N1低频;原词性:自他動1;音调:⓪④"
"安物","やすもの","价格便宜，品质低劣的物品","名词","安物買いの銭失い","便宜没好货","N1","eggrolls;N1低频;原词性:名;音调:⓪"
"センサー","センサー","传感器，感应器","名词","センサーが作動する","传感器启动","N1","eggrolls;N1中频;原词性:名;音调:①;カタカナ語"
"目下","もっか","当前，目前，现在","名词/副词","目下のところよい治療法はない","目前没有好的治疗方法","N1","eggrolls;N1低频;原词性:名・副;音调:①"
"回線","かいせん","电路，回路，线路","名词","電話回線","电话线路","N1","eggrolls;N1低频;原词性:名;音调:⓪"
"無償","むしょう","无偿；免费","名词","無償で働く","无偿劳动","N1","eggrolls;N1中频;原词性:名;音调:⓪"
"安泰","あんたい","安泰，安宁","な形容词/名词","国家安泰","国泰民安","N1","eggrolls;N1低频;原词性:ナ形・名;音调:⓪"
"頼み込む","たのみこむ","一再请求，恳求","动词/他动词/五段动词","金を貸してくれと頼み込む","一再恳求借钱","N1","eggrolls;N1低频;原词性:他動1;音调:④"
"うずめる","うずめる","埋，埋上；挤满，充塞","动词/他动词/一段动词","土中に金塊をうずめる","将金块埋入土中","N1","eggrolls;N1低频;原词性:他動2;音调:⓪"
"人間性","にんげんせい","人性","名词","人間性を疑う","怀疑人性","N1","eggrolls;N1高频;原词性:名;音调:⓪"
"幕府","ばくふ","幕府","名词","徳川幕府","德川幕府","N1","eggrolls;N1低频;原词性:名;音调:⓪①"
"僧侶","そうりょ","僧侣","名词","僧侶が還俗する","僧侣还俗","N1","eggrolls;N1低频;原词性:名;音调:①"
"資材","しざい","资材，材料","名词","建築用の資材","建筑（用）材料","N1","eggrolls;N1低频;原词性:名;音调:①"
"命がけ","いのちがけ","拼命，冒死，豁出性命","な形容词/名词","命がけで救助に当たる","冒着生命危险进行救援","N1","eggrolls;N1中频;原词性:ナ形・名;音调:⓪"
"満載","まんさい","满载，装满；登满","サ变动词/名词","ハクサイを満載したトラック","装满白菜的卡车","N1","eggrolls;N1中频;原词性:他動3・名;音调:⓪"
"縁","ふち","边，缘","名词","眼鏡の縁","眼镜框","N1","eggrolls;N1低频;原词性:名;音调:②"
"変質","へんしつ","变质；性格异常，精神变态","名词/サ变动词","日に当たって薬品が変質する","药品因日晒而变质","N1","eggrolls;N1低频;原词性:名・自動3;音调:⓪"
"昇格","しょうかく","晋升，升格，晋级","名词/サ变动词","山田コーチが監督に昇格する","山田教练升任为总教练","N1","eggrolls;N1低频;原词性:名・自動3;音调:⓪"
"モチーフ","モチーフ","动机，中心思想，主题","名词","全作品にこのモチーフがつらぬかれている","这个主题贯穿着整个作品","N1","eggrolls;N1中频;原词性:名;音调:②;カタカナ語"
"大多数","だいたすう","大多数，大部分","名词","大多数の賛成を得た","获得大多数的赞成","N1","eggrolls;N1中频;原词性:名;音调:③④"
"脱落","だつらく","脱落，遗漏；脱离，退出","名词/サ变动词","文字の脱落がないかどうか調べる","检查是否有漏字","N1","eggrolls;N1低频;原词性:名・自動3;音调:⓪"
"備品","びひん","备品，备件","名词","事務用備品","办公备品","N1","eggrolls;N1高频;原词性:名;音调:⓪"
"安否","あんぴ","是否平安，安否","名词","遭難者の安否を気遣う","关心遇险者的安慰","N1","eggrolls;N1低频;原词性:名;音调:①"
"残虐","ざんぎゃく","凶残，残暴，残忍","な形容词/名词","残虐な行為","残忍的行为","N1","eggrolls;N1低频;原词性:ナ形・名;音调:⓪"
"最短","さいたん","最短","名词","最短コース","最短路线","N1","eggrolls;N1低频;原词性:名;音调:⓪"
"シェフ","シェフ","厨师长，主厨","名词","シェフお任せのコース","主厨推荐套餐","N1","eggrolls;N1高频;原词性:名;音调:①;カタカナ語"
"連載","れんさい","连载，连续刊载","サ变动词/名词","新聞の連載小説","报纸上连载的小说","N1","eggrolls;N1中频;原词性:他動3・名;音调:⓪"
"酸味","さんみ","酸味","名词","このコーヒーは酸味が強い","这咖啡酸味很重","N1","eggrolls;N1中频;原词性:名;音调:⓪①③"
"復元","ふくげん","复原，恢复原状","名词/サ变动词","古代の遺跡を復元する","复原古代遗迹","N1","eggrolls;N1中频;原词性:名・自他動3;音调:⓪"
"第一印象","だいいちいんしょう","第一印象，最初印象","名词","人を外見で判断するのはおかしいと言うが、第一印象は大事だ","虽然说以貌取人是不对的，但是第一印象很重要","N1","eggrolls;N1中频;原词性:名;音调:⑤"
"ギャラリー","ギャラリー","画廊；观众，观览席","名词","ギャラリーにカフェを併設する","画廊附设咖啡厅","N1","eggrolls;N1低频;原词性:名;音调:①;カタカナ語"
"カラフル","カラフル","华丽，绚丽多彩","な形容词","カラフルな服装","鲜艳的服装","N1","eggrolls;N1低频;原词性:ナ形;音调:①;カタカナ語"
"パズル","パズル","谜，智力测验题","名词","クロスワードパズル","填字游戏","N1","eggrolls;N1低频;原词性:名;音调:①;カタカナ語"
"掘り起こす","ほりおこす","掘出；开垦土地；挖掘出来","动词/他动词/五段动词","松の根を掘り起こす","挖出松树的根","N1","eggrolls;N1低频;原词性:他動1;音调:⓪④"
"スパイス","スパイス","调味品，香料，调料","名词","スパイスをきかせる","加入香料调味","N1","eggrolls;N1中频;原词性:名;音调:②;カタカナ語"
"折り合い","おりあい","妥协，让步；相处（的关系）","名词","労資の折り合いがつく","劳资双方达成妥协","N1","eggrolls;N1低频;原词性:名;音调:⓪"
"口笛","くちぶえ","口哨","名词","口笛を吹く","吹口哨","N1","eggrolls;N1低频;原词性:名;音调:⓪③"
"平地","ひらち","平地，平川","名词","日本は平地が少なくて山ばかりです","日本平地很少，到处是山","N1","eggrolls;N1低频;原词性:名;音调:⓪"
"思いとどまる","おもいとどまる","打消主意，放弃念头","动词/他动词/五段动词","辞任を思いとどまる","打消辞职的念头","N1","eggrolls;N1低频;原词性:他動1;音调:⑥"
"ジェスチャー","ジェスチャー","姿态，姿势，手势；摆样子，作姿态","名词","ジェスチャーを交えて話す","一边比手画脚一边说","N1","eggrolls;N1低频;原词性:名;音调:①;カタカナ語"
"かっと","かっと","忽然（旺盛或亮起来）；勃然大怒；猛然张大（眼睛、嘴巴）","副词","炭火がかっとおこる","炭火一下子旺起来了","N1","eggrolls;N1高频;原词性:副;音调:⓪①;オノマトペ"
"決め手","きめて","决定胜负或事物真假的最终方法、手段或根据；决定者","名词","決め手となる証拠がない","没有决定性的证据","N1","eggrolls;N1中频;原词性:名;音调:⓪"
"排出","はいしゅつ","排出，排放","サ变动词/名词","汚水を排出する","排放污水","N1","eggrolls;N1中频;原词性:他動3・名;音调:⓪"
"改装","かいそう","改换装潢，装修","名词/サ变动词","室内を改装する","翻新室内装潢","N1","eggrolls;N1高频;原词性:名・他動3;音调:⓪"
"白色","はくしょく","白色，白颜色","名词","白色人種","白种人","N1","eggrolls;N1低频;原词性:名;音调:⓪"
"不利益","ふりえき","没有利益，不利，亏损","な形容词/名词","不利益な仕事を引き受けた","接受了无利可图的工作","N1","eggrolls;N1低频;原词性:ナ形・名;音调:②"
"決別","けつべつ","诀别，告别","名词/サ变动词","青春との決別","与青春告别","N1","eggrolls;N1低频;原词性:名・自動3;音调:⓪"
"奇抜","きばつ","奇特，新奇，出人意料，稀奇古怪","な形容词/名词","奇抜なデザイン","奇特的设计","N1","eggrolls;N1中频;原词性:ナ形・名;音调:⓪"
"セーブ","セーブ","节省，节约；救球；（电脑）保存","サ变动词/名词","酒をセーブして飲む","酒省着喝","N1","eggrolls;N1低频;原词性:他動3・名;音调:①;カタカナ語"
"近況","きんきょう","近况","名词","手紙で近況を知らせる","写信告知近况","N1","eggrolls;N1低频;原词性:名;音调:⓪"
"羽毛","うもう","羽毛，绒毛","名词","羽毛布団","羽绒被","N1","eggrolls;N1低频;原词性:名;音调:⓪"
"実技","じつぎ","实际技巧，实际技术","名词","体育実技","体育实技","N1","eggrolls;N1低频;原词性:名;音调:①"
"免疫","めんえき","免疫；习以为常，司空见惯","名词","一度この病気にかかるとあとは免疫になる","这个病得过一次就可以获得免疫了","N1","eggrolls;N1低频;原词性:名;音调:⓪"
"美徳","びとく","美德","名词","勤勉は日本人の美徳だ","勤奋是日本人的美德","N1","eggrolls;N1低频;原词性:名;音调:⓪"
"誓約","せいやく","誓约，起誓，盟誓","名词/サ变动词","誓約書","誓约书","N1","eggrolls;N1低频;原词性:名・他動3;音调:⓪"
"度重なる","たびかさなる","反复，接二连三","动词/自动词/五段动词","不祥事が度重なる","丑闻接二连三地发生","N1","eggrolls;N1中频;原词性:自動1;音调:⓪⑤"
"奔放","ほんぽう","奔放","名词/な形容词","自由奔放な生活","自由奔放的生活","N1","eggrolls;N1低频;原词性:名・ナ形;音调:⓪"
"清浄","せいじょう","清净，清洁","名词/な形容词","早朝の清浄な空気を吸う","呼吸着清晨的清新空气","N1","eggrolls;N1低频;原词性:名・ナ形;音调:⓪"
"適合","てきごう","适合，适应，符合","名词/サ变动词","要件に適合する","符合要求","N1","eggrolls;N1低频;原词性:名・自動3;音调:⓪"
"蒸し返す","むしかえす","重蒸，回笼；旧事重提，老调重弹","动词/他动词/五段动词","赤飯を蒸し返す","把小豆饭再蒸一下","N1","eggrolls;N1低频;原词性:他動1;音调:⓪③"
"あさる","あさる","寻找食物；到处寻找；（接续动词的连用形）到处……","动词/他动词/五段动词","カラスがごみ箱をあさる","乌鸦翻找垃圾箱","N1","eggrolls;N1低频;原词性:他動1;音调:⓪"
"思い違い","おもいちがい","想错，误会，误解","名词/サ变动词","それはきみの思い違いだ","那是你的误会","N1","eggrolls;N1低频;原词性:名・自動3;音调:⓪"
"周到","しゅうとう","周密，绵密，周全，周到","な形容词/名词","周到な計画","周密的计划","N1","eggrolls;N1低频;原词性:ナ形・名;音调:⓪"
"ぎくしゃく","ぎくしゃく","不灵活，生硬，不融洽","副词","ぎくしゃくした歩き方","走路的样子有些不自然","N1","eggrolls;N1高频;原词性:副;音调:①;オノマトペ"
"先手","せんて","先下手，抢先，先发制人","名词","先手を打つ","先发制人","N1","eggrolls;N1低频;原词性:名;音调:⓪"
"演算","えんざん","演算，运算，计算","名词/サ变动词","逆演算","逆运算","N1","eggrolls;N1低频;原词性:名・他動3;音调:⓪"
"物知り","ものしり","知识渊博（的人）","名词","物知り顔に話す","装做无所不知的样子讲话","N1","eggrolls;N1中频;原词性:名;音调:③④"
"残留","ざんりゅう","余留，留下，剩下","名词/サ变动词","果物に残留する農薬","残留在水果上的农药","N1","eggrolls;N1低频;原词性:名・自動3;音调:⓪"
"排斥","はいせき","排斥，排挤，抵制","サ变动词/名词","日本製品の排斥運動が起こる","发生抵制日货运动","N1","eggrolls;N1低频;原词性:他動3・名;音调:⓪"
"使い込む","つかいこむ","挪用（公款）；超支；用熟","动词/他动词/五段动词","公金を使い込む","挪用公款","N1","eggrolls;N1低频;原词性:他動1;音调:④"
"思慮","しりょ","考虑，思虑","サ变动词/名词","思慮が足りない","考虑不周到","N1","eggrolls;N1低频;原词性:他動3・名;音调:①"
"事足りる","ことたりる","够用，足够","动词/自动词/一段动词","それだけあれば十分事足りる","有了那些就足够了","N1","eggrolls;N1低频;原词性:自動2;音调:⓪④、②+⓪"
"庭先","にわさき","庭前","名词","庭先から部屋に入る","穿过院子进屋","N1","eggrolls;N1低频;原词性:名;音调:⓪"
"謝礼","しゃれい","感谢，致谢，谢礼，礼物","名词/サ变动词","謝礼を述べる","表达谢意","N1","eggrolls;N1低频;原词性:名・自動3;音调:⓪"
"押収","おうしゅう","没收，查抄，扣押","名词/サ变动词","証拠物件を押収する","扣押证物","N1","eggrolls;N1低频;原词性:名・他動3;音调:⓪"
"車窓","しゃそう","车窗","名词","車窓に映る景色","映入车窗的景色","N1","eggrolls;N1低频;原词性:名;音调:⓪"
"厳選","げんせん","严选，严格挑选，精选","名词/サ变动词","材料を厳選した料理","严选食材的料理","N1","eggrolls;N1中频;原词性:名・他動3;音调:⓪"
"技法","ぎほう","技术，技巧","名词","すぐれた技法","高超的技巧","N1","eggrolls;N1中频;原词性:名;音调:⓪"
"キャンバス","キャンバス","帆布；油画画布","名词","キャンバスに町の景色を描く","在画布上描绘城镇的景色","N1","eggrolls;N1中频;原词性:名;音调:①;カタカナ語"
"混入","こんにゅう","混入，掺进","名词/サ变动词","不純物が混入した飲料水","受到杂质污染的饮用水","N1","eggrolls;N1中频;原词性:名・自他動3;音调:⓪"
"すごすご","すごすご","沮丧地，垂头丧气地，无精打采地","副词","すごすごと引き下がる","沮丧地退出来","N1","eggrolls;N1低频;原词性:副;音调:①;オノマトペ"
"蛾","が","蛾","名词","灯火に蛾が集まる","飞蛾扑火","N1","eggrolls;N1低频;原词性:名;音调:⓪"
"食いしん坊","くいしんぼう","嘴馋（的人），贪吃（的人）","な形容词/名词","食いしん坊な人","贪吃的人；贪吃鬼","N1","eggrolls;N1低频;原词性:ナ形・名;音调:③"
"大自然","だいしぜん","大自然","名词","大自然の懐にいだかれる","处在大自然的怀抱中","N1","eggrolls;N1中频;原词性:名;音调:③"
"行程","こうてい","路程；旅程；冲程","名词","山頂まで三時間の行程だ","到山顶还有三个小时的路程","N1","eggrolls;N1中频;原词性:名;音调:⓪"
"要注意","ようちゅうい","需要注意，要小心","名词","インフルエンザに要注意だ","小心流感","N1","eggrolls;N1低频;原词性:名;音调:③、①+①"
"投手","とうしゅ","（棒球）投手","名词","左腕投手とは相性がいい","和左投手的配合度很高","N1","eggrolls;N1低频;原词性:名;音调:①"
"敗退","はいたい","败退，（被）淘汰","名词/サ变动词","初戦で敗退する","首战败退","N1","eggrolls;N1低频;原词性:名・自動3;音调:⓪"
"探求","たんきゅう","探求，寻求","サ变动词/名词","真実を探求する","探求真理","N1","eggrolls;N1高频;原词性:他動3・名;音调:⓪"
"ミニ","ミニ","小型，微型，迷你型","名词","ミニ計算機","迷你计算机","N1","eggrolls;N1低频;原词性:名;音调:①;カタカナ語"
"並々ならぬ","なみなみならぬ","非比寻常","连体词","並々ならぬ努力","非比寻常的努力","N1","eggrolls;N1低频;原词性:連体"
"風雨","ふうう","风雨，暴风雨","名词","風雨をついて出かける","冒着风雨出门","N1","eggrolls;N1低频;原词性:名;音调:①"
"自給自足","じきゅうじそく","自给自足","サ变动词/名词","自給自足の生活を送る","过着自给自足的生活","N1","eggrolls;N1低频;原词性:他動3・名;音调:⓪+⓪"
"欲張る","よくばる","贪婪，贪得无厌","动词/自动词/五段动词","あまり欲張るな","别太贪啦！","N1","eggrolls;N1低频;原词性:自動1;音调:③"
"飢餓","きが","饥饿","名词/サ变动词","飢餓を免れる","幸免挨饿","N1","eggrolls;N1中频;原词性:名・自動3;音调:①"
"下り坂","くだりざか","下坡；衰退，下降；（天气）转坏","名词","下り坂を一気に駆け降りた","一口气跑下了坡","N1","eggrolls;N1低频;原词性:名;音调:⓪"
"転機","てんき","转机，转折点","名词","人生の転機を迎える","迎来人生的转机","N1","eggrolls;N1中频;原词性:名;音调:①"
"定例","ていれい","常规，惯例；定例","名词","定例によって処理する","按惯例处理","N1","eggrolls;N1中频;原词性:名;音调:⓪"
"乗り心地","のりごこち","坐（交通工具等）的感觉","名词","乗り心地がよい","坐着舒服","N1","eggrolls;N1低频;原词性:名;音调:⓪"
"駐在","ちゅうざい","驻在，驻；（「駐在所」の略）派出所","名词/サ变动词","海外に駐在する外交官","驻外外交官","N1","eggrolls;N1低频;原词性:名・自動3;音调:⓪"
"資本主義","しほんしゅぎ","资本主义","名词","資本主義陣営と社会主義陣営","资本主义阵营与社会主义阵营","N1","eggrolls;N1低频;原词性:名;音调:④"
"自然現象","しぜんげんしょう","自然现象","名词","自然現象を神秘めかして話す","把自然现象说得神秘兮兮","N1","eggrolls;N1中频;原词性:名;音调:④"
"ヘッドライト","ヘッドライト","车头灯，前灯","名词","対向車のヘッドライトに目が眩む","对向车的车灯刺得我睁不开眼睛","N1","eggrolls;N1低频;原词性:名;音调:④;カタカナ語"
"故意","こい","故意；（法律）蓄意","名词","故意に反則する","故意犯规；故意违反规则","N1","eggrolls;N1低频;原词性:名;音调:①"
"生誕","せいたん","诞生","名词/サ变动词","生誕百年祭","诞生一百周年纪念","N1","eggrolls;N1低频;原词性:名・自動3;音调:⓪"
"インスタント","インスタント","即席，速成","な形容词/名词","インスタントコーヒー","速溶咖啡","N1","eggrolls;N1低频;原词性:ナ形・名;音调:①④;カタカナ語"
"原稿用紙","げんこうようし","稿纸","名词","四百字づめの原稿用紙","四百字的稿纸","N1","eggrolls;N1中频;原词性:名;音调:⑤"
"辞任","じにん","辞职，辞任","サ变动词/名词","責任を負って辞任する","引咎辞职","N1","eggrolls;N1低频;原词性:他動3・名;音调:⓪"
"標高","ひょうこう","标高，海拔","名词","標高2000メートルの山","海拔2000米的山","N1","eggrolls;N1低频;原词性:名;音调:⓪"
"低学年","ていがくねん","（小学）一、二年级（的学生）","名词","中学年","（小学）三、四年级（的学生）","N1","eggrolls;N1低频;原词性:名;音调:③④"
"山小屋","やまごや","（为登山者设置的）山中小屋，山中休息处","名词","山小屋で夜を過ごす","在山中小屋过夜","N1","eggrolls;N1中频;原词性:名;音调:⓪"
"極意","ごくい","（武道、艺术等）奥义，秘法","名词","歌道の極意","和歌的蕴奥","N1","eggrolls;N1低频;原词性:名;音调:①"
"推理小説","すいりしょうせつ","侦探小说，推理小说","名词","完全犯罪を扱った推理小説","以完美犯罪为题材的推理小说","N1","eggrolls;N1中频;原词性:名;音调:④"
"エキスパート","エキスパート","专家，内行，行家","名词","宣伝のエキスパート","宣传专家","N1","eggrolls;N1低频;原词性:名;音调:④;カタカナ語"
"浸水","しんすい","浸水","名词/サ变动词","大雨で堤防が崩れ、付近の家が浸水した","因下大雨堤坝崩溃，附近的房屋被水淹了","N1","eggrolls;N1低频;原词性:名・自動3;音调:⓪"
"均一","きんいつ","全部一样，均等，相等","な形容词/名词","千円均一の商品","一律一千日元的商品","N1","eggrolls;N1中频;原词性:ナ形・名;音调:⓪"
"根絶","こんぜつ","根绝，消灭","サ变动词/名词","悪習を根絶する","根除恶习","N1","eggrolls;N1低频;原词性:他動3・名;音调:⓪"
"高騰","こうとう","（物价）暴涨，高涨","名词/サ变动词","地価が高騰する","地价高涨","N1","eggrolls;N1高频;原词性:名・自動3;音调:⓪"
"転向","てんこう","转变方向，转变；背叛","名词/サ变动词","歌手から俳優に転向する","从歌手转型为演员","N1","eggrolls;N1中频;原词性:名・自動3;音调:⓪"
"人件費","じんけんひ","人事费，劳务费，人员费用","名词","人件費を削減する","削减人员费用","N1","eggrolls;N1高频;原词性:名;音调:③"
"明るみ","あかるみ","光亮的地方；公开的地方，大庭广众之下","名词","明るみにかざして見る","迎着光看","N1","eggrolls;N1低频;原词性:名;音调:⓪"
"立ち会い","たちあい","会同，在场","名词","選挙管理委員立ち会いで開票する","选举管理委员在场监督开票","N1","eggrolls;N1中频;原词性:名;音调:⓪"
"スペア","スペア","备件，备用品；（保龄球）头两个球把十个柱全打倒","名词","スペアタイヤ","备胎","N1","eggrolls;N1低频;原词性:名;音调:②;カタカナ語"
"ちなむ","ちなむ","（同……）有因缘，有关联，由来于，来自","动词/自动词/五段动词","広場の名は初代大統領ワシントンにちなむ","广场的名字源自首任总统华盛顿","N1","eggrolls;N1低频;原词性:自動1;音调:②"
"直観","ちょっかん","凭直觉进行观察，直观","サ变动词/名词","直観が鋭い","直观（力）敏锐","N1","eggrolls;N1低频;原词性:他動3・名;音调:⓪"
"これ見よがし","これみよがし","得意洋洋地炫耀的样子","な形容词/名词","これ見よがしに高級車を乗り回す","开着高级车到处炫耀","N1","eggrolls;N1低频;原词性:ナ形・名;音调:⓪④"
"救命","きゅうめい","救命，救生","名词","救命胴衣","救生衣","N1","eggrolls;N1低频;原词性:名;音调:⓪"
"防水","ぼうすい","防水","サ变动词/名词","防水加工","防水加工","N1","eggrolls;N1中频;原词性:他動3・名;音调:⓪"
"共生","きょうせい","共生，共栖","名词/サ变动词","自然と共生する","与大自然共存","N1","eggrolls;N1高频;原词性:名・自動3;音调:⓪"
"一読","いちどく","读一次，念一遍","サ变动词/名词","あの本は一読の価値がある","那本书值得一读","N1","eggrolls;N1中频;原词性:他動3・名;音调:⓪"
"ピッチ","ピッチ","一定时间内重复进行的动作次数；螺距；音调；（棒球）投球；足球场","名词","速いピッチでこ⁠ぐ","快速划桨","N1","eggrolls;N1中频;原词性:名;音调:①;カタカナ語"
"無色","むしょく","无色；中正","名词","無色の液体","无色液体","N1","eggrolls;N1低频;原词性:名;音调:①"
"ほったらかす","ほったらかす","弃置不顾，丢下不管","动词/他动词/五段动词","病気をほったらかしておく","有病也不治","N1","eggrolls;N1低频;原词性:他動1;音调:⑤"
"三脚","さんきゃく","三脚架；三脚椅子","名词","三脚を立てる","支上三脚架","N1","eggrolls;N1低频;原词性:名;音调:⓪"
"哺乳類","ほにゅうるい","哺乳类","名词","イルカは哺乳類に属する","海豚属于哺乳类","N1","eggrolls;N1中频;原词性:名;音调:②"
"魚類","ぎょるい","鱼类","名词","魚類の生息区域","鱼类的栖息区域","N1","eggrolls;N1低频;原词性:名;音调:①"
"株主","かぶぬし","股东","名词","株主総会","股东大会","N1","eggrolls;N1低频;原词性:名;音调:⓪②"
"落選","らくせん","落选；没有（挑）选上","名词/サ变动词","たった3票の差で落選した","仅以三票之差落选了","N1","eggrolls;N1低频;原词性:名・自動3;音调:⓪"
"角","つの","角，犄角；触角","名词","牛の角","牛角","N1","eggrolls;N1低频;原词性:名;音调:②"
"座禅","ざぜん","坐禅，打坐，打禅","名词","座禅を組む","盘腿打坐","N1","eggrolls;N1低频;原词性:名;音调:⓪②"
"滑走","かっそう","滑行","名词/サ变动词","離陸滑走","起飞滑行","N1","eggrolls;N1低频;原词性:名・自動3;音调:⓪"
"名曲","めいきょく","名曲","名词","名曲鑑賞","名曲鉴赏","N1","eggrolls;N1中频;原词性:名;音调:⓪"
"設問","せつもん","出题，提问；提出的题目","名词/サ变动词","設問に答える","回答问题","N1","eggrolls;N1低频;原词性:名・自動3;音调:⓪"
"差し替える","さしかえる","更换，替换","动词/他动词/一段动词","番組を差し替える","更换节目","N1","eggrolls;N1低频;原词性:他動2;音调:⓪③④"
"染色","せんしょく","染的色，上的色；染色，上色","名词/サ变动词","白生地を染色する","染白布","N1","eggrolls;N1低频;原词性:名・自他動3;音调:⓪"
"分化","ぶんか","分化","名词/サ变动词","地球の長い歴史の中で生物は進化と分化し、生物種の数は基本的には増える傾向にある","在地球漫长的历史中，生物经历了进化和分化，生物物种的数量基本上呈现增加的趋势","N1","eggrolls;N1高频;原词性:名・自動3;音调:⓪①"
"産卵","さんらん","产卵","名词/サ变动词","産卵期","产卵期","N1","eggrolls;N1中频;原词性:名・自他動3;音调:⓪"
"固形","こけい","固形，固体","名词","固形燃料","固体燃料","N1","eggrolls;N1低频;原词性:名;音调:⓪"
"古都","こと","故都，古都","名词","古都の秋を満喫する","尽情享受古都之秋","N1","eggrolls;N1低频;原词性:名;音调:①"
"字幕","じまく","字幕","名词","中国語の字幕","中文字幕","N1","eggrolls;N1中频;原词性:名;音调:⓪"
"寄席","よせ","曲艺场，说书场，杂技场","名词","落語を聞きに寄席に行く","到曲艺场去听单口相声","N1","eggrolls;N1低频;原词性:名;音调:⓪"
"過不足","かふそく","过与不足，多或少","名词","過不足のないようにする","安排得当","N1","eggrolls;N1低频;原词性:名;音调:②③"
"書体","しょたい","字体；书写风格","名词","タイトルの書体を変更する","变更标题的字体","N1","eggrolls;N1低频;原词性:名;音调:⓪"
"死語","しご","已不使用的语言，已过时的词汇","名词","その言葉はもう死語と化している","那个词已经成了废词","N1","eggrolls;N1中频;原词性:名;音调:①"
"組み入れる","くみいれる","列入，编入，纳入","动词/他动词/一段动词","議事日程に組み入れる","列入议事日程","N1","eggrolls;N1低频;原词性:他動2;音调:④"
"作詞","さくし","作词，作歌词","名词/サ变动词","校歌を作詞する","作校歌歌词","N1","eggrolls;N1中频;原词性:名・自他動3;音调:⓪"
"軟体動物","なんたいどうぶつ","软体动物","名词","タコやイカ、アサリなどは軟体動物の仲間である","章鱼、鱿鱼和蛤蜊等都属于软体动物","N1","eggrolls;N1低频;原词性:名;音调:⑤"
"夏季","かき","夏季","名词","この地方は夏季には雨が多い","这个地区夏季多雨","N1","eggrolls;N1低频;原词性:名;音调:①"
"骨折り","ほねおり","努力，辛苦，尽力","名词","お骨折りに感謝いたします","感谢您的辛劳","N1","eggrolls;N1低频;原词性:名;音调:③④"
"一端","いったん","一端，一头；一部分，一端","名词","竹ざおの一端を切断する","切断竹竿的一端","N1","eggrolls;N1中频;原词性:名;音调:⓪③"
"飼料","しりょう","饲料","名词","飼料用穀物","饲料用粮食","N1","eggrolls;N1低频;原词性:名;音调:①"
"合理化","ごうりか","合理化","サ变动词/名词","経営の合理化","经营合理化","N1","eggrolls;N1低频;原词性:他動3・名;音调:⓪"
"燕","つばめ","燕子","名词","燕の巣","燕巢；燕窝","N1","eggrolls;N1中频;原词性:名;音调:⓪"
"屏風","びょうぶ","屏风","名词","屏風で仕切る","用屏风隔开","N1","eggrolls;N1低频;原词性:名;音调:⓪"
"キャッチフレーズ","キャッチフレーズ","（广告等的）吸引人注意的词句","名词","新人歌手を「天使の歌声」というキャッチフレーズで売る","以「天使的歌声」为宣传词推销新人歌手","N1","eggrolls;N1低频;原词性:名;音调:⑤;カタカナ語"
"製紙","せいし","造纸","名词","製紙会社","造纸公司","N1","eggrolls;N1低频;原词性:名;音调:⓪"
"山並み","やまなみ","山脉，连山","名词","うねる山並み","山峦起伏","N1","eggrolls;N1低频;原词性:名;音调:⓪"
"サーキット","サーキット","电路，回路；环状跑道","名词","サーキットレース","赛道赛","N1","eggrolls;N1中频;原词性:名;音调:①;カタカナ語"
"営利","えいり","营利，谋利","名词","営利事業","营利事业","N1","eggrolls;N1中频;原词性:名;音调:①"
"無免許","むめんきょ","无执照","名词","無免許運転","无证驾驶","N1","eggrolls;N1低频;原词性:名;音调:②"
"社会保障","しゃかいほしょう","社会保障","名词","社会保障の進んでいる国","社会保障制度完善的国家","N1","eggrolls;N1低频;原词性:名;音调:④"
"くれぐれも","くれぐれも","再三叮嘱，再三劝告","副词","くれぐれもお体をお大事に","请务必保重身体","N1","eggrolls;N1低频;原词性:副;音调:③②"
"継ぎ","つぎ","缝补，补丁","名词","継ぎだらけの服","满是补丁的衣服","N1","eggrolls;N1中频;原词性:名;音调:⓪"
"石器","せっき","石器","名词","石器時代","石器时代","N1","eggrolls;N1低频;原词性:名;音调:⓪"
"地域社会","ちいきしゃかい","地区性社会","名词","地域社会を活性化する","活络地方社区","N1","eggrolls;N1低频;原词性:名;音调:④"
"外来語","がいらいご","外来语","名词","日本語として定着した外来語","已融入日语的外来语","N1","eggrolls;N1中频;原词性:名;音调:⓪"
"集中豪雨","しゅうちゅうごうう","集中性暴雨","名词","集中豪雨の発生率が近年顕著に上がっている","近年集中性暴雨的发生率显著上升","N1","eggrolls;N1低频;原词性:名;音调:⑤"
"所要","しょよう","所要，所需","名词","所要時間","所需时间","N1","eggrolls;N1中频;原词性:名;音调:⓪"
"上の空","うわのそら","心不在焉，漫不经心","な形容词/名词","上の空で聞いているからわからないのだ","因为心不在焉地听着，所以不明白","N1","eggrolls;N1低频;原词性:ナ形・名;音调:④"
"生鮮","せいせん","新鲜，生鲜","な形容词/名词","生鮮食料品","生鲜食品","N1","eggrolls;N1中频;原词性:ナ形・名;音调:⓪"
"生物","なまもの","生鲜食品","名词","なまものを食べておなかをこわした","吃生食吃坏肚子了","N1","eggrolls;N1低频;原词性:名;音调:②"
"適える","かなえる","使……合适","动词/他动词/一段动词","希望通りの資格をかなえた応募者","符合期望资格的应聘者","N1","eggrolls;N1低频;原词性:他動2;音调:③"
"やあ","やあ","（惊讶时或呼唤时）呀，哎呀；喂，啊","感叹词","やあ、しばらく","哎呀，好久不见！","N1","eggrolls;N1低频;原词性:感;音调:①"
"顔面","がんめん","脸，面部","名词","顔面に負傷する","面部受伤","N1","eggrolls;N1低频;原词性:名;音调:⓪③"
"絶叫","ぜっきょう","大声疾呼，拼命喊叫","名词/サ变动词","絶叫を残して水中に沈んでいった","拼命喊叫着沉进水底去了","N1","eggrolls;N1低频;原词性:名・自動3;音调:⓪"
"凝視","ぎょうし","凝视，注视","サ变动词/名词","相手の顔を凝視する","凝视对方的面孔","N1","eggrolls;N1低频;原词性:他動3・名;音调:⓪①"
"探索","たんさく","探索，搜寻","名词/サ变动词","海底を探索する","探索海底","N1","eggrolls;N1中频;原词性:名・他動3;音调:⓪"
"誇らしい","ほこらしい","洋洋得意，自豪，骄傲","い形容词","誇らしく思う","感到自豪","N1","eggrolls;N1低频;原词性:イ形;音调:④"
"欲する","ほっする","希望，想要，想做","サ变动词","我々は平和を欲する","我们渴望和平","N1","eggrolls;N1中频;原词性:他動3;音调:⓪③"
"言うまでもない","いうまでもない","不言自明","成句","人権が守られなくてはならないのは言うまでもない","人权必须得到保障，这是毋庸置疑的","N1","eggrolls;N1低频;原词性:成句;音调:③+①"
"賭け","かけ","赌，赌博；（比喻）孤注一掷","名词","賭けをする","赌博；打赌","N1","eggrolls;N1低频;原词性:名;音调:②"
"他人事","ひとごと","别人的事","名词","まるで他人事のように言う","说得好像事不关己一样","N1","eggrolls;N1低频;原词性:名;音调:⓪"
"ストレート","ストレート","直，一直；直接","な形容词/名词","ストレートヘア","直发","N1","eggrolls;N1高频;原词性:ナ形・名;音调:③;カタカナ語"
"ぴたり","ぴたり","突然停止；紧贴；完全吻合，准确无误","副词","ぴたりと足をとめる","突然停下脚步","N1","eggrolls;N1低频;原词性:副;音调:②;オノマトペ"
"偽り","いつわり","假，虚伪，不真实","名词","看板に偽りあり","挂羊头卖狗肉，名不符实","N1","eggrolls;N1低频;原词性:名;音调:⓪③④"
"あったかい","あったかい","暖和的；温暖的","い形容词","あったかい部屋","温暖的房间","N1","eggrolls;N1低频;原词性:イ形;音调:④"
"侮る","あなどる","轻视，小看","动词/他动词/五段动词","国民を侮る","藐视人民","N1","eggrolls;N1低频;原词性:他動1;音调:③"
"やり過ごす","やりすごす","让后来的人先走；做得过头","动词/他动词/五段动词","ダンプカーをやり過ごす","让砂石车先过","N1","eggrolls;N1低频;原词性:他動1;音调:④"
"ヒロイン","ヒロイン","女主人公","名词","悲劇のヒロイン","悲剧的女主人公","N1","eggrolls;N1中频;原词性:名;音调:②;カタカナ語"
"足止め","あしどめ","禁止外出，禁闭","サ变动词/名词","長雨で宿に1週間も足止めになった","因为连日大雨，被困在旅馆一个星期","N1","eggrolls;N1中频;原词性:他動3・名;音调:⓪④"
"戦慄","せんりつ","战栗，颤抖","名词/サ变动词","戦慄すべき事件","令人战栗的事件","N1","eggrolls;N1低频;原词性:名・自動3;音调:⓪"
"携える","たずさえる","携，携带；偕同；携手","动词/他动词/一段动词","花を携えて墓参りにいく","带着花去扫墓","N1","eggrolls;N1低频;原词性:他動2;音调:③④"
"足手まとい","あしでまとい","累赘，包袱，碍手碍脚","な形容词/名词","子どもが足手まといになった","孩子成了累赘","N1","eggrolls;N1低频;原词性:ナ形・名;音调:④"
"亀","かめ","龟，乌龟，海龟","名词","亀の甲","龟壳","N1","eggrolls;N1低频;原词性:名;音调:①"
"世間話","せけんばなし","闲聊，闲谈","名词","世間話に花を咲かせる","闲话家常聊得热火朝天","N1","eggrolls;N1低频;原词性:名;音调:④"
"村長","そんちょう","村长","名词","村長の呼びかけで村民が一堂に集い、村おこしについて話し合った","在村长的号召下，村民们齐聚一堂，讨论振兴村庄的事宜","N1","eggrolls;N1低频;原词性:名;音调:①"
"躍る","おどる","跳跃；心跳加速","动词/自动词/五段动词","魚が水面に躍る","鱼儿跃出水面","N1","eggrolls;N1低频;原词性:自動1;音调:⓪"
"赤面","せきめん","脸红，惭愧，害羞","名词/サ变动词","まったく赤面の至りです","真是惭愧至极","N1","eggrolls;N1低频;原词性:名・自動3;音调:⓪"
"分身","ぶんしん","分身","名词","作者の分身である主人公","主角是作者的化身","N1","eggrolls;N1低频;原词性:名;音调:⓪"
"さいなむ","さいなむ","虐待，折磨，使苦恼","动词/他动词/五段动词","罪の意識にさいなまれる","被罪恶感折磨","N1","eggrolls;N1低频;原词性:他動1;音调:③"
"胸中","きょうちゅう","胸中，内心","名词","胸中を打ち明ける","吐露心事","N1","eggrolls;N1低频;原词性:名;音调:⓪①"
"士気","しき","士气；热情，干劲","名词","士気が奮わない","士气不振","N1","eggrolls;N1中频;原词性:名;音调:①②"
"散乱","さんらん","散乱，零乱；散射","名词/サ变动词","ガラス片が床に散乱している","地上撒满了碎玻璃","N1","eggrolls;N1中频;原词性:名・自動3;音调:⓪"
"あどけない","あどけない","天真，天真无邪，天真烂漫，孩子气","い形容词","子供のあどけない寝顔","孩子天真无邪的睡脸","N1","eggrolls;N1低频;原词性:イ形;音调:④"
"アスファルト","アスファルト","沥青，柏油","名词","アスファルトを敷く","铺沥青","N1","eggrolls;N1低频;原词性:名;音调:③;カタカナ語"
"ブラック","ブラック","黑，黑色；黑咖啡；（构成复合词）黑暗的，非法的","名词","ブラックボード","黑板","N1","eggrolls;N1低频;原词性:名;音调:②;カタカナ語"
"見いだす","みいだす","找出，看出，发掘","动词/他动词/五段动词","隠れた才能を見いだす","发掘隐藏的才能","N1","eggrolls;N1中频;原词性:他動1;音调:⓪③"
"お互い様","おたがいさま","彼此彼此，彼此一样","な形容词","ごぶさたはお互い様です","彼此都久疏问候","N1","eggrolls;N1低频;原词性:ナ形;音调:⓪⑥"
"いち早く","いちはやく","很快地，迅速地，飞快地，马上","副词","いち早くかけつける","立刻赶到","N1","eggrolls;N1低频;原词性:副;音调:③"
"力尽きる","ちからつきる","力竭","动词/自动词/一段动词","力尽きて倒れる","力竭倒下","N1","eggrolls;N1低频;原词性:自動2;音调:⑤"
"寛大","かんだい","宽大，宽容","な形容词/名词","寛大な処置","宽大处理","N1","eggrolls;N1低频;原词性:ナ形・名;音调:⓪"
"気迫","きはく","气魄，气概，气势","名词","気迫に押される","被气势压倒","N1","eggrolls;N1低频;原词性:名;音调:⓪"
"一片","いっぺん","一片，一张；一点","名词","一片の花びら","一片花瓣","N1","eggrolls;N1低频;原词性:名;音调:⓪③"
"謳う","うたう","讴歌，颂扬；主张，强调","动词/他动词/五段动词","わが世の春を謳う","歌颂我一生的黄金时代","N1","eggrolls;N1低频;原词性:他動1;音调:⓪"
"切羽詰まる","せっぱつまる","紧迫，紧急","动词/自动词/五段动词","切羽詰まって高利の金を借りる","走投无路之下借高利贷","N1","eggrolls;N1中频;原词性:自動1;音调:①+②"
"さばく","さばく","销售，推销；理整齐，弄好；妥善料理，出色地处理，操纵","动词/他动词/五段动词","在庫をさばく","推销存货","N1","eggrolls;N1中频;原词性:他動1;音调:②"
"報い","むくい","报应；报酬，酬劳","名词","悪いことをすれば必ず報いがある","恶有恶报","N1","eggrolls;N1低频;原词性:名;音调:⓪②"
"名案","めいあん","好主意，好设想","名词","名案が浮かぶ","想出好主意","N1","eggrolls;N1低频;原词性:名;音调:⓪"
"確固","かっこ","坚定，坚决，断然","な形容词/ト/タル型","確固とした原則","坚定不移的原则","N1","eggrolls;N1中频;原词性:形動トタル;音调:①"
"芸当","げいとう","（杂技等）技艺；（一般人做不到的）绝技","名词","イヌに芸当を教える","教狗表演才艺","N1","eggrolls;N1低频;原词性:名;音调:⓪①"
"生まれながら","うまれながら","天生，生来","副词","生まれながらに苦労を背負っていた","生来就命苦","N1","eggrolls;N1低频;原词性:副;音调:⓪④"
"敬愛","けいあい","敬爱","サ变动词/名词","わが敬愛する先生","我们敬爱的老师","N1","eggrolls;N1低频;原词性:他動3・名;音调:⓪"
"愛想笑い","あいそわらい","陪笑脸，谄笑","名词","愛想笑いを浮かべる","露出谄媚的笑容","N1","eggrolls;N1低频;原词性:名;音调:④"
"ひっきりなし","ひっきりなし","接连不断地","な形容词","ひっきりなしに車が通る","车水马龙","N1","eggrolls;N1中频;原词性:ナ形;音调:④⑤;オノマトペ"
"劣化","れっか","劣化，退化，变坏","名词/サ变动词","自転車のタイヤが劣化する","自行车的轮胎老化","N1","eggrolls;N1高频;原词性:名・自動3;音调:⓪"
"ドクター","ドクター","医生；博士","名词","ドクターストップがかかり禁酒する","医生不让喝酒，我就戒酒了","N1","eggrolls;N1低频;原词性:名;音调:①;カタカナ語"
"誤算","ごさん","算错；估计错误","名词/サ变动词","彼に任せたのは誤算だった","交给他干完全是个错误","N1","eggrolls;N1低频;原词性:名・他動3;音调:⓪"
"フレーム","フレーム","框，架","名词","眼鏡のフレーム","眼镜框","N1","eggrolls;N1中频;原词性:名;音调:⓪②;カタカナ語"
"見くびる","みくびる","轻视，小看，看不起","动词/他动词/五段动词","弱い相手でも見くびるな","就算对手很弱，也不能小看","N1","eggrolls;N1低频;原词性:他動1;音调:⓪③"
"収拾","しゅうしゅう","收拾，整顿","サ变动词/名词","政局を収拾する","收拾政局","N1","eggrolls;N1低频;原词性:他動3・名;音调:⓪"
"レーダー","レーダー","雷达","名词","レーダーが敵機を捕らえる","雷达捕捉到敌机","N1","eggrolls;N1中频;原词性:名;音调:①;カタカナ語"
"入り組む","いりくむ","错综复杂，互相纠缠，头绪纷繁","动词/自动词/五段动词","入り組んだ事件","错综复杂的事件","N1","eggrolls;N1低频;原词性:自動1;音调:③"
"負けず嫌い","まけずぎらい","好强，不认输","な形容词/名词","負けず嫌いの子ども","好强的孩子","N1","eggrolls;N1低频;原词性:ナ形・名;音调:④"
"住処","すみか","住处，家；巢穴，坏人聚集的地方","名词","終の住処","终老之所","N1","eggrolls;N1低频;原词性:名;音调:①"
"一軒家","いっけんや","孤立的房屋；独栋房屋，一户建","名词","野中の一軒家","原野中孤零零的房子","N1","eggrolls;N1低频;原词性:名;音调:③"
"うねり","うねり","蜿蜒，起伏；汹涌的浪涛","名词","丘陵のうねり","丘陵的起伏","N1","eggrolls;N1低频;原词性:名;音调:③"
"先んじる","さきんじる","抢先","动词/自动词/一段动词","ライバルに先んじる","抢先对手一步","N1","eggrolls;N1低频;原词性:自動2;音调:⓪④"
"江戸時代","えどじだい","（1603年～1867年）江户时代","名词","江戸時代、日本は鎖国をしていた","江户时代，日本处于锁国状态","N1","eggrolls;N1高频;原词性:名;音调:③"
"表立つ","おもてだつ","公开出来，暴露出来","动词/自动词/五段动词","表立った動きは、まだない","还没有任何明显的动作","N1","eggrolls;N1低频;原词性:自動1;音调:④"
"筋書き","すじがき","梗概，情节，概要；计划，预想","名词","芝居の筋書き","剧情","N1","eggrolls;N1低频;原词性:名;音调:⓪"
"いじける","いじける","畏缩，无精打采；乖僻，消极","动词/自动词/一段动词","寒風に体がいじける","寒风冻得我瑟瑟发抖","N1","eggrolls;N1低频;原词性:自動2;音调:⓪③"
"圏内","けんない","范围以内，圈子里","名词","暴風雨の圏内に入る","进入暴风雨圈内","N1","eggrolls;N1低频;原词性:名;音调:①"
"最高潮","さいこうちょう","最高潮，最高峰","名词","優勝争いは最高潮に達した","冠军争夺战达到最高潮","N1","eggrolls;N1低频;原词性:名;音调:③"
"キャップ","キャップ","无檐帽；笔帽；瓶盖","名词","一度に飲みきれない場合があるかもしれないから、キャップで閉められる容器に変えたらどうかな","如果一次喝不完，换成可以用盖子封住的容器怎么样？","N1","eggrolls;N1低频;原词性:名;音调:⓪①;カタカナ語"
"繭","まゆ","茧；蚕茧","名词","繭から糸を取る","从蚕茧抽丝","N1","eggrolls;N1低频;原词性:名;音调:①"
"力仕事","ちからしごと","体力劳动，力气活","名词","建設現場の荒い力仕事は体にこたえる","建筑工地粗重的体力活真让人吃不消","N1","eggrolls;N1低频;原词性:名;音调:④"
"咲き誇る","さきほこる","（花）盛开，灿烂地开","动词/自动词/五段动词","咲き誇っているボタンの花","盛开的牡丹花","N1","eggrolls;N1低频;原词性:自動1;音调:④"
"一存","いちぞん","自己个人的意见","名词","彼の一存でどうにでもなる","他一个人的意见可以左右一切","N1","eggrolls;N1中频;原词性:名;音调:⓪"
"寂れる","さびれる","萧条，冷落，凋零，衰败","动词/自动词/一段动词","さびれて荒涼とした地帯","冷落荒凉的地区","N1","eggrolls;N1低频;原词性:自動2;音调:⓪③"
"追従","ついじゅう","追随，迎合","名词/サ变动词","観客に追従するだけでは演劇の進歩はない","一味迎合观众，戏剧就不会有进步","N1","eggrolls;N1低频;原词性:名・自動3;音调:⓪"
"齢","よわい","年龄，年纪","名词","60の齢を重ねる","年满花甲","N1","eggrolls;N1低频;原词性:名;音调:⓪②"
"子細","しさい","仔细，详细；详情，缘由；障碍，妨碍","な形容词/名词","機械を子細に点検する","仔细检查机器","N1","eggrolls;N1低频;原词性:ナ形・名;音调:⓪①"
"受け売り","うけうり","承销，转卖，零售；现学现卖，听话学话","サ变动词/名词","他人の話を受け売りする","照搬别人的说法","N1","eggrolls;N1低频;原词性:他動3・名;音调:⓪"
"有り余る","ありあまる","过多，富余","动词/自动词/五段动词","資源が有り余るほどある","有取之不尽的资源","N1","eggrolls;N1低频;原词性:自動1;音调:⓪④"
"嚙み付く","かみつく","咬住；猛烈地反驳","动词/自动词/五段动词","子供がふざけて指に嚙み付く","小孩开玩笑地咬手指","N1","eggrolls;N1低频;原词性:自動1;音调:⓪③"
"秘訣","ひけつ","秘诀，窍门","名词","成功の秘訣を伝授する","传授成功的秘诀","N1","eggrolls;N1高频;原词性:名;音调:⓪"
"心もとない","こころもとない","靠不住，不放心","い形容词","新人だけでは心もとない","光靠新人不太放心","N1","eggrolls;N1低频;原词性:イ形;音调:⑥"
"最下位","さいかい","最低的位次，末尾","名词","最下位に転落した","跌落到最末一名","N1","eggrolls;N1低频;原词性:名;音调:③"
"派生","はせい","派生，衍生","名词/サ变动词","新たな問題が派生する","衍生出新的问题","N1","eggrolls;N1中频;原词性:名・自他動3;音调:⓪"
"流れ星","ながれぼし","流星","名词","流れ星に願いを掛ける","向流星许愿","N1","eggrolls;N1低频;原词性:名;音调:③"
"虚構","きょこう","虚构，假设；虚假","サ变动词/名词","この話はまったくの虚構である","这个故事全是虚构的","N1","eggrolls;N1低频;原词性:他動3・名;音调:⓪"
"苦境","くきょう","艰苦的境遇，困境","名词","苦境に陥る","陷于窘境","N1","eggrolls;N1低频;原词性:名;音调:⓪"
"船乗り","ふなのり","船员，海员，水手","名词","船乗りたちは気が荒そうに見えて実は優しい","水手们看起来凶巴巴的，其实很温柔","N1","eggrolls;N1低频;原词性:名;音调:②"
"お好み焼き","おこのみやき","大阪烧，御好烧","名词","みんなでお好み焼きを作って食べるっていう企画が良かったんでしょうか","大家一起制作和品尝大阪烧的活动是不是很不错呢？","N1","eggrolls;N1中频;原词性:名;音调:⓪"
"めぼしい","めぼしい","显著，出色，较好，像样","い形容词","漱石のめぼしい作品はみんな読んだ","我读过漱石的所有代表作","N1","eggrolls;N1中频;原词性:イ形;音调:③"
"長話","ながばなし","长谈，久谈","名词/サ变动词","近所の人と道で長話をする","和邻居在路边聊很久","N1","eggrolls;N1低频;原词性:名・自動3;音调:③"
"付随","ふずい","附随，随带","名词/サ变动词","付随の書類","附带文件","N1","eggrolls;N1低频;原词性:名・自動3;音调:⓪"
"挿絵","さしえ","（报纸、杂志、书籍等的）插图","名词","挿絵画家","插画家","N1","eggrolls;N1低频;原词性:名;音调:⓪②"
"ハウス","ハウス","（构成复合词）房屋，住宅；（「ビニールハウス」の略）温室","名词","モデルハウス","样板房","N1","eggrolls;N1低频;原词性:名;音调:①;カタカナ語"
"陰影","いんえい","影子，阴影；含蓄，耐人寻味","名词","絵に陰影をつける","给画上阴影","N1","eggrolls;N1低频;原词性:名;音调:⓪"
"長靴","ながぐつ","靴子，长筒靴","名词","ゴム長靴","长筒雨靴","N1","eggrolls;N1低频;原词性:名;音调:⓪"
"犬歯","けんし","犬齿，犬牙","名词","肉食動物は鋭く大きな犬歯を持っている","肉食动物拥有锋利且巨大的犬齿","N1","eggrolls;N1低频;原词性:名;音调:①"
"潤沢","じゅんたく","丰富，充裕；润泽","な形容词/名词","潤沢な資金","充裕的资金","N1","eggrolls;N1低频;原词性:ナ形・名;音调:⓪"
"圧巻","あっかん","精华部分，压卷，最精彩的部分","名词","森の中の描写のあたりが本書の圧巻だ","描写森林中的那一段是本书的压卷之笔","N1","eggrolls;N1低频;原词性:名;音调:⓪"
"手痛い","ていたい","重大，严重，沉重","い形容词","手痛い打撃を受ける","遭到沉重打击","N1","eggrolls;N1低频;原词性:イ形;音调:③"
"不登校","ふとうこう","（学生因心理原因等）不上学","名词","友人関係がうまく行かず不登校になった","因为人际关系处理不好，所以拒绝上学","N1","eggrolls;N1低频;原词性:名;音调:②"
"軒下","のきした","屋檐下","名词","軒下で雨宿りする","在屋檐下躲雨","N1","eggrolls;N1低频;原词性:名;音调:⓪"
"包容力","ほうようりょく","度量，肚量","名词","包容力のある人","有气度的人","N1","eggrolls;N1低频;原词性:名;音调:③"
"擦り寄る","すりよる","贴近，靠近","动词/自动词/五段动词","ネコがそっと擦り寄ってきた","猫静悄悄地靠了过来","N1","eggrolls;N1低频;原词性:自動1;音调:⓪③"
"差し出がましい","さしでがましい","多事，多管闲事，越俎代庖","い形容词","差し出がましいことをするな","少管闲事！","N1","eggrolls;N1低频;原词性:イ形;音调:⑥"
"せんべい","せんべい","烤米饼，仙贝","名词","エビ煎餅","虾饼","N1","eggrolls;N1低频;原词性:名;音调:①"
"珊瑚","さんご","珊瑚","名词","珊瑚礁","珊瑚礁","N1","eggrolls;N1中频;原词性:名;音调:①"
"出来栄え","できばえ","做出的结果","名词","どうだい、この出来栄えを見てくれ","瞧，搞得多么出色","N1","eggrolls;N1中频;原词性:名;音调:⓪③"
"悪戦苦闘","あくせんくとう","苦战恶斗","名词/サ变动词","生活のために悪戦苦闘する","为生活而艰苦奔波","N1","eggrolls;N1低频;原词性:名・自動3;音调:⓪+⓪"
"いそしむ","いそしむ","勤奋，勤勉，努力","动词/自动词/五段动词","勉学にいそしむ","努力学习","N1","eggrolls;N1低频;原词性:自動1;音调:③"
"腐食","ふしょく","腐蚀，侵蚀","サ变动词/名词","さびで腐食している","因锈而腐蚀","N1","eggrolls;N1低频;原词性:自他動3・名;音调:⓪"
"不出来","ふでき","做得不好；收成不好","な形容词/名词","不出来な成績","不佳的成绩","N1","eggrolls;N1低频;原词性:ナ形・名;音调:①"
"半生","はんせい","半生，半辈子","名词","この研究には半生を費やした","为这项研究花了半辈子的时间","N1","eggrolls;N1中频;原词性:名;音调:①"
"喜怒哀楽","きどあいらく","喜怒哀乐","名词","喜怒哀楽の情","喜怒哀乐之情","N1","eggrolls;N1低频;原词性:名;音调:①+⓪"
"絹糸","きぬいと","丝线","名词","絹糸を布に織る","把丝线织成布","N1","eggrolls;N1低频;原词性:名;音调:⓪"
"うろちょろ","うろちょろ","转来转去","副词","うろちょろ歩き回るな","别到处乱晃","N1","eggrolls;N1低频;原词性:副;音调:①;オノマトペ"
"及び腰","およびごし","弯（下）腰；姿态不稳，态度暧昧","名词","及び腰でオタマジャクシをとる","弯着腰探身捉蝌蚪","N1","eggrolls;N1低频;原词性:名;音调:⓪"
"上辺","うわべ","表面，外表，外观","名词","上辺の現象に惑わされる","被表面现象所迷惑","N1","eggrolls;N1低频;原词性:名;音调:⓪"
"のこぎり","のこぎり","锯","名词","のこぎりの歯","锯齿","N1","eggrolls;N1中频;原词性:名;音调:③④"
"暫定","ざんてい","暂定，临时规定","名词","暫定予算を組む","编制临时预算","N1","eggrolls;N1低频;原词性:名;音调:⓪"
"手荷物","てにもつ","随身携带的东西，随身行李","名词","手荷物を預ける","寄存行李","N1","eggrolls;N1低频;原词性:名;音调:②"
"わしづかみ","わしづかみ","猛抓，大把抓","名词","札束をわしづかみにして逃走する","抓起一叠钞票就跑","N1","eggrolls;N1低频;原词性:名;音调:⓪③"
"疑り深い","うたぐりぶかい","多疑","い形容词","疑り深い目つき","怀疑的眼神","N1","eggrolls;N1低频;原词性:イ形;音调:⑥"
"堰","せき","拦河坝，堰堤","名词","堰を築く","筑堤","N1","eggrolls;N1低频;原词性:名;音调:①"
"苦言","くげん","忠言，忠告，劝告","名词","苦言を呈する","提出忠告","N1","eggrolls;N1低频;原词性:名;音调:⓪"
"長持ち","ながもち","耐用，持久；带盖的长方形衣箱","名词/サ变动词","この電池は長持ちする","这个电池很耐用","N1","eggrolls;N1中频;原词性:名・自動3;音调:⓪③④"
"自画自賛","じがじさん","自卖自夸","サ变动词/名词","我ながらよくできたと自画自賛する","连我自己都忍不住要夸奖自己做得真好","N1","eggrolls;N1低频;原词性:他動3・名;音调:①+⓪"
"入学試験","にゅうがくしけん","入学考试","名词","入学試験が迫る","入学考试临近","N1","eggrolls;N1低频;原词性:名;音调:⑤⑥"
"滋養","じよう","滋养，营养，养分","名词","体の滋養になる","滋养身体","N1","eggrolls;N1低频;原词性:名;音调:⓪"
"一新","いっしん","一新，刷新，革新","名词","面目を一新する","面目一新","N1","eggrolls;N1低频;原词性:名;音调:⓪"
"博する","はくする","博得，获得，赢得","サ变动词","喝采⁠を博する","博得喝采","N1","eggrolls;N1中频;原词性:他動3;音调:③"
"一次","いちじ","初次，第一次；一次，线性","名词","一次試験","第一次考试","N1","eggrolls;N1中频;原词性:名;音调:②"
"銀杏","いちょう","银杏","名词","銀杏並木が色付く","路旁的银杏树叶开始变黄了","N1","eggrolls;N1低频;原词性:名;音调:⓪"
"古書","こしょ","古书；旧书","名词","古書から引証する","从古书中引证","N1","eggrolls;N1低频;原词性:名;音调:①"
"鶯","うぐいす","莺；歌喉好的人","名词","鶯嬢","女播音员","N1","eggrolls;N1中频;原词性:名;音调:②"
"底力","そこぢから","潜力，底力，深厚的力量","名词","底力を発揮する","发挥潜力","N1","eggrolls;N1低频;原词性:名;音调:⓪③"
"手なずける","てなずける","驯服；使归服，使顺从，使就范","动词/他动词/一段动词","猛獣を手なずける","驯服猛兽","N1","eggrolls;N1低频;原词性:他動2;音调:④"
"雁","がん","雁，大雁","名词","雁が鳴く","雁鸣","N1","eggrolls;N1低频;原词性:名;音调:①"
"焦げ臭い","こげくさい","煳味","い形容词","焦げ臭いにおいがする","有煳味","N1","eggrolls;N1低频;原词性:イ形;音调:④"
"ひねり出す","ひねりだす","（绞尽脑汁）想出；（千方百计地）筹措","动词/他动词/五段动词","妙案をひねり出す","想出好主意","N1","eggrolls;N1低频;原词性:他動1;音调:④"
"後手","ごて","被动，落后","名词","後手に回る","陷于被动","N1","eggrolls;N1低频;原词性:名;音调:⓪①"
"覆い","おおい","覆盖（物），罩（子），套（子）","名词","積み荷に覆いをかける","给货物盖上篷布","N1","eggrolls;N1低频;原词性:名;音调:⓪③"
"取捨選択","しゅしゃせんたく","取舍选择","名词/サ变动词","本を取捨選択する","筛选书籍","N1","eggrolls;N1低频;原词性:名・他動3;音调:①+⓪"
"厳正","げんせい","严正，严格","名词/な形容词","厳正に審査する","严格审查","N1","eggrolls;N1中频;原词性:名・ナ形;音调:⓪"
"血気","けっき","血气，意气，热情","名词","血気盛んな若者","血气方刚的青年","N1","eggrolls;N1低频;原词性:名;音调:⓪①"
"躍進","やくしん","跃进，飞跃的进展","名词/サ变动词","躍進を遂げる","取得飞跃发展","N1","eggrolls;N1低频;原词性:名・自動3;音调:⓪"
"啓蒙","けいもう","启蒙，启发","サ变动词/名词","大衆を啓蒙する","启发大众","N1","eggrolls;N1低频;原词性:他動3・名;音调:⓪"
"風当たり","かぜあたり","风势，风力（强）；招风，受非难，受责难","名词","高台の家は風当たりが強い","高地上的房子风大","N1","eggrolls;N1低频;原词性:名;音调:⓪③"
"イントネーション","イントネーション","声调，语调，抑扬","名词","ネイティブのアクセントやイントネーションに慣れ親しむ","熟悉母语者的口音和语调","N1","eggrolls;N1低频;原词性:名;音调:④;カタカナ語"
"雪景色","ゆきげしき","雪景","名词","山の雪景色","山上的雪景","N1","eggrolls;N1低频;原词性:名;音调:③"
"即断","そくだん","立断，立即决定","サ变动词/名词","即断せず家族に相談する","没有立刻决定，而是和家人商量","N1","eggrolls;N1低频;原词性:他動3・名;音调:⓪"
"山場","やまば","高潮，顶点，最高峰","名词","いよいよ山場を迎える","到了最紧要的关头；高潮即将到来","N1","eggrolls;N1中频;原词性:名;音调:⓪③"
"聞き分け","ききわけ","听懂，听话","名词","聞き分けがいい","懂事；听话","N1","eggrolls;N1低频;原词性:名;音调:⓪"
"コアラ","コアラ","树袋熊，考拉","名词","子守熊","考拉的别名","N1","eggrolls;N1低频;原词性:名;音调:①;カタカナ語"
"親元","おやもと","父母的家，父母住的地方","名词","親元を離れて生活する","离开父母生活","N1","eggrolls;N1低频;原词性:名;音调:⓪④"
"土着","どちゃく","定居","名词/サ变动词","さまざまな民族がかつてその地方に土着した","各种民族曾在那个地方定居","N1","eggrolls;N1低频;原词性:名・自動3;音调:⓪"
"予断","よだん","预先判断","サ变动词/名词","情勢は予断を許さない","形势不容乐观","N1","eggrolls;N1低频;原词性:他動3・名;音调:⓪"
"反問","はんもん","反问","名词/サ变动词","質問者に反問する","反问提问人","N1","eggrolls;N1低频;原词性:名・自他動3;音调:⓪"
"幕間","まくあい","（戏剧的）幕间（休息）","名词","幕間に一服する","趁着幕间休息吸一支烟（喝一杯茶）","N1","eggrolls;N1低频;原词性:名;音调:⓪③"
"世界遺産","せかいいさん","世界遗产","名词","ローマは世界遺産が格段に多い","罗马的世界遗产特别多","N1","eggrolls;N1低频;原词性:名;音调:④"
"はけ口","はけぐち","排水口；销路；发泄","名词","どぶのはけ口","排水沟的出口","N1","eggrolls;N1低频;原词性:名;音调:②"
"計上","けいじょう","计入，列入","名词/サ变动词","損失および利益を計上する","把损失和利益计算在内","N1","eggrolls;N1低频;原词性:名・他動3;音调:⓪"
"骨折る","ほねおる","费心，费劲；尽力，出力","动词/自动词/五段动词","子どもの教育のために骨折る","为孩子的教育不辞辛劳","N1","eggrolls;N1低频;原词性:自動1;音调:③"
"ぬか喜び","ぬかよろこび","空欢喜，希望落空","名词/サ变动词","ぬか喜びに終わる","空欢喜一场","N1","eggrolls;N1低频;原词性:名・自動3;音调:③"
"乱用","らんよう","滥用，挪用","サ变动词/名词","公金を濫用する","挪用公款","N1","eggrolls;N1低频;原词性:他動3・名;音调:⓪"
"放任","ほうにん","放任（自流）","サ变动词/名词","自由放任","自由放任","N1","eggrolls;N1低频;原词性:他動3・名;音调:⓪"
"湿地","しっち","湿地","名词","湿地帯","湿地地区","N1","eggrolls;N1低频;原词性:名;音调:⓪"
"原画","げんが","原画","名词","アニメの原画を作画する","绘制动画的原画","N1","eggrolls;N1低频;原词性:名;音调:⓪"
"甲虫","こうちゅう","甲虫","名词","甲虫の標本","甲虫标本","N1","eggrolls;N1低频;原词性:名;音调:⓪"
"修養","しゅうよう","修养","サ变动词/名词","修養を積む","修身养性","N1","eggrolls;N1中频;原词性:自動3・名;音调:⓪"
"傾聴","けいちょう","倾听，谨听，洗耳恭听","サ变动词/名词","これはわれわれにとって傾聴に値する指摘だ","这是值得我们倾听的意见","N1","eggrolls;N1低频;原词性:他動3・名;音调:⓪"
"回顧","かいこ","回顾，回忆，回想","名词/サ变动词","往時を回顧する","回顾过去","N1","eggrolls;N1中频;原词性:名・他動3;音调:①"
"蒸気機関車","じょうききかんしゃ","蒸汽机车","名词","黒い煙を吐いて走る蒸気機関車","冒着黑烟行驶的蒸汽机车","N1","eggrolls;N1低频;原词性:名;音调:⑤"
"数え上げる","かぞえあげる","（一一）数出来，列举，枚举","动词/他动词/一段动词","長所を数え上げる","列举优点","N1","eggrolls;N1低频;原词性:他動2;音调:⓪⑤"
"滑り出し","すべりだし","滑起；开始","名词","試合の滑り出しは上乗だ","比赛开始很顺利","N1","eggrolls;N1低频;原词性:名;音调:⓪"
"消費税","しょうひぜい","消费税","名词","近い将来 、 更に消費税が上がりそうだ","在不久的将来，消费税似乎会进一步提高","N1","eggrolls;N1中频;原词性:名;音调:③"
"かす","かす","沉淀，渣滓；无用的东西，人渣","名词","油かす","油渣","N1","eggrolls;N1中频;原词性:名;音调:①"
"取り交わす","とりかわす","交换，互换","动词/他动词/五段动词","意見を取り交わす","交换意见","N1","eggrolls;N1低频;原词性:他動1;音调:⓪④"
"大脳","だいのう","大脑","名词","小脳","小脑","N1","eggrolls;N1中频;原词性:名;音调:⓪①"
"知ったかぶり","しったかぶり","不懂装懂，冒充内行（的人）","名词","知ったかぶりをして言う","假装知道地说","N1","eggrolls;N1低频;原词性:名;音调:⓪"
"通説","つうせつ","一般的说法，共同的论调","名词","学界の通説とされている","被认为是学术界的一般提法","N1","eggrolls;N1低频;原词性:名;音调:⓪"
"文才","ぶんさい","文才，文学上的才能","名词","文才に富む","富于文才","N1","eggrolls;N1低频;原词性:名;音调:⓪"
"換言","かんげん","换句话说","名词/サ变动词","割烹術、換言すれば料理法","烹调术，换言之，即做菜的方法","N1","eggrolls;N1低频;原词性:名・自他動3;音调:⓪"
"既定","きてい","既定","名词","既定の結論","定论","N1","eggrolls;N1低频;原词性:名;音调:⓪"
"老木","ろうぼく","老树，古树","名词","幹がうつろになった老木","树干中空的老树","N1","eggrolls;N1低频;原词性:名;音调:⓪"
"気運","きうん","趋势，形势，局势","名词","独立の気運が高まる","独立的气势高涨","N1","eggrolls;N1低频;原词性:名;音调:⓪①"
"原生林","げんせいりん","原始林；原生林","名词","数種の樹木の混生する原生林","数种树木混生的原生林","N1","eggrolls;N1低频;原词性:名;音调:③"
"博学","はくがく","博学","な形容词/名词","博学な人","博学的人","N1","eggrolls;N1低频;原词性:ナ形・名;音调:⓪"
"種まき","たねまき","播种，撒播","名词/サ变动词","種まきの好期","播种的最佳时期","N1","eggrolls;N1中频;原词性:名・自動3;音调:②"
"啓発","けいはつ","启发，启蒙","サ变动词/名词","あなたの話を聞いて大いに啓発された","听您的讲话受到了很大启发","N1","eggrolls;N1中频;原词性:他動3・名;音调:⓪"
"天の邪鬼","あまのじゃく","脾气别扭（的人），性情乖僻（的人）","名词","あいつは天の邪鬼で困る","那家伙爱唱反调，真让人伤脑筋","N1","eggrolls;N1低频;原词性:名;音调:③"
"漁場","ぎょじょう","渔场","名词","むやみに漁場を荒らすな","不许在渔场胡捞乱捕","N1","eggrolls;N1低频;原词性:名;音调:⓪"
"濾す","こす","滤，过滤","动词/他动词/五段动词","砂で水を濾す","用沙子滤水","N1","eggrolls;N1低频;原词性:他動1;音调:⓪"
"伸べる","のべる","伸出","动词/他动词/一段动词","難民に救助の手を伸べる","对难民伸出援助之手","N1","eggrolls;N1低频;原词性:他動2;音调:②"
"憩う","いこう","休息，消遣","动词/自动词/五段动词","木陰で憩う","在树荫下休息","N1","eggrolls;N1中频;原词性:自動1;音调:②"
"のけ者","のけもの","被排挤（出去）的人，外人，异己分子","名词","のけ者にする","排挤；不让加入；当做外人","N1","eggrolls;N1低频;原词性:名;音调:⓪"
"氷山の一角","ひょうざんのいっかく","冰山一角；整个事物中显露出来的一小部分","成句","事件は氷山の一角に過ぎない","这起事件只不过是冰山一角","N1","eggrolls;N1低频;原词性:成句"
"現住所","げんじゅうしょ","现住址","名词","現住所に転籍する","迁籍至现住址","N1","eggrolls;N1低频;原词性:名;音调:③"
"こりごり","こりごり","（因为吃过苦头）再也不敢/不想……","副词","借金はこりごりだ","再也不敢向人借钱了；吃够了欠债的苦头","N1","eggrolls;N1低频;原词性:副;音调:③"
"冬枯れ","ふゆがれ","冬季草木枯萎的凄凉景象；冬天的淡季","名词","夏枯れ","夏天的淡季","N1","eggrolls;N1低频;原词性:名;音调:⓪"
"暗礁","あんしょう","暗礁；意外的障碍","名词","暗礁に乗り上げる","触礁；遇到意想不到的障碍，阻碍了事物的发展","N1","eggrolls;N1低频;原词性:名;音调:⓪"
"自任","じにん","以……自居","サ变动词/名词","料理の名人を自任する","以烹调名手自居","N1","eggrolls;N1中频;原词性:他動3・名;音调:⓪"
"助成","じょせい","助成，扶助，促进，推动","名词/サ变动词","政府が学術研究を助成する","政府资助学术研究","N1","eggrolls;N1高频;原词性:名・他動3;音调:⓪"
"外来種","がいらいしゅ","外来物种","名词","外来種がはびこり、在来の野草が危機に瀕している","外来种蔓延，本土野草濒临危机","N1","eggrolls;N1低频;原词性:名;音调:③"
"水墨画","すいぼくが","水墨画","名词","水墨画は室町時代に中国から入った","水墨画是在室町时代从中国传来的","N1","eggrolls;N1低频;原词性:名;音调:⓪"
"もっともらしい","もっともらしい","好像很有道理，好像很正经，煞有介事","い形容词","もっともらしい口実で断る","用听起来合理的借口拒绝","N1","eggrolls;N1低频;原词性:イ形;音调:⑥"
"一本調子","いっぽんぢょうし","单调","な形容词/名词","歌い方が一本調子で退屈だ","唱法单调乏味","N1","eggrolls;N1低频;原词性:ナ形・名;音调:⑤"
"文筆","ぶんぴつ","文笔","名词","文筆で生計を立てる","靠文笔生活","N1","eggrolls;N1中频;原词性:名;音调:⓪"
"力点","りきてん","力点；重点，着重点","名词","デザインよりも使いやすさに力点を置く","比起款式，更重视方便实用性","N1","eggrolls;N1低频;原词性:名;音调:⓪③"
"屈従","くつじゅう","屈服，屈从，服从","名词/サ变动词","強国に屈従する","屈从于强国","N1","eggrolls;N1低频;原词性:名・自動3;音调:⓪"
"筋立て","すじだて","梗概","名词","複雑な筋立てのドラマ","剧情复杂的电视剧","N1","eggrolls;N1低频;原词性:名;音调:⓪"
"功罪","こうざい","功罪","名词","功罪相半ばする","功罪兼半","N1","eggrolls;N1低频;原词性:名;音调:⓪"
"デモクラシー","デモクラシー","民主，民主主义","名词","戦後日本はデモクラシーの国となった","战后的日本成为了民主国家","N1","eggrolls;N1低频;原词性:名;音调:③②④;カタカナ語"
"成育","せいいく","成长，发育，生长","名词/サ变动词","子どもたちの成育に悪影響を与える","给孩子们的成长带来不好的影响","N1","eggrolls;N1低频;原词性:名・自動3;音调:⓪"
"新説","しんせつ","新学说","名词","新説を出す","提出新见解","N1","eggrolls;N1低频;原词性:名;音调:⓪"
"孵す","かえす","孵，孵化","动词/他动词/五段动词","人工的にひなを孵す","人工孵化雏鸟","N1","eggrolls;N1低频;原词性:他動1;音调:①"
"知名","ちめい","有名，出名","名词/な形容词","知名度","知名度","N1","eggrolls;N1高频;原词性:名・ナ形;音调:⓪"
"ソフトウエア","ソフトウエア","软件","名词","ソフトウエアのアップグレード","软件升级","N1","eggrolls;N1中频;原词性:名;音调:⑤;カタカナ語"
"筆遣い","ふでづかい","运笔；笔法，写法","名词","筆遣いが巧妙である","运笔巧妙","N1","eggrolls;N1低频;原词性:名;音调:③"
"国立公園","こくりつこうえん","国家公园","名词","三つの県に跨がる国立公園","横跨三个县的国立公园","N1","eggrolls;N1低频;原词性:名;音调:⑤"
"修飾語","しゅうしょくご","修饰语","名词","日本語では修飾語は被修飾語の前に来る","在日语中，修饰语位于被修饰语之前","N1","eggrolls;N1低频;原词性:名;音调:⓪"
"草分け","くさわけ","开垦荒地（的人）；开拓（者），先驱（者）","名词","日本野球界の草分け","日本棒球界的先驱","N1","eggrolls;N1低频;原词性:名;音调:⓪"
"黄葉","こうよう","黄树叶","名词/サ变动词","その銀杏は大木だから、葉を厚く繁らせていて、秋の黄葉はまことに見事である","那棵银杏树是大树，叶子繁茂，秋天的黄叶真是美不胜收","N1","eggrolls;N1低频;原词性:名・自動3;音调:⓪"
"里山","さとやま","靠近村庄的山，后山","名词","里山の景","里山的景致","N1","eggrolls;N1中频;原词性:名;音调:⓪"
"名勝","めいしょう","名胜","名词","名勝の地","名胜之地","N1","eggrolls;N1低频;原词性:名;音调:⓪"
"メタンガス","メタンガス","沼气，甲烷","名词","メタンガスは色も匂いもありません","甲烷无色无味","N1","eggrolls;N1低频;原词性:名;音调:④;カタカナ語"
"利器","りき","锐利的武器；利器，便利的工具","名词","文明の利器","文明的利器","N1","eggrolls;N1低频;原词性:名;音调:①"
"タンザニア","タンザニア","坦桑尼亚","名词","タンザニア連合共和国","坦桑尼亚联合共和国（首都多多马）","N1","eggrolls;N1低频;原词性:名;音调:⓪;カタカナ語"
"姉妹都市","しまいとし","姐妹城市","名词","京都と西安は姉妹都市である","京都和西安是姐妹城市","N1","eggrolls;N1低频;原词性:名;音调:④"
"色刷り","いろずり","彩色印刷","名词","色刷りの漫画","彩色漫画","N1","eggrolls;N1低频;原词性:名;音调:⓪④"
"ロープウエー","ロープウエー","（空中）索道","名词","ロープウエーで頂上に登る","搭乘缆车登上山顶","N1","eggrolls;N1低频;原词性:名;音调:⑤;カタカナ語"
"口やかましい","くちやかましい","（对小事）喋喋不休","い形容词","母は行儀にとても口やかましい","母亲在礼貌上很爱挑毛病","N1","eggrolls;N1低频;原词性:イ形;音调:⑥"
"敬老の日","けいろうのひ","敬老节","名词","敬老の日が近づくと長寿番付が発表される","一临近敬老节就发布长寿名次","N1","eggrolls;N1低频;原词性:名;音调:⑥"
"繰り越す","くりこす","转入，拨归，结转","动词/他动词/五段动词","会議の日程を翌月に繰り越す","将会议日程延至下个月","N1","eggrolls;N1低频;原词性:他動1;音调:⓪③"
"緑陰","りょくいん","绿阴","名词","緑陰に腰をおろす","坐在树阴下","N1","eggrolls;N1低频;原词性:名;音调:⓪"
"学齢","がくれい","（六至十五岁）义务教育的年龄；（应该进入小学的）学龄","名词","満6歳で学齢に達する","满六岁达到学龄","N1","eggrolls;N1低频;原词性:名;音调:⓪"
"罰","ばち","报应","名词","罰が当たる","遭报应","N1","eggrolls;N1低频;原词性:名;音调:②"
"真摯","しんし","真挚，认真，一丝不苟","名词/な形容词","真摯な態度で接する","以真挚的态度待人","N1","eggrolls;N1中频;原词性:名・ナ形;音调:①"
"対価","たいか","代价，等价报酬，补偿，对价","名词","努力の対価を得る","获得努力的回报","N1","eggrolls;N1低频;原词性:名;音调:①"
"補完","ほかん","（将不足的部分）补充（完整）","サ变动词/名词","たがいに補完する関係","互补的关系","N1","eggrolls;N1中频;原词性:他動3・名;音调:⓪"
"史料","しりょう","史料，历史材料；资料","名词","新たな史料が発見された","发现了新的史料","N1","eggrolls;N1中频;原词性:名;音调:①"
"捨象","しゃしょう","（抽象时）舍弃，舍去表面现象，抽象","名词/サ变动词","子供の個性を捨象しては教育の本質を論じられない","如果舍弃孩子的个性，就无法讨论教育的本质","N1","eggrolls;N1中频;原词性:名・他動3;音调:⓪"
"表象","ひょうしょう","表象；象征","名词/サ变动词","平和の表象","和平的象征","N1","eggrolls;N1低频;原词性:名・他動3;音调:⓪"
"初頭","しょとう","初，初期","名词","20世紀初頭の出来事","二十世纪初发生的事情","N1","eggrolls;N1中频;原词性:名;音调:⓪"
"偏狭","へんきょう","狭小，狭窄；（心胸）狭窄，气量小","名词/な形容词","偏狭な領土","狭小的领土","N1","eggrolls;N1中频;原词性:名・ナ形;音调:⓪"
"弊店","へいてん","敝店","名词","弊店でお買い上げください","请在敝店购买","N1","eggrolls;N1低频;原词性:名;音调:①"
"過当","かとう","过当，过分","名词/な形容词","過当な料金を取る","收取过多的费用","N1","eggrolls;N1中频;原词性:名・ナ形;音调:⓪"
"大過","たいか","大过错，严重错误","名词","30年大過なく勤めた","工作了三十年，没犯过大错误","N1","eggrolls;N1低频;原词性:名;音调:①"
"叢生","そうせい","簇生，丛生","名词/サ变动词","叢生植物","簇生植物","N1","eggrolls;N1低频;原词性:名・自動3;音调:⓪"
"分明","ぶんめい","清楚，分明","な形容词/名词","きわめて分明な事実だ","是个非常明显的事实","N1","eggrolls;N1低频;原词性:ナ形・名;音调:⓪"
"可視","かし","可见","名词","可視光線","可见光","N1","eggrolls;N1中频;原词性:名;音调:①"
"浮遊","ふゆう","浮游，漂浮","名词/サ变动词","水面を浮遊する","在水面浮游","N1","eggrolls;N1低频;原词性:名・自動3;音调:⓪"
"至高","しこう","至高，最高","名词/な形容词","彼の演技は至高の境地にある","他的演技达到了顶峰","N1","eggrolls;N1低频;原词性:名・ナ形;音调:⓪"
"手跡","しゅせき","笔迹","名词","犯人の手跡を鑑定する","鉴定犯人的笔迹","N1","eggrolls;N1低频;原词性:名;音调:⓪"
"原初","げんしょ","最初，开始，原本","名词","宗教の原初形態","宗教的原始形态","N1","eggrolls;N1低频;原词性:名;音调:①"
"県外","けんがい","县外","名词","県外の福祉施設を視察する","视察县外的福利设施","N1","eggrolls;N1中频;原词性:名;音调:①"
"考究","こうきゅう","研究，钻研","名词/サ变动词","諸民族の神話を比較考究する","比较研究各民族的神话","N1","eggrolls;N1中频;原词性:名・他動3;音调:⓪"
"恒常","こうじょう","恒常","名词/な形容词","恒常心","恒心","N1","eggrolls;N1中频;原词性:名・ナ形;音调:⓪"
"強迫","きょうはく","强迫，逼迫，强逼","サ变动词/名词","結婚しようと強迫する","强迫结婚","N1","eggrolls;N1低频;原词性:他動3・名;音调:⓪"
"饗宴","きょうえん","飨宴，盛宴","名词","音と光の饗宴","音与光的飨宴","N1","eggrolls;N1低频;原词性:名;音调:⓪"
"政争","せいそう","政治斗争，争夺政权","名词","政争に巻き込まれる","卷入权力斗争","N1","eggrolls;N1低频;原词性:名;音调:⓪"
"常勝","じょうしょう","常胜","名词/サ变动词","常勝街道を進む","走在常胜之路上；连续获胜","N1","eggrolls;N1低频;原词性:名・自動3;音调:⓪"
"生起","せいき","发生，产生","名词/サ变动词","奇怪な現象が生起する","奇怪的现象发生","N1","eggrolls;N1低频;原词性:名・自動3;音调:①"
"不適","ふてき","不适当，不合适","な形容词/名词","職の適不適","工作的适合与否","N1","eggrolls;N1中频;原词性:ナ形・名;音调:⓪"
"最速","さいそく","最快","名词","世界最速のF1","世界最快的F1","N1","eggrolls;N1中频;原词性:名;音调:⓪"
"生成","せいせい","生成，产生，形成","名词/サ变动词","ぶどう糖を生成する酵素","生成葡萄糖的酶","N1","eggrolls;N1中频;原词性:名・自他動3;音调:⓪"
"厭世","えんせい","厌世，悲观","名词","厭世主義","厌世主义","N1","eggrolls;N1中频;原词性:名;音调:⓪"
"自戒","じかい","自戒，自我警惕","名词/サ变动词","短気を自戒する","自我克制性情的急躁","N1","eggrolls;N1低频;原词性:名・自動3;音调:⓪"
"前面","ぜんめん","前面，前头","名词","車体の前面","车体的前方","N1","eggrolls;N1中频;原词性:名;音调:⓪③"
"変調","へんちょう","情况异常，不正常，故障","名词/サ变动词","頭に変調を来す","精神失常","N1","eggrolls;N1低频;原词性:名・自他動3;音调:⓪"
"理容","りよう","理发和美容","名词","理容師","理发师","N1","eggrolls;N1低频;原词性:名;音调:⓪"
"発症","はっしょう","发病","名词/サ变动词","花粉症を発症する","花粉症发作","N1","eggrolls;N1低频;原词性:名・自他動3;音调:⓪"
"試算","しさん","估算，概算；检算，验算","名词/サ变动词","費用を試算する","估算费用","N1","eggrolls;N1低频;原词性:名・他動3;音调:⓪"
"光芒","こうぼう","光芒","名词","光芒を四方に放つ","光芒四射，光芒万丈","N1","eggrolls;N1低频;原词性:名;音调:⓪"
"閉校","へいこう","（学校）停课；（学校）停办","名词/サ变动词","インフルエンザのために五日間閉校する","因流感停课五天","N1","eggrolls;N1低频;原词性:名・自他動3;音调:⓪"
"警鐘","けいしょう","警钟","名词","警鐘を鳴らす","敲警钟","N1","eggrolls;N1低频;原词性:名;音调:⓪"
"充てる","あてる","把……充当，作为……用","动词/他动词/一段动词","予算を新プロジェクトに充てる","将预算用于新项目","N1","eggrolls;N1低频;原词性:他動2;音调:⓪"
"植生","しょくせい","植被","名词","植生の回復に比べて、土壌の回復には長い時間がかかる","与植被的恢复相比，土壤的恢复需要更长的时间","N1","eggrolls;N1中频;原词性:名;音调:⓪"
"内的","ないてき","内在的；内心的","な形容词","内的要因","内在因素","N1","eggrolls;N1中频;原词性:ナ形;音调:⓪"
"速読","そくどく","速读","名词/サ变动词","新聞を速読する","快速阅读报纸","N1","eggrolls;N1低频;原词性:名・他動3;音调:⓪"
"税率","ぜいりつ","税率","名词","税率を引き上げる","提高税率","N1","eggrolls;N1低频;原词性:名;音调:⓪"
"誘発","ゆうはつ","引起，诱发","名词/サ变动词","不景気が犯罪を誘発する","经济萧条会诱发犯罪","N1","eggrolls;N1中频;原词性:名・他動3;音调:⓪"
"素読","そどく","（不去理解意思只照字面）朗读","名词/サ变动词","論語を素読する","朗读论语","N1","eggrolls;N1中频;原词性:名・他動3;音调:⓪"
"前頭葉","ぜんとうよう","前额叶","名词","デジタルを使うことで前頭葉の老化が進む","使用数码产品会加速前额叶老化","N1","eggrolls;N1低频;原词性:名;音调:③"
"出自","しゅつじ","出身","名词","家柄とか階層とか性とか民族とかの出自によって差別されない社会を構築することをめざしてきた","我们一直致力于构建一个不因家世、阶级、性别或民族等背景而受到歧视的社会","N1","eggrolls;N1低频;原词性:名;音调:②⓪"
"株価","かぶか","股价","名词","最近の株価は、為替レートと連携して上下している","最近股价随着汇率的变化而波动","N1","eggrolls;N1高频;原词性:名;音调:②⓪"
"雑食","ざっしょく","吃多种食物，杂食","名词/サ变动词","人間は雑食性の動物だ","人是杂食性动物","N1","eggrolls;N1低频;原词性:名・自他動3;音调:⓪"
"補塡","ほてん","填补，补贴，补偿","サ变动词/名词","欠員を補填する","填补缺员","N1","eggrolls;N1低频;原词性:他動3・名;音调:⓪"
"ムンバイ","ムンバイ","（印度城市）孟买","名词","今度、仕事の関係でムンバイに出張することになったんだ","这次因为工作关系要去孟买出差","N1","eggrolls;N1低频;原词性:名;音调:①;カタカナ語"
"習い事","ならいごと","技艺，技术，学东西","名词","習い事に通う","上才艺班","N1","eggrolls;N1低频;原词性:名;音调:⓪⑤"
"デフォルト","デフォルト","默认，缺省；基本状态","名词","デフォルト設定","默认设置","N1","eggrolls;N1中频;原词性:名;音调:⓪②;カタカナ語"
"ネガティブ","ネガティブ","否定的；消极的","な形容词","ネガティブな要素","负面因素","N1","eggrolls;N1低频;原词性:ナ形;音调:①;カタカナ語"
"出展","しゅってん","展出","サ变动词/名词","絵画を出展する","展出画作","N1","eggrolls;N1中频;原词性:他動3・名;音调:⓪"
"配信","はいしん","发稿，发新闻；（通过网络）传送，播放","名词/サ变动词","海外のニュースを配信する","发布海外新闻","N1","eggrolls;N1中频;原词性:名・他動3;音调:⓪"
"直送","ちょくそう","直接输送","サ变动词/名词","産地から消費者へ新鮮な果物を直送する","将新鲜水果从产地直接送到消费者手中","N1","eggrolls;N1中频;原词性:他動3・名;音调:⓪"
"休会","きゅうかい","休会","名词/サ变动词","衆議院は20日まで休会することを決定した","众议院决定休会至20日","N1","eggrolls;N1低频;原词性:名・自他動3;音调:⓪"
"品数","しなかず","物品的数量；物品的种类","名词","品数がない","种类不多","N1","eggrolls;N1低频;原词性:名;音调:⓪③"
"完売","かんばい","卖光，售完","サ变动词/名词","初版を完売する","初版售罄","N1","eggrolls;N1中频;原词性:他動3・名;音调:⓪"
"外装","がいそう","外包装；外部装修","名词","ビルの外装工事","大楼的外墙工程","N1","eggrolls;N1低频;原词性:名;音调:⓪"
"芸能人","げいのうじん","艺人","名词","芸能人が一般の人と結婚","艺人和普通人结婚","N1","eggrolls;N1低频;原词性:名;音调:③"
"駆け出し","かけだし","新手，初出茅庐","名词","駆け出しのくせに生意気だ","初出茅庐却很傲慢","N1","eggrolls;N1中频;原词性:名;音调:⓪"
"ときめき","ときめき","心跳","名词","胸のときめきを覚える","感受到心跳加速","N1","eggrolls;N1低频;原词性:名;音调:⓪④"
"形質","けいしつ","形态和实质；性状，特性","名词","遺伝形質","遗传性状","N1","eggrolls;N1低频;原词性:名;音调:⓪"
"論敵","ろんてき","论敌","名词","巧みな議論で論敵を負かす","用巧妙的辩论击败论敌","N1","eggrolls;N1低频;原词性:名;音调:⓪"
"血肉","けつにく","血和肉；骨肉至亲，父母兄弟","名词","血肉の争い","血肉之争","N1","eggrolls;N1低频;原词性:名;音调:⓪"
"内在","ないざい","内在，固有","名词/サ变动词","極性は磁石に内在する","极性是磁铁的固有性质","N1","eggrolls;N1低频;原词性:名・自動3;音调:⓪"
"野放図","のほうず","散漫放纵，肆无忌惮；漫无边际","な形容词/名词","野放図な暮らしをする","过着放荡不羁的生活","N1","eggrolls;N1低频;原词性:ナ形・名;音调:②⓪"
"一役","ひとやく","一项任务，一个工作","名词","街の清掃運動にはぼくたちも一役買って出た","在清扫街道的运动中，我们也主动出了一把力","N1","eggrolls;N1中频;原词性:名;音调:②"
"資本金","しほんきん","资本金，本钱","名词","資本金一億円の会社","资本额一亿日元的公司","N1","eggrolls;N1中频;原词性:名;音调:⓪"
"乗り上げる","のりあげる","触礁，搁浅","动词/自动词/一段动词","バスが歩道に乗り上げる","公交车冲上人行道","N1","eggrolls;N1低频;原词性:自動2;音调:④"
"生存権","せいぞんけん","生存权，生存的权利","名词","生存権を保障する","保障生存权","N1","eggrolls;N1低频;原词性:名;音调:③"
"原生","げんせい","原生，原始","名词","原生林","原始林，原生林","N1","eggrolls;N1低频;原词性:名;音调:⓪"
"ゆりかご","ゆりかご","摇篮","名词","新たな生物が生まれる「ゆりかご」となるような湿地や熱帯林、浅い海などの場所は、人間の開発行為によって破壊され、汚染されている","湿地、热带雨林、浅海等孕育新生命的“摇篮”正因人类的开发行为而遭到破坏与污染","N1","eggrolls;N1低频;原词性:名;音调:⓪②"
"マルチタスク","マルチタスク","同时进行多项作业；（计算机）多任务","名词","彼女はマルチタスクが得意で、会議の準備をしながら電話やメール対応も完璧にこなしている","她很擅长多任务处理，能够在准备会议的同时，完美处理电话和邮件","N1","eggrolls;N1低频;原词性:名;音调:④;カタカナ語"
"コンセンサス","コンセンサス","意见一致，共识","名词","コンセンサスを得る","达成共识","N1","eggrolls;N1低频;原词性:名;音调:③;カタカナ語"
"性善説","せいぜんせつ","（孟子提出的）性善说","名词","性善説を信奉する","信奉信善说；相信人性本善","N1","eggrolls;N1低频;原词性:名;音调:③"
"堅牢","けんろう","坚牢，坚固，牢固","な形容词/名词","堅牢なつくりの家","坚固的房屋","N1","eggrolls;N1低频;原词性:ナ形・名;音调:⓪"
"原資","げんし","资金，资本金；财政投资、融资的资金来源","名词","賃上げの原資","加薪的财源","N1","eggrolls;N1低频;原词性:名;音调:①"
"暗然","あんぜん","黯然","な形容词/ト/タル型","友の死に暗然として立ち尽くす","因朋友的去世而黯然伫立","N1","eggrolls;N1低频;原词性:形動トタル;音调:⓪"
"情報公開","じょうほうこうかい","公开性，信息公开","名词","情報公開制度に基づいて開示請求をする","依据信息公开制度提出信息公开请求","N1","eggrolls;N1低频;原词性:名;音调:⑤"
"独り歩き","ひとりあるき","一个人走路；自立，独立；（事态不随当事人意愿）自动发展","名词/サ变动词","この夜更けに独り歩きは危ない","夜这么深，独自走路很危险","N1","eggrolls;N1中频;原词性:名・自動3;音调:④"
"農林","のうりん","农林，农业和林业","名词","日本農林規格","日本农林规格","N1","eggrolls;N1低频;原词性:名;音调:⓪"
"飯炊き","めしたき","做饭；做饭的人，大师傅，炊事员","名词","飯炊きの世話をする","负责煮饭","N1","eggrolls;N1低频;原词性:名;音调:⓪④③"
"調練","ちょうれん","训练，操练，练兵","名词/サ变动词","新兵を調練する","训练新兵","N1","eggrolls;N1低频;原词性:名・他動3;音调:①"
"しらじら","しらじら","（东方）发白；（看起来）白白的","副词","東の空がしらじらと明けかかる","东方的天空开始泛白","N1","eggrolls;N1低频;原词性:副;音调:③;オノマトペ"
"ぺこり","ぺこり","点头行礼","副词","帽子をとってぺこりと頭を下げた","摘下帽子，点一点头","N1","eggrolls;N1低频;原词性:副;音调:②;オノマトペ"
"欲求不満","よっきゅうふまん","欲望尚未满足，希望没有实现","名词","欲求不満に陥る","陷入欲求不满的状态","N1","eggrolls;N1低频;原词性:名;音调:⓪+⓪、⑤"
"退路","たいろ","退路，后路，逃路","名词","退路を断つ","断绝后路","N1","eggrolls;N1低频;原词性:名;音调:①"
"取り結ぶ","とりむすぶ","缔结，订立；撮合；讨好","动词/他动词/五段动词","契約を取り結ぶ","订立合同","N1","eggrolls;N1低频;原词性:他動1;音调:⓪④"
"拙著","せっちょ","（对自己著作的谦称）拙著","名词","拙著を1冊進呈し、謹んでご叱正を請う","谨呈拙著一册，敬请指正","N1","eggrolls;N1低频;原词性:名;音调:①"
"揺れ動く","ゆれうごく","摇晃；动摇","动词/自动词/五段动词","地震で家が揺れ動く","因地震房屋摇晃","N1","eggrolls;N1低频;原词性:自動1;音调:④"
"部位","ぶい","部分，部位","名词","牛肉の各部位の名称","牛肉各部位名称","N1","eggrolls;N1低频;原词性:名;音调:①"
"型どおり","かたどおり","（平凡、守旧的）照例，老一套","な形容词/名词","型どおりのあいさつをする","进行例行问候","N1","eggrolls;N1中频;原词性:ナ形・名;音调:③"
"ともすれば","ともすれば","往往，每每，动不动（就）","副词","ともすれば怠けがちになる","容易变得怠惰","N1","eggrolls;N1中频;原词性:副;音调:①"
"印象づける","いんしょうづける","给以深刻印象","动词/他动词/一段动词","仲のよさを印象づける","给人关系良好的印象","N1","eggrolls;N1低频;原词性:他動2;音调:⑥"
"認証","にんしょう","（由官方）认证；确认，认证","名词/サ变动词","国務大臣の就任を認証する","正式承认国务大臣的就任","N1","eggrolls;N1低频;原词性:名・他動3;音调:⓪"
"絶え間","たえま","间隙；空隙","名词","雲の絶え間から青い空が見える","从云彩的间隙中可以看到青天","N1","eggrolls;N1低频;原词性:名;音调:③"
"底意地","そこいじ","心眼，心肠","名词","底意地が悪い","坏心眼","N1","eggrolls;N1低频;原词性:名;音调:⓪"
"善玉","ぜんだま","好人，正派角色","名词","劇中で善玉と悪玉が争う","剧中正派与反派争斗","N1","eggrolls;N1低频;原词性:名;音调:⓪"
"悪玉","あくだま","坏人，反派角色","名词","劇中で善玉と悪玉が争う","剧中正派与反派争斗","N1","eggrolls;N1低频;原词性:名;音调:⓪"
"種苗","しゅびょう","（植物的）种和苗；鱼苗","名词","種苗を育成する","培育种苗","N1","eggrolls;N1低频;原词性:名;音调:⓪"
"自己嫌悪","じこけんお","自我嫌恶，自我厌弃","名词","自己嫌悪に陥る","陷入自我厌恶","N1","eggrolls;N1中频;原词性:名;音调:③"
"哺乳動物","ほにゅうどうぶつ","哺乳动物","名词","クジラは哺乳動物である","鲸鱼是哺乳动物","N1","eggrolls;N1低频;原词性:名;音调:④"
"ごつん","ごつん","（坚硬物体猛烈撞击）砰","副词","げんこつでごつんとやられる","被拳头狠狠地打了一下","N1","eggrolls;N1低频;原词性:副;音调:②;オノマトペ"
"指標","しひょう","指标，目标，标识","名词","大まかな指標","大致指标","N1","eggrolls;N1中频;原词性:名;音调:⓪"
"部分的","ぶぶんてき","部分","な形容词","部分的な訂正","部分修正","N1","eggrolls;N1低频;原词性:ナ形;音调:⓪"
"規則的","きそくてき","有规则，规规矩矩","な形容词","規則的な生活をする","过着规律的生活","N1","eggrolls;N1低频;原词性:ナ形;音调:⓪"
"空洞化","くうどうか","空心化，空洞化","名词/サ变动词","産業の空洞化が進む","产业空洞化加剧","N1","eggrolls;N1中频;原词性:名・自動3;音调:⓪"
"伸び伸び","のびのび","舒展状，自由轻松状","副词","伸び伸びとした生活","悠闲的生活","N1","eggrolls;N1低频;原词性:副;音调:③;オノマトペ"
"反射的","はんしゃてき","反射性的","な形容词","反射的に飛び起きる","反射性地跳起来","N1","eggrolls;N1中频;原词性:ナ形;音调:⓪"
"必然的","ひつぜんてき","必然的","な形容词","必然的な結果","必然的结果","N1","eggrolls;N1中频;原词性:ナ形;音调:⓪"
"道理","どうり","道理","名词","道理がわかる","懂道理","N1","eggrolls;N1低频;原词性:名;音调:③"
"報う","むくう","报偿，报答；报复","动词/自动词/五段动词","努力が報われる","努力有了回报","N1","eggrolls;N1中频;原词性:自動1;音调:②"
"理性的","りせいてき","理性的，理智的","な形容词","理性的に考える","理性思考","N1","eggrolls;N1低频;原词性:ナ形;音调:⓪"
"積極性","せっきょくせい","积极性","名词","積極性に欠ける","缺乏积极性","N1","eggrolls;N1中频;原词性:名;音调:⓪"
"べったり","べったり","紧紧黏上；过度纠缠或跟随的样子；一屁股坐下","副词","グリスが手にべったりとつく","手上沾满了润滑脂","N1","eggrolls;N1低频;原词性:副;音调:③;オノマトペ"
"身になる","みになる","（「…の身になる」の形で）设身处地，为他人着想；有营养","成句","相手の身になって考える","设身处地为对方着想","N1","eggrolls;N1低频;原词性:成句"
"実質的","じっしつてき","有实质的，有实际内容；实际上，实质上","な形容词","実質的な贈り物を選ぶ","选择实质性的礼物","N1","eggrolls;N1低频;原词性:ナ形;音调:⓪"
"意欲的","いよくてき","热情高涨地，积极主动地","な形容词","意欲的に取り組む","积极地参与其中","N1","eggrolls;N1中频;原词性:ナ形;音调:⓪"
"客観性","きゃっかんせい","客观性","名词","客観性を欠く論文","缺乏客观性的论文","N1","eggrolls;N1高频;原词性:名;音调:⓪"
"丼","どん","（作为菜名的一部分的）盖浇饭","名词","カツ丼","猪排盖浇饭","N1","eggrolls;N1低频;原词性:名"
"自主規制","じしゅきせい","为了避免来自他人的批评、攻击或公权力的干预等，而自行限制活动或表达","名词","政府の圧力に懲りた放送局は報道の自主規制をしている","电视台在政府的压力下开始对报道进行自我审查","N1","eggrolls;N1低频;原词性:名;音调:③"
"自主的","じしゅてき","自主，主动","な形容词","自主的に参加する","自愿参加","N1","eggrolls;N1中频;原词性:ナ形;音调:⓪"
"先約","せんやく","以前的承诺；事先有约，已有安排","名词","先約を果たす","履行先前的约定","N1","eggrolls;N1低频;原词性:名;音调:⓪"
"抽象化","ちゅうしょうか","抽象化","名词/サ变动词","宇宙の概念を抽象化する","将宇宙的概念抽象化","N1","eggrolls;N1低频;原词性:名・他動3;音调:⓪"
"洗い物","あらいもの","要洗的东西；洗东西","名词","洗い物がある","有要洗的东西","N1","eggrolls;N1低频;原词性:名;音调:⓪"
"こがね色","こがねいろ","金黄色","名词","こがね色に波打つ稲穂","金黄色的稻穗随风摇曳","N1","eggrolls;N1低频;原词性:名;音调:⓪"
"衝動買い","しょうどうがい","冲动性消费","名词/サ变动词","ブランド品のバッグを衝動買いする","冲动性购买名牌包","N1","eggrolls;N1中频;原词性:名・他動3;音调:⓪"
"買って出る","かってでる","主动承担（某事）","连语","案内役を買って出る","主动担任向导","N1","eggrolls;N1低频;原词性:連語;音调:④"
"ウエイト","ウエイト","重量，（特指）体重；重要性，重点","名词","英語にウエイトを置いて勉強する","把重心放在英语学习上","N1","eggrolls;N1低频;原词性:名;音调:⓪;カタカナ語"
"びしばし","びしばし","用鞭子抽打；毫不留情，严厉","副词","びしばし練習させる","严格训练","N1","eggrolls;N1低频;原词性:副;音调:①;オノマトペ"
"棲み分け","すみわけ","分栖，生境分化；（有竞争关系的事物）各占一席，错位发展","名词","大手スーパーと地元商店街が棲み分けを図り、共存している","大型超市和当地商店街各自划分出自己的势力范围，和平共处","N1","eggrolls;N1中频;原词性:名;音调:⓪"
"熟成","じゅくせい","充分成熟；熟成","名词/サ变动词","機運が熟成する","时机已经成熟","N1","eggrolls;N1中频;原词性:名・自動3;音调:⓪"
"最たる","さいたる","最甚的，最典型的","连体词","悪文の最たるもの","拙文之最","N1","eggrolls;N1中频;原词性:連体;音调:①"
"疑似","ぎじ","（与真品相似到难以区分）疑似，假设，虚拟","名词","疑似コレラ","假性霍乱","N1","eggrolls;N1中频;原词性:名;音调:①"
"寒冷","かんれい","寒冷","名词/な形容词","寒冷な気候","寒冷的气候","N1","eggrolls;N1中频;原词性:名・ナ形;音调:⓪"
"頑迷","がんめい","冥顽，顽固","名词/な形容词","頑迷に自説に固執する","顽固地坚持自己的主张","N1","eggrolls;N1低频;原词性:名・ナ形;音调:⓪"
"誤謬","ごびゅう","错误，谬误","名词","誤謬を犯す","犯错","N1","eggrolls;N1低频;原词性:名;音调:⓪"
"律儀","りちぎ","忠实，诚实，正直","名词/な形容词","律儀な人","正直的人","N1","eggrolls;N1低频;原词性:名・ナ形;音调:①"
"すっ飛ばす","すっとばす","飞跑，疾驰；跳过中间部分","动词/他动词/五段动词","バイクをすっ飛ばしてやって来る","骑着摩托车飞奔而来","N1","eggrolls;N1低频;原词性:他動1;音调:④"
"ぽんぽん","ぽんぽん","砰砰，咚咚；直言不讳","副词","鼓をぽんぽんと鳴らす","把鼓咚咚地敲响","N1","eggrolls;N1低频;原词性:副;音调:①;オノマトペ"
"読了","どくりょう","读完","名词/サ变动词","半年かけて読了する","花了半年才读完","N1","eggrolls;N1低频;原词性:名・他動3;音调:⓪"
"ナルシスト","ナルシスト","自恋狂","名词","うぬぼれ屋","自恋狂","N1","eggrolls;N1低频;原词性:名;音调:③;カタカナ語"
"呆れ果てる","あきれはてる","十分惊讶，惊讶到极点","动词/自动词/一段动词","彼女のいいかげんさにはみなあきれ果てた","她的粗心大意使大家都十分惊讶","N1","eggrolls;N1低频;原词性:自動2;音调:⑤"
"全き","まったき","完全，完美","连体词/名词","全きを期す","追求完美","N1","eggrolls;N1低频;原词性:連体・名;音调:③"
"ほっとく","ほっとく","置之不理，放下不做，丢开不管","动词/他动词/五段动词","そんな傷はほっとけば治る","那种伤放着不管就会好","N1","eggrolls;N1低频;原词性:他動1;音调:⓪"
"ばっと","ばっと","一口气洒出，一下子扩散开","副词","バケツの水をばっとぶちまける","把水桶里的水啪地泼出去","N1","eggrolls;N1中频;原词性:副;音调:①⓪;オノマトペ"
"すけべ","すけべ","好色（的人）","名词/な形容词","どすけべ","非常好色，大色狼","N1","eggrolls;N1低频;原词性:名・ナ形;音调:②"
"上意下達","じょういかたつ","上情下达","名词","上意下達を徹底する","贯彻上级指示","N1","eggrolls;N1低频;原词性:名;音调:①+⓪"
"おぼしい","おぼしい","（「…とおぼしい」 「…とおぼしき」の形で）好像是，总觉得","い形容词","犯人とおぼしい人物を見失う","追丢了疑似凶手的人物","N1","eggrolls;N1低频;原词性:イ形;音调:③"
"同義","どうぎ","同义","名词","同義語","同义词","N1","eggrolls;N1中频;原词性:名;音调:⓪"
"押し殺す","おしころす","压死；抑制，憋住","动词/他动词/五段动词","笑いを押し殺す","强忍笑意","N1","eggrolls;N1低频;原词性:他動1;音调:④"
"植え替える","うえかえる","移植","动词/他动词/一段动词","裏庭の苗木を門の前に植え替える","把后院的树苗移植到门前","N1","eggrolls;N1中频;原词性:他動2;音调:④③"
"粒状","りゅうじょう","粒状，颗粒状","名词","粒状の物質","颗粒状的物质","N1","eggrolls;N1低频;原词性:名;音调:⓪"
"脱却","だっきゃく","摆脱，抛弃（不好的东西）；逃出，脱离（不好的状态）","名词/サ变动词","旧弊を脱却する","革除旧弊","N1","eggrolls;N1中频;原词性:名・自他動3;音调:⓪"
"まろやか","まろやか","（形状）圆，圆润；（味道）醇和，醇厚","な形容词","まろやかな月","圆润的月亮","N1","eggrolls;N1低频;原词性:ナ形;音调:②"
"崇高","すうこう","崇高，高尚","な形容词/名词","崇高な精神","崇高的精神","N1","eggrolls;N1低频;原词性:ナ形・名;音调:⓪"
"見向き","みむき","回头看，理睬","名词","見向きもしないで歩み去る","连看都不看一眼就走开","N1","eggrolls;N1低频;原词性:名;音调:①②"
"対照的","たいしょうてき","对比鲜明，正相反","な形容词","あの二人の性格は対照的だ","那两个人的性格正相反","N1","eggrolls;N1低频;原词性:ナ形;音调:⓪"
"ブログ","ブログ","博客","名词","ブログは毎日随時更新している","博客每天随时更新","N1","eggrolls;N1高频;原词性:名;音调:⓪;カタカナ語"
"卓越","たくえつ","卓越，超群","名词/サ变动词","卓越した技量の持ち主","拥有卓越技艺的人","N1","eggrolls;N1中频;原词性:名・自動3;音调:⓪"
"前々","まえまえ","早就，（很久）以前","名词","前々から知っていた","早就知道了","N1","eggrolls;N1中频;原词性:名;音调:⓪"
"あめんぼ","あめんぼ","水黾","名词","アメンボがすいすいと水面を泳いでいる","水黾在水面上轻快地游着","N1","eggrolls;N1低频;原词性:名"
"いたずら書き","いたずらがき","乱涂乱画，涂鸦","名词","わざわざいたずら書きをする","故意乱涂乱画","N1","eggrolls;N1低频;原词性:名;音调:⓪"
"イデオロギー","イデオロギー","意识形态，思想体系","名词","理論とイデオロギーを峻別する","严格区分理论与意识形态","N1","eggrolls;N1低频;原词性:名;音调:③④;カタカナ語"
"イラストレーター","イラストレーター","插画家","名词","彼女はイラストレーターとして活躍している","她以插画家的身份活跃着","N1","eggrolls;N1低频;原词性:名;音调:⑤;カタカナ語"
"インセンティブ","インセンティブ","激励；销售奖金","名词","成果に応じてインセンティブが支給される","根据成果发放奖金","N1","eggrolls;N1低频;原词性:名;音调:③;カタカナ語"
"クオリア","クオリア","感质","名词","青のクオリア","蓝色感质","N1","eggrolls;N1低频;原词性:名;音调:②;カタカナ語"
"コメンテーター","コメンテーター","（新闻）评论员","名词","著名なコメンテーター","著名评论员","N1","eggrolls;N1中频;原词性:名;音调:④;カタカナ語"
"コンプライアンス","コンプライアンス","依从；合规，遵从法规","名词","コンプライアンスを徹底する","彻底落实合规","N1","eggrolls;N1低频;原词性:名;音调:④;カタカナ語"
"ジェンダー","ジェンダー","社会性别","名词","ジェンダーフリー","性别平等","N1","eggrolls;N1低频;原词性:名;音调:①;カタカナ語"
"シナジー","シナジー","协同作用，协作效应","名词","医療と工学が連携して新たなシナジーを生み出す","医工结合，创造全新的协同效应","N1","eggrolls;N1低频;原词性:名;音调:①;カタカナ語"
"スーパーコンピューター","スーパーコンピューター","超级计算机","名词","天気予報にスーパーコンピューターが使われている","超级计算机被用于天气预报","N1","eggrolls;N1低频;原词性:名;音调:⑦;カタカナ語"
"ステレオタイプ","ステレオタイプ","（印刷）铅板；格式化，千篇一律，墨守成规","名词","その考えはステレオタイプだ","那个想法是刻板印象","N1","eggrolls;N1低频;原词性:名;音调:⑤;カタカナ語"
"ストール","ストール","（女用）披肩，围巾","名词","ミンクのストール","貂皮披肩","N1","eggrolls;N1低频;原词性:名;音调:②;カタカナ語"
"スピーディー","スピーディー","迅速，敏捷","な形容词","スピーディーな動作","动作迅速","N1","eggrolls;N1低频;原词性:ナ形;音调:②;カタカナ語"
"とろみ","とろみ","（勾芡后的）黏糊状（汤汁）","名词","スープにとろみをつける","给汤汁勾芡","N1","eggrolls;N1低频;原词性:名;音调:⓪③"
"ネーミング","ネーミング","命名，起名","名词/サ变动词","ネーミングセンスがいい","很会取名字","N1","eggrolls;N1中频;原词性:名・自動3;音调:⓪;カタカナ語"
"ノスタルジー","ノスタルジー","怀旧，乡愁","名词","ノスタルジーにふける","陷入乡愁","N1","eggrolls;N1低频;原词性:名;音调:③;カタカナ語"
"ハイエナ","ハイエナ","鬣狗；投机者，机会主义者","名词","ハイエナのように利益を狙う","像鬣狗一样伺机牟利","N1","eggrolls;N1低频;原词性:名;音调:⓪;カタカナ語"
"フリーランス","フリーランス","自由职业者","名词","フリーランスのカメラマン","自由摄影师","N1","eggrolls;N1低频;原词性:名;音调:②;カタカナ語"
"ベンチャー","ベンチャー","风险，投机","名词","ベンチャー企業","新创公司","N1","eggrolls;N1中频;原词性:名;音调:①;カタカナ語"
"メソッド","メソッド","方法，方式","名词","速読のメソッド","速读的方法","N1","eggrolls;N1中频;原词性:名;音调:①;カタカナ語"
"物言い","ものいい","说话方式，措辞；异议；争吵，争论","名词","ぞんざいな物言いをする","言辞粗鲁","N1","eggrolls;N1低频;原词性:名;音调:③"
"リーグ","リーグ","联盟，联赛","名词","Jリーグ","J联赛（日本职业足球联赛）","N1","eggrolls;N1低频;原词性:名;音调:①;カタカナ語"
"リピーター","リピーター","回头客","名词","この店はリピーターが多い","这家店回头客很多","N1","eggrolls;N1低频;原词性:名;音调:⓪②;カタカナ語"
"依拠","いきょ","依据，根据","名词/サ变动词","条例に依拠する","依据条例","N1","eggrolls;N1低频;原词性:名・自動3;音调:①"
"移ろい","うつろい","变迁，变化","名词","季節の移ろいを感じる","感受到季节的更替","N1","eggrolls;N1低频;原词性:名;音调:⓪"
"一案","いちあん","一个方案，一个办法","名词","それも一案だ","那也是个办法","N1","eggrolls;N1低频;原词性:名;音调:⓪"
"一丸","いちがん","（「一丸となる」の形で）一团，团结一致","名词","全員が一丸となって戦う","所有人团结一心，共同战斗","N1","eggrolls;N1低频;原词性:名;音调:⓪"
"一矢","いっし","一支箭","名词","一矢を報いる","报一箭之仇；反击，反驳","N1","eggrolls;N1低频;原词性:名;音调:①"
"溢れ返る","あふれかえる","充满，挤满","动词/自动词/五段动词","神社が人であふれ返る","神社里挤满了人","N1","eggrolls;N1中频;原词性:自動1;音调:④"
"因子","いんし","因素，因子","名词","遺伝因子","遗传因子","N1","eggrolls;N1中频;原词性:名;音调:①"
"引きこもり","ひきこもり","闭门不出，宅在家里的人，蛰居","名词","彼は数年ほど引きこもり生活を送っていた","他过了几年宅在家里的生活","N1","eggrolls;N1低频;原词性:名;音调:⓪"
"院長","いんちょう","（医院等“院”的）院长","名词","大学病院の院長","大学医院的院长","N1","eggrolls;N1中频;原词性:名;音调:①"
"営為","えいい","营，经营","名词","日常的営為","日常经营","N1","eggrolls;N1低频;原词性:名;音调:①"
"押印","おういん","盖章","名词/サ变动词","記名と押印","签名盖章","N1","eggrolls;N1低频;原词性:名・自他動3;音调:⓪"
"介在","かいざい","介在，介于……之间","名词/サ变动词","二国間には宗教上の難問が介在する","两国之间存在着宗教上的难题","N1","eggrolls;N1中频;原词性:名・自動3;音调:⓪"
"怪訝","けげん","奇怪，诧异，疑惑","な形容词/名词","怪訝な顔をする","露出疑惑的表情","N1","eggrolls;N1低频;原词性:ナ形・名;音调:⓪"
"確執","かくしつ","固执己见；不和，嫌隙，龃龉","名词/サ变动词","互いに確執して譲らない","双方固执己见，不肯让步","N1","eggrolls;N1低频;原词性:名・自動3;音调:⓪"
"学際","がくさい","学际，跨学科","名词","学際的研究","跨学科研究","N1","eggrolls;N1中频;原词性:名;音调:⓪"
"願い事","ねがいごと","（特指向神佛祈愿的）愿望，心愿","名词","願い事がかなう","心愿成真","N1","eggrolls;N1低频;原词性:名;音调:⓪⑤"
"嬉々","きき","兴致勃勃地，欢快地","な形容词/ト/タル型","嬉々として遊ぶ","兴高采烈地玩耍","N1","eggrolls;N1低频;原词性:形動トタル;音调:①②"
"忌み嫌う","いみきらう","厌恶，嫌恶","动词/他动词/五段动词","汚れを忌み嫌う","厌恶污秽","N1","eggrolls;N1低频;原词性:他動1;音调:①"
"忌避","きひ","忌避，规避，逃避；（法律）回避","名词/サ变动词","徴兵を忌避する","逃避征兵","N1","eggrolls;N1中频;原词性:名・自他動3;音调:①"
"気負い","きおい","勇猛，气势","名词","彼には余計な気負いがない","他不争强好胜","N1","eggrolls;N1低频;原词性:名;音调:⓪②"
"仇","あだ","仇人；仇恨；报复；危害","名词","親の仇を討つ","为父母报仇","N1","eggrolls;N1低频;原词性:名;音调:②"
"苦役","くえき","苦役，艰苦的劳动","名词","苦役労働者","苦工","N1","eggrolls;N1低频;原词性:名;音调:①⓪"
"空欄","くうらん","空栏，空白处","名词","空欄に住所氏名を記す","在空栏填上地址姓名","N1","eggrolls;N1中频;原词性:名;音调:⓪"
"屈託","くったく","担心，操心；厌倦，无聊","名词/サ变动词","屈託のない晴れ晴れとした顔","无忧无虑的开朗表情","N1","eggrolls;N1低频;原词性:名・自動3;音调:⓪"
"研鑽","けんさん","钻研，研究","名词/サ变动词","日夜研鑽を積む","日以继夜地钻研","N1","eggrolls;N1低频;原词性:名・他動3;音调:⓪"
"見開く","みひらく","睁大眼睛","动词/他动词/五段动词","驚いて目を見開いた","惊讶地睁大了眼睛","N1","eggrolls;N1低频;原词性:他動1;音调:③⓪"
"厚み","あつみ","厚度；厚实感，深度","名词","かなりの厚みがある本","相当厚的一本书","N1","eggrolls;N1中频;原词性:名;音调:⓪"
"再読","さいどく","再读，重读","名词/サ变动词","資料を再読する","重新阅读资料","N1","eggrolls;N1低频;原词性:名・他動3;音调:⓪"
"再編","さいへん","重编，重组，再编","名词/サ变动词","来年度に部門を再編する予定だ","计划明年重新编制部门","N1","eggrolls;N1中频;原词性:名・他動3;音调:⓪"
"裁き","さばき","裁断，判决，裁定","名词","法の裁きを受ける","接受法律的制裁","N1","eggrolls;N1低频;原词性:名;音调:①③"
"擦り抜ける","すりぬける","穿过，钻过；躲过，混过","动词/自动词/一段动词","狭い路地を擦り抜ける","穿过狭窄的小巷","N1","eggrolls;N1低频;原词性:自動1;音调:④⓪"
"仕事柄","しごとがら","就职业而言，因工作性质","名词","仕事柄夜遅くなることが多い","由于工作的关系，经常会到很晚","N1","eggrolls;N1中频;原词性:名;音调:⓪"
"姿形","すがたかたち","容貌，容姿","名词","人間は姿形だけではわからない","人不可貌相","N1","eggrolls;N1低频;原词性:名;音调:①+⓪"
"実相","じっそう","真实情况，本来面貌","名词","社会の実相にふれる","接触社会的真实情况","N1","eggrolls;N1低频;原词性:名;音调:⓪③"
"実像","じつぞう","真实面貌；实像","名词","金融界の実像に迫る","直击金融界的真实面貌","N1","eggrolls;N1中频;原词性:名;音调:⓪"
"主因","しゅいん","主要原因，主因","名词","不況の主因は生産過剰にある","经济不景气的主要原因是生产过剩","N1","eggrolls;N1低频;原词性:名;音调:⓪"
"主軸","しゅじく","主轴；中心人物，中心力量","名词","チームの主軸となって活躍する","成为团队的中坚力量并活跃表现","N1","eggrolls;N1低频;原词性:名;音调:⓪"
"就労","しゅうろう","就业","名词/サ变动词","就労ビザ","工作签证","N1","eggrolls;N1中频;原词性:名・自動3;音调:⓪"
"臭腺","しゅうせん","臭腺","名词","ネコの目のまわりには臭腺といって、特別なにおいを出す器官があります","猫的眼睛周围有被称为“臭腺”的器官，可以分泌特殊的气味","N1","eggrolls;N1低频;原词性:名;音调:⓪"
"峻厳","しゅんげん","严峻，严厉","名词/な形容词","峻厳な態度で臨む","以严厉的态度应对","N1","eggrolls;N1低频;原词性:名・ナ形;音调:⓪"
"書き足す","かきたす","补写，添写","动词/他动词/五段动词","メモに住所を書き足す","在便条上补写地址","N1","eggrolls;N1中频;原词性:他動1;音调:④③"
"小品","しょうひん","短篇，短小作品；小品文","名词","風景をスケッチした小品","风景写生小作","N1","eggrolls;N1低频;原词性:名;音调:⓪"
"常駐","じょうちゅう","常驻","名词/サ变动词","警備員が常駐するビル","有警卫常驻的大楼","N1","eggrolls;N1低频;原词性:名・自動3;音调:⓪"
"譲り合う","ゆずりあう","互相礼让","动词/他动词/五段动词","席を譲り合う","互相让座","N1","eggrolls;N1低频;原词性:他動1;音调:④"
"食感","しょっかん","口感，食感","名词","このパンはふわふわした食感だ","这面包口感蓬松","N1","eggrolls;N1低频;原词性:名;音调:⓪"
"生まれ落ちる","うまれおちる","出生，降生","动词/自动词/一段动词","オギャーと生まれ落ちる","呱呱坠地","N1","eggrolls;N1低频;原词性:自動1;音调:⑤"
"切り替え","きりかえ","切换，转换","名词","頭の切り替えが早い","脑筋转得很快","N1","eggrolls;N1低频;原词性:名;音调:⓪"
"先延ばし","さきのばし","拖延，搁置","名词","工事を先延ばしにする","延后施工","N1","eggrolls;N1低频;原词性:名;音调:⓪③"
"戦隊","せんたい","（军队）战队","名词","五人の戦隊が町を守る","五人小队守护城镇","N1","eggrolls;N1低频;原词性:名;音调:①⓪"
"選び取る","えらびとる","选出，挑选","动词/他动词/五段动词","好きな物を選び取る","挑选喜欢的东西","N1","eggrolls;N1中频;原词性:他動1;音调:④"
"疎通","そつう","疏通，沟通","名词/サ变动词","意思の疎通をはかる","致力于沟通","N1","eggrolls;N1中频;原词性:名・自動3;音调:⓪"
"属性","ぞくせい","属性，特征","名词","銅の属性","铜的属性","N1","eggrolls;N1中频;原词性:名;音调:⓪"
"存じ上げる","ぞんじあげる","知道","动词/他动词/一段动词","その件は、私は存じ上げません","那件事我不清楚","N1","eggrolls;N1中频;原词性:他動2;音调:⑤⓪"
"大枠","おおわく","大致的框架","名词","計画の大枠を決める","决定计划的大致框架","N1","eggrolls;N1低频;原词性:名;音调:⓪"
"統御","とうぎょ","统治，驾驭，凌驾","名词/サ变动词","国を統御する","统治国家","N1","eggrolls;N1低频;原词性:名・他動3;音调:①"
"特化","とっか","特化","名词/サ变动词","地域に特化したサービス","针对特定地区的服务","N1","eggrolls;N1高频;原词性:名・自他動3;音调:①⓪"
"排卵","はいらん","排卵","名词/サ变动词","排卵日","排卵日","N1","eggrolls;N1低频;原词性:名・自動3;音调:⓪"
"発動","はつどう","发动；启动；行使","名词/サ变动词","武力を発動する","动用武力","N1","eggrolls;N1中频;原词性:名・自他動3;音调:⓪"
"皮相","ひそう","肤浅，浅薄；表面","名词/な形容词","皮相な理解にとどまる","仅限于表面的理解","N1","eggrolls;N1低频;原词性:名・ナ形;音调:⓪"
"飛び乗る","とびのる","跳上；跳上车","动词/自动词/五段动词","馬に飛び乗る","纵身跃上马背","N1","eggrolls;N1低频;原词性:自動1;音调:③"
"微々","びび","微少，些微","な形容词/ト/タル型","もうけは微々たるものだ","利润微薄","N1","eggrolls;N1中频;原词性:形動トタル;音调:①"
"表層","ひょうそう","表层","名词","表層雪崩","表层雪崩","N1","eggrolls;N1低频;原词性:名;音调:⓪"
"舞い落ちる","まいおちる","飘落，纷纷落下","动词/自动词/一段动词","木の葉が舞い落ちる","树叶飘落","N1","eggrolls;N1低频;原词性:自動2;音调:④"
"部材","ぶざい","（建筑）部件，构件，材料","名词","建築部材","建筑构件","N1","eggrolls;N1低频;原词性:名;音调:⓪"
"復権","ふっけん","复权，恢复权力","名词/サ变动词","復権を図る","图谋复权","N1","eggrolls;N1低频;原词性:名・自他動3;音调:⓪"
"物の怪","もののけ","妖怪，鬼怪","名词","物の怪が憑く","被妖怪附身","N1","eggrolls;N1低频;原词性:名;音调:⓪"
"分かれ道","わかれみち","岔路口；分岔点，转折点","名词","分かれ道を左へ行く","在岔路口往左走","N1","eggrolls;N1低频;原词性:名;音调:③"
"変貌","へんぼう","巨变，大变貌","名词/サ变动词","この町は十年で大きく変貌した","这座城镇在十年间发生了巨大变化","N1","eggrolls;N1低频;原词性:名・自動3;音调:⓪"
"捕食","ほしょく","捕食","名词/サ变动词","鳥が昆虫を捕食する","鸟儿捕食昆虫","N1","eggrolls;N1中频;原词性:名・他動3;音调:⓪"
"母語","ぼご","母语","名词","母語話者","母语者","N1","eggrolls;N1低频;原词性:名;音调:①"
"母性","ぼせい","母性，母爱","名词","母性愛","母爱","N1","eggrolls;N1低频;原词性:名;音调:①⓪"
"包摂","ほうせつ","内涵，包容","名词/サ变动词","民間信仰を包摂した宗教","包含民间信仰的宗教","N1","eggrolls;N1低频;原词性:名・他動3;音调:⓪"
"方略","ほうりゃく","方略，策略","名词","言語習得の方略","语言习得策略","N1","eggrolls;N1低频;原词性:名;音调:⓪"
"凡庸","ぼんよう","平庸","名词/な形容词","凡庸な作品","平庸的作品","N1","eggrolls;N1低频;原词性:名・ナ形;音调:⓪"
"万が一","まんがいち","万一","名词/副词","万が一に備えて保険に入る","为了以防万一而买保险","N1","eggrolls;N1高频;原词性:名・副;音调:①+②"
"猛省","もうせい","深刻反省","名词/サ变动词","猛省を促す","使人深刻反省","N1","eggrolls;N1低频;原词性:名・自他動3;音调:⓪"
"黙する","もくする","沉默","サ变动词","黙して語らず","沉默不语","N1","eggrolls;N1低频;原词性:自動3;音调:③"
"誘引","ゆういん","引诱","名词/サ变动词","誇大広告で消費者を誘引する","以夸大广告吸引消费者","N1","eggrolls;N1低频;原词性:名・他動3;音调:⓪"
"揚げ足を取る","あげあしをとる","挑毛病，吹毛求疵","成句","人のまちがいの揚げ足を取る","抓别人的小辫子；挑剔别人的错误","N1","eggrolls;N1低频;原词性:成句"
"来し方","こしかた","过去，以往，路过的地方","名词","来し方行く末","过去和未来","N1","eggrolls;N1中频;原词性:名;音调:①"
"落とし所","おとしどころ","（双方都满意的）妥协点，折中方案","名词","関税交渉の落とし所をさぐる","寻求关税谈判的折中方案","N1","eggrolls;N1低频;原词性:名;音调:⓪"
"流し目","ながしめ","斜眼看；含情脉脉的一瞥","名词","流し目に見る","斜眼看","N1","eggrolls;N1低频;原词性:名;音调:⓪③"
"連関","れんかん","关联","名词/サ变动词","法の発展は社会の発展と連関する","法律的发展与社会发展息息相关","N1","eggrolls;N1低频;原词性:名・自動3;音调:⓪"
"俯瞰","ふかん","俯瞰，俯视","名词/サ变动词","山頂から町を俯瞰する","从山顶俯瞰城镇","N1","eggrolls;N1中频;原词性:名・他動3;音调:⓪"
"嗅ぎ取る","かぎとる","嗅出；察觉","动词/他动词/五段动词","血のにおいを嗅ぎ取る","闻到血腥味","N1","eggrolls;N1中频;原词性:他動1;音调:③⓪"
"揶揄","やゆ","嘲弄，讥讽，揶揄","名词/サ变动词","対立候補の演説を揶揄する","揶揄对立候选人的演说","N1","eggrolls;N1低频;原词性:名・他動3;音调:①"
"籠城","ろうじょう","固守城池；闭门不出","名词/サ变动词","籠城作戦","守城战","N1","eggrolls;N1低频;原词性:名・自動3;音调:⓪①"
"茫漠","ぼうばく","广漠，辽阔；模糊，渺茫","な形容词/ト/タル型","茫漠たる平原","茫茫平原","N1","eggrolls;N1低频;原词性:形動トタル;音调:⓪"
"軋轢","あつれき","龃龉，摩擦，冲突","名词","両者間に軋轢が生じる","两者之间产生摩擦","N1","eggrolls;N1低频;原词性:名;音调:⓪"
"闊達","かったつ","豁达，开阔","な形容词","闊達な人物","豁达的人","N1","eggrolls;N1低频;原词性:ナ形;音调:⓪"
"隘路","あいろ","隘路，狭路；难关，障碍","名词","山間の隘路","山间的隘路","N1","eggrolls;N1低频;原词性:名;音调:①"
"便","びん","邮寄，邮递；班车；班轮；班机","名词","船便","海运，船运","N1","eggrolls;N1中频;原词性:名;音调:①"
"かわす","かわす","躲开，避开，躲闪","动词/他动词/五段动词","突進するバイクから身をかわす","躲开迎面而来的摩托车","N1","eggrolls;N1低频;原词性:他動1;音调:⓪"
