expression,reading,meaningChinese,partOfSpeech,exampleJapanese,exampleChinese,jlptLevel,tags
"丸","まる","圆，圆形；句号","名词","答えに丸をつける","在答案上画圈","N2","eggrolls;N2中频;原词性:名;音调:⓪"
"ぎゅうぎゅう","ぎゅうぎゅう","满满地（装，塞）；紧紧地（勒），吱吱（作响）；痛斥","副词","ぎゅうぎゅう詰め込む","满满地装","N2","eggrolls;N2低频;原词性:副;音调:⓪①"
"明治","めいじ","（日本年号）明治","名词","明治生まれの人","生于明治时代的人","N2","eggrolls;N2中频;原词性:名;音调:①"
"党","とう","党羽，同伙；政党","名词","党を組む","结党","N2","eggrolls;N2低频;原词性:名;音调:①"
"理系","りけい","理科","名词","理系の学生","理科学生","N2","eggrolls;N2中频;原词性:名;音调:⓪"
"貝","かい","贝；贝壳","名词","貝類","贝类","N2","eggrolls;N2中频;原词性:名;音调:①"
"落ちこぼれ","おちこぼれ","撒出来的东西；成绩掉队的学生","名词","米の落ちこぼれ","撒出来的米粒","N2","eggrolls;N2低频;原词性:名;音调:⓪"
"大盛り","おおもり","盛得很满；盛大碗","名词","牛丼の大盛り","大碗牛肉盖浇饭","N2","eggrolls;N2中频;原词性:名;音调:⓪"
"うどん","うどん","乌冬面","名词","うどんを打つ","制作乌冬面","N2","eggrolls;N2中频;原词性:名;音调:⓪"
"クリスマス","クリスマス","圣诞节","名词","クリスマスイブ","平安夜","N2","eggrolls;N2低频;原词性:名;音调:③;カタカナ語"
"石鹸","せっけん","肥皂","名词","石けんで手を洗う","用肥皂洗手","N2","eggrolls;N2中频;原词性:名;音调:⓪"
"だいぶ","だいぶ","很，相当","副词","だいぶ寒くなってきた","天气变得相当寒冷","N2","eggrolls;N2高频;原词性:副;音调:⓪"
"ノートパソコン","ノートパソコン","笔记本电脑，笔电","名词","軽くてコンパクトなノートパソコン","轻巧的笔记本电脑","N2","eggrolls;N2中频;原词性:名;音调:④;カタカナ語"
"ばっちり","ばっちり","（俗语）漂亮地，确实地，充分地","副词","試験の山が当たってばっちり100点を取った","押题押对了，成功地拿到了一百分","N2","eggrolls;N2中频;原词性:副;音调:③;オノマトペ"
"ビール","ビール","啤酒","名词","軽くビールでもどうですか","去喝杯啤酒怎么样？","N2","eggrolls;N2低频;原词性:名;音调:①;カタカナ語"
"警官","けいかん","警察，警官","名词","交通警官が事故を調べる","交通警察对事故进行调查","N2","eggrolls;N2中频;原词性:名;音调:⓪"
"再来月","さらいげつ","下下个月","名词","先先月","上上个月","N2","eggrolls;N2低频;原词性:名;音调:⓪②"
"再来年","さらいねん","后年","名词","私は再来年、また日本に来ます","我后年会再来日本","N2","eggrolls;N2中频;原词性:名;音调:⓪"
"縦","たて","纵，竖","名词","縦に書く","竖着写","N2","eggrolls;N2中频;原词性:名;音调:①"
"神","かみ","神，上帝","名词","神に祈る","向神祷告","N2","eggrolls;N2中频;原词性:名;音调:①"
"数々","かずかず","种种，许多","副词/名词","思い出の数々を語る","述说一个又一个的回忆","N2","eggrolls;N2中频;原词性:副・名;音调:①"
"相撲","すもう","相扑（运动）","名词","相撲にならない","力量相差悬殊，不是对手","N2","eggrolls;N2低频;原词性:名;音调:⓪"
"地震","じしん","地震","名词","マグニチュード7.5の強い地震が発生した","发生了震级为七点五级的强烈地震","N2","eggrolls;N2中频;原词性:名;音调:⓪"
"定価","ていか","规定的价格","名词","当店の品はすべて定価どおりに売ります","本店所有商品均按定价出售","N2","eggrolls;N2中频;原词性:名;音调:⓪"
"天候","てんこう","（相对较短的时间内）天气状况","名词","天候があやしくなる","天气要变坏","N2","eggrolls;N2高频;原词性:名;音调:⓪"
"都市","とし","都市，城市","名词","都市ガス","管道煤气","N2","eggrolls;N2高频;原词性:名;音调:①"
"年金","ねんきん","养老金","名词","年金で生活する","靠养老金生活","N2","eggrolls;N2中频;原词性:名;音调:⓪"
"麺","めん","面条","名词","麺類","面条类","N2","eggrolls;N2低频;原词性:名;音调:①"
"寮","りょう","宿舍","名词","女子寮","女子宿舍","N2","eggrolls;N2中频;原词性:名;音调:①"
"区","く","（表示行政区域）……区","名词/接尾词","渋谷区","涩谷区","N2","eggrolls;N2中频;原词性:名・接尾"
"時間目","じかんめ","第……节课","造语成分","クラスの先生が風邪のため1時間目は自習とする","因老师感冒，第一节课自修","N2","eggrolls;N2低频;原词性:造"
"アフリカ","アフリカ","非洲","名词","中央アフリカ","中非","N2","eggrolls;N2低频;原词性:名;音调:⓪;カタカナ語"
"あら","あら","（表示惊讶，女性用语）哎呀","感叹词","あら、何しているの？","哎呀！你在做什么？","N2","eggrolls;N2中频;原词性:感;音调:①"
"おかず","おかず","（米饭等主食的）配菜，菜肴","名词","夕飯のおかず","晚饭的菜","N2","eggrolls;N2中频;原词性:名;音调:⓪"
"お前","おまえ","（男性对同辈或晚辈的称呼）你","代词","お前にこれをくれてやろう","这个给你吧","N2","eggrolls;N2低频;原词性:代;音调:⓪"
"かしこまる","かしこまる","恭敬，拘谨；知道了","动词/自动词/五段动词","かしこまってあいさつする","毕恭毕敬地问候","N2","eggrolls;N2高频;原词性:自動1;音调:④"
"カレーライス","カレーライス","咖喱饭","名词","辛いカレーライス","辣咖哩饭","N2","eggrolls;N2低频;原词性:名;音调:④;カタカナ語"
"ごくごく","ごくごく","咕嘟咕嘟地大口喝水时发出的声音","副词","牛乳をごくごく飲む","咕嘟咕嘟地喝牛奶","N2","eggrolls;N2低频;原词性:副;音调:①;オノマトペ"
"こそこそ","こそこそ","（因害怕被责备而）偷偷摸摸地","副词/サ变动词","こそこそと出かける","偷偷摸摸地出去","N2","eggrolls;N2低频;原词性:副・自動3;音调:①;オノマトペ"
"じりじり","じりじり","逐步逼近；焦躁不安；烈日炎炎","副词/サ变动词","じりじりと敵に迫る","步步逼近敌人","N2","eggrolls;N2低频;原词性:副・自動3;音调:①;オノマトペ"
"スクリーン","スクリーン","（电影等的）屏幕","名词","映像をスクリーンに映す","把影像放映在银幕上","N2","eggrolls;N2中频;原词性:名;音调:③;カタカナ語"
"ソフト","ソフト","柔软；软件","な形容词/名词","ソフトな手触り","柔软的手感","N2","eggrolls;N2高频;原词性:ナ形・名;音调:①;カタカナ語"
"テニスコート","テニスコート","网球场","名词","テニスコートのネットがたるんでいるので張り直す","网球场的球网松了，所以要重新拉紧","N2","eggrolls;N2中频;原词性:名;音调:④;カタカナ語"
"トンネル","トンネル","隧道","名词","トンネルを通り抜ける","穿过隧道","N2","eggrolls;N2低频;原词性:名;音调:⓪;カタカナ語"
"バレーボール","バレーボール","排球","名词","ビーチバレーボール","沙滩排球","N2","eggrolls;N2中频;原词性:名;音调:④;カタカナ語"
"ハンバーガー","ハンバーガー","汉堡","名词","ハンバーガーショップ","汉堡店","N2","eggrolls;N2低频;原词性:名;音调:③;カタカナ語"
"びりびり","びりびり","撕纸或布的声音⓪；窗玻璃等细微震动的样子①；（皮肤触电般地）刺痛、麻痛①","副词","怒って手紙をびりびりに破いた","一生气将信哧哧地撕碎了","N2","eggrolls;N2中频;原词性:副;音调:①⓪;オノマトペ"
"フルーツ","フルーツ","水果","名词","フルーツサラダ","水果沙拉","N2","eggrolls;N2低频;原词性:名;音调:②;カタカナ語"
"ほうれん草","ほうれんそう","菠菜","名词","ほうれん草をさっとゆでる","把菠菜快速烫一下","N2","eggrolls;N2中频;原词性:名;音调:③"
"もたもた","もたもた","磨蹭，拖拖拉拉","副词/サ变动词","もたもたして会議に遅れる","拖拖拉拉结果开会迟到了","N2","eggrolls;N2低频;原词性:副・自動3;音调:①;オノマトペ"
"やってくる","やってくる","朝这边过来，接近","动词/自动词/カ变动词","電車がやってくる","电车来了","N2","eggrolls;N2中频;原词性:自動3;音调:④"
"やりがい","やりがい","做的价值，做的意义","名词","やりがいのある仕事がしたい","想做有意义的工作","N2","eggrolls;N2高频;原词性:名;音调:⓪"
"リットル","リットル","升","名词","ミリリットル","毫升","N2","eggrolls;N2中频;原词性:名;音调:⓪;カタカナ語"
"わがまま","わがまま","任性，放肆","名词/な形容词","わがままな性格","任性的性格","N2","eggrolls;N2高频;原词性:名・ナ形;音调:③④"
"わくわく","わくわく","（因期待或喜悦等）兴奋","副词/サ变动词","心がわくわくする","心扑通扑通地跳","N2","eggrolls;N2高频;原词性:副・自動3;音调:①;オノマトペ"
"椀","わん","碗，木碗","名词","椀にご飯を盛る","用碗盛饭","N2","eggrolls;N2低频;原词性:名;音调:⓪"
"移転","いてん","迁移，搬家","名词/サ变动词","隣の町へ移転した","搬到旁边的城市去了","N2","eggrolls;N2中频;原词性:名・自他動3;音调:⓪"
"一昨年","いっさくねん","前年","名词","一昨年から北京に住んでいる","从前年起住在北京","N2","eggrolls;N2中频;原词性:名;音调:⓪④"
"応え","こたえ","回应，反应","名词","宣伝したが、いっこうに応えがない","虽然宣传过，但一直没有反响","N2","eggrolls;N2高频;原词性:名;音调:②"
"家事","かじ","家务","名词","家事に追われる","忙于家务事","N2","eggrolls;N2高频;原词性:名;音调:①"
"革命","かくめい","革命","名词","技術革命","技术革命","N2","eggrolls;N2低频;原词性:名;音调:⓪"
"割に","わりに","出乎意料，格外，比较","副词","彼女は年の割に若い","她看起来比实际年龄年轻","N2","eggrolls;N2高频;原词性:副;音调:⓪"
"喜び","よろこび","喜悦；恭喜","名词","喜びが溢れる","洋溢着喜悦","N2","eggrolls;N2高频;原词性:名;音调:⓪④③"
"気候","きこう","气候","名词","海洋性気候","海洋性气候","N2","eggrolls;N2高频;原词性:名;音调:⓪"
"気体","きたい","气体","名词","水素と酸素の混合気体","氢和氧的混合气体","N2","eggrolls;N2中频;原词性:名;音调:⓪"
"汽車","きしゃ","蒸汽火车","名词","汽車が煙を吐く","火车喷出烟雾","N2","eggrolls;N2低频;原词性:名;音调:①②"
"祈る","いのる","祈祷；祝愿","动词/他动词/五段动词","世界の平和を祈る","祈求世界和平","N2","eggrolls;N2中频;原词性:他動1;音调:②"
"喫煙","きつえん","吸烟，抽烟","名词/サ变动词","外に出て喫煙する","到外面抽烟","N2","eggrolls;N2低频;原词性:名・自動3;音调:⓪"
"挙げる","あげる","举起；举行；列举；竭尽","动词/他动词/一段动词","手を挙げる","举手","N2","eggrolls;N2低频;原词性:他動2;音调:⓪"
"近頃","ちかごろ","近日，最近","名词","近頃の傾向","近来的倾向","N2","eggrolls;N2中频;原词性:名;音调:②"
"すく","すく","饥饿；稀疏，空旷","动词/自动词/五段动词","おなかがすく","肚子饿","N2","eggrolls;N2低频;原词性:自動1;音调:⓪"
"空間","くうかん","空间","名词","狭い空間を有効に活用する","有效利用狭窄的空间","N2","eggrolls;N2高频;原词性:名;音调:⓪"
"係員","かかりいん","（专门负责某项业务）工作人员，负责人","名词","駅の係員","车站工作人员","N2","eggrolls;N2中频;原词性:名;音调:③"
"計る","はかる","（时间、数量等）计量","动词/他动词/五段动词","時間を計る","计时","N2","eggrolls;N2中频;原词性:他動1;音调:②"
"言葉遣い","ことばづかい","用语，措辞","名词","丁寧な言葉遣い","礼貌的措辞","N2","eggrolls;N2中频;原词性:名;音调:④"
"虎","とら","老虎","名词","虎の威を借る狐","狐假虎威","N2","eggrolls;N2低频;原词性:名;音调:⓪"
"工学","こうがく","工学，工程学","名词","工学部","工学系","N2","eggrolls;N2中频;原词性:名;音调:⓪"
"校長","こうちょう","（中小学的）校长","名词","学長","大学校长","N2","eggrolls;N2高频;原词性:名;音调:⓪"
"高等","こうとう","（等级、品味、智能等的程度很高）高等","名词/な形容词","高等裁判所","高等法院","N2","eggrolls;N2低频;原词性:名・ナ形;音调:⓪"
"合唱","がっしょう","合唱","名词/サ变动词","校歌を合唱する","合唱校歌","N2","eggrolls;N2中频;原词性:名・他動3;音调:⓪"
"済ます","すます","使结束；（多く「…で済ます」の形で）将就，凑合","动词/他动词/五段动词","閉店前に買い物を済ますようにする","尽量在关门前买完东西","N2","eggrolls;N2中频;原词性:他動1;音调:②"
"作品","さくひん","（特指绘画、雕刻、音乐和文学等）作品","名词","この絵はゴッホの作品だ","这幅画是梵高的作品","N2","eggrolls;N2高频;原词性:名;音调:⓪"
"始まり","はじまり","开始，起源","名词","うそつきはどろぼうの始まりだ","撒谎是偷窃的开始","N2","eggrolls;N2高频;原词性:名;音调:⓪"
"姿","すがた","（人或物的）外形；穿着；身影；面貌","名词","富士山の美しい姿に感動した","为富士山雄姿而感动","N2","eggrolls;N2高频;原词性:名;音调:①"
"指す","さす","（用手等）指；指名；朝向","动词/他动词/五段动词","黒板の字を指す","指着黑板上的字","N2","eggrolls;N2高频;原词性:他動1;音调:①"
"支社","ししゃ","分部，分公司","名词","海外に支社を出す","在国外开设分公司","N2","eggrolls;N2中频;原词性:名;音调:①"
"詩","し","诗","名词","詩を作る","作诗","N2","eggrolls;N2低频;原词性:名;音调:⓪"
"次回","じかい","下次，下回","名词","次回の研究会は金曜日です","下次的研究会在星期五","N2","eggrolls;N2高频;原词性:名;音调:①"
"辞典","じてん","词典，辞典","名词","辞典を引く","查词典","N2","eggrolls;N2中频;原词性:名;音调:⓪"
"写真家","しゃしんか","摄影师","名词","アマチュアの写真家","业余摄影师","N2","eggrolls;N2高频;原词性:名;音调:⓪"
"社会人","しゃかいじん","（与学生相对）参加工作的人","名词","学校を卒業して社会人となる","学校毕业后，进入社会参加工作","N2","eggrolls;N2高频;原词性:名;音调:②"
"者","もの","人","名词","そのような者はいない","没有这么个人","N2","eggrolls;N2高频;原词性:名;音调:②"
"出会う","であう","遇见，遇到","动词/自动词/五段动词","アメリカで彼女と出会いました","我在美国遇见了她","N2","eggrolls;N2高频;原词性:自動1;音调:②"
"少なくとも","すくなくとも","至少，最起码","副词","少なくともこれだけは覚えてください","至少也要把这点记住","N2","eggrolls;N2高频;原词性:副;音调:③②"
"植物","しょくぶつ","植物","名词","毎朝植物に水をやる","每天早晨都给植物浇水","N2","eggrolls;N2高频;原词性:名;音调:②"
"色鉛筆","いろえんぴつ","彩色铅笔","名词","赤青2色の色鉛筆","红蓝铅笔","N2","eggrolls;N2低频;原词性:名;音调:③"
"食卓","しょくたく","餐桌","名词","食卓用ナプキン","餐巾纸","N2","eggrolls;N2中频;原词性:名;音调:⓪"
"世の中","よのなか","世间，社会","名词","世の中を知らない","不谙世事","N2","eggrolls;N2高频;原词性:名;音调:②"
"成長","せいちょう","成长，发育；发展","名词/サ变动词","子どもの成長記録","孩子的成长记录","N2","eggrolls;N2高频;原词性:名・自動3;音调:⓪"
"精神","せいしん","精神；意志；宗旨","名词","精神安定剤を服用する","服用精神安定剂","N2","eggrolls;N2高频;原词性:名;音调:①"
"製造","せいぞう","制造，生产","名词/サ变动词","パンを製造する","制作面包","N2","eggrolls;N2高频;原词性:名・他動3;音调:⓪"
"誠に","まことに","非常，十分","副词","誠に申し訳ございません","非常抱歉","N2","eggrolls;N2低频;原词性:副;音调:⓪"
"昔話","むかしばなし","传说，故事","名词","語り伝えられた昔話","口耳相传的古老传说","N2","eggrolls;N2低频;原词性:名;音调:④"
"造る","つくる","（大型建筑、桥梁、船舶、庭园、公园、酒等）造，建","动词/他动词/五段动词","船舶を造る","建造船只","N2","eggrolls;N2低频;原词性:他動1;音调:②"
"態度","たいど","态度，举止","名词","あいまいな態度","暧昧的态度","N2","eggrolls;N2高频;原词性:名;音调:①"
"漬ける","つける","（漬）腌菜；（浸）浸泡","动词/他动词/一段动词","大根を漬ける","腌萝卜","N2","eggrolls;N2高频;原词性:他動2;音调:⓪"
"漬物","つけもの","腌菜","名词","白菜の漬物","腌白菜","N2","eggrolls;N2低频;原词性:名;音调:⓪"
"釣る","つる","钓；勾引，引诱","动词/他动词/五段动词","魚を釣る","钓鱼","N2","eggrolls;N2低频;原词性:他動1;音调:⓪"
"庭園","ていえん","庭园","名词","日本式の庭園","日本式庭园","N2","eggrolls;N2低频;原词性:名;音调:⓪"
"泥棒","どろぼう","小偷","サ变动词/名词","警察が泥棒を捕らえた","警察捉住了小偷","N2","eggrolls;N2低频;原词性:他動3・名;音调:⓪"
"電子辞書","でんしじしょ","电子词典","名词","最近は重い辞書より軽い電子辞書が好まれる","最近比起厚重的词典，人们更喜欢轻便的电子词典","N2","eggrolls;N2中频;原词性:名;音调:④"
"倒す","たおす","弄倒；推翻","动词/他动词/五段动词","相手を倒す","打倒对手","N2","eggrolls;N2中频;原词性:他動1;音调:②"
"桃","もも","桃子","名词","桃の花","桃花","N2","eggrolls;N2中频;原词性:名;音调:⓪"
"同僚","どうりょう","同僚，同事","名词","同僚と一杯飲みに行く","和同事一起去喝杯酒","N2","eggrolls;N2高频;原词性:名;音调:⓪"
"難くない","かたくない","不难","连语","想像に難くない","不难想像","N2","eggrolls;N2低频;原词性:連語;音调:④"
"任せる","まかせる","托付；任凭","动词/他动词/一段动词","仕事を任せる","委托工作","N2","eggrolls;N2高频;原词性:他動2;音调:③"
"認める","みとめる","承认；允许，认可","动词/他动词/一段动词","犯行を認める","认罪","N2","eggrolls;N2高频;原词性:他動2;音调:⓪"
"年度","ねんど","年度","名词","今年度","本年度","N2","eggrolls;N2高频;原词性:名;音调:①"
"彼ら","かれら","他们，那些人","代词","彼らの会議は夜中になってやっと閉会した","他们开会一直开到半夜才开完","N2","eggrolls;N2高频;原词性:代;音调:①"
"不自由","ふじゆう","不自由，不方便，困苦","名词/な形容词/サ变动词","何の不自由もなく育てられる","衣食无忧地长大","N2","eggrolls;N2中频;原词性:名・ナ形・自動3;音调:①②③"
"ぶどう","ぶどう","葡萄","名词","ブドウから果汁を搾る","从葡萄中榨取果汁","N2","eggrolls;N2低频;原词性:名;音调:⓪"
"豊か","ゆたか","丰富，富裕；饱满，丰满","な形容词","経験が豊かだ","经验丰富","N2","eggrolls;N2高频;原词性:ナ形;音调:①"
"理解","りかい","理解；体谅","名词/サ变动词","文章を理解する","理解文章","N2","eggrolls;N2高频;原词性:名・他動3;音调:①"
"離れる","はなれる","离，分离；离开，间隔","动词/自动词/一段动词","軽く引っ張ると離れる","轻轻一拉就会分开","N2","eggrolls;N2高频;原词性:自動2;音调:③"
"冷房","れいぼう","制冷（设备）","名词/サ变动词","冷房をつける","打开冷气","N2","eggrolls;N2中频;原词性:名・自他動3;音调:⓪"
"恋","こい","恋爱，爱情","名词","恋に落ちる","坠入爱河","N2","eggrolls;N2低频;原词性:名;音调:①"
"あいにく","あいにく","不凑巧，偏巧","副词/な形容词","あいにく佐藤は外出中です","不凑巧佐藤外出了","N2","eggrolls;N2高频;原词性:副・ナ形;音调:⓪"
"アクション","アクション","肢体动作，特指武打等演技","名词","アクションを起こす","开始行动","N2","eggrolls;N2中频;原词性:名;音调:①;カタカナ語"
"アクセサリー","アクセサリー","装饰品；零件","名词","アクセサリーを付ける","佩戴饰品","N2","eggrolls;N2中频;原词性:名;音调:①③;カタカナ語"
"あっという間","あっというま","眨眼间，转眼间","成句","あっという間に終わった","转眼间就结束了","N2","eggrolls;N2中频;原词性:成句;音调:①⓪"
"あるいは","あるいは","或者","副词/接续词","コーヒーあるいはジュースを飲む","喝咖啡或者果汁","N2","eggrolls;N2高频;原词性:副・接;音调:②"
"いきなり","いきなり","冷不防，突然间","副词","いきなり人が部屋に入ってきた","突然有人闯进了房间","N2","eggrolls;N2高频;原词性:副;音调:⓪"
"いずれ","いずれ","哪个；反正，迟早会；不久，过几天","代词/副词","紅白いずれが勝つか","红白哪队会赢","N2","eggrolls;N2高频;原词性:代・副;音调:⓪"
"いちいち","いちいち","一一，逐一","副词","いちいち理由をあげる","逐一列举理由","N2","eggrolls;N2高频;原词性:副;音调:②"
"いよいよ","いよいよ","越来越；真的，确实；终于","副词","嵐がいよいよ激しくなった","暴风雨越来越猛烈了","N2","eggrolls;N2中频;原词性:副;音调:②"
"いらいら","いらいら","焦急，坐立不安","副词/サ变动词/名词","いらいらしながらバスを待つ","焦急地等公交车","N2","eggrolls;N2中频;原词性:副・自動3・名;音调:①⓪;オノマトペ"
"インフルエンザ","インフルエンザ","流行性感冒","名词","ひどいインフルエンザで寝ている","患了很重的流感，卧病在床","N2","eggrolls;N2高频;原词性:名;音调:⑤;カタカナ語"
"おごる","おごる","奢侈；请客","动词/自他动词/五段动词","おごった生活をする","过着奢侈的生活","N2","eggrolls;N2中频;原词性:自他動1;音调:⓪"
"オフ","オフ","关掉，停止","名词","テレビの電源をオフにする","关掉电视","N2","eggrolls;N2低频;原词性:名;音调:①;カタカナ語"
"およそ","およそ","大体；凡是；完全（不）；大约，大概","名词/副词","話はおよそわかった","事情我大致明白了","N2","eggrolls;N2中频;原词性:名・副;音调:⓪"
"かえって","かえって","反倒，反而","副词","かえって迷惑をかけた","反而添麻烦了","N2","eggrolls;N2高频;原词性:副;音调:①"
"カラー","カラー","色彩；彩色；颜料；特色","名词","カラー写真","彩色照片","N2","eggrolls;N2中频;原词性:名;音调:①;カタカナ語"
"きっかけ","きっかけ","开端；机会，契机","名词","話のきっかけが見つからない","不知道该从何说起","N2","eggrolls;N2高频;原词性:名;音调:⓪"
"キャンパス","キャンパス","大学校园","名词","キャンパスライフ","校园生活","N2","eggrolls;N2中频;原词性:名;音调:①;カタカナ語"
"キャンプ","キャンプ","露营","名词/サ变动词","キャンプ場","露营地","N2","eggrolls;N2中频;原词性:名・自動3;音调:①;カタカナ語"
"ぎりぎり","ぎりぎり","最大限度，极限","名词/な形容词","時間ぎりぎりで間に合う","时间勉强来得及","N2","eggrolls;N2高频;原词性:名・ナ形;音调:⓪;オノマトペ"
"くどい","くどい","啰嗦；（味道或颜色）过于浓厚","い形容词","くどい説明","啰嗦的说明","N2","eggrolls;N2中频;原词性:イ形;音调:②"
"コーチ","コーチ","教练；指导","サ变动词/名词","野球チームをコーチする","训练棒球队","N2","eggrolls;N2高频;原词性:他動3・名;音调:①;カタカナ語"
"コスト","コスト","成本，生产费","名词","生産コストを下げる","降低生产成本","N2","eggrolls;N2高频;原词性:名;音调:①;カタカナ語"
"コンテスト","コンテスト","竞赛，比赛","名词","スピーチコンテスト","演讲比赛","N2","eggrolls;N2高频;原词性:名;音调:①;カタカナ語"
"さすが","さすが","真不愧是；不过还是","副词/な形容词","さすが本場の味だ","不愧是正宗的味道","N2","eggrolls;N2中频;原词性:副・ナ形;音调:⓪"
"さっさと","さっさと","赶快地，迅速地","副词","さっさと起きなさい","赶快起床","N2","eggrolls;N2中频;原词性:副;音调:①;オノマトペ"
"ざっと","ざっと","粗略地；大约","副词","ざっと目を通す","粗略地看了一遍","N2","eggrolls;N2中频;原词性:副;音调:⓪;オノマトペ"
"さっぱり","さっぱり","心情舒畅，清爽；完全（不）","副词/サ变动词","ふろに入ってさっぱりとする","洗个澡，感觉神清气爽","N2","eggrolls;N2高频;原词性:副・自動3;音调:③;オノマトペ"
"さて","さて","（用于承上启下或转换话题）那么","接续词","さて、何から始めようか","那么，从哪儿着手呢？","N2","eggrolls;N2中频;原词性:接;音调:①"
"しかも","しかも","而且；但，却","接续词","安くてしかも栄養のある料理","价格便宜且有营养的菜肴","N2","eggrolls;N2高频;原词性:接;音调:②"
"じっと","じっと","（身体或视线）一动不动；精神集中","副词/サ变动词","じっと座っている","一动不动地坐着","N2","eggrolls;N2中频;原词性:副・自動3;音调:⓪;オノマトペ"
"しばしば","しばしば","屡次，经常","副词","しばしば訪れる","多次访问","N2","eggrolls;N2中频;原词性:副;音调:①⓪"
"シャッター","シャッター","快门；卷帘门","名词","シャッターを切る","按相机快门","N2","eggrolls;N2中频;原词性:名;音调:①;カタカナ語"
"ショー","ショー","陈列；演出","名词","ショールーム","陈列室","N2","eggrolls;N2中频;原词性:名;音调:①;カタカナ語"
"ショップ","ショップ","商店","名词","コーヒーショップ","咖啡店","N2","eggrolls;N2低频;原词性:名;音调:①⓪;カタカナ語"
"シリーズ","シリーズ","系列，丛书；（体育）联赛","名词","名画シリーズ","一套名画","N2","eggrolls;N2中频;原词性:名;音调:①②;カタカナ語"
"スクール","スクール","学校","名词","スクールバス","校车","N2","eggrolls;N2低频;原词性:名;音调:②;カタカナ語"
"スケート","スケート","冰鞋，冰刀；滑冰，溜冰","名词","スケートを習う","学滑冰","N2","eggrolls;N2中频;原词性:名;音调:②⓪;カタカナ語"
"スタイル","スタイル","身材；式样；风格","名词","スタイルがいい","体型好","N2","eggrolls;N2高频;原词性:名;音调:②;カタカナ語"
"すっきり","すっきり","清爽，舒畅；（文章等）清楚，明瞭；（装束）整洁，洗练","副词/サ变动词","すっきりした気分","畅快的心情","N2","eggrolls;N2高频;原词性:副・自動3;音调:③;オノマトペ"
"ステーション","ステーション","车站；站","名词","宇宙ステーション","空间站","N2","eggrolls;N2低频;原词性:名;音调:②;カタカナ語"
"すなわち","すなわち","即，即是","接续词","首相、すなわち総理大臣","首相，即总理大臣","N2","eggrolls;N2高频;原词性:接;音调:②"
"贅沢","ぜいたく","奢侈，浪费；过分的要求，奢望","名词/な形容词","ぜいたくな生活","奢侈的生活","N2","eggrolls;N2低频;原词性:名・ナ形;音调:③④"
"そのうち","そのうち","不久，过几天","副词","そのうち彼も来るだろう","过一会他也会来吧","N2","eggrolls;N2高频;原词性:副;音调:⓪"
"たいした〜","たいした〜","了不起；（没什么）大不了","连体词","たいした発明","了不起的发明","N2","eggrolls;N2低频;原词性:連体;音调:①"
"タイヤ","タイヤ","轮胎，车胎","名词","タイヤに空気を入れる","往轮胎里打气","N2","eggrolls;N2中频;原词性:名;音调:⓪;カタカナ語"
"ダウンロード","ダウンロード","下载","サ变动词/名词","音楽をダウンロードする","下载音乐","N2","eggrolls;N2低频;原词性:他動3・名;音调:④;カタカナ語"
"ただし","ただし","但，但是","接续词","入場券がなくても大丈夫だ。ただし、身分証明書は必要だ","没有入场券也没关系，但是需要身份证明","N2","eggrolls;N2高频;原词性:接;音调:①"
"たまたま","たまたま","偶然，碰巧；偶尔","副词","たまたま駅前で友だちに会った","偶然在车站附近遇到朋友了","N2","eggrolls;N2高频;原词性:副;音调:⓪;オノマトペ"
"ツアー","ツアー","（旅行社的团体）旅游；短途旅行；巡回演出","名词","海外ツアー","海外旅游团","N2","eggrolls;N2高频;原词性:名;音调:①;カタカナ語"
"注ぐ","つぐ","倒入，注入","动词/他动词/五段动词","お酒を注ぐ","斟酒","N2","eggrolls;N2中频;原词性:他動1;音调:⓪"
"つながる","つながる","连接；有关联","动词/自动词/五段动词","島と島とが橋でつながる","岛屿之间以桥相连","N2","eggrolls;N2高频;原词性:自動1;音调:⓪"
"つなぐ","つなぐ","拴；连上；维持","动词/他动词/五段动词","犬を鎖でつなぐ","用锁链拴住狗","N2","eggrolls;N2中频;原词性:他動1;音调:⓪"
"デザイナー","デザイナー","设计师","名词","彼女の夢はファッションデザイナーになることだ","她的梦想是当时装设计师","N2","eggrolls;N2中频;原词性:名;音调:②⓪;カタカナ語"
"テンポ","テンポ","拍子；（发展）速度","名词","テンポの速い・遅い曲","节奏快/慢的乐曲","N2","eggrolls;N2中频;原词性:名;音调:①;カタカナ語"
"トップ","トップ","首位，最高","名词","彼は会社のトップだ","他是公司的领导者","N2","eggrolls;N2高频;原词性:名;音调:①;カタカナ語"
"ドレス","ドレス","女士礼服","名词","ドレスを着て結婚式に出席する","穿礼裙参加婚礼","N2","eggrolls;N2中频;原词性:名;音调:①;カタカナ語"
"にらむ","にらむ","瞪；凝视；估计，推测","动词/他动词/五段动词","彼は怒った目で私をにらんだ","他愤愤地瞪了我一眼","N2","eggrolls;N2低频;原词性:他動1;音调:②"
"ネット","ネット","网；网络；球网","名词","ネットで調べる","上网查","N2","eggrolls;N2高频;原词性:名;音调:①⓪;カタカナ語"
"のんびり","のんびり","悠闲自在","副词/サ变动词","のんびりとした田舎の生活","悠闲自在的乡间生活","N2","eggrolls;N2高频;原词性:副・自動3;音调:③;オノマトペ"
"パターン","パターン","模式，式样；图案","名词","行動パターン","行为模式","N2","eggrolls;N2中频;原词性:名;音调:②;カタカナ語"
"流行り","はやり","流行，时髦；（疾病）流行","名词","流行りを追う","追求时尚；赶时髦","N2","eggrolls;N2低频;原词性:名;音调:③"
"バランス","バランス","平衡","名词","バランスを保つ","保持平衡","N2","eggrolls;N2高频;原词性:名;音调:⓪;カタカナ語"
"ファイル","ファイル","文件夹；文件；归档","サ变动词/名词","A4判のファイルケース","A4尺寸的文件夹","N2","eggrolls;N2高频;原词性:他動3・名;音调:①;カタカナ語"
"プラン","プラン","计划，方案","名词","プランを立てる","制定计划","N2","eggrolls;N2高频;原词性:名;音调:①;カタカナ語"
"フリー","フリー","自由；免费","な形容词/名词","フリーな立場","自由的立场","N2","eggrolls;N2中频;原词性:ナ形・名;音调:②;カタカナ語"
"ふわふわ","ふわふわ","轻飘飘；软绵绵；心神不定","副词/サ变动词/な形容词","白い雲がふわふわと浮んでいる","白云朵朵漂浮","N2","eggrolls;N2低频;原词性:副①・自動3①・ナ形⓪;音调:⓪①;オノマトペ"
"ホール","ホール","大厅；会场","名词","コンサートホール","音乐大厅","N2","eggrolls;N2高频;原词性:名;音调:①;カタカナ語"
"ポット","ポット","壶；热水瓶","名词","コーヒーポット","咖啡壶","N2","eggrolls;N2中频;原词性:名;音调:①;カタカナ語"
"マイナス","マイナス","减；减号；负数；阴极；不利；亏损","サ变动词/名词","七マイナス四は三です","七减四等于三","N2","eggrolls;N2中频;原词性:他動3・名;音调:⓪;カタカナ語"
"まく","まく","播种；撒，洒，散发；甩掉（跟踪）","动词/他动词/五段动词","種をまく／水をまく","播种／洒水","N2","eggrolls;N2中频;原词性:他動1;音调:①;N2高频"
"まさか","まさか","怎能，想不到，难道；万一","副词/名词","まさかそんなことになるとは思わなかった","绝没想到事情会变成那样","N2","eggrolls;N2高频;原词性:副・名;音调:①"
"マスク","マスク","面具；口罩","名词","マスクをつける","带假面","N2","eggrolls;N2低频;原词性:名;音调:①;カタカナ語"
"ますます","ますます","越发，更加","副词","雨がますます激しくなる","雨越下越大","N2","eggrolls;N2高频;原词性:副;音调:②"
"まもなく","まもなく","不久，一会","副词","まもなく試験が始まる","考试马上就要开始了","N2","eggrolls;N2高频;原词性:副;音调:②"
"ミーティング","ミーティング","会议","名词","ミーティングをする","开会；讨论；碰头","N2","eggrolls;N2高频;原词性:名;音调:⓪;カタカナ語"
"ミス","ミス","错误，失误，失败；小姐；选美大赛的冠军","名词/サ变动词","ミスを犯す／ミスジャパン","犯错误／日本小姐","N2","eggrolls;N2高频;原词性:名・自他動3;音调:①;カタカナ語;原词性:名"
"メディア","メディア","手段，媒介；媒体","名词","マルチメディア","多媒体","N2","eggrolls;N2中频;原词性:名;音调:①;カタカナ語"
"モデル","モデル","模型；模范；模特","名词","飛行機のモデルを作る","做飞机模型","N2","eggrolls;N2高频;原词性:名;音调:①⓪;カタカナ語"
"ライス","ライス","（特指食堂等提供的）米饭","名词","ライスの大盛り","大碗白饭","N2","eggrolls;N2低频;原词性:名;音调:①;カタカナ語"
"ライト","ライト","光，灯；轻的；（颜色）明亮的，淡的","名词","ライトをつける","开灯","N2","eggrolls;N2低频;原词性:名;音调:①;カタカナ語"
"ラップ","ラップ","保鲜膜；（用保鲜膜）包","名词/サ变动词","料理をラップする","把饭菜用保鲜膜包起来","N2","eggrolls;N2中频;原词性:名・他動3;音调:⓪①;カタカナ語"
"わざと","わざと","故意","副词","わざと負ける","故意输给对方","N2","eggrolls;N2中频;原词性:副;音调:①"
"愛情","あいじょう","爱，爱护；爱情","名词","母の愛情","母爱","N2","eggrolls;N2高频;原词性:名;音调:⓪"
"握手","あくしゅ","握手","名词/サ变动词","彼と握手して別れた","和他握手道别了","N2","eggrolls;N2低频;原词性:名・自動3;音调:①"
"安定","あんてい","稳定；安稳","な形容词/名词/サ变动词","物価が安定している","物价稳定","N2","eggrolls;N2高频;原词性:ナ形・名・自動3;音调:⓪"
"偉大","いだい","伟大，出色","な形容词/名词","偉大な人物","伟大的人物","N2","eggrolls;N2中频;原词性:ナ形・名;音调:⓪"
"意義","いぎ","（特指词语的）意思；意义","名词","単語の表す意義を解き明かす","阐明词语的意义","N2","eggrolls;N2高频;原词性:名;音调:①"
"衣料","いりょう","衣料，衣服","名词","夏物衣料","夏季衣服","N2","eggrolls;N2低频;原词性:名;音调:①"
"違反","いはん","违反","名词/サ变动词","契約に違反する","违反合同","N2","eggrolls;N2中频;原词性:名・自動3;音调:⓪"
"医療","いりょう","医疗，治疗","名词","医療保険","医疗保险","N2","eggrolls;N2高频;原词性:名;音调:①"
"一言","ひとこと","一句话，三言两语","名词","最後に一言","最后讲几句话","N2","eggrolls;N2高频;原词性:名;音调:②"
"一口","ひとくち","一口；一点；一句话；一股，一份","名词","一口に食べる","一口吃下","N2","eggrolls;N2中频;原词性:名;音调:②"
"一瞬","いっしゅん","一瞬间","名词","一瞬の出来事","一瞬间发生的事","N2","eggrolls;N2中频;原词性:名;音调:⓪"
"一体","いったい","到底，究竟；原本，本来；大体上，总的说来","副词/名词","いったいどういうこと？","究竟怎么回事？","N2","eggrolls;N2高频;原词性:副・名;音调:⓪"
"印","しるし","记号；象征","名词","赤鉛筆で印をつけておく","用红铅笔做出标记","N2","eggrolls;N2中频;原词性:名;音调:⓪"
"陰","かげ","背阴处；背后，暗地","名词","木の陰で休む","在树阴下休息","N2","eggrolls;N2低频;原词性:名;音调:①"
"隠れる","かくれる","隐藏；隐遁","动词/自动词/一段动词","人込みに隠れる","藏身于人群中","N2","eggrolls;N2高频;原词性:自動2;音调:③"
"宇宙","うちゅう","宇宙","名词","宇宙のはて","宇宙的边际；天边","N2","eggrolls;N2高频;原词性:名;音调:①"
"運","うん","运，运气","名词","運がいい","运气好","N2","eggrolls;N2高频;原词性:名;音调:①"
"沿う","そう","沿着；遵照","动词/自动词/五段动词","川に沿ってサクラ並木が続いている","沿河两岸樱树成排","N2","eggrolls;N2高频;原词性:自動1;音调:①⓪"
"煙","けむり","烟；烟状物","名词","煙突から煙が出る","从烟囱冒烟","N2","eggrolls;N2中频;原词性:名;音调:⓪"
"汚染","おせん","污染","名词/サ变动词","放射能汚染","核污染","N2","eggrolls;N2低频;原词性:名・自他動3;音调:⓪"
"欧米","おうべい","欧美","名词","欧米を旅行する","到欧美国家旅行","N2","eggrolls;N2低频;原词性:名;音调:⓪"
"穏やか","おだやか","平稳；温和","な形容词","穏やかな海","平静的海面","N2","eggrolls;N2高频;原词性:ナ形;音调:②"
"下旬","げじゅん","下旬","名词","九月の下旬","九月下旬","N2","eggrolls;N2中频;原词性:名;音调:⓪"
"何しろ","なにしろ","无论如何，总之","副词","何しろ行ってみることだ","总之要去看看","N2","eggrolls;N2中频;原词性:副;音调:①"
"何となく","なんとなく","总觉得，不由得","副词","何となく泣きたくなる","不由得想哭","N2","eggrolls;N2中频;原词性:副;音调:④"
"やけど","やけど","烧伤，烫伤","名词/サ变动词","熱湯で足にやけどをした","开水烫了脚","N2","eggrolls;N2低频;原词性:名・自動3;音调:⓪"
"我々","われわれ","我们","代词","我々は断固勝つ","我们一定取胜","N2","eggrolls;N2中频;原词性:代;音调:⓪"
"画面","がめん","画面，屏幕","名词","画面が明るい","画面清晰","N2","eggrolls;N2高频;原词性:名;音调:①⓪"
"芽","め","芽；苗头","名词","芽を吹く","发芽","N2","eggrolls;N2中频;原词性:名;音调:①"
"解説","かいせつ","解说，讲解","名词/サ变动词","時事問題について解説する","讲解时事问题","N2","eggrolls;N2中频;原词性:名・他動3;音调:⓪"
"解放","かいほう","解放","名词/サ变动词","奴隷解放","解放奴隶","N2","eggrolls;N2中频;原词性:名・他動3;音调:⓪"
"回り道","まわりみち","绕远（路）","名词/サ变动词","この道は回り道になる","这条路绕远","N2","eggrolls;N2低频;原词性:名・自動3;音调:⓪③"
"回復","かいふく","恢复；康复","名词/サ变动词","景気が回復する","经济复苏","N2","eggrolls;N2高频;原词性:名・自他動3;音调:⓪"
"悔やむ","くやむ","懊悔，后悔；哀悼","动词/他动词/五段动词","今更悔やんでも仕方がない","事到如今后悔也没有用了","N2","eggrolls;N2中频;原词性:他動1;音调:②"
"改善","かいぜん","改善","名词/サ变动词","待遇を改善する","改善待遇","N2","eggrolls;N2高频;原词性:名・自他動3;音调:⓪"
"開発","かいはつ","开发；研发","名词/サ变动词","海洋開発","海洋开发","N2","eggrolls;N2高频;原词性:名・他動3;音调:⓪"
"開放","かいほう","打开；对外开放","名词/サ变动词","窓を開放する","打开窗户","N2","eggrolls;N2中频;原词性:名・他動3;音调:⓪"
"外れる","はずれる","脱落；偏离；落空","动词/自动词/一段动词","自転車のチェーンが外れた","自行车的链条掉了","N2","eggrolls;N2高频;原词性:自動2;音调:⓪"
"外部","がいぶ","外部，外边；外界","名词","車体の外部がへこむ","车体外部凹陷","N2","eggrolls;N2中频;原词性:名;音调:①"
"害","がい","害，害处","名词","健康に害がある","对健康有害","N2","eggrolls;N2中频;原词性:名;音调:①"
"拡大","かくだい","扩大","名词/サ变动词","ストライクが拡大する","罢工范围扩大","N2","eggrolls;N2高频;原词性:名・自他動3;音调:⓪"
"覚悟","かくご","决心，精神准备，死心","名词/サ变动词","覚悟を決める","下决心","N2","eggrolls;N2中频;原词性:名・自他動3;音调:①②"
"角度","かくど","角度；立场","名词","角度を測る","测量角度","N2","eggrolls;N2中频;原词性:名;音调:①"
"革","かわ","皮革","名词","革の靴","皮鞋","N2","eggrolls;N2低频;原词性:名;音调:②"
"学者","がくしゃ","学者","名词","一流の学者","一流的学者","N2","eggrolls;N2高频;原词性:名;音调:⓪"
"学問","がくもん","（系统地学习）专业知识，理论；学问，学识","名词/サ变动词","学問の世界","科学界；学术界","N2","eggrolls;N2中频;原词性:名・自動3;音调:②"
"株式会社","かぶしきがいしゃ","股份有限公司","名词","組織を株式会社にする","把体制改为股份有限公司","N2","eggrolls;N2高频;原词性:名;音调:⑤"
"乾杯","かんぱい","干杯","名词/サ变动词","乾杯の音頭をとる","带领大家干杯","N2","eggrolls;N2低频;原词性:名・自動3;音调:⓪"
"巻く","まく","卷，卷起；缠绕；包围","动词/自他动词/五段动词","手で巻いて食べる","用手卷起来吃","N2","eggrolls;N2中频;原词性:自他動1;音调:⓪"
"監督","かんとく","监督；导演；教练","名词/サ变动词","部下を監督する","监督部下","N2","eggrolls;N2高频;原词性:名・他動3;音调:⓪"
"看病","かんびょう","护理，看护","名词/サ变动词","病人を看病する","看护病人","N2","eggrolls;N2低频;原词性:名・他動3;音调:①"
"管","くだ","管子","名词","ゴムの管","橡胶管","N2","eggrolls;N2低频;原词性:名;音调:①"
"含む","ふくむ","含有，包含；怀（恨）","动词/他动词/五段动词","交通費を含む","包括交通费","N2","eggrolls;N2高频;原词性:他動1;音调:②"
"含める","ふくめる","包含，包括","动词/他动词/一段动词","子どもを含めて5人だ","包括孩子一共5人","N2","eggrolls;N2高频;原词性:他動2;音调:③"
"寄せる","よせる","使靠近；聚集；寄送","动词/自他动词/一段动词","車を左に寄せる","把车向左靠","N2","eggrolls;N2高频;原词性:自他動2;音调:⓪"
"旗","はた","旗帜","名词","旗を上げる","升旗","N2","eggrolls;N2中频;原词性:名;音调:②"
"すでに","すでに","已经","副词","すでに手遅れだ","为时已晚","N2","eggrolls;N2高频;原词性:副;音调:①"
"機器","きき","机械、器械、器具的总称","名词","医療機器","医疗器械","N2","eggrolls;N2中频;原词性:名;音调:①②"
"機嫌","きげん","心情","な形容词/名词","機嫌がいい","心情不错","N2","eggrolls;N2中频;原词性:ナ形・名;音调:⓪"
"気楽","きらく","轻松，安闲；无忧无虑，想得开","名词/な形容词","気楽に暮らす","安闲度日","N2","eggrolls;N2中频;原词性:名・ナ形;音调:⓪"
"記憶","きおく","记忆","名词/サ变动词","記憶を呼び起こす","唤起记忆","N2","eggrolls;N2高频;原词性:名・他動3;音调:⓪"
"記者","きしゃ","记者","名词","新聞記者","新闻记者，报社记者","N2","eggrolls;N2高频;原词性:名;音调:①②"
"義務","ぎむ","义务，本分","名词","義務を果たす","履行义务","N2","eggrolls;N2中频;原词性:名;音调:①"
"議員","ぎいん","议员","名词","議員に選ばれる","被选为议员","N2","eggrolls;N2中频;原词性:名;音调:①"
"議論","ぎろん","议论，讨论","名词/サ变动词","計画について議論する","讨论计划","N2","eggrolls;N2高频;原词性:名・他動3;音调:①"
"休暇","きゅうか","工作单位或学校等的休假，多指星期日或假日以外的休息","名词","夏期休暇","暑假","N2","eggrolls;N2高频;原词性:名;音调:⓪"
"休憩","きゅうけい","休息，歇","名词/サ变动词","少し休憩しましょう","稍微休息一下吧","N2","eggrolls;N2高频;原词性:名・自動3;音调:⓪"
"急速","きゅうそく","迅速，快速","な形容词","急速な進歩を遂げる","取得迅速的进步","N2","eggrolls;N2中频;原词性:ナ形;音调:⓪"
"求める","もとめる","寻求；想要；要求","动词/他动词/一段动词","職を求める","求职","N2","eggrolls;N2高频;原词性:他動2;音调:③"
"居眠り","いねむり","打瞌睡，打盹","名词/サ变动词","居眠り運転","打着盹开车","N2","eggrolls;N2中频;原词性:名・自動3;音调:②③"
"巨大","きょだい","巨大","な形容词","巨大な船","巨大的船","N2","eggrolls;N2中频;原词性:ナ形;音调:⓪"
"許可","きょか","许可，允许","名词/サ变动词","入学を許可する","准予入学","N2","eggrolls;N2高频;原词性:名・他動3;音调:①"
"競技","きょうぎ","体育比赛","名词/サ变动词","陸上競技","田径赛；田径运动","N2","eggrolls;N2高频;原词性:名・自動3;音调:①"
"強調","きょうちょう","强调","名词/サ变动词","学問の重要性を強調する","强调学问的重要性","N2","eggrolls;N2中频;原词性:名・他動3;音调:⓪"
"恐れる","おそれる","害怕；担心","动词/自他动词/一段动词","死を恐れる","怕死","N2","eggrolls;N2高频;原词性:自他動2;音调:③"
"恐縮","きょうしゅく","（表示客气或谢意）对不起，过意不去","名词/サ变动词","お見舞いいただき恐縮です","劳烦您来看我，实在过意不去","N2","eggrolls;N2高频;原词性:名・自動3;音调:⓪"
"挟まる","はさまる","夹住；夹在双方中间","动词/自动词/五段动词","指がドアに挟まった","手指夹在门缝里了","N2","eggrolls;N2低频;原词性:自動1;音调:③"
"挟む","はさむ","夹；插嘴；隔","动词/他动词/五段动词","本にしおりを挟む","在书里夹上书签","N2","eggrolls;N2高频;原词性:他動1;音调:②"
"教材","きょうざい","教材","名词","新聞を教材として使う","把报纸当教材用","N2","eggrolls;N2低频;原词性:名;音调:⓪"
"教授","きょうじゅ","教；教授","名词/サ变动词","日本語を教授する","教授日语","N2","eggrolls;N2中频;原词性:名・他動3;音调:⓪①"
"近づく","ちかづく","靠近；临近；亲近","动词/自动词/五段动词","目的地に近づいた","接近目的地了","N2","eggrolls;N2高频;原词性:自動1;音调:③"
"近づける","ちかづける","使靠近；使亲近","动词/他动词/一段动词","椅子をテーブルに近づける","把椅子靠近桌子","N2","eggrolls;N2中频;原词性:他動2;音调:④"
"近代","きんだい","近代；现代","名词","近代史","近代史","N2","eggrolls;N2中频;原词性:名;音调:①"
"近年","きんねん","近几年","名词","近年の科学の発達はすばらしい","近年来的科学发展真是了不起","N2","eggrolls;N2高频;原词性:名;音调:①"
"金額","きんがく","金额","名词","莫大な金額","巨大的金额","N2","eggrolls;N2高频;原词性:名;音调:⓪"
"金属","きんぞく","金属","名词","金属は熱で溶ける","金属因热而熔化","N2","eggrolls;N2低频;原词性:名;音调:①"
"苦しむ","くるしむ","感到痛苦；苦于","动词/自动词/五段动词","歯痛に苦しんでいる","牙疼得很痛苦","N2","eggrolls;N2中频;原词性:自動1;音调:③"
"傾向","けいこう","倾向，趋势","名词","物価は下がる傾向にある","物价有下降的趋势","N2","eggrolls;N2高频;原词性:名;音调:⓪"
"契約","けいやく","契约，合同","名词/サ变动词","契約を結ぶ","订立合同","N2","eggrolls;N2中频;原词性:名・他動3;音调:⓪"
"形式","けいしき","形式；方式；徒具形式","名词","ソナタ形式","奏鸣曲式","N2","eggrolls;N2高频;原词性:名;音调:⓪"
"敬意","けいい","敬意","名词","先生に敬意を払う","向老师致敬","N2","eggrolls;N2低频;原词性:名;音调:①"
"景気","けいき","景气；繁荣","名词","景気がいい","景气好","N2","eggrolls;N2中频;原词性:名;音调:⓪"
"警備","けいび","警备，警戒","名词/サ变动词","国境を警備する","守卫边疆","N2","eggrolls;N2高频;原词性:名・他動3;音调:①"
"激しい","はげしい","激烈的；（程度）厉害的","い形容词","雨が激しくなった","雨下得越发大了","N2","eggrolls;N2高频;原词性:イ形;音调:③"
"隙間","すきま","缝隙；闲暇","名词","岩の隙間から澄んだ水が流れている","从岩石缝里流出清澈的水","N2","eggrolls;N2中频;原词性:名;音调:⓪"
"欠ける","かける","缺口；缺少，欠缺","动词/自动词/一段动词","ちゃわんが欠ける","碗有缺口了","N2","eggrolls;N2中频;原词性:自動2;音调:⓪"
"研修","けんしゅう","研究，培训","名词/サ变动词","パソコンの研修を受ける","接受电脑培训","N2","eggrolls;N2高频;原词性:名・他動3;音调:⓪"
"絹","きぬ","丝绸","名词","絹製品","丝制品","N2","eggrolls;N2低频;原词性:名;音调:①"
"見下ろす","みおろす","俯视；小看","动词/他动词/五段动词","ビルの屋上から町を見下ろす","从大楼的屋顶俯瞰城市","N2","eggrolls;N2中频;原词性:他動1;音调:⓪③"
"見上げる","みあげる","仰望，仰视；尊敬","动词/他动词/一段动词","星空を見上げる","仰望星空","N2","eggrolls;N2低频;原词性:他動2;音调:⓪③"
"見直す","みなおす","重看；重新研究；刮目相看；（病情、经济等）好转","动词/自他动词/五段动词","答案を何度も見直す","多次检查答案","N2","eggrolls;N2高频;原词性:自他動1;音调:⓪③"
"見舞う","みまう","探望，慰问；（「…に見舞われる」の形で）遭受；攻击","动词/他动词/五段动词","病人を見舞う","探望病人","N2","eggrolls;N2中频;原词性:他動1;音调:⓪②"
"謙虚","けんきょ","谦虚","な形容词","人の意見を謙虚に聞く","谦虚地听取别人的意见","N2","eggrolls;N2中频;原词性:ナ形;音调:①"
"謙遜","けんそん","谦逊，谦虚，谦让","な形容词/名词/サ变动词","謙遜な態度","谦逊的态度","N2","eggrolls;N2低频;原词性:ナ形・名・自他動3;音调:⓪"
"賢い","かしこい","聪明","い形容词","賢いやり方","聪明的做法","N2","eggrolls;N2高频;原词性:イ形;音调:③"
"原稿","げんこう","原稿，底稿","名词","原稿用紙","稿纸","N2","eggrolls;N2高频;原词性:名;音调:⓪"
"現す","あらわす","出现，显露；发挥","动词/他动词/五段动词","姿を現す","出现","N2","eggrolls;N2高频;原词性:他動1;音调:③"
"現実","げんじつ","现实","名词","厳しい現実を思い知らされる","被迫认清残酷的现实","N2","eggrolls;N2高频;原词性:名;音调:⓪"
"現象","げんしょう","现象","名词","不思議な現象が起こった","发生了不可思议的现象","N2","eggrolls;N2高频;原词性:名;音调:⓪"
"現状","げんじょう","现状","名词","現状のままで結構です","保持现状就可以","N2","eggrolls;N2高频;原词性:名;音调:⓪"
"現代","げんだい","现代，如今，当代","名词","現代は宇宙開発の時代だ","现代是宇宙开发的时代","N2","eggrolls;N2高频;原词性:名;音调:①"
"言い出す","いいだす","说出口；最先说","动词/他动词/五段动词","突然離婚を言い出す","突然提出离婚","N2","eggrolls;N2低频;原词性:他動1;音调:③"
"限り","かぎり","限度，极限；在……范围内；只要……就……","名词","限りなく広い海","无边无际的海洋","N2","eggrolls;N2高频;原词性:名;音调:①③"
"雇う","やとう","雇佣，租雇","动词/他动词/五段动词","ガイドを雇う","雇向导","N2","eggrolls;N2中频;原词性:他動1;音调:②"
"誤解","ごかい","误解，误会","名词/サ变动词","誤解を招く","招惹误会","N2","eggrolls;N2高频;原词性:名・自他動3;音调:⓪"
"公開","こうかい","公开","名词/サ变动词","秘密を公開する","把秘密公开出来","N2","eggrolls;N2高频;原词性:名・他動3;音调:⓪"
"効く","きく","有效","动词/自动词/五段动词","この薬はあまりよく効かないよ","这个药没什么效果哦","N2","eggrolls;N2中频;原词性:自動1;音调:⓪"
"効率","こうりつ","效率","名词","効率を高める","提高效率","N2","eggrolls;N2中频;原词性:名;音调:⓪"
"好き嫌い","すききらい","好恶，挑剔","名词","食べ物の好き嫌いが激しい","吃东西太挑食","N2","eggrolls;N2高频;原词性:名;音调:②"
"幸い","さいわい","幸运；幸亏","名词/な形容词/副词","不幸中の幸い","不幸中之大幸","N2","eggrolls;N2高频;原词性:名・ナ形・副;音调:⓪"
"幸福","こうふく","幸福","名词/な形容词","幸福な人生を送る","过着幸福的人生","N2","eggrolls;N2中频;原词性:名・ナ形;音调:⓪"
"広まる","ひろまる","（抽象的范围）扩大，传播，扩展","动词/自动词/五段动词","知識が広まる","知识普及","N2","eggrolls;N2中频;原词性:自動1;音调:③⓪"
"さらに","さらに","更加；再","副词","雨はさらに激しくなった","雨下得更大了","N2","eggrolls;N2高频;原词性:副;音调:①"
"航空","こうくう","航空","名词","航空会社","航空公司","N2","eggrolls;N2中频;原词性:名;音调:⓪"
"行事","ぎょうじ","（有日程安排且有计划的）仪式，活动","名词","年中行事","一年中按惯例举行的活动","N2","eggrolls;N2高频;原词性:名;音调:①③"
"行列","ぎょうれつ","行列，队伍","名词/サ变动词","バスを待つ人の行列","等公交车的队伍","N2","eggrolls;N2高频;原词性:名・自動3;音调:⓪"
"講座","こうざ","（大学的）课程；（系统编成的）讲习会、广播节目、出版物","名词","歴史の講座を担当する","负责历史课程","N2","eggrolls;N2高频;原词性:名;音调:⓪"
"項目","こうもく","项目；条目","名词","報告書をいくつかの項目に分ける","把报告书分为若干项目","N2","eggrolls;N2高频;原词性:名;音调:⓪"
"香水","こうすい","香水","名词","香水をつける","喷香水","N2","eggrolls;N2中频;原词性:名;音调:⓪"
"高める","たかめる","提高","动词/他动词/一段动词","生活水準を高める","提高生活水平","N2","eggrolls;N2高频;原词性:他動2;音调:③"
"高級","こうきゅう","高级","名词/な形容词","高級料理","高级料理","N2","eggrolls;N2高频;原词性:名・ナ形;音调:⓪"
"刻む","きざむ","切细；雕刻；牢记","动词/他动词/五段动词","肉を刻む","把肉剁碎","N2","eggrolls;N2高频;原词性:他動1;音调:⓪"
"国々","くにぐに","各国","名词","国々の物産","各国的物产","N2","eggrolls;N2低频;原词性:名;音调:②"
"国家","こっか","国家","名词","民主国家","民主国家","N2","eggrolls;N2中频;原词性:名;音调:①"
"国会","こっかい","国会","名词","国会を解散した","解散了国会","N2","eggrolls;N2中频;原词性:名;音调:⓪"
"国民","こくみん","国民","名词","国民の義務","国民的义务","N2","eggrolls;N2中频;原词性:名;音调:⓪"
"腰掛ける","こしかける","坐下","动词/自动词/一段动词","椅子に腰掛ける","坐在椅子上","N2","eggrolls;N2低频;原词性:自動2;音调:④"
"込める","こめる","（感情、热情等）集中；包括在内；装填","动词/他动词/一段动词","心を込めて手紙を書く","用心写信","N2","eggrolls;N2高频;原词性:他動2;音调:②"
"困難","こんなん","困难；贫穷","名词/な形容词","困難を乗り越える","克服困难","N2","eggrolls;N2高频;原词性:名・ナ形;音调:①"
"混乱","こんらん","混乱","名词/サ变动词","停電で場内が混乱する","停电导致场内一片混乱","N2","eggrolls;N2中频;原词性:名・自動3;音调:⓪"
"座席","ざせき","座位","名词","空いた座席","空位子","N2","eggrolls;N2高频;原词性:名;音调:⓪"
"才能","さいのう","才能","名词","才能に恵まれる","富有才能","N2","eggrolls;N2高频;原词性:名;音调:⓪"
"財産","ざいさん","财产","名词","財産を築く","积累财产","N2","eggrolls;N2中频;原词性:名;音调:①"
"作業","さぎょう","工作，作业","名词","作業を始める","开始作业","N2","eggrolls;N2高频;原词性:名;音调:①"
"作者","さくしゃ","作者","名词","小説の作者","小说的作者","N2","eggrolls;N2高频;原词性:名;音调:①"
"作成","さくせい","写，作（文章、图表、文件、计划、方针等）","名词/サ变动词","計画書を作成する","拟订计划书","N2","eggrolls;N2高频;原词性:名・他動3;音调:⓪"
"昨年","さくねん","去年","名词","昨年の秋","去年秋天","N2","eggrolls;N2高频;原词性:名;音调:⓪"
"撮影","さつえい","摄影，拍摄","名词/サ变动词","記念撮影","纪念照","N2","eggrolls;N2高频;原词性:名・他動3;音调:⓪"
"こする","こする","摩擦，搓","动词/他动词/五段动词","タオルで体をこする","用毛巾擦身体","N2","eggrolls;N2低频;原词性:他動1;音调:②"
"散らかす","ちらかす","弄得乱七八糟","动词/他动词/五段动词","部屋を散らかす","把屋子弄得乱七八糟","N2","eggrolls;N2低频;原词性:他動1;音调:⓪"
"散る","ちる","凋谢；零乱；分散","动词/自动词/五段动词","桜が散る","樱花凋谢","N2","eggrolls;N2中频;原词性:自動1;音调:⓪"
"産地","さんち","产地","名词","産地で買い付ける","在产地采购","N2","eggrolls;N2中频;原词性:名;音调:①"
"刺す","さす","刺，穿","动词/他动词/五段动词","魚を串に刺す","把鱼串在扦子上","N2","eggrolls;N2低频;原词性:他動1;音调:①"
"姉妹","しまい","姐妹；同一系统之物","名词","異父姉妹","异父姊妹","N2","eggrolls;N2低频;原词性:名;音调:①"
"思わず","おもわず","不由得","副词","思わず涙が出た","禁不住流泪","N2","eggrolls;N2中频;原词性:副;音调:②"
"支える","ささえる","支撑；维持","动词/他动词/一段动词","はしごが倒れないように下で支える","为防止梯子倒下来，在下面扶着","N2","eggrolls;N2高频;原词性:他動2;音调:⓪③"
"資格","しかく","资格；身份","名词","資格を失う","失去资格","N2","eggrolls;N2高频;原词性:名;音调:⓪"
"事実","じじつ","事实，真相；事实上，确实","副词/名词","事実を明らかにする","弄清事实","N2","eggrolls;N2高频;原词性:副・名;音调:①"
"自習","じしゅう","自习，自学","名词/サ变动词","先生がお休みなので、この時間は自習をしてください","因为老师请假，这节课请自习","N2","eggrolls;N2中频;原词性:名・自他動3;音调:⓪"
"失う","うしなう","失去；错过；迷失","动词/他动词/五段动词","信用を失う","失去信任","N2","eggrolls;N2高频;原词性:他動1;音调:⓪"
"失望","しつぼう","失望","名词/サ变动词","まったく彼には失望した","我对他完全失望了","N2","eggrolls;N2中频;原词性:名・自動3;音调:⓪"
"質","しつ","质量；素质","名词","この生地は値段もいいが質もよい","这块布料虽说价钱不便宜，但质量很好","N2","eggrolls;N2高频;原词性:名;音调:⓪"
"実感","じっかん","真实感受，体会","名词/サ变动词","教育の重要性を実感する","体会到教育的重要性","N2","eggrolls;N2高频;原词性:名・他動3;音调:⓪"
"実現","じつげん","实现","名词/サ变动词","長年の夢を実現する","实现多年的梦想","N2","eggrolls;N2高频;原词性:名・自他動3;音调:⓪"
"実績","じっせき","实际成绩，实际成果","名词","実績がない","没有实际成果","N2","eggrolls;N2中频;原词性:名;音调:⓪"
"手続き","てつづき","手续，程序","名词","手続きをすませる","办好手续","N2","eggrolls;N2高频;原词性:名;音调:②"
"手入れ","ていれ","收拾，修整；检举，搜捕","名词/サ变动词","庭木の手入れをする","修剪庭院的树木","N2","eggrolls;N2高频;原词性:名・他動3;音调:③①"
"種","たね","种子；原因；素材","名词","種をまく","播种","N2","eggrolls;N2高频;原词性:名;音调:①"
"授業料","じゅぎょうりょう","学费","名词","授業料を滞納する","拖欠学费","N2","eggrolls;N2中频;原词性:名;音调:②"
"周辺","しゅうへん","周边，四周","名词","大都市周辺の住宅地","大都市周边的住宅区","N2","eggrolls;N2高频;原词性:名;音调:⓪"
"就く","つく","就，就职，上任","动词/自动词/五段动词","社長のポストに就く","就任社长一职","N2","eggrolls;N2高频;原词性:自動1;音调:①②"
"就ける","つける","让（某人）就任职位","动词/他动词/一段动词","職に就ける","使就职","N2","eggrolls;N2中频;原词性:他動2;音调:②"
"集まり","あつまり","集会；集合","名词","きょうの集まりは8時からです","今天的会从八点开始","N2","eggrolls;N2中频;原词性:名;音调:③④⓪"
"集団","しゅうだん","集体，集团","名词","集団食中毒が発生した","发生了集体食物中毒","N2","eggrolls;N2高频;原词性:名;音调:⓪"
"住宅","じゅうたく","住宅，住房","名词","建て売り住宅","建成出售的住宅","N2","eggrolls;N2高频;原词性:名;音调:⓪"
"住民","じゅうみん","居民","名词","住民はごみ焼却炉の建設に反対している","居民反对建设垃圾焚化炉","N2","eggrolls;N2高频;原词性:名;音调:⓪"
"重点","じゅうてん","重点","名词","英語に重点を置いて勉強する","把重点放在英语上来学习","N2","eggrolls;N2中频;原词性:名;音调:③⓪"
"祝う","いわう","祝贺，庆贺","动词/他动词/五段动词","誕生日を祝う","庆祝生日","N2","eggrolls;N2低频;原词性:他動1;音调:②"
"縮む","ちぢむ","（长度、面积、体积、时间、间隔等）缩短，缩小；（因为恐怖、紧张等）畏缩","动词/自动词/五段动词","セーターが縮む","毛衣缩水","N2","eggrolls;N2中频;原词性:自動1;音调:⓪"
"縮める","ちぢめる","缩短，缩小；蜷曲","动词/他动词/一段动词","期限を縮める","缩短期限","N2","eggrolls;N2中频;原词性:他動2;音调:⓪"
"出版","しゅっぱん","出版","名词/サ变动词","自費で出版する","自费出版","N2","eggrolls;N2高频;原词性:名・他動3;音调:⓪"
"出来事","できごと","事件，事故","名词","その日は大した出来事もなかった","那天没发生什么特别的事","N2","eggrolls;N2高频;原词性:名;音调:②"
"出来上がる","できあがる","完成，做完，做好","动词/自动词/五段动词","作品ができあがる","作品完成","N2","eggrolls;N2高频;原词性:自動1;音调:⓪④"
"述べる","のべる","叙述，陈述，说明","动词/他动词/一段动词","意見を述べる","陈述意见","N2","eggrolls;N2高频;原词性:他動2;音调:②"
"順序","じゅんじょ","顺序；流程","名词","順序を乱す","打乱顺序","N2","eggrolls;N2中频;原词性:名;音调:①"
"順調","じゅんちょう","顺利，顺畅","名词/な形容词","工事が順調だ","工程进展顺利","N2","eggrolls;N2高频;原词性:名・ナ形;音调:⓪"
"処理","しょり","处理，办理","名词/サ变动词","きちんと処理する","妥善地处理","N2","eggrolls;N2高频;原词性:名・他動3;音调:①"
"初対面","しょたいめん","初次见面","名词","初対面の挨拶","初次见面的寒暄","N2","eggrolls;N2高频;原词性:名;音调:②"
"書店","しょてん","书店","名词","本屋","书店","N2","eggrolls;N2高频;原词性:名;音调:⓪①"
"助かる","たすかる","得救；负担减轻","动词/自动词/五段动词","命が助かる","得救了","N2","eggrolls;N2高频;原词性:自動1;音调:③"
"勝手","かって","随意，任意，擅自","名词/な形容词","自分の勝手のいいようにする","随自己的方便行事","N2","eggrolls;N2高频;原词性:名・ナ形;音调:⓪"
"商売","しょうばい","买卖，生意","名词/サ变动词","商売繁盛","生意兴隆","N2","eggrolls;N2中频;原词性:名・自動3;音调:①"
"省く","はぶく","省略；节省","动词/他动词/五段动词","説明を省く","解释从略","N2","eggrolls;N2高频;原词性:他動1;音调:②"
"賞","しょう","奖，奖赏","名词","ノーベル文学賞","诺贝尔文学奖","N2","eggrolls;N2高频;原词性:名;音调:①"
"上達","じょうたつ","（技艺、学术等）长进，进步","名词/サ变动词","上達が早い","进步快","N2","eggrolls;N2高频;原词性:名・自動3;音调:⓪"
"乗客","じょうきゃく","乘客，旅客","名词","事故で多数の乗客が死傷する","事故造成多名乘客死伤","N2","eggrolls;N2低频;原词性:名;音调:⓪"
"場面","ばめん","场面，场景","名词","悲しい場面","悲哀的场面","N2","eggrolls;N2高频;原词性:名;音调:①⓪"
"常識","じょうしき","常识","名词","常識がない","没有常识","N2","eggrolls;N2高频;原词性:名;音调:⓪"
"条件","じょうけん","条件","名词","条件をつける","附加条件","N2","eggrolls;N2高频;原词性:名;音调:③"
"状況","じょうきょう","情况，状况","名词","あの時とは状況が変わったんだ","和那时不同，情况变了","N2","eggrolls;N2高频;原词性:名;音调:⓪"
"蒸し暑い","むしあつい","闷热的","い形容词","蒸し暑い天気","闷热的天气","N2","eggrolls;N2中频;原词性:イ形;音调:④"
"譲る","ゆずる","转让；谦让；出让","动词/他动词/五段动词","友だちに本を譲る","把书让给朋友","N2","eggrolls;N2高频;原词性:他動1;音调:⓪"
"職業","しょくぎょう","职业","名词","彼の職業は弁護士です","他的职业是律师","N2","eggrolls;N2高频;原词性:名;音调:②"
"職場","しょくば","工作岗位，工作单位，车间","名词","職場を離れる","离开工作岗位","N2","eggrolls;N2高频;原词性:名;音调:③⓪"
"食う","くう","（男性用语）吃；生活；（くう）花费","动词/自他动词/五段动词","食うに困らない","不愁吃","N2","eggrolls;N2低频;原词性:自他動1;音调:①"
"食費","しょくひ","伙食费，饭费","名词","食費を計算する","计算伙食费","N2","eggrolls;N2高频;原词性:名;音调:⓪"
"食物","しょくもつ","食物","名词","栄養のある食物","营养丰富的食物","N2","eggrolls;N2高频;原词性:名;音调:②"
"信頼","しんらい","信任，信赖","名词/サ变动词","信頼しにくい人","难以信赖的人","N2","eggrolls;N2高频;原词性:名・他動3;音调:⓪"
"心理","しんり","心理","名词","人間の複雑な心理を描く","描写人的复杂心理","N2","eggrolls;N2高频;原词性:名;音调:①"
"振る舞う","ふるまう","行动，动作；招待","动词/自他动词/五段动词","自由に振る舞う","自由行动","N2","eggrolls;N2中频;原词性:自他動1;音调:③"
"新た","あらた","新；重新","な形容词","新たにできた店","新开的店铺","N2","eggrolls;N2高频;原词性:ナ形;音调:①"
"深まる","ふかまる","（事物的程度）加深，变深","动词/自动词/五段动词","秋が深まる","秋意渐浓","N2","eggrolls;N2高频;原词性:自動1;音调:③"
"深刻","しんこく","严重，严峻；严肃","な形容词","深刻な環境汚染問題","严重的环境污染问题","N2","eggrolls;N2高频;原词性:ナ形;音调:⓪"
"真っ白","まっしろ","雪白；空白","名词/な形容词","山の上に真っ白な雪が降り積もっている","山顶上堆积着皑皑的白雪","N2","eggrolls;N2中频;原词性:名・ナ形;音调:③"
"真似","まね","模仿，效法；行为，举止","名词/サ变动词","人の真似がうまい","善于模仿别人","N2","eggrolls;N2高频;原词性:名・自他動3;音调:⓪"
"真似る","まねる","效仿，模仿","动词/他动词/一段动词","書き方を真似る","模仿写法","N2","eggrolls;N2中频;原词性:他動2;音调:⓪"
"身分","みぶん","身份，社会地位；境遇，遭遇","名词","身分を証明する","证明身份","N2","eggrolls;N2高频;原词性:名;音调:①"
"震える","ふるえる","震动；发抖","动词/自动词/一段动词","強風で窓ががたがた震える","强风吹得窗户嘎嘎作响","N2","eggrolls;N2低频;原词性:自動2;音调:⓪"
"人物","じんぶつ","人物；人品；人才","名词","彼女は人物画が得意だ","她擅长画人物画","N2","eggrolls;N2高频;原词性:名;音调:①"
"水分","すいぶん","水分","名词","水分を吸収する","吸收水分","N2","eggrolls;N2高频;原词性:名;音调:①"
"睡眠","すいみん","睡眠","名词/サ变动词","睡眠不足","睡眠不足","N2","eggrolls;N2高频;原词性:名・自動3;音调:⓪"
"性質","せいしつ","性格，性情；性质","名词","性質が大人しい","性情温和","N2","eggrolls;N2高频;原词性:名;音调:⓪"
"性能","せいのう","性能，效能","名词","この自動車は性能がよい","这辆汽车性能很好","N2","eggrolls;N2高频;原词性:名;音调:⓪"
"成立","せいりつ","成立，通过","名词/サ变动词","内閣が成立した","内阁组成了","N2","eggrolls;N2高频;原词性:名・自動3;音调:⓪"
"政府","せいふ","政府","名词","日本政府の対応に全世界が注目している","全世界都注视着日本政府的举措","N2","eggrolls;N2高频;原词性:名;音调:①"
"正に","まさに","确实，就是；恰好","副词","彼こそ正に私の探している人だ","他才正是我在寻找的人","N2","eggrolls;N2中频;原词性:副;音调:①"
"正式","せいしき","正式，正规","名词/な形容词","正式な手続き","正式的手续","N2","eggrolls;N2中频;原词性:名・ナ形;音调:⓪"
"生き生き","いきいき","生动，生气勃勃","副词/サ变动词","生き生きした表情","生动的表情","N2","eggrolls;N2中频;原词性:副・自動3;音调:③②;オノマトペ"
"生じる","しょうじる","长；发生，产生","动词/自他动词/一段动词","カビが生じる","发霉","N2","eggrolls;N2高频;原词性:自他動2;音调:⓪③"
"生存","せいぞん","生存","名词/サ变动词","生存競争がはげしい","生存竞争很激烈","N2","eggrolls;N2低频;原词性:名・自動3;音调:⓪"
"生地","きじ","布料；本来面目，本色；面团","名词","洋服の生地","服装面料","N2","eggrolls;N2中频;原词性:名;音调:①"
"生命","せいめい","生命，性命；关键","名词","生命を維持する","维持生命","N2","eggrolls;N2中频;原词性:名;音调:①"
"製作","せいさく","制造，制作","名词/サ变动词","自動車の部品を製作する会社","生产汽车零件的公司","N2","eggrolls;N2中频;原词性:名・他動3;音调:⓪"
"積む","つむ","装载；堆积；积累","动词/他动词/五段动词","車に荷物を積んでください","请把行李装上车","N2","eggrolls;N2高频;原词性:他動1;音调:⓪"
"積もる","つもる","堆积；累积；估算","动词/自他动词/五段动词","雪が積もる","积起了雪","N2","eggrolls;N2中频;原词性:自他動1;音调:②"
"責任","せきにん","责任，职责","名词","責任を逃れる","逃避责任","N2","eggrolls;N2高频;原词性:名;音调:⓪"
"設計","せっけい","设计；规划","名词/サ变动词","建物の設計をする","设计楼房","N2","eggrolls;N2高频;原词性:名・他動3;音调:⓪"
"設備","せつび","设备，配备","サ变动词/名词","設備が充実している","设备齐全","N2","eggrolls;N2高频;原词性:他動3・名;音调:①"
"節約","せつやく","节约，节省","名词/サ变动词","光熱費を節約する","节约水电杂费","N2","eggrolls;N2高频;原词性:名・他動3;音调:⓪"
"絶えず","たえず","不断地，总是","副词","絶えず熱心に勉強する","不断地努力学习","N2","eggrolls;N2低频;原词性:副;音调:①"
"先ほど","さきほど","刚才","名词/副词","彼は先ほど出発した","他刚才出发了","N2","eggrolls;N2高频;原词性:名・副;音调:⓪"
"専攻","せんこう","专业，专业研究","名词/サ变动词","日本語を専攻する","主修日语","N2","eggrolls;N2中频;原词性:名・他動3;音调:⓪"
"尖る","とがる","尖；紧张；不高兴，发火","动词/自动词/五段动词","上のとがった帽子","尖顶帽子","N2","eggrolls;N2低频;原词性:自動1;音调:②"
"選挙","せんきょ","选举，推选","名词/サ变动词","選挙に勝つ","竞选获胜；当选","N2","eggrolls;N2高频;原词性:名・他動3;音调:①"
"全身","ぜんしん","全身","名词","全身泥だらけ","满身是泥","N2","eggrolls;N2中频;原词性:名;音调:⓪"
"素直","すなお","直率，老实","な形容词","明るく素直な少年","开朗率直的少年","N2","eggrolls;N2高频;原词性:ナ形;音调:①"
"ねずみ","ねずみ","老鼠","名词","ねずみがちゅうちゅう鳴く","老鼠吱吱地叫","N2","eggrolls;N2中频;原词性:名;音调:⓪"
"創作","そうさく","创作，创造","名词/サ变动词","小説を創作する","创作小说","N2","eggrolls;N2中频;原词性:名・他動3;音调:⓪"
"爽やか","さわやか","（天气）清爽，（心情）爽快；清楚，鲜明","な形容词","爽やかな秋の一日","秋高气爽的一天","N2","eggrolls;N2高频;原词性:ナ形;音调:②"
"操作","そうさ","操作，操纵；控制，篡改","名词/サ变动词","遠隔操作","遥控","N2","eggrolls;N2中频;原词性:名・他動3;音调:①"
"争う","あらそう","争夺；争论","动词/自他动词/五段动词","優勝を争う","争夺冠军","N2","eggrolls;N2高频;原词性:自他動1;音调:③"
"送別","そうべつ","送别，送行","名词/サ变动词","送別会","送别会","N2","eggrolls;N2中频;原词性:名・他動3;音调:⓪"
"騒音","そうおん","杂音，噪声","名词","騒音に悩まされる","被噪音所扰","N2","eggrolls;N2中频;原词性:名;音调:⓪"
"足下","あしもと","脚下，身边；脚步；立场","名词","足もとに気をつけてください","小心脚下","N2","eggrolls;N2中频;原词性:名;音调:③④"
"速達","そくたつ","快信，快件","名词","速達だとあすには着く","快递的话明天可以送到","N2","eggrolls;N2低频;原词性:名;音调:⓪"
"存在","そんざい","存在","名词/サ变动词","神の存在を信じる","相信上帝的存在","N2","eggrolls;N2高频;原词性:名・自動3;音调:⓪"
"損","そん","不利；亏损","名词/な形容词","この情報は知っていて損はない","知道这些资讯没有坏处","N2","eggrolls;N2高频;原词性:名・ナ形;音调:①"
"打ち合わせ","うちあわせ","事先商量","名词","仕事の打ち合わせをする","进行工作洽谈","N2","eggrolls;N2高频;原词性:名;音调:⓪"
"対策","たいさく","对策","名词","対策を立てる","制定对策","N2","eggrolls;N2高频;原词性:名;音调:⓪"
"対象","たいしょう","对象","名词","課税の対象","课税对象","N2","eggrolls;N2高频;原词性:名;音调:⓪"
"大臣","だいじん","大臣","名词","外務大臣","外交部长","N2","eggrolls;N2高频;原词性:名;音调:①"
"短期","たんき","短期","名词","短期借入金","短期借款","N2","eggrolls;N2高频;原词性:名;音调:①"
"短所","たんしょ","短处，缺点","名词","私の短所はあきっぽいことだ","我的缺点是没常性","N2","eggrolls;N2低频;原词性:名;音调:①"
"段階","だんかい","阶段；等级","名词","その研究の第2段階に入る","进入该研究的第二阶段","N2","eggrolls;N2高频;原词性:名;音调:⓪"
"知人","ちじん","熟人，朋友","名词","空港で知人に会う","在机场遇到熟人","N2","eggrolls;N2中频;原词性:名;音调:⓪"
"地域","ちいき","地域，地区","名词","雪の多い地域","多雪地区","N2","eggrolls;N2高频;原词性:名;音调:①"
"地方","ちほう","地区；（相对于中央）地方","名词","九州地方","九州地区","N2","eggrolls;N2高频;原词性:名;音调:①②"
"注目","ちゅうもく","注目，注视","名词/サ变动词","注目を浴びる","受到关注","N2","eggrolls;N2高频;原词性:名・自他動3;音调:⓪"
"著者","ちょしゃ","作者","名词","著者不明の書","著者不详的书","N2","eggrolls;N2中频;原词性:名;音调:①"
"調節","ちょうせつ","调节，调整","名词/サ变动词","ラジオの音量を調節する","调整收音机的音量","N2","eggrolls;N2高频;原词性:名・他動3;音调:⓪"
"長期","ちょうき","长期","名词","病気のために長期欠勤する","因病长期缺勤","N2","eggrolls;N2高频;原词性:名;音调:①"
"長所","ちょうしょ","长处，优点","名词","親切なのが彼の長所だ","热心肠是他的优点","N2","eggrolls;N2高频;原词性:名;音调:①"
"長方形","ちょうほうけい","长方形","名词","正方形","正方形","N2","eggrolls;N2低频;原词性:名;音调:③⓪"
"通過","つうか","经过，驶过不停；通过","名词/サ变动词","次の駅は通過する","下一站不停车","N2","eggrolls;N2中频;原词性:名・自動3;音调:⓪"
"通信","つうしん","通信，通讯","名词/サ变动词","通信がとだえる","音信不通","N2","eggrolls;N2高频;原词性:名・自他動3;音调:⓪"
"潰す","つぶす","弄碎，弄坏；败坏；消磨","动词/他动词/五段动词","卵を潰す","把鸡蛋弄碎","N2","eggrolls;N2高频;原词性:他動1;音调:⓪"
"低下","ていか","降低；变差","名词/サ变动词","日本の出生率は低下している","日本的出生率在下降","N2","eggrolls;N2高频;原词性:名・自動3;音调:⓪"
"提案","ていあん","提案，提议","名词/サ变动词","彼は新プロジェクトの提案者だ","他是提议新项目的人","N2","eggrolls;N2高频;原词性:名・他動3;音调:⓪"
"提出","ていしゅつ","提出，提交","名词/サ变动词","レポートを提出する","提交报告","N2","eggrolls;N2高频;原词性:名・他動3;音调:⓪"
"締め切る","しめきる","截至，结束","动词/他动词/五段动词","受付を締め切る","结束受理","N2","eggrolls;N2中频;原词性:他動1;音调:③⓪"
"伝統","でんとう","传统","名词","伝統に縛られる","为传统所束缚","N2","eggrolls;N2高频;原词性:名;音调:⓪"
"都心","としん","市中心；东京中心","名词","彼は都心に住んでいる","他住在市中心/东京中心","N2","eggrolls;N2中频;原词性:名;音调:⓪"
"盗難","とうなん","失窃，被盗","名词","盗難届けを出す","报案失窃","N2","eggrolls;N2低频;原词性:名;音调:⓪"
"答案","とうあん","答案；试卷","名词","模範答案","标准答案","N2","eggrolls;N2低频;原词性:名;音调:⓪"
"踏み切り","ふみきり","（公路、铁路的）交叉口，道口","名词","踏み切りを渡る","穿过铁路道口","N2","eggrolls;N2低频;原词性:名;音调:⓪"
"得","とく","收益；有利","名词/な形容词","そのほうがお得だろう","那样比较划算吧","N2","eggrolls;N2高频;原词性:名・ナ形;音调:⓪"
"特色","とくしょく","特色，特长","名词","自由な校風が本学の特色だ","自由的校风是本校的特色","N2","eggrolls;N2中频;原词性:名;音调:⓪"
"独特","どくとく","独特，特有","名词/な形容词","日本料理独特の味","日本料理独特的风味","N2","eggrolls;N2高频;原词性:名・ナ形;音调:⓪"
"日当たり","ひあたり","阳光照射处","名词","この部屋は日当たりがよい","这间房子向阳","N2","eggrolls;N2高频;原词性:名;音调:⓪"
"日付","ひづけ","年月日，日期","名词","手紙に日付を書く","在信里写上日期","N2","eggrolls;N2高频;原词性:名;音调:⓪"
"入場","にゅうじょう","入场","名词/サ变动词","選手たちが入場する","运动员们入场","N2","eggrolls;N2中频;原词性:名・自動3;音调:⓪"
"年代","ねんだい","年代；时代","名词","年代順に書く","按年代顺序写","N2","eggrolls;N2高频;原词性:名;音调:⓪"
"能率","のうりつ","（工作）效率","名词","能率を高める","提高效率","N2","eggrolls;N2高频;原词性:名;音调:⓪"
"能力","のうりょく","能力","名词","能力を伸ばす","提高能力","N2","eggrolls;N2高频;原词性:名;音调:①"
"農家","のうか","农家，农户","名词","専業農家","专业农户","N2","eggrolls;N2高频;原词性:名;音调:①"
"農作物","のうさくぶつ","农作物","名词","今年は農作物の出来がたいへんよい","今年庄稼长得很好","N2","eggrolls;N2中频;原词性:名;音调:④③"
"農産物","のうさんぶつ","农产品","名词","農産物輸出国","农产品出口国","N2","eggrolls;N2中频;原词性:名;音调:③"
"俳優","はいゆう","演员（有时特指男演员）","名词","いまいちばん人気のある映画俳優","现在最红的电影演员","N2","eggrolls;N2高频;原词性:名;音调:⓪"
"背負う","せおう","背；担负","动词/他动词/五段动词","荷物を背負う","背行李","N2","eggrolls;N2中频;原词性:他動1;音调:②"
"売れ行き","うれゆき","销路，销售情况","名词","売れ行きがいい","销售情况好","N2","eggrolls;N2高频;原词性:名;音调:⓪"
"拍手","はくしゅ","拍手，鼓掌","名词/サ变动词","心から拍手を送る","衷心鼓掌","N2","eggrolls;N2中频;原词性:名・自動3;音调:①"
"発達","はったつ","发育；发达，进步","名词/サ变动词","発達障害","心理发展障碍","N2","eggrolls;N2高频;原词性:名・自動3;音调:⓪"
"発明","はつめい","发明","名词/サ变动词","新しい製法を発明する","发明了新的制造方法","N2","eggrolls;N2中频;原词性:名・他動3;音调:⓪"
"抜く","ぬく","拔出；放掉，排除；省略；超过","动词/他动词/五段动词","虫歯を抜く","拔蛀牙","N2","eggrolls;N2高频;原词性:他動1;音调:⓪"
"伴う","ともなう","伴随；带领，携同","动词/自他动词/五段动词","科学の進歩に伴って","随着科学的进步","N2","eggrolls;N2高频;原词性:自他動1;音调:③"
"判断","はんだん","判断","名词/サ变动词","判断がつく","能作出判断","N2","eggrolls;N2高频;原词性:名・他動3;音调:①"
"反抗","はんこう","反抗，对抗","名词/サ变动词","反抗期","（未成年人的）反抗期","N2","eggrolls;N2高频;原词性:名・自動3;音调:⓪"
"反面","はんめん","反面；另一面","名词","壁の反面","墙的另一面","N2","eggrolls;N2中频;原词性:名;音调:③⓪"
"範囲","はんい","范围，界限","名词","範囲を超える","超出范围","N2","eggrolls;N2高频;原词性:名;音调:①"
"批判","ひはん","批评，批判","名词/サ变动词","批判に耳を傾ける","倾听批评","N2","eggrolls;N2高频;原词性:名・他動3;音调:⓪"
"皮膚","ひふ","皮肤","名词","皮膚が荒れている","皮肤粗糙","N2","eggrolls;N2中频;原词性:名;音调:①"
"費用","ひよう","费用","名词","旅行の費用をためる","攒旅行费用","N2","eggrolls;N2高频;原词性:名;音调:①"
"飛び込む","とびこむ","跳入；突然闯入；参加，投入","动词/自动词/五段动词","プールに飛び込む","跳进游泳池","N2","eggrolls;N2低频;原词性:自動1;音调:③"
"必死","ひっし","必死；拼命","名词/な形容词","必死の覚悟","殊死的决心","N2","eggrolls;N2高频;原词性:名・ナ形;音调:⓪"
"表れる","あらわれる","表现，显出","动词/自动词/一段动词","努力が結果に表れる","努力有了结果","N2","eggrolls;N2低频;原词性:自動2;音调:④"
"表示","ひょうじ","表示，显示；表明","名词/サ变动词","電車の時刻を表示する","显示电车的发车时刻","N2","eggrolls;N2低频;原词性:名・他動3;音调:⓪①"
"表情","ひょうじょう","表情，神情","名词","表情が変わる","表情变化","N2","eggrolls;N2高频;原词性:名;音调:③"
"付近","ふきん","附近","名词","この付近にはコンビニが何軒もある","这附近有好几家便利店","N2","eggrolls;N2低频;原词性:名;音调:①②"
"布","ぬの","布","名词","布を織る","织布","N2","eggrolls;N2高频;原词性:名;音调:⓪"
"敷く","しく","铺；铺设","动词/他动词/五段动词","布団を敷く","铺被子","N2","eggrolls;N2中频;原词性:他動1;音调:⓪"
"普及","ふきゅう","普及","名词/サ变动词","テレビが普及する","电视普及","N2","eggrolls;N2高频;原词性:名・自他動3;音调:⓪"
"浮かぶ","うかぶ","漂，浮；浮起；想起","动词/自动词/五段动词","木の葉が水に浮かぶ","树叶漂在水上","N2","eggrolls;N2高频;原词性:自動1;音调:⓪"
"浮かべる","うかべる","使……浮起；使……出现；想起","动词/他动词/一段动词","笑みを浮かべる","面泛笑容","N2","eggrolls;N2中频;原词性:他動2;音调:⓪"
"舞台","ぶたい","舞台；场面","名词","舞台に立つ","登上舞台","N2","eggrolls;N2高频;原词性:名;音调:①"
"風景","ふうけい","风景，景色；情景，状况","名词","山村の風景","山村的风景","N2","eggrolls;N2高频;原词性:名;音调:①"
"幅","はば","宽度；幅度","名词","幅50メートルの道路","五十米宽的马路","N2","eggrolls;N2高频;原词性:名;音调:⓪"
"覆う","おおう","蒙上；掩饰；笼罩","动词/他动词/五段动词","手で顔を覆う","用手蒙住脸","N2","eggrolls;N2中频;原词性:他動1;音调:⓪②"
"物事","ものごと","一切事物","名词","物事は始めが大切だ","万事开头最重要","N2","eggrolls;N2高频;原词性:名;音调:②"
"雰囲気","ふんいき","气氛，氛围","名词","静かな雰囲気","寂静的气氛","N2","eggrolls;N2高频;原词性:名;音调:③"
"平ら","たいら","平，平坦","な形容词/名词","平らな道","平坦的道路","N2","eggrolls;N2中频;原词性:ナ形・名;音调:⓪"
"変更","へんこう","变更；改动","名词/サ变动词","メンバーに変更がある","成员有所变动","N2","eggrolls;N2高频;原词性:名・他動3;音调:⓪"
"保存","ほぞん","保存","名词/サ变动词","領収書を保存する","保存收据","N2","eggrolls;N2高频;原词性:名・他動3;音调:⓪"
"暮れ","くれ","黄昏；季末；年终","名词","暮れ方","黄昏","N2","eggrolls;N2中频;原词性:名;音调:⓪"
"崩す","くずす","拆，粉碎，使崩溃，使分崩离析；打乱；换零钱","动词/他动词/五段动词","ダイナマイトで岩を崩す","用炸药炸毁岩石","N2","eggrolls;N2中频;原词性:他動1;音调:②"
"放す","はなす","放开；置之不理","动词/他动词/五段动词","かごの中の鳥を放す","把鸟笼中的鸟放走","N2","eggrolls;N2中频;原词性:他動1;音调:②"
"方面","ほうめん","方面，领域；（开往……）方向","名词","この方面の研究では日本が世界をリードしている","这个领域的研究日本在世界上领先","N2","eggrolls;N2低频;原词性:名;音调:③"
"望む","のぞむ","眺望；希望","动词/他动词/五段动词","ここからは富士山を望むことができる","从这儿可以眺望富士山","N2","eggrolls;N2高频;原词性:他動1;音调:⓪"
"ほんの","ほんの","少许，一点点，仅仅","连体词","ほんの少し","一点点","N2","eggrolls;N2高频;原词性:連体;音调:⓪"
"末","すえ","末尾；前途；最小的","名词","来月の末までには完成させる","在下月底之前完成","N2","eggrolls;N2高频;原词性:名;音调:⓪"
"魅力","みりょく","吸引力，魅力","名词","さわやかな笑顔に魅力がある","开朗的笑容很有魅力","N2","eggrolls;N2高频;原词性:名;音调:⓪"
"無し","なし","无，没有","名词","連絡も無しに訪ねる","不通知一声就去拜访","N2","eggrolls;N2高频;原词性:名;音调:①"
"無視","むし","无视，忽视","名词/サ变动词","規則を無視する","无视规则","N2","eggrolls;N2高频;原词性:名・他動3;音调:①"
"名所","めいしょ","名胜古迹","名词","名所を見物する","游览名胜","N2","eggrolls;N2高频;原词性:名;音调:③⓪"
"名人","めいじん","名家，专家；（围棋、将棋的）名人，国手","名词","菓子作りの名人","做点心的名师；点心名厨","N2","eggrolls;N2中频;原词性:名;音调:③"
"名物","めいぶつ","（当地的）名产；（当地的）有名的东西","名词","青森名物のリンゴ","青森特产的苹果","N2","eggrolls;N2低频;原词性:名;音调:①"
"命じる","めいじる","命令；任命","动词/他动词/一段动词","営業の一時停止を命じる","命令暂停营业","N2","eggrolls;N2低频;原词性:他動2;音调:⓪③"
"明らか","あきらか","明显，清楚","な形容词","原因が明らかになる","原因弄清楚了","N2","eggrolls;N2高频;原词性:ナ形;音调:②"
"目立つ","めだつ","显眼，引人注目","动词/自动词/五段动词","絵を目立つ場所に掛ける","将画挂在显眼的地方","N2","eggrolls;N2高频;原词性:自動1;音调:②"
"役","やく","职务；角色","名词","役につく","就职；担任职务","N2","eggrolls;N2高频;原词性:名;音调:②"
"役割","やくわり","任务，作用","名词","母親としての役割を果たす","尽到做母亲的职责","N2","eggrolls;N2高频;原词性:名;音调:③⓪④"
"役立つ","やくだつ","有用，有益","动词/自动词/五段动词","研究に役立つ資料","对研究有用的资料","N2","eggrolls;N2高频;原词性:自動1;音调:③"
"愉快","ゆかい","愉快","名词/な形容词","愉快な一日を送る","度过愉快的一天","N2","eggrolls;N2中频;原词性:名・ナ形;音调:①"
"優秀","ゆうしゅう","优秀，优异","な形容词","優秀な成績","优异的成绩","N2","eggrolls;N2高频;原词性:ナ形;音调:⓪"
"有効","ゆうこう","有效","名词/な形容词","有効に使う","有效利用","N2","eggrolls;N2高频;原词性:名・ナ形;音调:⓪"
"有り難い","ありがたい","难得的；值得感谢的","い形容词","有り難い機会","难得的机会","N2","eggrolls;N2高频;原词性:イ形;音调:④"
"予算","よさん","预算","名词","予算が足りない","预算不足","N2","eggrolls;N2高频;原词性:名;音调:⓪①"
"予測","よそく","预料，预测","名词/サ变动词","経済の動向を予測する","预测经济的动向","N2","eggrolls;N2高频;原词性:名・他動3;音调:⓪"
"余裕","よゆう","从容；富余","名词","余裕のある態度","从容不迫的态度","N2","eggrolls;N2高频;原词性:名;音调:⓪"
"幼い","おさない","幼小的；幼稚的","い形容词","幼い子ども","幼小的孩子","N2","eggrolls;N2高频;原词性:イ形;音调:③"
"揚げる","あげる","油炸；从地面升到空中；从船上卸货","动词/他动词/一段动词","天ぷらを揚げる","炸天妇罗","N2","eggrolls;N2低频;原词性:他動2;音调:⓪"
"溶かす","とかす","溶化；熔化","动词/他动词/五段动词","砂糖を溶かす","溶化砂糖","N2","eggrolls;N2中频;原词性:他動1;音调:②"
"要求","ようきゅう","要求；需要","名词/サ变动词","要求が厳しい","要求严格","N2","eggrolls;N2高频;原词性:名・他動3;音调:⓪"
"翼","つばさ","翅膀；机翼","名词","翼を広げる","张开翅膀","N2","eggrolls;N2低频;原词性:名;音调:⓪"
"利益","りえき","盈利；利益，好处","名词","莫大な利益を得る","获得巨大利益","N2","eggrolls;N2高频;原词性:名;音调:①"
"利口","りこう","聪明伶俐；（多く「お利口」の形で）乖巧懂事；精明","名词/な形容词","利口な子ども","聪明的孩子","N2","eggrolls;N2中频;原词性:名・ナ形;音调:⓪"
"立ち上がる","たちあがる","站起来；恢复；开始，着手","动词/自动词/五段动词","椅子から立ち上がる","从椅子上站起来","N2","eggrolls;N2中频;原词性:自動1;音调:⓪④"
"立場","たちば","处境，立场；角度，观点","名词","苦しい立場に追い込まれる","被逼入困境","N2","eggrolls;N2高频;原词性:名;音调:①③"
"留まる","とまる","落在；固定；注意，铭记","动词/自动词/五段动词","チョウが花に留まっている","蝴蝶落在花上","N2","eggrolls;N2低频;原词性:自動1;音调:⓪"
"留める","とめる","固定；留心","动词/他动词/一段动词","紙をピンで留める","用别针固定纸张","N2","eggrolls;N2中频;原词性:他動2;音调:⓪"
"例外","れいがい","例外","名词","どんな例外も認めない","不容许有任何例外","N2","eggrolls;N2中频;原词性:名;音调:⓪"
"礼儀","れいぎ","礼貌，礼节","名词","礼儀正しい人","彬彬有礼的人","N2","eggrolls;N2高频;原词性:名;音调:③"
"恋人","こいびと","恋人","名词","恋人ができる","交到男朋友/女朋友","N2","eggrolls;N2中频;原词性:名;音调:⓪"
"老人","ろうじん","老人，老年人","名词","老人ホーム","养老院","N2","eggrolls;N2中频;原词性:名;音调:⓪"
"論","ろん","讨论，争论；意见，看法","名词","論をたたかわす","争论；辩论","N2","eggrolls;N2中频;原词性:名;音调:①"
"話題","わだい","话题，谈话材料","名词","話題をそらす","把话题岔开","N2","eggrolls;N2高频;原词性:名;音调:⓪"
"埃","ほこり","尘埃，灰尘","名词","埃だらけになる","弄得满是灰尘","N2","eggrolls;N2中频;原词性:名;音调:⓪"
"曖昧","あいまい","含糊不清，模棱两可","な形容词","曖昧な返事","含糊不清的回答","N2","eggrolls;N2高频;原词性:ナ形;音调:⓪"
"洒落","しゃれ","爱漂亮；俏皮话","名词","あの娘は洒落がない","那个姑娘不好打扮","N2","eggrolls;N2中频;原词性:名;音调:⓪"
"がち","がち","容易……，往往……","接尾词","病気がち","体弱多病","N2","eggrolls;N2低频;原词性:接尾"
"がる","がる","将心情或模样表现出来","接尾词","強がる","逞强","N2","eggrolls;N2低频;原词性:接尾"
"づらい","づらい","难……","い形容词","言いづらい","难以启齿","N2","eggrolls;N2高频;原词性:イ形"
"ぽい","ぽい","有某种倾向；处于某种状态","接尾词","子どもっぽい","孩子气","N2","eggrolls;N2低频;原词性:接尾"
"み","み","……的（样子、状态、程度）","接尾词","甘み","甜味","N2","eggrolls;N2低频;原词性:接尾"
"羽","わ","（计算鸟或兔子的量词）……只","接尾词","鶏1羽","一只鸡","N2","eggrolls;N2低频;原词性:接尾"
"換える","かえる","换……，重……","动词/他动词/一段动词","乗り換える","换乘","N2","eggrolls;N2中频;原词性:他動2;音调:⓪"
"同士","どうし","……同伴，具有共同关系的人","名词","従兄弟同士","表兄弟们","N2","eggrolls;N2高频;原词性:名;音调:①"
"付き","つき","带有……；……样子；隶属……","接尾词","トイレ付きのワンルーム","带卫生间的单间公寓","N2","eggrolls;N2低频;原词性:接尾"
"率","りつ","……率","名词","合格率","合格率","N2","eggrolls;N2高频;原词性:名"
"いっそ","いっそ","干脆，索性","副词","車を待つよりいっそ歩いて行こう","与其在这等车，干脆走着去吧","N2","eggrolls;N2中频;原词性:副;音调:⓪"
"イベント","イベント","活动；比赛","名词","イベントを催す","举办活动","N2","eggrolls;N2高频;原词性:名;音调:⓪;カタカナ語"
"ガード","ガード","防卫，防守；警卫，警备","名词/サ变动词","ガードが堅い","防守严密","N2","eggrolls;N2低频;原词性:名・他動3;音调:①;カタカナ語"
"カップル","カップル","情侣，一对男女","名词","似合いのカップル","般配的情侣","N2","eggrolls;N2低频;原词性:名;音调:①;カタカナ語"
"きのこ","きのこ","蘑菇","名词","きのこが生えた","长蘑菇了","N2","eggrolls;N2高频;原词性:名;音调:①"
"きらきら","きらきら","闪烁，闪耀，耀眼","副词/サ变动词","星がきらきらと光る","星光闪耀","N2","eggrolls;N2中频;原词性:副・自動3;音调:①;オノマトペ"
"この頃","このごろ","近来，这些天来","名词/副词","この頃、仕事が忙しい","最近工作很忙","N2","eggrolls;N2中频;原词性:名・副;音调:⓪"
"仕様がない","しようがない","毫无办法","连语","自分でやるよりしようがない","只好自己做了","N2","eggrolls;N2低频;原词性:連語;音调:⑤"
"しわ","しわ","皱纹；褶皱","名词","めっきりしわが増えた","皱纹明显增多","N2","eggrolls;N2中频;原词性:名;音调:⓪"
"シンプル","シンプル","简单，朴素","な形容词","シンプルなデザイン","简约的设计","N2","eggrolls;N2高频;原词性:ナ形;音调:①;カタカナ語"
"スタッフ","スタッフ","工作人员","名词","現場のスタッフ","现场工作人员","N2","eggrolls;N2高频;原词性:名;音调:②;カタカナ語"
"タイム","タイム","时间","名词","ランチタイム","午饭时间","N2","eggrolls;N2中频;原词性:名;音调:①;カタカナ語"
"で","で","（催促对方往下说）那么","接续词","で、彼は何と言ったの？","然后呢？他说什么了？","N2","eggrolls;N2高频;原词性:接"
"ティッシュ","ティッシュ","薄而柔软的卫生纸，纸巾","名词","ティッシュできれいに拭き取る","用纸巾擦干净","N2","eggrolls;N2低频;原词性:名;音调:①;カタカナ語"
"どこまでも","どこまでも","到哪里都；始终，坚决","连语","イヌはどこまでもついて来た","无论到哪里狗都跟着","N2","eggrolls;N2低频;原词性:連語;音调:①"
"どっぷり","どっぷり","蘸水多；泡澡；完全陷入（某个环境或世界中）","副词","筆に墨をどっぷりとつけて書く","用饱蘸墨汁的笔写字","N2","eggrolls;N2低频;原词性:副;音调:③;オノマトペ"
"どれほど","どれほど","如何，多么；多少","副词/名词","どれほど高くても買う","无论多贵也买","N2","eggrolls;N2中频;原词性:副・名;音调:⓪①"
"バーベキュー","バーベキュー","户外烧烤","名词","川原でバーベキューをする","在河边烧烤","N2","eggrolls;N2高频;原词性:名;音调:③;カタカナ語"
"パワー","パワー","力量，能力，活力，马力；权力","名词","パワーを発揮する","发挥力量","N2","eggrolls;N2中频;原词性:名;音调:①;カタカナ語"
"ハワイ","ハワイ","夏威夷","名词","ハワイに移民する","往夏威夷移民","N2","eggrolls;N2低频;原词性:名;音调:①;カタカナ語"
"ぴかぴか","ぴかぴか","锃亮，闪闪放光","副词/サ变动词/な形容词","靴をぴかぴかに磨く","把鞋子擦得锃亮","N2","eggrolls;N2低频;原词性:副①②・自動3①②・ナ形⓪;音调:⓪①②;オノマトペ"
"べたべた","べたべた","黏糊糊；厚厚地涂，粘满；男女之间撒娇缠绵的样子","副词/サ变动词/な形容词","のりが手にべたべたとくっつく","糨糊黏糊糊地粘了一手","N2","eggrolls;N2中频;原词性:副①・自動3①・ナ形⓪;音调:①⓪;オノマトペ"
"ほかほか","ほかほか","暖乎乎，热乎乎","副词/サ变动词/な形容词","ほかほかの焼きイモ","热乎乎的烤红薯","N2","eggrolls;N2低频;原词性:副①・自動3①・ナ形⓪;音调:①⓪;オノマトペ"
"ミステリー","ミステリー","神秘；推理小说","名词","ミステリーファン","喜好推理小说的读者","N2","eggrolls;N2低频;原词性:名;音调:①;カタカナ語"
"やりとり","やりとり","交换；对答，对话","名词/サ变动词","贈り物をやりとりする","交换礼物","N2","eggrolls;N2高频;原词性:名・他動3;音调:②"
"やる気","やるき","干劲","名词","やる気が出る","有干劲","N2","eggrolls;N2高频;原词性:名;音调:⓪"
"より(副)","より","更加，进一步","副词","より深く理解する","更加深刻地理解","N2","eggrolls;N2低频;原词性:副;音调:⓪"
"ライフ","ライフ","生命；生活；人生","名词","ライフガード","救生员","N2","eggrolls;N2中频;原词性:名;音调:①;カタカナ語"
"レポーター","レポーター","报告人；采访记者","名词","研究会のレポーター","研究会的报告人","N2","eggrolls;N2高频;原词性:名;音调:②⓪;カタカナ語"
"悪口","わるくち","坏话","名词","人の悪口を言う","说别人的坏话","N2","eggrolls;N2中频;原词性:名;音调:②"
"悪天候","あくてんこう","坏天气","名词","悪天候をついて出発する","冒着坏天气出发","N2","eggrolls;N2低频;原词性:名;音调:③"
"印鑑","いんかん","图章，印章","名词","印鑑を彫る","雕刻印章","N2","eggrolls;N2中频;原词性:名;音调:⓪③"
"引かれる","ひかれる","被吸引，被迷住","连语","山の美しさに引かれる","被山间的美景吸引","N2","eggrolls;N2中频;原词性:連語;音调:⓪"
"運命","うんめい","命运","名词","運命のいたずら","命运的恶作剧","N2","eggrolls;N2低频;原词性:名;音调:①"
"映す","うつす","映；放映","动词/他动词/五段动词","水に姿を映す","身影映在水里","N2","eggrolls;N2高频;原词性:他動1;音调:②"
"衛星","えいせい","卫星","名词","月は地球の衛星である","月亮是地球的卫星","N2","eggrolls;N2中频;原词性:名;音调:⓪"
"温暖化","おんだんか","温室效应","名词","地球温暖化","全球变暖","N2","eggrolls;N2中频;原词性:名;音调:⓪"
"下す","くだす","赐，下达（命令、判决等）；腹泻；打败","动词/他动词/五段动词","命令を下す","下命令","N2","eggrolls;N2高频;原词性:他動1;音调:⓪"
"何だか","なんだか","不知为何，总觉得","副词","何だかお腹が痛くなった","不知怎么肚子疼起来了","N2","eggrolls;N2中频;原词性:副;音调:①"
"何事","なにごと","什么事情；（责备的语气）怎么回事；万事，凡事","名词","彼は何事にも腹を立てない","他对什么事情都不生气","N2","eggrolls;N2高频;原词性:名;音调:⓪"
"家電","かでん","家电","名词","家電製品","家电产品","N2","eggrolls;N2中频;原词性:名;音调:⓪"
"花粉症","かふんしょう","花粉过敏症","名词","花粉症の予防","预防花粉过敏症","N2","eggrolls;N2低频;原词性:名;音调:⓪"
"我が","わが","我的……，我们的……","连体词","我が社","我们公司","N2","eggrolls;N2高频;原词性:連体;音调:①"
"会長","かいちょう","会长","名词","会長に就任する","就任会长","N2","eggrolls;N2中频;原词性:名;音调:⓪"
"懐中電灯","かいちゅうでんとう","手电筒","名词","懐中電灯をつける","打开手电筒","N2","eggrolls;N2低频;原词性:名;音调:⑤"
"改正","かいせい","修改（法律、规则、规约等不当或不完备之处）","名词/サ变动词","憲法改正","修宪","N2","eggrolls;N2中频;原词性:名・他動3;音调:⓪"
"外側","そとがわ","外侧，外面","名词","外側に金めっきを施す","在表面镀上金","N2","eggrolls;N2中频;原词性:名;音调:⓪"
"外来","がいらい","外来；门诊","名词","外来の文化","外来文化","N2","eggrolls;N2低频;原词性:名;音调:⓪"
"概念","がいねん","概念","名词","概念を明らかにする","明确概念","N2","eggrolls;N2中频;原词性:名;音调:①"
"拡張","かくちょう","扩大（范围、规模、势力等）","名词/サ变动词","道路を拡張する","扩建道路","N2","eggrolls;N2中频;原词性:名・他動3;音调:⓪"
"学力","がくりょく","学习实力，学力","名词","学力テスト","学力测验","N2","eggrolls;N2高频;原词性:名;音调:②⓪"
"勘定","かんじょう","计算；结账","名词/サ变动词","人数を勘定する","计算人数","N2","eggrolls;N2中频;原词性:名・他動3;音调:③"
"巻き込む","まきこむ","卷入；牵连","动词/他动词/五段动词","ボートが渦に巻き込まれる","小船被卷进旋涡","N2","eggrolls;N2中频;原词性:他動1;音调:③"
"観","かん","观感；样子","名词","去年の彼に比べると別人の観がある","他与去年相比宛如两人","N2","eggrolls;N2高频;原词性:名;音调:①"
"企画","きかく","规划，计划，策划","名词/サ变动词","企画を立てる","订立计划","N2","eggrolls;N2高频;原词性:名・他動3;音调:⓪"
"器用","きよう","灵巧；巧妙，精明","な形容词","手先の器用な人","手巧的人","N2","eggrolls;N2高频;原词性:ナ形;音调:①"
"気分転換","きぶんてんかん","转换心情","名词/サ变动词","気分転換に旅行に行く","去旅游换换心情","N2","eggrolls;N2高频;原词性:名・自動3;音调:④"
"規模","きぼ","规模；范围","名词","私の勤める会社は規模が小さい","我工作的公司规模很小","N2","eggrolls;N2高频;原词性:名;音调:①"
"貴重品","きちょうひん","贵重物品","名词","貴重品を金庫にしまう","把贵重物品收在保险柜里","N2","eggrolls;N2低频;原词性:名;音调:⓪"
"居酒屋","いざかや","日式小酒馆","名词","居酒屋へ飲みに行く","去酒馆喝酒","N2","eggrolls;N2低频;原词性:名;音调:⓪"
"協会","きょうかい","协会","名词","作家協会","作家协会，作协","N2","eggrolls;N2中频;原词性:名;音调:⓪"
"教員","きょういん","教员，教师","名词","教員採用試験","教师录用考试","N2","eggrolls;N2中频;原词性:名;音调:⓪"
"興味深い","きょうみぶかい","很有兴趣的，颇有意思的","い形容词","それはなかなか興味深い話だ","那件事听起来很有意思","N2","eggrolls;N2低频;原词性:イ形;音调:⑤"
"勤務","きんむ","上班","名词/サ变动词","勤務時間","工作时间","N2","eggrolls;N2高频;原词性:名・自動3;音调:①"
"区切る","くぎる","隔开，划分；（文章）分段","动词/他动词/五段动词","カーテンで部屋を二つに区切る","用窗帘将房间分成两个部分","N2","eggrolls;N2中频;原词性:他動1;音调:②"
"隅々","すみずみ","各个角落，各方面","名词","隅々を探す","找遍各个角落","N2","eggrolls;N2低频;原词性:名;音调:②①"
"経費","けいひ","经费，开支","名词","経費がかかる","需要（很多）经费","N2","eggrolls;N2高频;原词性:名;音调:①"
"欠かす","かかす","（多伴随否定）（不能）不做，（不能）缺少","动词/他动词/五段动词","毎日読書を欠かさない","每天读书不辍","N2","eggrolls;N2高频;原词性:他動1;音调:⓪②"
"見た目","みため","外表，外观，表面","名词","見た目は重そうだが、実は軽い","看起来好像重，其实很轻","N2","eggrolls;N2高频;原词性:名;音调:⓪"
"原材料","げんざいりょう","原材料","名词","現地で原材料を入手する","就地取材","N2","eggrolls;N2低频;原词性:名;音调:③"
"減点","げんてん","减分，扣分","サ变动词/名词","反則で減点される","因犯规被扣分","N2","eggrolls;N2低频;原词性:他動3・名;音调:⓪"
"個性","こせい","个性","名词","個性の強い人","个性强的人","N2","eggrolls;N2高频;原词性:名;音调:①"
"語学力","ごがくりょく","语言水平，语言能力","名词","語学力を培う","培养语言能力","N2","eggrolls;N2中频;原词性:名"
"光熱費","こうねつひ","电费和煤气费","名词","光熱費がかかりすぎる","电费煤气费的开销太大了","N2","eggrolls;N2中频;原词性:名;音调:④③"
"公平","こうへい","公平","名词/な形容词","公平を欠く","有失公平","N2","eggrolls;N2中频;原词性:名・ナ形;音调:⓪"
"口座","こうざ","户头，账户","名词","口座を開く","开设账户","N2","eggrolls;N2中频;原词性:名;音调:⓪"
"好み","このみ","喜好，爱好；希望，要求","名词","好みは人によって違う","爱好因人而异","N2","eggrolls;N2高频;原词性:名;音调:①③"
"慌ただしい","あわただしい","慌张的，匆忙的，不稳的","い形容词","慌ただしく入ってきた","慌张地走了进来","N2","eggrolls;N2中频;原词性:イ形;音调:⑤"
"考え直す","かんがえなおす","重新考虑","动词/他动词/五段动词","もう一度考え直してください","请再重新考虑一下","N2","eggrolls;N2中频;原词性:他動1;音调:⑥"
"航空機","こうくうき","飞机","名词","飛行機","飞机","N2","eggrolls;N2低频;原词性:名;音调:③"
"行為","こうい","行为，举动","名词","口先でなく行為で示す","用行动而不是言语来表现","N2","eggrolls;N2高频;原词性:名;音调:①"
"購入","こうにゅう","购买；采购","名词/サ变动词","机を購入する","购买书桌","N2","eggrolls;N2高频;原词性:名・他動3;音调:⓪"
"高","こう","高……","造语成分","高収入","高收入","N2","eggrolls;N2低频;原词性:造"
"高まる","たかまる","高涨；提高","动词/自动词/五段动词","気分が高まる","情绪高涨","N2","eggrolls;N2高频;原词性:自動1;音调:③"
"豪華","ごうか","豪华","な形容词/名词","きょうの食事は豪華だ","今天的饭菜很丰盛","N2","eggrolls;N2中频;原词性:ナ形・名;音调:①"
"国産","こくさん","国产","名词","国産の自動車","国产汽车","N2","eggrolls;N2低频;原词性:名;音调:⓪"
"差出人","さしだしにん","发件人，寄信人","名词","受取人","收件人，领取人","N2","eggrolls;N2低频;原词性:名;音调:⓪"
"再会","さいかい","再会，重逢","名词/サ变动词","20年ぶりに再会する","时隔二十年再会","N2","eggrolls;N2低频;原词性:名・自動3;音调:⓪"
"最小限","さいしょうげん","最低限度","名词","被害を最小限に抑える","将受害程度降到最低","N2","eggrolls;N2中频;原词性:名;音调:③"
"最低限","さいていげん","最低限度","名词","最低限の常識","最基本的常识","N2","eggrolls;N2中频;原词性:名;音调:③"
"採用","さいよう","采用，采纳；录用","名词/サ变动词","彼の提案を採用することにした","决定采纳他的建议","N2","eggrolls;N2高频;原词性:名・他動3;音调:⓪"
"栽培","さいばい","栽培","名词/サ变动词","温室で野菜を栽培する","在温室里栽培蔬菜","N2","eggrolls;N2高频;原词性:名・他動3;音调:⓪"
"災害","さいがい","灾害，天灾","名词","災害に遭う","遭遇灾害","N2","eggrolls;N2高频;原词性:名;音调:⓪"
"材質","ざいしつ","木材的性质；材料的性质","名词","材質のかたい木","材质坚实的木头","N2","eggrolls;N2低频;原词性:名;音调:⓪"
"作り上げる","つくりあげる","做完；虚构","动词/他动词/一段动词","コンピュータのプログラムを作り上げる","制作完计算机程序","N2","eggrolls;N2中频;原词性:他動2;音调:⑤"
"残らず","のこらず","全部，一个不剩","副词","残らず調べた","全部调查了","N2","eggrolls;N2低频;原词性:副;音调:②"
"使い分ける","つかいわける","（根据目的、用途和场合）区分使用","动词/他动词/一段动词","英独仏3か国語を使い分ける","能灵活运用英德法三国语言","N2","eggrolls;N2中频;原词性:他動2;音调:⑤"
"市立","しりつ","市立","名词","市立学校","市立校","N2","eggrolls;N2中频;原词性:名;音调:①"
"思い切る","おもいきる","断念，死心；（思い切って、思い切った）下定决心","动词/自他动词/五段动词","歌手になる夢を思い切る","放弃成为歌手的梦想","N2","eggrolls;N2高频;原词性:自他動1;音调:④"
"指定席","していせき","指定席位","名词","指定席を予約する","预约指定座位","N2","eggrolls;N2低频;原词性:名;音调:②"
"指名","しめい","指名，指定","名词/サ变动词","先生に指名されて答えを言った","被老师提问回答问题","N2","eggrolls;N2低频;原词性:名・他動3;音调:⓪"
"視野","しや","视野；眼界","名词","視野に入る","进入视野；映入眼帘","N2","eggrolls;N2中频;原词性:名;音调:①"
"試し","ためし","试，尝试，试验","名词","試しにやってみる","尝试做一下","N2","eggrolls;N2高频;原词性:名;音调:③"
"試着","しちゃく","试穿","名词/サ变动词","このスカートを試着してもいいですか","这条裙子可以试穿吗？","N2","eggrolls;N2低频;原词性:名・他動3;音调:⓪"
"持ち主","もちぬし","持有者，物主","名词","持ち主のわからない品物","物主不明的东西","N2","eggrolls;N2中频;原词性:名;音调:②"
"治療","ちりょう","治疗，医疗","名词/サ变动词","入院して治療する必要がある","需要住院治疗","N2","eggrolls;N2高频;原词性:名・他動3;音调:⓪"
"自由席","じゆうせき","自由座位","名词","新幹線の自由席","新干线自由座","N2","eggrolls;N2中频;原词性:名;音调:②"
"湿度","しつど","湿度","名词","湿度70%で蒸し暑い","湿度高达70%，很闷热","N2","eggrolls;N2中频;原词性:名;音调:②①"
"写し","うつし","抄写，副本；摹本","名词","写しをとる","抄本；复制（留底）","N2","eggrolls;N2中频;原词性:名;音调:③"
"社内","しゃない","公司内部","名词","社内結婚","公司内男女职员结婚","N2","eggrolls;N2高频;原词性:名;音调:①"
"車両","しゃりょう","车辆；（火车等的）车厢","名词","この先大型車両は通行できません","前方大型车辆无法通行","N2","eggrolls;N2中频;原词性:名;音调:⓪"
"手元","てもと","手头，身边","名词","手元にある資料","手头的资料","N2","eggrolls;N2高频;原词性:名;音调:③"
"手作り","てづくり","自己做，手工做（的东西）","名词","手作りの料理","自己做的饭菜","N2","eggrolls;N2高频;原词性:名;音调:②"
"手数料","てすうりょう","手续费","名词","手数料を取らない","不收手续费","N2","eggrolls;N2高频;原词性:名;音调:②"
"手前","てまえ","跟前；靠近自己的一边","名词","手前にある箸を取る","拿起跟前的筷子","N2","eggrolls;N2中频;原词性:名;音调:⓪"
"手渡す","てわたす","亲手交给","动词/他动词/五段动词","この手紙を彼に手渡してください","请把这封信亲手交给他","N2","eggrolls;N2中频;原词性:他動1;音调:③"
"受信","じゅしん","接收（电报、电话、广播等）","名词/サ变动词","メールを受信する","接收电子邮件","N2","eggrolls;N2低频;原词性:名・他動3;音调:⓪"
"寿命","じゅみょう","寿命","名词","寿命が尽きる","寿命已到","N2","eggrolls;N2中频;原词性:名;音调:⓪"
"充電","じゅうでん","充电","名词/サ变动词","蓄電池に充電する","给电池充电","N2","eggrolls;N2中频;原词性:名・自他動3;音调:⓪"
"従業員","じゅうぎょういん","工作人员，职工","名词","従業員組合","职工工会","N2","eggrolls;N2高频;原词性:名;音调:③"
"重視","じゅうし","重视","名词/サ变动词","語学教育を重視する","重视外语教育","N2","eggrolls;N2高频;原词性:名・他動3;音调:①"
"出会い","であい","相遇，偶遇","名词","運命の出会い","命中注定的邂逅","N2","eggrolls;N2高频;原词性:名;音调:⓪"
"順に","じゅんに","按顺次，依次","副词","順に送る","依次传送","N2","eggrolls;N2高频;原词性:副;音调:⓪"
"初心者","しょしんしゃ","初学者","名词","初心者コース","初学者课程","N2","eggrolls;N2高频;原词性:名;音调:②"
"書道","しょどう","书法","名词","彼は書道の大家だ","他是书法大家","N2","eggrolls;N2中频;原词性:名;音调:①"
"勝負","しょうぶ","胜负；比赛","名词/サ变动词","勝負を争う","争胜负","N2","eggrolls;N2低频;原词性:名・自動3;音调:①"
"衝突","しょうとつ","撞上；冲突","名词/サ变动词","電柱に衝突する","撞上电线杆","N2","eggrolls;N2中频;原词性:名・自動3;音调:⓪"
"上等","じょうとう","上等，高级","名词/な形容词","上等な料理","高级料理","N2","eggrolls;N2低频;原词性:名・ナ形;音调:⓪"
"上半身","じょうはんしん","上半身","名词","下半身","下半身","N2","eggrolls;N2中频;原词性:名;音调:③"
"乗り継ぐ","のりつぐ","继续乘坐（其他交通工具），换乘","动词/他动词/五段动词","飛行機に乗り継ぐ","换乘飞机","N2","eggrolls;N2低频;原词性:他動1;音调:③"
"乗り降り","のりおり","上下车","名词/サ变动词","どの駅でも乗り降りの客が多かった","各站的上下乘客都很多","N2","eggrolls;N2中频;原词性:名・自動3;音调:②"
"乗車券","じょうしゃけん","车票","名词","往復割引乗車券のほうが得ですよ","往返折扣车票比较划算哦","N2","eggrolls;N2中频;原词性:名;音调:③"
"職員","しょくいん","职员","名词","市役所の職員","市政府职员","N2","eggrolls;N2高频;原词性:名;音调:②"
"新作","しんさく","新作品","サ变动词/名词","近々彼の新作が発表される","最近要发表他的新作","N2","eggrolls;N2中频;原词性:他動3・名;音调:⓪"
"新車","しんしゃ","新车","名词","ローンで新車を購入した","用贷款买了新车","N2","eggrolls;N2低频;原词性:名;音调:⓪"
"深める","ふかめる","加深，加强","动词/他动词/一段动词","理解を深める","加深理解","N2","eggrolls;N2高频;原词性:他動2;音调:③"
"真っ暗","まっくら","漆黑；暗淡","名词/な形容词","真っ暗な夜","黑夜","N2","eggrolls;N2中频;原词性:名・ナ形;音调:③"
"神様","かみさま","神，上帝；专家，……之神","名词","神様を信じる人","信神的人","N2","eggrolls;N2中频;原词性:名;音调:①"
"親しむ","したしむ","亲近，亲切；接近，接触","动词/自动词/五段动词","親しみにくい人","不易亲近的人","N2","eggrolls;N2高频;原词性:自動1;音调:③"
"人前","ひとまえ","人前，众人的面前；外表","名词","人前で話をするのは苦手だ","我不擅长在人前讲话","N2","eggrolls;N2中频;原词性:名;音调:⓪"
"図る","はかる","谋求，企图","动词/他动词/五段动词","自殺を図る","寻死","N2","eggrolls;N2高频;原词性:他動1;音调:②"
"制作","せいさく","制作，创作（艺术作品）","名词/サ变动词","テレビ番組を制作する","制作电视节目","N2","eggrolls;N2高频;原词性:名・他動3;音调:⓪"
"成人","せいじん","长大，成人","名词/サ变动词","3人の子は立派に成人した","三个孩子都很有出息地长大成人了","N2","eggrolls;N2中频;原词性:名・自動3;音调:⓪"
"整える","ととのえる","整理；准备好；达成（协议）","动词/他动词/一段动词","服装を整える","整理服装","N2","eggrolls;N2高频;原词性:他動2;音调:④③"
"生き方","いきかた","生活方式，生活态度","名词","自分に合った生き方を模索する","探索适合自己的生活方式","N2","eggrolls;N2高频;原词性:名;音调:③④"
"請求書","せいきゅうしょ","账单","名词","請求書が送付されてきた","寄来了账单","N2","eggrolls;N2低频;原词性:名;音调:⑤⓪"
"石炭","せきたん","煤，煤炭","名词","石炭を掘る","挖煤","N2","eggrolls;N2低频;原词性:名;音调:③"
"先々","さきざき","前途，将来；很久以前；所到之处","名词","先々のことが心配だ","对未来感到担忧","N2","eggrolls;N2中频;原词性:名;音调:②"
"専業主婦","せんぎょうしゅふ","家庭主妇","名词","うちの母は専業主婦です","我妈妈是家庭主妇","N2","eggrolls;N2低频;原词性:名;音调:⑤"
"専用","せんよう","专用","名词/サ变动词","会員専用のプール","会员专用的泳池","N2","eggrolls;N2高频;原词性:名・他動3;音调:⓪"
"染める","そめる","染色，上色；着手，开始","动词/他动词/一段动词","髪を染める","染发","N2","eggrolls;N2中频;原词性:他動2;音调:⓪"
"粗末","そまつ","制作粗糙，品质低劣；糟蹋，不珍惜","名词/な形容词","粗末な食べ物","粗茶淡饭","N2","eggrolls;N2中频;原词性:名・ナ形;音调:①"
"組み合わせ","くみあわせ","搭配，组合","名词","色の組み合わせがよくない","颜色配合得不好","N2","eggrolls;N2高频;原词性:名;音调:⓪"
"組み合わせる","くみあわせる","组合在一起；编在一起，交叉在一起；（在竞技中）决定对手","动词/他动词/一段动词","ノートと鉛筆を組み合わせて賞品にする","把笔记本和铅笔组合起来作为奖品","N2","eggrolls;N2中频;原词性:他動2;音调:⑤⓪"
"送り先","おくりさき","送达地点，（邮件）寄送地址","名词","荷物を送り先に届ける","把货物送到交货地","N2","eggrolls;N2中频;原词性:名;音调:⓪"
"送料","そうりょう","邮费，运费","名词","送料無料","免运费","N2","eggrolls;N2高频;原词性:名;音调:③①"
"憎い","にくい","可恨的，可憎的；（反语）令人钦佩的","い形容词","憎いことを言う","说令人讨厌的话","N2","eggrolls;N2中频;原词性:イ形;音调:②"
"速める","はやめる","加快","动词/他动词/一段动词","足を速める","加快步伐","N2","eggrolls;N2低频;原词性:他動2;音调:③"
"多量","たりょう","大量","名词/な形容词","出血多量で死亡する","因大量失血而死","N2","eggrolls;N2中频;原词性:名・ナ形;音调:⓪"
"体験","たいけん","体验，亲身经验","名词/サ变动词","おもしろい体験をした","有趣的体验","N2","eggrolls;N2高频;原词性:名・他動3;音调:⓪"
"体調","たいちょう","身体状况","名词","体調が悪い","身体不舒服","N2","eggrolls;N2高频;原词性:名;音调:⓪"
"体内","たいない","体内","名词","体内の諸器官","体内的各器官","N2","eggrolls;N2中频;原词性:名;音调:①"
"対面","たいめん","见面，会面；面对面","名词/サ变动词","初対面","初次见面","N2","eggrolls;N2高频;原词性:名・自動3;音调:⓪"
"退職","たいしょく","退职，退休","名词/サ变动词","定年退職","退休","N2","eggrolls;N2高频;原词性:名・自動3;音调:⓪"
"大喜び","おおよろこび","欢天喜地","名词/サ变动词","合格して大喜びする","合格后欣喜若狂","N2","eggrolls;N2低频;原词性:名・自動3;音调:③"
"大使","たいし","大使","名词","駐日中国大使","驻日中国大使","N2","eggrolls;N2低频;原词性:名;音调:①"
"大戦","たいせん","大战","名词","第二次世界大戦","第二次世界大战","N2","eggrolls;N2低频;原词性:名;音调:⓪"
"大都市","だいとし","大城市","名词","東京・大阪・名古屋等々の大都市","东京、大阪、名古屋等大城市","N2","eggrolls;N2低频;原词性:名;音调:③"
"宅配","たくはい","配送到家","名词/サ变动词","宅配サービス","送货上门服务","N2","eggrolls;N2高频;原词性:名・他動3;音调:⓪"
"単身","たんしん","只身，单独行动","名词","単身赴任","只身赴任","N2","eggrolls;N2中频;原词性:名;音调:⓪"
"探し出す","さがしだす","找出，发现","动词/他动词/五段动词","犯人を探し出す","找出犯人","N2","eggrolls;N2中频;原词性:他動1;音调:④"
"短期間","たんきかん","短期","名词","短期間の滞在","短暂停留","N2","eggrolls;N2高频;原词性:名;音调:③④"
"恥","はじ","耻辱，羞耻","名词","恥をかく","出丑；丢脸","N2","eggrolls;N2中频;原词性:名;音调:②"
"築く","きずく","修筑；确立，建立，积累","动词/他动词/五段动词","土台を築く","打地基","N2","eggrolls;N2高频;原词性:他動1;音调:②"
"柱","はしら","柱子，杆子，支柱；顶梁柱","名词","電信柱","电线杆","N2","eggrolls;N2低频;原词性:名;音调:③⓪"
"調整","ちょうせい","调整，调节","名词/サ变动词","価格を調整する","调节价格","N2","eggrolls;N2高频;原词性:名・他動3;音调:⓪"
"長距離","ちょうきょり","长途，长距离","名词","短距離","短距离","N2","eggrolls;N2低频;原词性:名;音调:③"
"長年","ながねん","多年","名词","長年の努力が報いられましたね","多年的努力终于得到回报了","N2","eggrolls;N2中频;原词性:名;音调:⓪"
"頂上","ちょうじょう","山顶；顶点","名词","ヒマラヤの頂上を征服する","登上喜马拉雅山的顶峰","N2","eggrolls;N2中频;原词性:名;音调:③"
"通信販売","つうしんはんばい","邮购，函售","名词","この商品は通信販売でも取り扱っております","这个商品也可采取邮购方式","N2","eggrolls;N2中频;原词性:名;音调:⑤"
"停留所","ていりゅうじょ","（路面电车、巴士等）车站","名词","バスの停留所","公交车站","N2","eggrolls;N2低频;原词性:名;音调:⓪⑤"
"定年","ていねん","退休年龄","名词","定年退職","退休","N2","eggrolls;N2高频;原词性:名;音调:⓪"
"適度","てきど","适度，适量","名词/な形容词","適度の運動をする","适度运动","N2","eggrolls;N2高频;原词性:名・ナ形;音调:①"
"典型","てんけい","典型","名词","近代小説の典型","近代小说的典型","N2","eggrolls;N2高频;原词性:名;音调:⓪"
"添付","てんぷ","（在文件上）添上，附上","名词/サ变动词","添付ファイル","附件","N2","eggrolls;N2高频;原词性:名・他動3;音调:①⓪"
"転校","てんこう","转校，转学","名词/サ变动词","彼はA中学に転校することになった","他要转学到A中学","N2","eggrolls;N2高频;原词性:名・自動3;音调:⓪"
"転職","てんしょく","改行，换工作","名词/サ变动词","サラリーマンから自営業に転職する","从上班族转职为个体户","N2","eggrolls;N2高频;原词性:名・自動3;音调:⓪"
"伝達","でんたつ","传达，转达","名词/サ变动词","指示を伝達する","传达指示","N2","eggrolls;N2中频;原词性:名・他動3;音调:⓪"
"電機","でんき","电机","名词","重電機","重型电机","N2","eggrolls;N2低频;原词性:名;音调:①"
"電源","でんげん","电源","名词","電源を切る","切断电源","N2","eggrolls;N2高频;原词性:名;音调:③⓪"
"吐き気","はきけ","恶心，想要呕吐","名词","顔を見ただけで吐き気がする","光是看到脸就觉得恶心","N2","eggrolls;N2低频;原词性:名;音调:③"
"透明","とうめい","透明","名词/な形容词","無色透明の物体","无色透明物体","N2","eggrolls;N2中频;原词性:名・ナ形;音调:⓪"
"得点","とくてん","分数，得分","名词/サ变动词","試験の得点が気になる","在意考试的分数","N2","eggrolls;N2中频;原词性:名・自動3;音调:⓪"
"読解","どっかい","读解，阅读理解","名词/サ变动词","古典を読解する","阅读理解古典作品","N2","eggrolls;N2低频;原词性:名・他動3;音调:⓪"
"二度と","にどと","再（也不）……","副词","もう二度と言わない","再也不说了","N2","eggrolls;N2高频;原词性:副;音调:②"
"日々","ひび","天天，每天","名词","日々の生活","每天的生活","N2","eggrolls;N2高频;原词性:名;音调:①"
"日にち","ひにち","日期；天数","名词","会の日にちを決める","定下开会日期","N2","eggrolls;N2高频;原词性:名;音调:⓪"
"日課","にっか","每天的习惯活动","名词","散歩を日課としている","把散步作为日常习惯","N2","eggrolls;N2中频;原词性:名;音调:⓪"
"日差し","ひざし","阳光","名词","日差しが眩しい","阳光晃眼","N2","eggrolls;N2中频;原词性:名;音调:⓪"
"日用品","にちようひん","日常用品","名词","日用品の卸売りをする","批发日用品","N2","eggrolls;N2中频;原词性:名;音调:⓪③"
"入り込む","はいりこむ","进入，进到里面","动词/自动词/五段动词","部屋に入り込む","进到房间里面","N2","eggrolls;N2低频;原词性:自動1;音调:④⓪"
"入れ替わる","いれかわる","替换，更换","动词/自动词/五段动词","店頭の商品が冬物から春物に入れ替わる","店内的商品从冬季商品更换为春季商品","N2","eggrolls;N2低频;原词性:自動1;音调:④⓪"
"年々","ねんねん","每年，逐年","副词","年々よくなっていく","一年比一年好起来","N2","eggrolls;N2中频;原词性:副;音调:⓪"
"年下","としした","年纪小（的人）","名词","年下に親切にする","对年纪小的人亲切","N2","eggrolls;N2低频;原词性:名;音调:⓪"
"年上","としうえ","年长（的人）","名词","年上にお礼をする","对年长者行礼","N2","eggrolls;N2低频;原词性:名;音调:⓪"
"年末","ねんまつ","年末，年终","名词","年末大売り出し","年底大特卖","N2","eggrolls;N2中频;原词性:名;音调:⓪"
"悩み","なやみ","烦恼，苦恼","名词","悩みを打ち明ける","将烦恼说出来","N2","eggrolls;N2高频;原词性:名;音调:③"
"拝啓","はいけい","（用于书信开头）敬启者，敬启","名词","敬具","（用于书信的结尾处，署名之前）此致；谨启","N2","eggrolls;N2中频;原词性:名;音调:①"
"配送","はいそう","配送，分发","名词/サ变动词","無料配送","免费送货","N2","eggrolls;N2中频;原词性:名・他動3;音调:⓪"
"売り手","うりて","卖主，卖方","名词","売り手市場","卖方市场","N2","eggrolls;N2低频;原词性:名;音调:⓪"
"売り物","うりもの","商品；幌子，招牌","名词","売り物に出す","作为商品出售","N2","eggrolls;N2低频;原词性:名;音调:⓪"
"売店","ばいてん","（设于车站、剧场、医院、学校、公园等场所的）小卖店","名词","駅の売店","车站的小卖店","N2","eggrolls;N2高频;原词性:名;音调:⓪"
"白黒","しろくろ","黑白；是非曲直","名词","白黒テレビ","黑白电视机","N2","eggrolls;N2低频;原词性:名;音调:⓪①"
"発車","はっしゃ","发车，开车","名词/サ变动词","発車が遅れる","发车晚了","N2","eggrolls;N2中频;原词性:名・自動3;音调:⓪"
"髪型","かみがた","发型","名词","ヘアスタイル","发型","N2","eggrolls;N2中频;原词性:名;音调:⓪"
"罰金","ばっきん","罚款，赔偿；（法律）罚款，罚金","名词","罰金を課する","处以罚款","N2","eggrolls;N2低频;原词性:名;音调:⓪"
"半額","はんがく","半价","名词","半額の割引券","半价优惠券","N2","eggrolls;N2高频;原词性:名;音调:⓪"
"半日","はんにち","半天","名词","あしたは半日休みです","明天休息半天","N2","eggrolls;N2中频;原词性:名;音调:④⓪"
"扉","とびら","门；扉页","名词","扉を開ける","开门","N2","eggrolls;N2中频;原词性:名;音调:⓪"
"批評","ひひょう","评论","名词/サ变动词","作品を批評する","评论作品","N2","eggrolls;N2低频;原词性:名・他動3;音调:⓪"
"飛び上がる","とびあがる","跳起；飞向天空；跳级","动词/自动词/五段动词","びっくりして飛び上がる","吓得跳起来","N2","eggrolls;N2中频;原词性:自動1;音调:④"
"鼻水","はなみず","鼻涕","名词","鼻水をすする","抽鼻涕","N2","eggrolls;N2中频;原词性:名;音调:⓪③"
"品質","ひんしつ","物品的品质，质量","名词","品質が落ちる","质量下降","N2","eggrolls;N2高频;原词性:名;音调:⓪"
"敏感","びんかん","敏感，灵敏","な形容词","気温の変化に敏感だ","对气温的变化很敏感","N2","eggrolls;N2高频;原词性:ナ形;音调:⓪"
"不安定","ふあんてい","不稳定","名词/な形容词","不安定な生活","不稳定的生活","N2","eggrolls;N2中频;原词性:名・ナ形;音调:②"
"不可能","ふかのう","不可能","名词/な形容词","レポートを1日で仕上げるのは不可能です","报告不可能一天就写完","N2","eggrolls;N2高频;原词性:名・ナ形;音调:②"
"不公平","ふこうへい","不公平","名词/な形容词","不公平な扱い","不公平的待遇","N2","eggrolls;N2低频;原词性:名・ナ形;音调:②"
"不十分","ふじゅうぶん","不充足，不完全","名词/な形容词","理由が不十分だ","理由不充分","N2","eggrolls;N2高频;原词性:名・ナ形;音调:②"
"不愉快","ふゆかい","不愉快，不痛快","名词/な形容词","不愉快に感じる","感到不愉快","N2","eggrolls;N2低频;原词性:名・ナ形;音调:②"
"怖がる","こわがる","感到害怕","动词/他动词/五段动词","地震を怖がる","害怕地震","N2","eggrolls;N2中频;原词性:他動1;音调:③"
"部下","ぶか","部下，下属","名词","信頼できる部下","可靠的部下","N2","eggrolls;N2高频;原词性:名;音调:①"
"物理","ぶつり","物理","名词","物理と化学を学ぶ","学习物理和化学","N2","eggrolls;N2中频;原词性:名;音调:①"
"分担","ぶんたん","分担，分工","名词/サ变动词","各自の分担を決める","决定各自的分工","N2","eggrolls;N2高频;原词性:名・他動3;音调:⓪"
"分別","ぶんべつ","（根据种类）分类，区别","名词/サ变动词","ごみを分別する","垃圾分类","N2","eggrolls;N2中频;原词性:名・他動3;音调:⓪"
"聞き取る","ききとる","听懂；听取","动词/他动词/五段动词","声が小さくてよく聞き取れなかった","声音太小，没听明白","N2","eggrolls;N2高频;原词性:他動1;音调:③"
"聞き手","ききて","听者，听众；善于倾听的人","名词","あの人はなかなかの聞き手だ","那个人非常善于倾听","N2","eggrolls;N2高频;原词性:名;音调:⓪"
"聞き直す","ききなおす","重新问；重新听","动词/他动词/五段动词","質問を聞き直す","再问一遍问题","N2","eggrolls;N2低频;原词性:他動1;音调:④"
"弊社","へいしゃ","（对自己公司的谦称）敝公司","名词","貴社","（对他人公司的敬称，常用于书面语）贵公司","N2","eggrolls;N2中频;原词性:名;音调:①"
"別荘","べっそう","别墅","名词","軽井沢に別荘を建てる","在轻井泽建筑别墅","N2","eggrolls;N2低频;原词性:名;音调:③"
"変換","へんかん","改变，变换","名词/サ变动词","方針を変換する","改变方针","N2","eggrolls;N2中频;原词性:名・自他動3;音调:⓪"
"保証","ほしょう","保证，担保","名词/サ变动词","品質を保証する","保证品质","N2","eggrolls;N2高频;原词性:名・他動3;音调:⓪"
"包装","ほうそう","包装","名词/サ变动词","包装がいいかげんだ","包装马马虎虎","N2","eggrolls;N2高频;原词性:名・他動3;音调:⓪"
"宝","たから","宝贝，宝物","名词","宝を山と積む","财宝堆积如山","N2","eggrolls;N2低频;原词性:名;音调:③"
"方々","かたがた","各位，诸位","名词","ご出席の方々はこちらへどうぞ","出席的各位请到这边来","N2","eggrolls;N2高频;原词性:名;音调:②"
"本社","ほんしゃ","总公司","名词","東京に本社がある","总部位于东京","N2","eggrolls;N2高频;原词性:名;音调:①"
"民族","みんぞく","民族","名词","多くの民族から成り立つ国家","由多民族组成的国家","N2","eggrolls;N2中频;原词性:名;音调:①"
"眠気","ねむけ","睡意，困倦","名词","眠気を催す","犯困","N2","eggrolls;N2低频;原词性:名;音调:⓪"
"夢見る","ゆめみる","做梦，幻想","动词/自他动词/一段动词","彼との結婚を夢見る","幻想着能和他结婚","N2","eggrolls;N2低频;原词性:自他動2;音调:③②"
"無責任","むせきにん","没有责任；无责任感，不负责任","名词/な形容词","隣国の問題を無責任な立場で傍観する","以不负责任的立场旁观邻国的问题","N2","eggrolls;N2低频;原词性:名・ナ形;音调:②"
"鳴き声","なきごえ","（虫、鸟、兽等的）叫声，鸣叫声","名词","鳥の鳴き声","鸟鸣声","N2","eggrolls;N2中频;原词性:名;音调:③⓪"
"木材","もくざい","木材","名词","木材置き場","木材堆积场","N2","eggrolls;N2中频;原词性:名;音调:②"
"木造","もくぞう","木造，木结构","名词","木造の体育館","木造体育馆","N2","eggrolls;N2低频;原词性:名;音调:⓪"
"目上","めうえ","地位、阶级或年龄比自己高的人","名词","目上の人","上司；长辈","N2","eggrolls;N2低频;原词性:名;音调:⓪③"
"問い合わせる","といあわせる","打听，询问","动词/他动词/一段动词","電話で事務局に会議の日程を問い合わせる","打电话给事务局询问会议的日程","N2","eggrolls;N2高频;原词性:他動2;音调:⑤⓪"
"夜空","よぞら","夜空","名词","夜空を彩る花火","点缀夜空的烟火","N2","eggrolls;N2中频;原词性:名;音调:①"
"役目","やくめ","任务，职责；功能，作用","名词","子どもを守るのは親の役目だ","保护孩子是父母的职责","N2","eggrolls;N2高频;原词性:名;音调:③"
"勇気","ゆうき","勇气","名词","勇気を出す","鼓起勇气","N2","eggrolls;N2高频;原词性:名;音调:①"
"夕立","ゆうだち","（夏天傍晚的）骤雨","名词","夕立が上がる","骤雨停了","N2","eggrolls;N2低频;原词性:名;音调:⓪"
"用件","ようけん","必须完成的工作；必须传达的事项","名词","用件を済ます","办完事情","N2","eggrolls;N2高频;原词性:名;音调:③⓪"
"欲張り","よくばり","贪婪","名词/な形容词","欲張りな人","贪得无厌的人","N2","eggrolls;N2中频;原词性:名・ナ形;音调:③④"
"落ち葉","おちば","落叶","名词","庭の落ち葉を掃く","扫院中的落叶","N2","eggrolls;N2中频;原词性:名;音调:①"
"利く","きく","能干，有效，好使；能做到","动词/自动词/五段动词","わたしは左手のほうがよく利く","我的左手更灵活","N2","eggrolls;N2高频;原词性:自動1;音调:⓪"
"履歴書","りれきしょ","简历","名词","履歴書を出す","提出履历书，发简历","N2","eggrolls;N2高频;原词性:名;音调:⓪④"
"立ち寄る","たちよる","靠近；顺路到","动词/自动词/五段动词","木陰に立ち寄る","靠近树阴","N2","eggrolls;N2低频;原词性:自動1;音调:⓪③"
"了解","りょうかい","了解，明白，理解；谅解，认可","名词/サ变动词","きみの言うことは了解に苦しむ","你的话令人难以理解","N2","eggrolls;N2中频;原词性:名・他動3;音调:⓪"
"両者","りょうしゃ","两者，双方","名词","両者を比較する","比较两者","N2","eggrolls;N2低频;原词性:名;音调:①"
"力強い","ちからづよい","强有力；心里踏实","い形容词","力強い呼びかけ","强有力的号召","N2","eggrolls;N2中频;原词性:イ形;音调:⑤"
"緑茶","りょくちゃ","绿茶","名词","紅茶","红茶","N2","eggrolls;N2中频;原词性:名;音调:⓪"
"礼儀正しい","れいぎただしい","非常有礼貌的","い形容词","店員が礼儀正しく応対する","店员礼貌地应对","N2","eggrolls;N2低频;原词性:イ形"
"恋愛","れんあい","恋爱","名词/サ变动词","人妻と恋愛に陥る","和有夫之妻产生婚外恋","N2","eggrolls;N2高频;原词性:名・自動3;音调:⓪"
"労働者","ろうどうしゃ","工人，劳动者","名词","労働者を搾取する","剥削工人","N2","eggrolls;N2低频;原词性:名;音调:③"
"話し言葉","はなしことば","口语","名词","話し言葉と書き言葉を使い分ける","区分口语和书面语的使用","N2","eggrolls;N2中频;原词性:名;音调:④"
"話し手","はなして","说话者；会聊天的人","名词","聞き手","听者，听众；善于倾听的人","N2","eggrolls;N2中频;原词性:名;音调:⓪④"
"事前","じぜん","事先","名词","事前に知らせる","事先通知","N2","eggrolls;N2高频;原词性:名;音调:⓪"
"苦情","くじょう","牢骚，抱怨","名词","苦情を言う","诉苦，抱怨","N2","eggrolls;N2高频;原词性:名;音调:⓪"
"出場","しゅつじょう","出场，参加","名词/サ变动词","オリンピック大会に出場する","参加奥运会","N2","eggrolls;N2高频;原词性:名・自動3;音调:⓪"
"攻める","せめる","攻击，进攻","动词/他动词/一段动词","敵陣を攻める","向敌人发起进攻","N2","eggrolls;N2中频;原词性:他動2;音调:②"
"特殊","とくしゅ","特殊","名词/な形容词","特殊なケース","个案，特殊案例","N2","eggrolls;N2中频;原词性:名・ナ形;音调:⓪"
"見当","けんとう","估计，推测；大致的方向；（接在数词后）左右","名词","見当がつく","能预想、估摸到大概","N2","eggrolls;N2低频;原词性:名;音调:③"
"夕刊","ゆうかん","晚刊，晚报","名词","夕刊をとる","订阅晚报","N2","eggrolls;N2中频;原词性:名;音调:⓪"
"自治","じち","自治","名词","大学の自治","大学自治","N2","eggrolls;N2高频;原词性:名;音调:①"
"羽","はね","羽毛；翅膀；（羽根）机翼；（羽根）扇叶","名词","羽を広げる","张开翅膀","N2","eggrolls;N2低频;原词性:名;音调:⓪"
"まれ","まれ","稀罕，稀奇","な形容词","まれな品種","稀有品种","N2","eggrolls;N2高频;原词性:ナ形;音调:⓪②"
"勝敗","しょうはい","胜与败，输与赢","名词","勝敗を競う","一决胜负","N2","eggrolls;N2中频;原词性:名;音调:⓪"
"保険","ほけん","保险","名词","保険に加入する","加入保险","N2","eggrolls;N2中频;原词性:名;音调:⓪"
"ねじ","ねじ","螺丝（钉）；发条","名词","ねじが緩む","螺丝松了；精神松懈","N2","eggrolls;N2中频;原词性:名;音调:①"
"先頭","せんとう","前头，最先","名词","先頭を切る","占据先导地位，带头","N2","eggrolls;N2中频;原词性:名;音调:⓪"
"不平","ふへい","不满，牢骚","名词/な形容词","不平不満","忿忿不平","N2","eggrolls;N2中频;原词性:名・ナ形;音调:⓪"
"灯台","とうだい","灯塔；灯台，烛台","名词","灯台守り","看守灯塔的人","N2","eggrolls;N2低频;原词性:名;音调:⓪"
"唯一","ゆいいつ","唯一","名词","唯一の願い","唯一的心愿","N2","eggrolls;N2中频;原词性:名;音调:①"
"荒れる","あれる","天气恶劣；荒废；荒芜；粗糙","动词/自动词/一段动词","嵐で海が荒れる","因为暴风雨海上起风浪","N2","eggrolls;N2高频;原词性:自動2;音调:⓪"
"憎む","にくむ","憎恶，讨厌","动词/他动词/五段动词","戦争を憎む","厌恶战争","N2","eggrolls;N2中频;原词性:他動1;音调:②"
"至る","いたる","抵达；到，至","动词/自动词/五段动词","横浜を経て東京に至る","经由横滨抵达东京","N2","eggrolls;N2中频;原词性:自動1;音调:②⓪"
"潰れる","つぶれる","压坏；倒塌；倒闭","动词/自动词/一段动词","かごの中の卵が大半潰れた","篮子里的鸡蛋大多都碎了","N2","eggrolls;N2高频;原词性:自動2;音调:⓪"
"内線","ないせん","内线，内线电话","名词","内線に切り替える","转接内线","N2","eggrolls;N2低频;原词性:名;音调:⓪"
"増大","ぞうだい","（数量、程度）增大，增强","名词/サ变动词","需要が増大する","需求增长","N2","eggrolls;N2中频;原词性:名・自他動3;音调:⓪"
"加速","かそく","加速","名词/サ变动词","加速して前のバスを追い越す","加速超过前面的公交车","N2","eggrolls;N2高频;原词性:名・自他動3;音调:⓪"
"引退","いんたい","隐退，退役","名词/サ变动词","芸能界を引退する","退出演艺圈","N2","eggrolls;N2中频;原词性:名・自動3;音调:⓪"
"弟子","でし","弟子，徒弟","名词","弟子入り","当徒弟，拜师","N2","eggrolls;N2中频;原词性:名;音调:②"
"強化","きょうか","强化，加强","名词/サ变动词","戦力を強化する","加强战斗力","N2","eggrolls;N2中频;原词性:名・他動3;音调:①⓪"
"攻撃","こうげき","攻击；抨击","名词/サ变动词","全面攻撃をかける","发起全面进攻","N2","eggrolls;N2中频;原词性:名・他動3;音调:⓪"
"劣る","おとる","不及，比不上","动词/自动词/五段动词","体力が劣る","体力不如人","N2","eggrolls;N2中频;原词性:自動1;音调:⓪②"
"下り","くだり","从上往下（的路）；顺流而下；从起点到终点方向（的列车或巴士）；从首都去地方","名词","下りのエレベーター","下行电梯","N2","eggrolls;N2低频;原词性:名;音调:⓪"
"夜間","やかん","夜间，夜晚","名词","夜間照明","夜间照明","N2","eggrolls;N2高频;原词性:名;音调:①"
"乱暴","らんぼう","野蛮，蛮横；粗鲁，草率","な形容词/名词/サ变动词","友達に乱暴する","对朋友施暴","N2","eggrolls;N2中频;原词性:ナ形・名・自動3;音调:⓪"
"麓","ふもと","山麓，山脚下的部分","名词","山の麓","山脚下","N2","eggrolls;N2中频;原词性:名;音调:③"
"肯定","こうてい","承认，肯定","名词/サ变动词","相手の実力を肯定する","肯定对方的实力","N2","eggrolls;N2高频;原词性:名・他動3;音调:⓪"
"公式","こうしき","正式，官方；公式","な形容词/名词","公式発表","正式发表","N2","eggrolls;N2低频;原词性:ナ形・名;音调:⓪"
"平凡","へいぼん","平凡，普通","名词/な形容词","平凡な生活を送る","过平凡的生活","N2","eggrolls;N2中频;原词性:名・ナ形;音调:⓪"
"公正","こうせい","公正","名词/な形容词","公正な判決","公正的裁决","N2","eggrolls;N2中频;原词性:名・ナ形;音调:⓪"
"特定","とくてい","特定；作出断定","名词/サ变动词","特定の条件","特定条件","N2","eggrolls;N2高频;原词性:名・他動3;音调:⓪"
"有利","ゆうり","有利，形势好的","名词/な形容词","有利な条件","有利条件","N2","eggrolls;N2高频;原词性:名・ナ形;音调:①"
"南極","なんきょく","南极，南极洲","名词","南極探検","南极探险","N2","eggrolls;N2低频;原词性:名;音调:⓪"
"日光","にっこう","日光，太阳光","名词","日光を浴びる","晒太阳","N2","eggrolls;N2中频;原词性:名;音调:①"
"無限","むげん","无限","名词/な形容词","無限の可能性","无限的可能性","N2","eggrolls;N2中频;原词性:名・ナ形;音调:⓪"
"主役","しゅやく","主角，主要人物","名词","主役を務める","扮演主角","N2","eggrolls;N2中频;原词性:名;音调:⓪"
"質素","しっそ","简单，朴素","名词/な形容词","質素な生活","简朴的生活","N2","eggrolls;N2中频;原词性:名・ナ形;音调:①"
"ひとりでに","ひとりでに","自然地，自动地","副词","扉がひとりでに開く","门自动打开","N2","eggrolls;N2低频;原词性:副;音调:⓪"
"曲線","きょくせん","曲线","名词","曲線を描く","画曲线；描绘出曲线","N2","eggrolls;N2低频;原词性:名;音调:⓪"
"創造","そうぞう","创造","名词/サ变动词","創造力","创造力","N2","eggrolls;N2高频;原词性:名・他動3;音调:⓪"
"なにもかも","なにもかも","什么都，全部","连语","なにもかも失った","失去了一切","N2","eggrolls;N2低频;原词性:連語;音调:④、①+①"
"過程","かてい","过程","名词","成長の過程にある","处于成长的过程当中","N2","eggrolls;N2高频;原词性:名;音调:⓪"
"要点","ようてん","要点，重要之处","名词","要点をまとめる","归纳要点","N2","eggrolls;N2中频;原词性:名;音调:③"
"手品","てじな","戏法，魔术","名词","手品の種を明かす","揭开魔术的谜底","N2","eggrolls;N2中频;原词性:名;音调:①"
"道徳","どうとく","道德","名词","道徳を守る","遵守道德","N2","eggrolls;N2低频;原词性:名;音调:⓪"
"幸運","こううん","幸运","名词/な形容词","幸運を祈る","祝您幸运","N2","eggrolls;N2低频;原词性:名・ナ形;音调:⓪"
"スムーズ","スムーズ","流畅，圆滑，顺利","な形容词","万事スムーズに運ぶ","万事顺利","N2","eggrolls;N2高频;原词性:ナ形;音调:②;カタカナ語"
"弱点","じゃくてん","弱点，缺点","名词","相手の弱点をつかむ","抓住对手的缺点","N2","eggrolls;N2中频;原词性:名;音调:③"
"見解","けんかい","见解，看法，想法","名词","専門家の見解が分かれる","专家的意见分歧","N2","eggrolls;N2低频;原词性:名;音调:⓪"
"差し引く","さしひく","扣除，减去；抵销，相抵","动词/他动词/五段动词","手数料を差し引く","扣除手续费","N2","eggrolls;N2中频;原词性:他動1;音调:③⓪"
"一層","いっそう","一层，一楼；更加","名词/副词","一層努力する","更加努力","N2","eggrolls;N2中频;原词性:名・副;音调:⓪"
"再び","ふたたび","再次，又","副词","再び同じ過ちを起こす","又犯同样的错误","N2","eggrolls;N2高频;原词性:副;音调:⓪"
"人混み","ひとごみ","拥挤的人群","名词","犯人は人混みに紛れて逃走した","罪犯混入拥挤的人群逃走了","N2","eggrolls;N2低频;原词性:名;音调:⓪"
"じめじめ","じめじめ","潮湿；阴郁","副词/サ变动词","梅雨の時期で、部屋がじめじめする","梅雨季节，房间很潮湿","N2","eggrolls;N2中频;原词性:副・自動3;音调:①;オノマトペ"
"果実","かじつ","果实","名词","果実が実る","结果","N2","eggrolls;N2中频;原词性:名;音调:①"
"強み","つよみ","长处，强项","名词","強みを発揮する","发挥强项","N2","eggrolls;N2中频;原词性:名;音调:③"
"出し入れ","だしいれ","拿进拿出，存取","名词/サ变动词","金銭の出し入れ","存钱取钱","N2","eggrolls;N2低频;原词性:名・他動3;音调:②①"
"厚かましい","あつかましい","厚颜无耻的","い形容词","ずかずか上がり込むなんて厚かましいったらないわ","居然大摇大摆地闯进来，真是脸皮厚到极点了呢","N2","eggrolls;N2中频;原词性:イ形;音调:⑤"
"継続","けいぞく","继续，接续","名词/サ变动词","研究を継続する","继续研究","N2","eggrolls;N2高频;原词性:名・自他動3;音调:⓪"
"ユニーク","ユニーク","独特，特有","な形容词","ユニークなやり方","独特的做法","N2","eggrolls;N2中频;原词性:ナ形;音调:②;カタカナ語"
"妨げる","さまたげる","妨碍","动词/他动词/一段动词","交通を妨げる","妨碍交通","N2","eggrolls;N2中频;原词性:他動2;音调:④"
"落とし物","おとしもの","遗失物","名词","落とし物を拾う","捡到失物","N2","eggrolls;N2中频;原词性:名;音调:⓪⑤"
"強引","ごういん","强迫，强行","な形容词","強引なやり方","强硬的做法","N2","eggrolls;N2中频;原词性:ナ形;音调:⓪"
"狙い","ねらい","目标，目的，意图；瞄准","名词","この論文の狙いがわからない","搞不懂这篇论文的主旨","N2","eggrolls;N2中频;原词性:名;音调:⓪"
"安価","あんか","廉价；肤浅，没有价值","な形容词/名词","安価に仕入れる","廉价买进","N2","eggrolls;N2中频;原词性:ナ形・名;音调:①"
"東西","とうざい","东西；东西方；方向","名词","東西に走る高速道路","东西向行驶的高速公路","N2","eggrolls;N2中频;原词性:名;音调:①"
"一種","いっしゅ","一种；（「…の一種」の形で）……的一种；（「一種の…」の形で）某种","名词/副词","クジラは哺乳動物の一種だ","鲸鱼是一种哺乳动物","N2","eggrolls;N2中频;原词性:名・副;音调:①"
"実る","みのる","结果，成熟；有成绩，有成果","动词/自动词/五段动词","今年はイネがよく実った","今年稻子收成好","N2","eggrolls;N2中频;原词性:自動1;音调:②"
"演技","えんぎ","表演；演戏，装腔作势","名词/サ变动词","見事な演技を見せる","表演高超的技艺","N2","eggrolls;N2高频;原词性:名・自動3;音调:①"
"くっつく","くっつく","吸附，黏上；紧挨着，紧跟着","动词/自动词/五段动词","ペンキがくっつく","粘上油漆","N2","eggrolls;N2低频;原词性:自動1;音调:③"
"そう言えば","そういえば","那么说来，说起来","连语","そういえばどこかで会ったことがあるようだ","说起来好像在哪里见过","N2","eggrolls;N2中频;原词性:連語;音调:④"
"後ほど","のちほど","随后","副词","後ほどおうかがいします","回头去拜访你","N2","eggrolls;N2低频;原词性:副;音调:⓪"
"元","もと","本源，以前；（基）根本，根据；（素）材料","名词","話を元に戻します","话归原题","N2","eggrolls;N2高频;原词性:名;音调:⓪②"
"くだらない","くだらない","无聊的，没用的","连语","くだらない番組","无聊的节目","N2","eggrolls;N2中频;原词性:連語;音调:⓪"
"わずか","わずか","一点点，稍微；终于，勉强；仅仅","な形容词/副词","わずかなお金","一点点钱","N2","eggrolls;N2高频;原词性:ナ形・副;音调:①"
"つながり","つながり","关系，关联；联系，羁绊","名词","事件とのつながりを捜査する","调查与事件的关联","N2","eggrolls;N2高频;原词性:名;音调:⓪"
"つなげる","つなげる","接上，连上","动词/他动词/一段动词","心と心をつなげる","心连心","N2","eggrolls;N2低频;原词性:他動2;音调:⓪"
"やかましい","やかましい","吵闹的；麻烦的；严格的；挑剔的","い形容词","テレビの音がやかましくて眠れない","被电视声音吵得睡不着","N2","eggrolls;N2中频;原词性:イ形;音调:④"
"いわば","いわば","说起来，可谓是","副词","あの社長はいわば飾り物だ","那个社长说白了就是个花瓶","N2","eggrolls;N2中频;原词性:副;音调:②⓪"
"ことわざ","ことわざ","谚语","名词","「時は金なり」ということわざがある","有句谚语说“时间就是金钱”","N2","eggrolls;N2中频;原词性:名;音调:⓪④"
"塊","かたまり","块；群体，集合；（「…の塊」の形で）极端……","名词","氷の塊","冰块","N2","eggrolls;N2中频;原词性:名;音调:⓪"
"混ざる","まざる","混杂，夹杂","动词/自动词/五段动词","白髪が交ざる","夹杂着白发","N2","eggrolls;N2低频;原词性:自動1;音调:②"
"混じる","まじる","混，杂","动词/自动词/五段动词","知らない英単語が交じる","夹杂着不认识的英语单词","N2","eggrolls;N2低频;原词性:自動1;音调:②"
"交代","こうたい","交替，替换","名词/サ变动词","選手を交代する","替换选手","N2","eggrolls;N2中频;原词性:名・自他動3;音调:⓪"
"たちまち","たちまち","马上，立即，忽然","副词","音楽会の切符はたちまち売り切れた","音乐会的票立刻售罄了","N2","eggrolls;N2中频;原词性:副;音调:⓪"
"さびる","さびる","生锈","动词/自动词/一段动词","包丁がさびる","菜刀生锈","N2","eggrolls;N2低频;原词性:自動2;音调:②"
"思いがけない","おもいがけない","意外的，意想不到的","连语","思いがけない出会い","意外的邂逅","N2","eggrolls;N2中频;原词性:連語;音调:⑤⑥"
"でたらめ","でたらめ","胡言乱语，不着边际","名词/な形容词","でたらめを言う","胡说八道","N2","eggrolls;N2中频;原词性:名・ナ形;音调:⓪"
"いわゆる","いわゆる","所谓的","连体词","いわゆる「政見」というのは政治上の見解をさす","所谓“政见”就是指政治见解","N2","eggrolls;N2中频;原词性:連体;音调:③②"
"やや","やや","稍微，一点","副词","やや大きめ","稍大一点","N2","eggrolls;N2中频;原词性:副;音调:①"
"続々","ぞくぞく","继续，接连不断地","副词","新製品が続々と登場する","不断有新产品上市","N2","eggrolls;N2中频;原词性:副;音调:⓪①"
"そろえる","そろえる","使……一致；凑齐","动词/他动词/一段动词","靴をそろえる","把鞋摆齐","N2","eggrolls;N2高频;原词性:他動2;音调:③"
"おおよそ","おおよそ","大致，大体上","副词/名词","おおよその見積もり","大概的估计","N2","eggrolls;N2低频;原词性:副・名;音调:⓪"
"蓄える","たくわえる","储存，积蓄，储备","动词/他动词/一段动词","知識を蓄える","积累知识","N2","eggrolls;N2高频;原词性:他動2;音调:④③"
"整う","ととのう","整齐，调整好","动词/自动词/五段动词","準備が整った","准备好了","N2","eggrolls;N2高频;原词性:自動1;音调:③"
"度々","たびたび","屡屡，多次","副词","彼は度々ここにやって来る","他经常来这里","N2","eggrolls;N2低频;原词性:副;音调:⓪"
"当てはまる","あてはまる","符合条件，相匹配","动词/自动词/五段动词","条件に当てはまる","符合条件","N2","eggrolls;N2高频;原词性:自動1;音调:④"
"入れ替える","いれかえる","更换，调换","动词/他动词/一段动词","部屋の空気を入れ換える","给房间换气","N2","eggrolls;N2中频;原词性:他動2;音调:④③"
"濡らす","ぬらす","沾湿，弄湿","动词/他动词/五段动词","涙で枕を濡らす","哭湿了枕头","N2","eggrolls;N2低频;原词性:他動1;音调:⓪"
"むしろ","むしろ","宁可，与其……不如……","副词","教室というより、むしろ図書室といったほうがもっとふさわしい","与其说是教室，还不如说是图书室更加确切","N2","eggrolls;N2高频;原词性:副;音调:①"
"物差し","ものさし","尺子；标准，尺度","名词","30センチの物差し","三十公分长的尺","N2","eggrolls;N2低频;原词性:名;音调:③④"
"偏る","かたよる","不均衡；偏袒","动词/自动词/五段动词","栄養が偏る","营养失衡","N2","eggrolls;N2中频;原词性:自動1;音调:③"
"あくまで","あくまで","始终，彻底","副词","あくまで反対だ","坚决反对","N2","eggrolls;N2中频;原词性:副;音调:②①"
"無理やり","むりやり","勉强，强迫","副词","仕事を無理やり押し付ける","将工作强加于人","N2","eggrolls;N2中频;原词性:副;音调:⓪"
"もうかる","もうかる","赚钱；得便宜","动词/自动词/五段动词","100万円もうかる","赚到一百万日元","N2","eggrolls;N2中频;原词性:自動1;音调:③"
"厄介","やっかい","麻烦，棘手；照料","名词/な形容词","厄介な問題を抱える","有个棘手的问题","N2","eggrolls;N2中频;原词性:名・ナ形;音调:①"
"流行る","はやる","流行；（疾病等）蔓延；繁荣，兴旺","动词/自动词/五段动词","茶髪が流行る","流行染黄发","N2","eggrolls;N2高频;原词性:自動1;音调:②"
"もたれる","もたれる","倚靠；不消化","动词/自动词/一段动词","壁にもたれる","靠在墙上","N2","eggrolls;N2低频;原词性:自動2;音调:③"
"ささやく","ささやく","小声说话，耳语；（「ささやかれる」の形で）私下议论","动词/他动词/五段动词","耳元でささやく","在耳边低声说话","N2","eggrolls;N2低频;原词性:他動1;音调:③⓪"
"しびれる","しびれる","麻痹，发麻；陶醉","动词/自动词/一段动词","足がしびれる","脚麻","N2","eggrolls;N2低频;原词性:自動2;音调:③"
"ほうき","ほうき","扫帚","名词","ほうきで部屋を掃く","用扫帚打扫房间","N2","eggrolls;N2低频;原词性:名;音调:⓪①"
"やがて","やがて","不久","副词","やがて戻ってくるだろう","不久就会回来吧","N2","eggrolls;N2高频;原词性:副;音调:⓪"
"うなずく","うなずく","点头，首肯，理解","动词/自动词/五段动词","軽くうなずく","微微点头","N2","eggrolls;N2中频;原词性:自動1;音调:③⓪"
"アイロン","アイロン","熨斗","名词","アイロンをかける","熨衣服","N2","eggrolls;N2中频;原词性:名;音调:⓪;カタカナ語"
"アウト","アウト","外部；出界，出局；失败","名词","きょうのテストは完全にアウトだ","今天的考试全完蛋了","N2","eggrolls;N2中频;原词性:名;音调:①;カタカナ語"
"アンテナ","アンテナ","天线；获取信息的手段","名词","テレビのアンテナを取り付ける","安装电视天线","N2","eggrolls;N2低频;原词性:名;音调:⓪;カタカナ語"
"インストール","インストール","安装","サ变动词/名词","ソフトをインストールする","安装软件","N2","eggrolls;N2低频;原词性:他動3・名;音调:④;カタカナ語"
"うっとり","うっとり","入迷，陶醉","副词/サ变动词","うっとりと見とれる","看得入迷","N2","eggrolls;N2低频;原词性:副・自動3;音调:③;オノマトペ"
"うとうと","うとうと","迷迷糊糊，似睡非睡","副词/サ变动词","退屈な授業にうとうとする","无聊的课程让人昏昏欲睡","N2","eggrolls;N2中频;原词性:副・自動3;音调:①;オノマトペ"
"オイル","オイル","食用油；石油；润滑油","名词","サラダオイル","色拉油","N2","eggrolls;N2低频;原词性:名;音调:①;カタカナ語"
"オーケストラ","オーケストラ","管弦乐，管弦乐团","名词","オーケストラを結成する","组建管弦乐团","N2","eggrolls;N2中频;原词性:名;音调:③;カタカナ語"
"カリキュラム","カリキュラム","教育课程，教学计划","名词","カリキュラムを作成する","制定教学计划","N2","eggrolls;N2低频;原词性:名;音调:①③;カタカナ語"
"カルシウム","カルシウム","钙","名词","カルシウムが豊富な食品","富含钙质的食品","N2","eggrolls;N2低频;原词性:名;音调:③;カタカナ語"
"ぎっしり","ぎっしり","装得满满的，挤得满满的","副词","予定がぎっしりと詰まっている","计划排得满满的","N2","eggrolls;N2高频;原词性:副;音调:③;オノマトペ"
"キャプテン","キャプテン","队长；船长；机长","名词","バスケ部のキャプテン","篮球队的队长","N2","eggrolls;N2低频;原词性:名;音调:①;カタカナ語"
"くたくた","くたくた","疲惫不堪⓪；用旧失去弹性⓪；煮得软烂①②","副词/な形容词","くたくたに疲れる","筋疲力尽","N2","eggrolls;N2中频;原词性:副・ナ形;音调:⓪①②;オノマトペ"
"クリア","クリア","清晰；过关；清除","な形容词/サ变动词/名词","クリアな画像","清晰的图像","N2","eggrolls;N2高频;原词性:ナ形・他動3・名;音调:②;カタカナ語"
"ぐんぐん","ぐんぐん","猛地，突飞猛进状","副词","背がぐんぐん伸びる","个头突然长高","N2","eggrolls;N2中频;原词性:副;音调:①;オノマトペ"
"コーラス","コーラス","合唱，合唱团，合唱曲","名词","ママさんコーラス","妇女合唱队","N2","eggrolls;N2低频;原词性:名;音调:①;カタカナ語"
"コック","コック","厨师","名词","コック長","厨师长","N2","eggrolls;N2低频;原词性:名;音调:①;カタカナ語"
"こつこつ","こつこつ","（反复敲打硬物）咯噔咯噔；勤勤恳恳，孜孜不倦","副词","こつこつ戸をたたく","咚咚地敲门","N2","eggrolls;N2中频;原词性:副;音调:①;オノマトペ"
"コレクション","コレクション","收藏，藏品；时装发布会","名词","彼の趣味は切手のコレクションです","他的爱好是集邮","N2","eggrolls;N2中频;原词性:名;音调:②;カタカナ語"
"ごろごろ","ごろごろ","大而重的物体滚动（的声音、样子）；雷鸣；（猫的喉咙）咕噜声；到处都是；无所事事","副词","大きな材木をごろごろと転がす","叽里咕噜地滚动大木材","N2","eggrolls;N2中频;原词性:副;音调:①;オノマトペ"
"コンセント","コンセント","电源插口，插座","名词","プラグをコンセントに差し込む","把插头插在插座上","N2","eggrolls;N2中频;原词性:名;音调:①;カタカナ語"
"シール","シール","封印，封缄；（装饰用）贴纸","名词","封筒にシールを貼る","在信封上贴上贴纸","N2","eggrolls;N2中频;原词性:名;音调:①;カタカナ語"
"システム","システム","体系，系统","名词","オンラインシステム","联网系统","N2","eggrolls;N2高频;原词性:名;音调:①;カタカナ語"
"すいすい","すいすい","轻快、迅速地行动的样子；事情进行得很顺利的样子","副词","トンボがすいすい飛んでいる","蜻蜓轻快地飞翔着","N2","eggrolls;N2低频;原词性:副;音调:①"
"ステージ","ステージ","舞台，讲台；阶段","名词","ステージに立つ","站在舞台","N2","eggrolls;N2高频;原词性:名;音调:②;カタカナ語"
"ずらす","ずらす","挪动，移开；将……错开","动词/他动词/五段动词","机を少し後ろへずらす","把桌子稍微往后挪","N2","eggrolls;N2中频;原词性:他動1;音调:②"
"すらすら","すらすら","流畅，流利","副词","すらすらと答える","流利地回答","N2","eggrolls;N2中频;原词性:副;音调:①;オノマトペ"
"ずれる","ずれる","移动，错离；偏离，离题","动词/自动词/一段动词","タイミングがずれる","时机不对","N2","eggrolls;N2中频;原词性:自動2;音调:②"
"せっせと","せっせと","勤勤恳恳地，孜孜不倦地","副词","せっせと働く","勤奋工作","N2","eggrolls;N2低频;原词性:副;音调:①;オノマトペ"
"せめて","せめて","至少，哪怕是……（也好）","副词","せめて生活費ぐらいは自分で稼ぎたい","至少想自己赚生活费","N2","eggrolls;N2中频;原词性:副;音调:①"
"そそっかしい","そそっかしい","冒失，毛手毛脚","い形容词","そそっかしい人","冒失鬼","N2","eggrolls;N2中频;原词性:イ形;音调:⑤"
"たっぷり","たっぷり","充足，足够；宽绰","副词/サ变动词","時間はまだたっぷりある","还有足够的时间","N2","eggrolls;N2高频;原词性:副・自動3;音调:③;オノマトペ"
"ダム","ダム","水坝，水库","名词","川にダムを造る","在河上建造拦河坝","N2","eggrolls;N2低频;原词性:名;音调:①;カタカナ語"
"テクニック","テクニック","技术，技巧","名词","高度のテクニックを要する作業","需要高超技术的作业","N2","eggrolls;N2高频;原词性:名;音调:①③;カタカナ語"
"どうにか","どうにか","设法；总算，勉强","副词","どうにかして終わらせたい","想设法完成","N2","eggrolls;N2中频;原词性:副;音调:①"
"とっくに","とっくに","很早，早就","副词","とっくに知っていた","早就知道了","N2","eggrolls;N2中频;原词性:副;音调:⓪③"
"ともかく","ともかく","无论如何，总之；先不管，暂且不谈","副词","ともかくやってみよう","总之先做做看吧","N2","eggrolls;N2高频;原词性:副;音调:①"
"とんでもない","とんでもない","出乎意料的，岂有此理的；（强烈否定）绝对没有那回事，不客气","い形容词","とんでもない結果になってしまった","结果出人意料","N2","eggrolls;N2中频;原词性:イ形;音调:⑤"
"なだらか","なだらか","平稳，顺利；平缓","な形容词","なだらかに進む","平稳前进","N2","eggrolls;N2中频;原词性:ナ形;音调:②"
"のろのろ","のろのろ","动作缓慢","副词/サ变动词","のろのろと歩く","缓慢前行","N2","eggrolls;N2低频;原词性:副・自動3;音调:①;オノマトペ"
"はきはき","はきはき","（言语或动作）干脆，爽快；头脑敏捷","副词/サ变动词","はきはきと答える","干脆地回答","N2","eggrolls;N2低频;原词性:副・自動3;音调:①;オノマトペ"
"パジャマ","パジャマ","成套睡衣","名词","寝巻","睡衣","N2","eggrolls;N2低频;原词性:名;音调:①;カタカナ語"
"ばったり","ばったり","突然倒下；意外相遇；突然中断","副词","貧血を起こしてばったりと倒れる","由于贫血而突然倒下","N2","eggrolls;N2中频;原词性:副;音调:③;オノマトペ"
"びっしょり","びっしょり","湿透，湿淋淋","副词","びっしょりと汗をかく","汗流浃背","N2","eggrolls;N2中频;原词性:副;音调:③;オノマトペ"
"ビニール","ビニール","乙烯树脂，塑料薄膜","名词","ビニール袋","塑料袋","N2","eggrolls;N2中频;原词性:名;音调:②;カタカナ語"
"ブーム","ブーム","潮流，……热","名词","ブームに乗る","赶潮流","N2","eggrolls;N2中频;原词性:名;音调:①;カタカナ語"
"ぶら下げる","ぶらさげる","垂，拎；佩戴，悬挂","动词/他动词/一段动词","かばんをぶら下げる","拎包","N2","eggrolls;N2低频;原词性:他動2;音调:⓪④"
"フレッシュ","フレッシュ","新鲜的","な形容词","フレッシュな空気","清新的空气","N2","eggrolls;N2中频;原词性:ナ形;音调:②;カタカナ語"
"プロジェクター","プロジェクター","放映机；计划者","名词","ポータブルプロジェクター","便携式投影仪","N2","eggrolls;N2低频;原词性:名;音调:③;カタカナ語"
"ベテラン","ベテラン","老手，经验丰富的人","名词","ベテラン教師","教学经验丰富的老师","N2","eggrolls;N2高频;原词性:名;音调:⓪;カタカナ語"
"ヘリコプター","ヘリコプター","直升机","名词","ヘリコプターを操縦する","驾驶直升机","N2","eggrolls;N2低频;原词性:名;音调:③;カタカナ語"
"ボランティア","ボランティア","志愿者","名词","ボランティアとして老人を介護する","作为志愿者照顾老人","N2","eggrolls;N2高频;原词性:名;音调:②;カタカナ語"
"ぼろぼろ","ぼろぼろ","［副］粒状物不断落下；［ナ形］破烂不堪","副词/な形容词","ぼろぼろと涙を流す","眼泪一滴滴地掉下来","N2","eggrolls;N2低频;原词性:副①・ナ形⓪;音调:①⓪;オノマトペ"
"ぼんやり","ぼんやり","模糊，不清楚；发呆","副词/サ变动词","窓の外がぼんやりしている","窗外模模糊糊的","N2","eggrolls;N2高频;原词性:副・自動3;音调:③;オノマトペ"
"マイペース","マイペース","适合自己的速度、进度；我行我素","な形容词/名词","マイペースで勉強する","按自己的方式来学习","N2","eggrolls;N2中频;原词性:ナ形・名;音调:③;カタカナ語"
"マスコミ","マスコミ","（大众）媒体","名词","マスコミを通じて伝達する","通过媒体传达","N2","eggrolls;N2低频;原词性:名;音调:⓪;カタカナ語"
"ゆったり","ゆったり","舒畅；有余裕，宽敞","副词/サ变动词","ゆったりした気分","舒畅的心情","N2","eggrolls;N2中频;原词性:副・自動3;音调:③;オノマトペ"
"ライバル","ライバル","竞争对手，情敌","名词","良きライバルとなる","成为很好的竞争对手","N2","eggrolls;N2高频;原词性:名;音调:①;カタカナ語"
"ラベル","ラベル","标签，商标","名词","ラベルを貼る","贴标签","N2","eggrolls;N2中频;原词性:名;音调:①⓪;カタカナ語"
"ランニング","ランニング","跑步","名词","ランニングシューズ","跑鞋","N2","eggrolls;N2中频;原词性:名;音调:⓪;カタカナ語"
"リズム","リズム","节奏，拍子；韵律","名词","生活のリズムが狂う","生活节奏出现紊乱","N2","eggrolls;N2高频;原词性:名;音调:①;カタカナ語"
"リラックス","リラックス","放松，松弛","名词/サ变动词","リラックスして話す","轻松地谈话","N2","eggrolls;N2高频;原词性:名・自動3;音调:②;カタカナ語"
"レクリエーション","レクリエーション","娱乐，消遣","名词","レクリエーションセンター","文娱中心","N2","eggrolls;N2中频;原词性:名;音调:④;カタカナ語"
"安易","あんい","容易的，简单的；随便的，轻率的","な形容词/名词","問題を安易に考える","把问题看得简单","N2","eggrolls;N2中频;原词性:ナ形・名;音调:①⓪"
"位","くらい","身份，地位；等级，品味；位数","名词","王の位","王位","N2","eggrolls;N2低频;原词性:名;音调:⓪"
"依頼","いらい","请求，委托；依靠","名词/サ变动词","デザインを依頼する","请人设计","N2","eggrolls;N2高频;原词性:名・自他動3;音调:⓪"
"委員","いいん","委员，负责人","名词","委員に任命される","被任命为委员","N2","eggrolls;N2低频;原词性:名;音调:①"
"威張る","いばる","摆架子，自高自大","动词/自动词/五段动词","そんなことは威張れた話ではない","那点事根本不值得吹","N2","eggrolls;N2低频;原词性:自動1;音调:②"
"意地悪","いじわる","刁难的（人），坏心眼的（人）","名词/な形容词","意地悪な質問","刁难的问题","N2","eggrolls;N2低频;原词性:名・ナ形;音调:③②"
"異なる","ことなる","不同","动词/自动词/五段动词","通常と異なる","与平时不同","N2","eggrolls;N2高频;原词性:自動1;音调:③"
"維持","いじ","维持，维护","名词/サ变动词","現状を維持する","维持现状","N2","eggrolls;N2高频;原词性:名・他動3;音调:①"
"育児","いくじ","育婴，育儿","名词/サ变动词","家事と育児の分担","家务和育儿的分工","N2","eggrolls;N2中频;原词性:名・自動3;音调:①"
"いったん","いったん","暂时；一旦","副词","いったん帰宅して出直す","先回家一趟再出来","N2","eggrolls;N2高频;原词性:副;音调:⓪"
"一致","いっち","一致，相符；团结","名词/サ变动词","意見が一致する","意见一致","N2","eggrolls;N2高频;原词性:名・自動3;音调:⓪"
"一通り","ひととおり","粗略，大致；（不）普通","名词/副词","一通り目を通す","粗略地浏览一遍","N2","eggrolls;N2低频;原词性:名・副;音调:⓪"
"一定","いってい","一定，某种程度；稳定","名词/サ变动词","毎日一定量の水を与える","每天定量浇水","N2","eggrolls;N2高频;原词性:名・自他動3;音调:⓪"
"引き止める","ひきとめる","劝阻，挽留","动词/他动词/一段动词","辞任を引き止められる","辞职遭到劝阻","N2","eggrolls;N2中频;原词性:他動2;音调:④"
"引き返す","ひきかえす","返回，折回","动词/自动词/五段动词","家へ引き返す","折回家中","N2","eggrolls;N2低频;原词性:自動1;音调:③"
"引っ込む","ひっこむ","缩进；凹入；隐退","动词/自动词/五段动词","モグラが穴から頭を出したがすぐ引っ込んだ","鼹鼠从洞中探出头来又立刻缩了回去","N2","eggrolls;N2低频;原词性:自動1;音调:③"
"引用","いんよう","引用，借用","名词/サ变动词","魯迅の小説を引用する","引用鲁迅的小说","N2","eggrolls;N2中频;原词性:名・他動3;音调:⓪"
"永遠","えいえん","永远，永存","名词/な形容词","永遠の真理","永恒的真理","N2","eggrolls;N2中频;原词性:名・ナ形;音调:⓪"
"延長","えんちょう","延长；延续；全长","名词/サ变动词","契約期間を延長する","延长合约","N2","eggrolls;N2高频;原词性:名・他動3;音调:⓪"
"演劇","えんげき","演剧，戏剧","名词","演劇博物館","戏剧博物馆","N2","eggrolls;N2高频;原词性:名;音调:⓪"
"塩分","えんぶん","盐分","名词","塩分を控える","少吃盐","N2","eggrolls;N2中频;原词性:名;音调:①"
"沖","おき","海上，洋面，湖心","名词","沖の小島","海上的小岛","N2","eggrolls;N2低频;原词性:名;音调:⓪"
"恩恵","おんけい","恩惠，恩情","名词","恩恵に浴する","蒙受恩惠","N2","eggrolls;N2中频;原词性:名;音调:⓪"
"温厚","おんこう","（性格）温柔，敦厚，温文尔雅","な形容词","温厚な性格","性格温和","N2","eggrolls;N2中频;原词性:ナ形;音调:⓪"
"温暖","おんだん","温暖，气候暖和","名词/な形容词","温暖な気候","温暖的气候","N2","eggrolls;N2高频;原词性:名・ナ形;音调:⓪"
"下書き","したがき","草稿；打底稿","名词/サ变动词","小説の下書きをする","写小说草稿","N2","eggrolls;N2低频;原词性:名・他動3;音调:⓪"
"加わる","くわわる","增加；加入","动词/自动词/五段动词","新版には図表が加わった","新版附加了图表","N2","eggrolls;N2中频;原词性:自動1;音调:⓪③"
"加減","かげん","加减，调节；程度，身体状况","名词/サ变动词","室内温度を加減する","调节室内温度","N2","eggrolls;N2高频;原词性:名・他動3;音调:⓪"
"加熱","かねつ","加热","名词/サ变动词","加熱して乾燥する","加热干燥","N2","eggrolls;N2低频;原词性:名・他動3;音调:⓪"
"歌謡","かよう","歌谣","名词","古代歌謡","古代歌谣","N2","eggrolls;N2中频;原词性:名;音调:⓪"
"過剰","かじょう","过剩，过多","名词/な形容词","自信過剰","过分自信","N2","eggrolls;N2高频;原词性:名・ナ形;音调:⓪"
"解散","かいさん","解散；解体","名词/サ变动词","野次馬を解散させる","赶开看热闹的人","N2","eggrolls;N2中频;原词性:名・自他動3;音调:⓪"
"解釈","かいしゃく","理解，解释，说明","名词/サ变动词","好意に解釈する","理解为好意","N2","eggrolls;N2高频;原词性:名・他動3;音调:①"
"回転","かいてん","转动；周转","名词/サ变动词","車輪が速く回転する","车轮转得飞快","N2","eggrolls;N2中频;原词性:名・自動3;音调:⓪"
"回答","かいとう","回答，答复","名词/サ变动词","質問に回答する","回答问题","N2","eggrolls;N2高频;原词性:名・自他動3;音调:⓪"
"快適","かいてき","舒适，惬意的","な形容词","快適な生活","舒适的生活","N2","eggrolls;N2高频;原词性:ナ形;音调:⓪"
"改めて","あらためて","再，另外；重新","副词","後日改めて伺う","改日再拜访","N2","eggrolls;N2高频;原词性:副;音调:③"
"改める","あらためる","改变；改正；检查","动词/他动词/一段动词","規則を改める","修改规则","N2","eggrolls;N2中频;原词性:他動2;音调:④"
"海水浴","かいすいよく","海水浴","名词","海水浴場","海水浴场","N2","eggrolls;N2中频;原词性:名;音调:③"
"各自","かくじ","各自","名词","各自弁当を持参する","各自带便当","N2","eggrolls;N2高频;原词性:名;音调:①"
"拡充","かくじゅう","扩充，扩张","名词/サ变动词","半導体の生産設備を拡充する","扩充半导体生产设备","N2","eggrolls;N2中频;原词性:名・他動3;音调:⓪"
"確率","かくりつ","概率，可能性","名词","降水確率","降水概率","N2","eggrolls;N2中频;原词性:名;音调:⓪"
"隔てる","へだてる","隔开；（距离）间隔；（时间）相隔","动词/他动词/一段动词","カーテンで部屋を隔てる","用帘子把房间隔开","N2","eggrolls;N2中频;原词性:他動2;音调:③"
"割と","わりと","比较地，意外地","副词","割と簡単だ","出乎意料地简单","N2","eggrolls;N2中频;原词性:副;音调:⓪"
"活気","かっき","活力，生机","名词","活気にあふれる","充满活力","N2","eggrolls;N2中频;原词性:名;音调:⓪"
"活字","かつじ","活字；印刷品","名词","ゴシック活字","黑体字","N2","eggrolls;N2中频;原词性:名;音调:⓪"
"活躍","かつやく","活跃，大显身手","名词/サ变动词","職場で活躍する","在工作中大显身手","N2","eggrolls;N2高频;原词性:名・自動3;音调:⓪"
"活用","かつよう","有效利用；词尾变化，活用","名词/サ变动词","人材を活用する","充分地利用人才","N2","eggrolls;N2高频;原词性:名・自他動3;音调:⓪"
"活力","かつりょく","活力，生机","名词","活力を取り戻す","恢复活力","N2","eggrolls;N2中频;原词性:名;音调:②⓪"
"葛藤","かっとう","纠纷，纠葛；纠结","名词/サ变动词","仲間どうしに葛藤が起きる","伙伴之间发生纠葛","N2","eggrolls;N2低频;原词性:名・自動3;音调:⓪"
"勘","かん","直觉，第六感","名词","勘が働く","第六感起作用","N2","eggrolls;N2中频;原词性:名;音调:⓪"
"勘違い","かんちがい","误会","名词/サ变动词","勘違いしないで","不要误会","N2","eggrolls;N2高频;原词性:名・自動3;音调:③"
"甘やかす","あまやかす","宠，惯","动词/他动词/五段动词","子どもを甘やかす","娇惯孩子","N2","eggrolls;N2中频;原词性:他動1;音调:④⓪"
"観測","かんそく","观测；观察","名词/サ变动词","天体観測","天体观测","N2","eggrolls;N2中频;原词性:名・他動3;音调:⓪"
"観念","かんねん","观念，想法；断念，死心","名词/サ变动词","時間の観念がない","没有时间观念","N2","eggrolls;N2中频;原词性:名・自他動3;音调:①"
"鑑賞","かんしょう","鉴赏，欣赏","名词/サ变动词","音楽鑑賞","欣赏音乐","N2","eggrolls;N2高频;原词性:名・他動3;音调:⓪"
"関連","かんれん","关联，相关","名词/サ变动词","教育に関連する仕事","与教育相关的工作","N2","eggrolls;N2高频;原词性:名・自動3;音调:⓪"
"願望","がんぼう","愿望","サ变动词/名词","願望を遂げる","实现愿望","N2","eggrolls;N2中频;原词性:他動3・名;音调:⓪"
"器具","きぐ","器具，用具，器械","名词","医療器具","医疗器械","N2","eggrolls;N2高频;原词性:名;音调:①"
"基準","きじゅん","基准，标准","名词","基準を満たす","达标，满足基准","N2","eggrolls;N2高频;原词性:名;音调:⓪"
"奇妙","きみょう","奇怪的；奇妙的，不可思议的","な形容词","奇妙な格好をして現れる","以奇怪的装扮现身","N2","eggrolls;N2中频;原词性:ナ形;音调:①"
"機能","きのう","机能，功能","名词/サ变动词","十分機能する","充分发挥作用","N2","eggrolls;N2高频;原词性:名・自動3;音调:①"
"気圧","きあつ","气压","名词","気圧計","气压计","N2","eggrolls;N2中频;原词性:名;音调:⓪"
"気配","けはい","迹象，苗头","名词","秋の気配を感じる","感觉到秋天的气息","N2","eggrolls;N2中频;原词性:名;音调:①"
"気味","きみ","（心身所受的）感触，心情，情绪","名词","気味が悪い","令人觉得不舒服，不快的","N2","eggrolls;N2高频;原词性:名;音调:①②"
"規律","きりつ","规律，纪律","名词","規律を守る","循规蹈矩","N2","eggrolls;N2低频;原词性:名;音调:⓪"
"貴重","きちょう","贵重，宝贵","な形容词","貴重品","贵重物品","N2","eggrolls;N2高频;原词性:ナ形;音调:⓪"
"儀式","ぎしき","仪式，典礼","名词","厳粛な儀式","庄严的仪式","N2","eggrolls;N2中频;原词性:名;音调:①"
"議会","ぎかい","议会","名词","議会を解散する","解散议会","N2","eggrolls;N2中频;原词性:名;音调:①"
"議長","ぎちょう","主持人；主席，议长","名词","会の議長になる","做会议主持人","N2","eggrolls;N2低频;原词性:名;音调:①"
"客席","きゃくせき","观众席，客人的席位","名词","客席から拍手がわく","观众席爆发出阵阵掌声","N2","eggrolls;N2中频;原词性:名;音调:⓪"
"休業","きゅうぎょう","停业，歇业","名词/サ变动词","臨時休業","临时歇业","N2","eggrolls;N2中频;原词性:名・自動3;音调:⓪"
"休養","きゅうよう","休养","名词/サ变动词","休養を取る","休养","N2","eggrolls;N2中频;原词性:名・自動3;音调:⓪"
"吸収","きゅうしゅう","吸收，吸取","名词/サ变动词","水分を吸収する","吸收水分","N2","eggrolls;N2高频;原词性:名・他動3;音调:⓪"
"急激","きゅうげき","急剧的","な形容词","急激に悪化する","迅速恶化","N2","eggrolls;N2中频;原词性:ナ形;音调:⓪"
"救う","すくう","救助，解救，拯救","动词/他动词/五段动词","危ないところを救われた","在危急时刻获救","N2","eggrolls;N2中频;原词性:他動1;音调:⓪"
"求人","きゅうじん","招聘，招工","名词/サ变动词","求人案内","招聘启事","N2","eggrolls;N2中频;原词性:名・自他動3;音调:⓪"
"去る","さる","离开；时间流逝；消除","动词/自他动词/五段动词","現場を去る","离开现场","N2","eggrolls;N2高频;原词性:自他動1;音调:①"
"供給","きょうきゅう","供给，供应","名词/サ变动词","需要と供給のバランス","供需平衡","N2","eggrolls;N2中频;原词性:名・他動3;音调:⓪"
"共に","ともに","一起，共同；（…と共に）同时","副词","母子共に元気だ","母子都平安","N2","eggrolls;N2高频;原词性:副;音调:⓪"
"境界","きょうかい","（土地的）边界；（事物的）分界线，边缘","名词","境界線","边境线","N2","eggrolls;N2中频;原词性:名;音调:⓪"
"強力","きょうりょく","强有力","名词/な形容词","強力に推し進める","大力推进","N2","eggrolls;N2低频;原词性:名・ナ形;音调:⓪"
"恐らく","おそらく","恐怕，大概","副词","恐らく来ないだろう","恐怕是不会来了","N2","eggrolls;N2低频;原词性:副;音调:②"
"恐怖","きょうふ","恐惧，恐慌","名词/サ变动词","恐怖に陥る","陷入恐慌","N2","eggrolls;N2中频;原词性:名・自他動3;音调:①"
"教養","きょうよう","修养，教养，通才教育","名词","教養のある人","有修养的人","N2","eggrolls;N2中频;原词性:名;音调:⓪"
"極","ごく","极其，非常；（强调普通的样子）极其，非常","副词","ごく一部の人が反対している","只有极少数人反对","N2","eggrolls;N2低频;原词性:副;音调:①"
"筋","すじ","线条；肌肉；道理；情节；……条","名词","体に黒い筋が入ったヘビ","身上有黑色条纹的蛇","N2","eggrolls;N2低频;原词性:名;音调:①"
"筋肉","きんにく","肌肉","名词","筋肉を鍛える","锻炼肌肉","N2","eggrolls;N2高频;原词性:名;音调:①"
"金魚","きんぎょ","金鱼","名词","金魚掬い","捞金鱼游戏","N2","eggrolls;N2中频;原词性:名;音调:①"
"区分","くぶん","分割，划分","名词/サ变动词","土地を区分する","划分地块","N2","eggrolls;N2低频;原词性:名・他動3;音调:⓪①"
"空想","くうそう","空想，虚构","名词/サ变动词","空想に耽る","沉溺于空想当中","N2","eggrolls;N2中频;原词性:名・他動3;音调:⓪"
"群れ","むれ","（动物、人的）群，伙","名词","群れを成す","成群结队","N2","eggrolls;N2中频;原词性:名;音调:②"
"傾く","かたむく","倾斜；倾向于……；（日、月）西斜；衰落","动词/自动词/五段动词","右に傾く","向右边倾斜","N2","eggrolls;N2中频;原词性:自動1;音调:③"
"契機","けいき","契机，转机，动机","名词","大学入学を契機として親元を離れる","以大学入学为契机离开父母","N2","eggrolls;N2低频;原词性:名;音调:①"
"恵まれる","めぐまれる","被赋予；富有","动词/自动词/一段动词","チャンスに恵まれる","恰逢时机","N2","eggrolls;N2高频;原词性:自動2;音调:⓪"
"敬う","うやまう","尊敬，敬重","动词/他动词/五段动词","目上の人を敬う","尊敬长辈","N2","eggrolls;N2中频;原词性:他動1;音调:③"
"警告","けいこく","警告","名词/サ变动词","警告を発する","发出警告","N2","eggrolls;N2低频;原词性:名・他動3;音调:⓪"
"芸能","げいのう","文艺，文娱","名词","芸能人","艺人","N2","eggrolls;N2中频;原词性:名;音调:⓪"
"劇","げき","戏剧；剧烈","名词","時代劇","古装剧","N2","eggrolls;N2高频;原词性:名;音调:①"
"劇場","げきじょう","剧场，戏院；电影院","名词","シアター","剧场，戏院；电影院","N2","eggrolls;N2中频;原词性:名;音调:⓪"
"桁","けた","……位数","名词","1桁間違えた","算错了一位数","N2","eggrolls;N2低频;原词性:名;音调:⓪"
"欠陥","けっかん","缺点，缺陷","名词","欠陥品","次品，不良品","N2","eggrolls;N2中频;原词性:名;音调:⓪"
"結論","けつろん","结论，结果","名词/サ变动词","結論を出す","得出结论","N2","eggrolls;N2中频;原词性:名・自他動3;音调:⓪"
"兼ねる","かねる","兼具，兼任；（かねる）难以，办不到","动词/他动词/一段动词","大は小を兼ねる","大可兼小","N2","eggrolls;N2高频;原词性:他動2;音调:②"
"憲法","けんぽう","宪法","名词","憲法を改正する","修订宪法","N2","eggrolls;N2低频;原词性:名;音调:①"
"権利","けんり","权利","名词","国民の権利を守る","保护国民权利","N2","eggrolls;N2低频;原词性:名;音调:①"
"見回る","みまわる","巡逻，巡视","动词/自他动词/五段动词","ビルの中を見回る","巡视大楼","N2","eggrolls;N2中频;原词性:自他動1;音调:⓪③"
"見慣れる","みなれる","看惯，司空见惯","动词/自动词/一段动词","見慣れた風景","司空见惯的风景","N2","eggrolls;N2低频;原词性:自動2;音调:⓪③"
"見事","みごと","漂亮，巧妙，出色；（反语）完全","な形容词/副词","見事に解決する","漂亮地解决","N2","eggrolls;N2中频;原词性:ナ形・副;音调:①"
"見出し","みだし","标题；目录，索引；词条","名词","新聞の見出し","报纸的标题","N2","eggrolls;N2低频;原词性:名;音调:⓪"
"険しい","けわしい","陡峭的，险峻的；险恶的，艰险的；（表情、态度等）严厉的","い形容词","険しい山道","险峻的山路","N2","eggrolls;N2高频;原词性:イ形;音调:③"
"原理","げんり","原理","名词","多数決の原理","少数服从多数的原理","N2","eggrolls;N2低频;原词性:名;音调:①"
"厳重","げんじゅう","严重，严格，严厉","な形容词","厳重注意","严重警告","N2","eggrolls;N2低频;原词性:ナ形;音调:⓪"
"現場","げんば","现场；基层","名词","事故現場にちょうど居合わせる","正好在发生事故的现场","N2","eggrolls;N2高频;原词性:名;音调:⓪"
"言いつける","いいつける","吩咐；告发；说习惯","动词/他动词/一段动词","仕事を言いつける","吩咐工作","N2","eggrolls;N2低频;原词性:他動2;音调:④"
"限る","かぎる","限于，限制；（「…に限る」の形で）只限……；最好","动词/自他动词/五段动词","日を限る","限定日期","N2","eggrolls;N2高频;原词性:自他動1;音调:②"
"限界","げんかい","极限，界限","名词","限界を越える","超越极限","N2","eggrolls;N2高频;原词性:名;音调:⓪"
"古典","こてん","古典","名词","古典音楽","古典音乐","N2","eggrolls;N2中频;原词性:名;音调:⓪"
"誇り","ほこり","自豪，感到荣耀","名词","誇りを持つ","感到光荣","N2","eggrolls;N2中频;原词性:名;音调:⓪③"
"娯楽","ごらく","娱乐","名词","娯楽施設","娱乐设施","N2","eggrolls;N2中频;原词性:名;音调:⓪"
"後者","こうしゃ","后者；后世的人","名词","前者","前者","N2","eggrolls;N2高频;原词性:名;音调:①"
"碁","ご","围棋","名词","碁を打つ","下围棋","N2","eggrolls;N2低频;原词性:名;音调:⓪①"
"誤り","あやまり","错误，失误","名词","文字の誤りを正す","纠正文字错误","N2","eggrolls;N2中频;原词性:名;音调:③④⓪"
"候補","こうほ","候补，候选人","名词","優勝候補","冠军的有力争夺者","N2","eggrolls;N2高频;原词性:名;音调:①"
"光景","こうけい","情景，场面","名词","悲惨な光景","悲惨的情景","N2","eggrolls;N2中频;原词性:名;音调:⓪"
"公衆","こうしゅう","公众，群众","名词","公衆電話","公用电话","N2","eggrolls;N2低频;原词性:名;音调:⓪"
"公表","こうひょう","公布，宣布","名词/サ变动词","事件の真実を公表する","公布事件真相","N2","eggrolls;N2低频;原词性:名・他動3;音调:⓪"
"効力","こうりょく","效力，效果","名词","条約の効力","条约的效力","N2","eggrolls;N2中频;原词性:名;音调:①"
"好む","このむ","喜欢，喜爱；想要，希望","动词/他动词/五段动词","映画を好む","喜欢电影","N2","eggrolls;N2高频;原词性:他動1;音调:②"
"広々","ひろびろ","宽敞，辽阔","副词/サ变动词","広々としたホール","宽敞的会堂","N2","eggrolls;N2中频;原词性:副・自動3;音调:③"
"校舎","こうしゃ","校舍，教学楼","名词","新しい校舎を建てる","建造新校舍","N2","eggrolls;N2中频;原词性:名;音调:①"
"構成","こうせい","构成","名词/サ变动词","文章の構成","文章结构","N2","eggrolls;N2高频;原词性:名・他動3;音调:⓪"
"構造","こうぞう","构造，结构","名词","建物の内部構造","建筑物的内部结构","N2","eggrolls;N2中频;原词性:名;音调:⓪"
"耕す","たがやす","耕作","动词/他动词/五段动词","畑を耕す","耕田","N2","eggrolls;N2低频;原词性:他動1;音调:③"
"考慮","こうりょ","考虑","名词/サ变动词","考慮に入れる","纳入考量","N2","eggrolls;N2高频;原词性:名・他動3;音调:①"
"行儀","ぎょうぎ","举止动作，行为规范","名词","行儀がいい","懂礼貌","N2","eggrolls;N2低频;原词性:名;音调:⓪"
"行方","ゆくえ","去向，下落；前途，走向","名词","行方不明","下落不明，不知行踪","N2","eggrolls;N2低频;原词性:名;音调:⓪"
"貢献","こうけん","贡献","名词/サ变动词","世界平和に貢献する","为世界和平做出贡献","N2","eggrolls;N2高频;原词性:名・自動3;音调:⓪"
"高層","こうそう","高空；高层","名词","高層の気流","高空气流","N2","eggrolls;N2中频;原词性:名;音调:⓪"
"合同","ごうどう","联合，合并","名词/サ变动词","合同会議","联席会议","N2","eggrolls;N2中频;原词性:名・自他動3;音调:⓪"
"克服","こくふく","克服","名词/サ变动词","困難を克服する","克服困难","N2","eggrolls;N2中频;原词性:名・他動3;音调:⓪"
"差し伸べる","さしのべる","伸出；帮助","动词/他动词/一段动词","手を差し伸べる","伸出手；伸出援手","N2","eggrolls;N2低频;原词性:他動2;音调:④⓪"
"催し","もよおし","（举办）活动","名词","歓迎の催しを開く","举行欢迎活动","N2","eggrolls;N2高频;原词性:名;音调:⓪"
"催促","さいそく","催促，催讨，催逼","名词/サ变动词","返済を催促する","催讨还款","N2","eggrolls;N2中频;原词性:名・他動3;音调:①"
"再三","さいさん","再三","副词","再三注意する","再三提醒","N2","eggrolls;N2低频;原词性:副;音调:⓪"
"塞ぐ","ふさぐ","堵，填；捂住，堵住；挡，占","动词/他动词/五段动词","薄い板ですきまを塞ぐ","用薄板堵上缝隙","N2","eggrolls;N2低频;原词性:他動1;音调:⓪"
"済ませる","すませる","完成，解决","动词/他动词/一段动词","夕食を済ませる","吃完晚饭","N2","eggrolls;N2中频;原词性:他動2;音调:③"
"際","さい","时候，之际","名词","非常の際","非常时刻","N2","eggrolls;N2高频;原词性:名;音调:①"
"在学","ざいがく","在学，在校","名词/サ变动词","在学証明書","学籍证明","N2","eggrolls;N2中频;原词性:名・自動3;音调:⓪"
"作曲","さっきょく","作曲，谱曲","名词/サ变动词","作曲家","作曲家","N2","eggrolls;N2低频;原词性:名・自他動3;音调:⓪"
"作法","さほう","礼节，礼法，礼貌","名词","礼儀作法","行为礼仪","N2","eggrolls;N2中频;原词性:名;音调:①"
"削除","さくじょ","删除","名词/サ变动词","名簿から名前を削除する","从名单中删除名字","N2","eggrolls;N2中频;原词性:名・他動3;音调:①"
"擦れ違う","すれちがう","错过，擦肩而过；产生分歧","动词/自动词/五段动词","廊下で擦れ違う","在走廊擦肩而过","N2","eggrolls;N2中频;原词性:自動1;音调:④⓪"
"雑草","ざっそう","杂草","名词","雑草を根こそぎ取る","把杂草连根拔掉","N2","eggrolls;N2高频;原词性:名;音调:⓪"
"雑談","ざつだん","闲谈，闲聊","名词/サ变动词","友人と雑談する","和朋友闲聊","N2","eggrolls;N2中频;原词性:名・自動3;音调:⓪"
"酸性","さんせい","酸性","名词","酸性雨","酸雨","N2","eggrolls;N2低频;原词性:名;音调:⓪"
"酸素","さんそ","氧气","名词","液体酸素","液态氧","N2","eggrolls;N2中频;原词性:名;音调:①"
"刺激","しげき","刺激","名词/サ变动词","景気の刺激策","经济刺激政策","N2","eggrolls;N2高频;原词性:名・他動3;音调:⓪"
"子育て","こそだて","抚养孩子","名词/サ变动词","仕事をやめて子育てに専念する","辞掉工作专心育儿","N2","eggrolls;N2高频;原词性:名・自動3;音调:②"
"思い込む","おもいこむ","固执地认为；下定决心","动词/他动词/五段动词","真実だと思い込む","固执地认为是真的","N2","eggrolls;N2高频;原词性:他動1;音调:④⓪②"
"思い切り","おもいきり","断念，死心；尽情地，痛快地","名词/副词","思い切りが悪い","想不开；不肯死心","N2","eggrolls;N2中频;原词性:名・副;音调:⓪"
"思想","しそう","思想，想法","名词","中国の古代思想","中国古代思想","N2","eggrolls;N2中频;原词性:名;音调:⓪"
"支配","しはい","统治；支配，影响","名词/サ变动词","地主が領地を支配する","地主统治领地","N2","eggrolls;N2高频;原词性:名・他動3;音调:①②"
"糸口","いとぐち","线头；线索，头绪","名词","解決の糸口がつく","有了解决的线索","N2","eggrolls;N2中频;原词性:名;音调:②"
"紫","むらさき","紫草；紫色","名词","紫色のブラウス","紫色衬衫","N2","eggrolls;N2低频;原词性:名;音调:②"
"至急","しきゅう","火急，火速","名词/副词","至急お願いします","请尽快","N2","eggrolls;N2高频;原词性:名・副;音调:⓪"
"歯車","はぐるま","齿轮；构成整体的各要素","名词","歯車が噛み合わない","齿轮不能啮合；进展不顺","N2","eggrolls;N2低频;原词性:名;音调:②"
"事態","じたい","事态，局势","名词","事態の推移を見守る","观察事态的变化","N2","eggrolls;N2中频;原词性:名;音调:①"
"児童","じどう","儿童","名词","児童劇","儿童剧","N2","eggrolls;N2中频;原词性:名;音调:①"
"次ぐ","つぐ","继……之后；次于，亚于","动词/自动词/五段动词","冷害に次ぐ冷害","一次次冻灾接踵而来","N2","eggrolls;N2高频;原词性:自動1;音调:⓪"
"自ら","みずから","自己；亲自","名词/副词","自らを省みる","反躬自问","N2","eggrolls;N2高频;原词性:名・副;音调:①"
"湿る","しめる","潮湿；心情忧郁","动词/自动词/五段动词","湿った空気","潮湿的空气","N2","eggrolls;N2中频;原词性:自動1;音调:⓪"
"実施","じっし","施行，举行","名词/サ变动词","計画どおり実施する","按照计划实施","N2","eggrolls;N2高频;原词性:名・他動3;音调:⓪"
"写生","しゃせい","写生","名词/サ变动词","富士山を写生する","画富士山的写生画","N2","eggrolls;N2低频;原词性:名・他動3;音调:⓪"
"若々しい","わかわかしい","年纪轻的，充满朝气的","い形容词","若々しい笑顔","充满朝气的笑脸","N2","eggrolls;N2低频;原词性:イ形;音调:⑤"
"主義","しゅぎ","主义，原则","名词","民主主義","民主主义","N2","eggrolls;N2中频;原词性:名;音调:①"
"主力","しゅりょく","主力","名词","これらが当社の主力商品です","这些是本公司的主要商品","N2","eggrolls;N2中频;原词性:名;音调:①⓪"
"取り入れる","とりいれる","收进来；收获（农作物）；吸收，采用","动词/他动词/一段动词","洗濯物を取り入れる","收衣服","N2","eggrolls;N2高频;原词性:他動2;音调:④⓪"
"取材","しゅざい","取材，采访","名词/サ变动词","事故現場を取材する","采访事故现场","N2","eggrolls;N2高频;原词性:名・自他動3;音调:⓪"
"手間","てま","工夫，劳力和时间","名词","手間がかかる","费工夫","N2","eggrolls;N2高频;原词性:名;音调:②"
"受け持つ","うけもつ","担任，负责","动词/他动词/五段动词","3年生のクラスを受け持つ","负责三年级的班级","N2","eggrolls;N2低频;原词性:他動1;音调:③⓪"
"受賞","じゅしょう","获奖，得奖","名词/サ变动词","ノーベル賞を受賞する","获诺贝尔奖","N2","eggrolls;N2中频;原词性:名・他動3;音调:⓪"
"需要","じゅよう","需要，需求","名词","消費者の需要にこたえる","满足消费者的要求","N2","eggrolls;N2高频;原词性:名;音调:⓪"
"収まる","おさまる","收纳；平息，结束","动词/自动词/五段动词","箱の中に収まる","装进箱子里","N2","eggrolls;N2高频;原词性:自動1;音调:③"
"収める","おさめる","收纳；取得","动词/他动词/一段动词","ミカンを箱に収める","把橘子装进盒子里","N2","eggrolls;N2高频;原词性:他動2;音调:③"
"収穫","しゅうかく","收获","名词/サ变动词","ダイズを収穫する","收大豆","N2","eggrolls;N2高频;原词性:名・他動3;音调:⓪"
"周囲","しゅうい","周围；环境","名词","池の周囲を散歩する","在池子周围散步","N2","eggrolls;N2高频;原词性:名;音调:①"
"修正","しゅうせい","（不足或不当之处）修正，改正","名词/サ变动词","予算案を修正する","修正预算草案","N2","eggrolls;N2高频;原词性:名・他動3;音调:⓪"
"習字","しゅうじ","习字，练字","名词","習字を習う","练习书法","N2","eggrolls;N2低频;原词性:名;音调:⓪"
"集会","しゅうかい","集会","名词/サ变动词","集会を開く","召开集会","N2","eggrolls;N2低频;原词性:名・自動3;音调:⓪"
"住まい","すまい","住；住所，住处","名词","一人住まい","一个人住","N2","eggrolls;N2中频;原词性:名;音调:①"
"重役","じゅうやく","重要角色，要职；董事，监事","名词","会社の重役につく","担任公司要职","N2","eggrolls;N2低频;原词性:名;音调:⓪"
"重力","じゅうりょく","重力，万有引力","名词","飛行機は重力に逆らって飛ぶ","飞机逆重力而飞行","N2","eggrolls;N2低频;原词性:名;音调:①"
"宿泊","しゅくはく","住宿","名词/サ变动词","民家に宿泊する","借宿民居","N2","eggrolls;N2高频;原词性:名・自動3;音调:⓪"
"出世","しゅっせ","出人头地，升职","名词/サ变动词","立身出世","出人头地","N2","eggrolls;N2中频;原词性:名・自動3;音调:⓪"
"瞬間","しゅんかん","瞬间","名词","決定的瞬間","决定性的瞬间","N2","eggrolls;N2高频;原词性:名;音调:⓪"
"循環","じゅんかん","循环","名词/サ变动词","血液循環","血液循环","N2","eggrolls;N2中频;原词性:名・自動3;音调:⓪"
"巡る","めぐる","循环；巡游；（…をめぐって）围绕","动词/自动词/五段动词","季節が巡る","季节循环","N2","eggrolls;N2中频;原词性:自動1;音调:⓪"
"順々","じゅんじゅん","按顺序，依次","副词","順々に問題を解決していく","逐个解决问题","N2","eggrolls;N2低频;原词性:副;音调:③"
"初歩","しょほ","（学问、技艺等）初学，入门","名词","囲碁の初歩を教える","教授围棋的入门知识","N2","eggrolls;N2低频;原词性:名;音调:①"
"所有","しょゆう","所有，拥有","名词/サ变动词","土地を所有する","拥有土地","N2","eggrolls;N2中频;原词性:名・他動3;音调:⓪"
"書籍","しょせき","书籍，图书","名词","電子書籍","电子书","N2","eggrolls;N2中频;原词性:名;音调:①⓪"
"書物","しょもつ","书籍，图书","名词","中国に関する書物","有关中国的书籍","N2","eggrolls;N2中频;原词性:名;音调:①"
"助手","じょしゅ","助手","名词","実験の助手をつとめる","担任实验助手","N2","eggrolls;N2中频;原词性:名;音调:⓪"
"徐々に","じょじょに","慢慢地，逐步地","副词","飛行機は徐々に下降して着陸態勢に入った","飞机徐徐下降，进入着陆状态","N2","eggrolls;N2高频;原词性:副;音调:①"
"除く","のぞく","消除，铲除；除去，除外","动词/他动词/五段动词","制限を除く","取消限制","N2","eggrolls;N2高频;原词性:他動1;音调:⓪"
"将棋","しょうぎ","将棋","名词","将棋をさす","下将棋","N2","eggrolls;N2高频;原词性:名;音调:⓪"
"小屋","こや","小木屋，简易棚；戏棚","名词","小屋に泊まる","在小木屋里住宿","N2","eggrolls;N2低频;原词性:名;音调:②⓪"
"少量","しょうりょう","少量","名词","少量でも死に至る猛毒","即使是很少的量也能致死的剧毒","N2","eggrolls;N2低频;原词性:名;音调:③⓪"
"承る","うけたまわる","接受；聆听","动词/他动词/五段动词","ご注文、確かに承りました","的确接收到了您的订单","N2","eggrolls;N2中频;原词性:他動1;音调:⑤⓪"
"承認","しょうにん","批准；承认","名词/サ变动词","承認を得る","获批，得到同意","N2","eggrolls;N2低频;原词性:名・他動3;音调:⓪"
"招く","まねく","招呼；招待，邀请；聘请；招致","动词/他动词/五段动词","手を振って子らを招く","挥手招呼孩子们","N2","eggrolls;N2高频;原词性:他動1;音调:②"
"消化","しょうか","消化，吸收；理解，掌握","名词/サ变动词","消化しやすい","容易消化","N2","eggrolls;N2中频;原词性:名・他動3;音调:⓪"
"消耗","しょうもう","消耗，用尽；耗尽（体力、精力等）","名词/サ变动词","エネルギーを消耗する","消耗能源","N2","eggrolls;N2中频;原词性:名・自他動3;音调:⓪"
"焦点","しょうてん","焦点，中心","名词","議論の焦点","议论的焦点","N2","eggrolls;N2中频;原词性:名;音调:①"
"照らす","てらす","照亮，照射；（…に照らして）对比，参照","动词/他动词/五段动词","太陽が地球を照らす","太阳照耀地球","N2","eggrolls;N2中频;原词性:他動1;音调:②⓪"
"症状","しょうじょう","症状，病情","名词","症状が悪化する","病情加重","N2","eggrolls;N2高频;原词性:名;音调:③"
"省エネ","しょうえね","节省能源","名词","省エネ技術","节能技术","N2","eggrolls;N2中频;原词性:名;音调:⓪"
"省略","しょうりゃく","省略，从简","名词/サ变动词","詳しい説明を省略する","省去详细的说明","N2","eggrolls;N2高频;原词性:名・他動3;音调:⓪"
"障害","しょうがい","阻碍，障碍；毛病，故障，残疾","名词","障害を乗り越える","跨越障碍","N2","eggrolls;N2高频;原词性:名;音调:⓪"
"乗り越える","のりこえる","越过；克服；超越","动词/自动词/一段动词","車で丘を乗り越える","乘车越过山冈","N2","eggrolls;N2高频;原词性:自動2;音调:④③"
"蒸発","じょうはつ","蒸发；失踪","名词/サ变动词","水分が蒸発する","水分蒸发","N2","eggrolls;N2中频;原词性:名・自動3;音调:⓪"
"侵入","しんにゅう","入侵，侵略","名词/サ变动词","不法侵入","非法入侵","N2","eggrolls;N2低频;原词性:名・自動3;音调:⓪"
"審判","しんぱん","审判；裁判","名词/サ变动词","法の審判","法律的审判","N2","eggrolls;N2低频;原词性:名・他動3;音调:⓪①"
"心境","しんきょう","心境，心态","名词","複雑な心境","复杂的心情","N2","eggrolls;N2低频;原词性:名;音调:⓪"
"心身","しんしん","身心","名词","心身ともに疲れる","身心俱疲","N2","eggrolls;N2中频;原词性:名;音调:①"
"心当たり","こころあたり","线索，头绪","名词","心当たりがない","没有线索，没印象","N2","eggrolls;N2低频;原词性:名;音调:④"
"振り向く","ふりむく","回头看；（后接否定）不感兴趣，不屑一顾","动词/自动词/五段动词","後ろを振り向く","回头看后面","N2","eggrolls;N2中频;原词性:自動1;音调:③"
"深夜","しんや","深夜","名词","深夜営業","深夜营业","N2","eggrolls;N2中频;原词性:名;音调:①"
"真っ先","まっさき","最先","な形容词/名词","行列の真っ先にいる","在队伍的最前面","N2","eggrolls;N2中频;原词性:ナ形・名;音调:③④"
"真剣","しんけん","真刀，真剑；做事认真，一丝不苟","名词/な形容词","真剣な顔をしている","表情认真","N2","eggrolls;N2高频;原词性:名・ナ形;音调:⓪"
"神経","しんけい","神经；感觉，感受","名词","歯の神経を抜く","拔牙神经","N2","eggrolls;N2高频;原词性:名;音调:①"
"神話","しんわ","神话","名词","ギリシャ神話","希腊神话","N2","eggrolls;N2中频;原词性:名;音调:⓪"
"身体","しんたい","身体，躯体","名词","身体能力","体能","N2","eggrolls;N2中频;原词性:名;音调:①"
"人通り","ひとどおり","来往的行人","名词","人通りが激しい","来往的行人多","N2","eggrolls;N2中频;原词性:名;音调:⓪"
"人類","じんるい","人类","名词","人類絶滅の危機","人类灭绝的危机","N2","eggrolls;N2高频;原词性:名;音调:①"
"ずうずうしい","ずうずうしい","厚颜无耻的","い形容词","ずうずうしく行列に割り込む","厚着脸皮插队","N2","eggrolls;N2中频;原词性:イ形;音调:⑤"
"図鑑","ずかん","图鉴","名词","動物図鑑","动物图鉴","N2","eggrolls;N2中频;原词性:名;音调:⓪"
"垂直","すいちょく","垂直","名词/な形容词","垂直に交わる","垂直相交","N2","eggrolls;N2中频;原词性:名・ナ形;音调:⓪"
"推薦","すいせん","推荐，推举","名词/サ变动词","推薦状","推荐信","N2","eggrolls;N2中频;原词性:名・他動3;音调:⓪"
"水準","すいじゅん","水准，水平","名词","生活水準","生活水平","N2","eggrolls;N2高频;原词性:名;音调:⓪"
"水面","すいめん","水面","名词","水面に浮かぶ","浮在水面上","N2","eggrolls;N2低频;原词性:名;音调:⓪"
"世間","せけん","社会；交际圈","名词","世間の目が気になる","在意世人的看法","N2","eggrolls;N2高频;原词性:名;音调:①"
"制度","せいど","制度，规定","名词","選挙制度を改める","改革选举制度","N2","eggrolls;N2高频;原词性:名;音调:①"
"成分","せいぶん","成分，构成物","名词","栄養成分","营养成分","N2","eggrolls;N2高频;原词性:名;音调:①"
"政党","せいとう","政党","名词","政党の領袖","政党的领袖","N2","eggrolls;N2低频;原词性:名;音调:⓪"
"整備","せいび","维修，整修，整备","名词/サ变动词","道路を整備する","整备道路","N2","eggrolls;N2高频;原词性:名・他動3;音调:①"
"正す","ただす","订正，改正，纠正；端正","动词/他动词/五段动词","間違いを正す","纠正错误","N2","eggrolls;N2高频;原词性:他動1;音调:②"
"請求","せいきゅう","（作为理所应当的权利）请求，要求（金钱、物品等）","名词/サ变动词","代金を請求する","要求付款","N2","eggrolls;N2中频;原词性:名・他動3;音调:⓪"
"接する","せっする","毗邻；接触；接待","サ变动词","両国は国境を接している","两国边境相连","N2","eggrolls;N2高频;原词性:自他動3;音调:⓪③"
"接続","せつぞく","接续，连接","名词/サ变动词","パイプを接続する","连接管道","N2","eggrolls;N2高频;原词性:名・自他動3;音调:⓪"
"節","ふし","（竹子等的）节；关节；点；曲调","名词","タケの節","竹节","N2","eggrolls;N2低频;原词性:名;音调:②"
"説","せつ","观点，看法，学说","名词","説を同じくする","观点相同","N2","eggrolls;N2中频;原词性:名;音调:①"
"先端","せんたん","先端，顶端；最前沿","名词","ミサイルの先端に弾頭が装着されている","导弹前端装有弹头","N2","eggrolls;N2低频;原词性:名;音调:⓪"
"占う","うらなう","占卜，算卦；预测","动词/他动词/五段动词","手相で運勢を占う","用手相占卜运势","N2","eggrolls;N2中频;原词性:他動1;音调:③"
"占める","しめる","占据；占有","动词/他动词/一段动词","過半数を占める","占半数以上","N2","eggrolls;N2中频;原词性:他動2;音调:②"
"専念","せんねん","专心致志，全身心","名词/サ变动词","日本語の勉強に専念する","专心致志学日语","N2","eggrolls;N2中频;原词性:名・自動3;音调:③⓪"
"前者","ぜんしゃ","前者","名词","後者","后者","N2","eggrolls;N2低频;原词性:名;音调:①"
"前進","ぜんしん","前进，进步","名词/サ变动词","解決に向けて一歩前進する","朝着解决问题迈出了一步","N2","eggrolls;N2中频;原词性:名・自動3;音调:⓪"
"全般","ぜんぱん","全体，总体","名词","社会全般にみられる傾向","整个社会的趋势","N2","eggrolls;N2中频;原词性:名;音调:⓪"
"狙う","ねらう","瞄准；以……为目标","动词/他动词/五段动词","的を狙う","瞄准靶子","N2","eggrolls;N2高频;原词性:他動1;音调:⓪"
"素質","そしつ","资质，天分","名词","作家としての素質","作为作家的天分","N2","eggrolls;N2中频;原词性:名;音调:⓪"
"素人","しろうと","外行，业余爱好者","名词","ゴルフに関してはまったくの素人だ","对于高尔夫球完全是外行","N2","eggrolls;N2中频;原词性:名;音调:①②"
"組織","そしき","组织，组成","名词/サ变动词","劇団を組織する","组建剧团","N2","eggrolls;N2高频;原词性:名・他動3;音调:①"
"訴える","うったえる","起诉；诉说；诉诸；打动","动词/他动词/一段动词","背任罪で前社長を裁判所に訴える","以背信罪向法院起诉前社长","N2","eggrolls;N2中频;原词性:他動2;音调:④③"
"遡る","さかのぼる","逆流而上；追溯","动词/自动词/五段动词","舟をこいで川を遡る","划着船溯流而上","N2","eggrolls;N2中频;原词性:自動1;音调:④"
"創意","そうい","创意","名词","創意工夫を凝らす","别出心裁","N2","eggrolls;N2中频;原词性:名;音调:①"
"早口","はやくち","说话快，嘴快","名词","早口の人","说话快的人","N2","eggrolls;N2低频;原词性:名;音调:②"
"巣","す","巢穴；（坏人的）巢穴，贼窝","名词","鳥の巣","鸟巢","N2","eggrolls;N2中频;原词性:名;音调:①⓪"
"相違","そうい","差异，不同","名词/サ变动词","大きな相違がある","有很大差异","N2","eggrolls;N2中频;原词性:名・自動3;音调:⓪"
"相互","そうご","相互；轮流，交替","名词","相互理解を深める","加深相互理解","N2","eggrolls;N2中频;原词性:名;音调:①"
"相当","そうとう","相符合，相当于；相当，非常","な形容词/副词/名词/サ变动词","日本の文部科学省は中国の教育部に相当する","日本的文部科学省相当于中国的教育部","N2","eggrolls;N2高频;原词性:ナ形・副・名・自動3;音调:⓪"
"総務","そうむ","总务","名词","自民党総務会長","自民党总务会长","N2","eggrolls;N2高频;原词性:名;音调:①"
"装置","そうち","装置；安装","名词/サ变动词","舞台装置","舞台设备","N2","eggrolls;N2高频;原词性:名・他動3;音调:①"
"騒々しい","そうぞうしい","吵闹的；不安定的","い形容词","隣家のカラオケが騒々しい","隔壁的卡拉OK吵得很","N2","eggrolls;N2中频;原词性:イ形;音调:⑤"
"騒がしい","さわがしい","吵闹；骚动","い形容词","騒がしい物音で眠れない","因为嘈杂的声音睡不着","N2","eggrolls;N2中频;原词性:イ形;音调:④"
"像","ぞう","像；影像","名词","理想像","理想的形象","N2","eggrolls;N2高频;原词性:名;音调:①"
"増す","ます","增加，提高","动词/自他动词/五段动词","スピードを増す","加速，提速","N2","eggrolls;N2高频;原词性:自他動1;音调:⓪"
"測定","そくてい","（重量、长度、速度、体积等）测定，测量","名词/サ变动词","距離を測定する","测量距离","N2","eggrolls;N2中频;原词性:名・他動3;音调:⓪"
"続出","ぞくしゅつ","接连发生","名词/サ变动词","被害が続出する","接连发生受害情况","N2","eggrolls;N2中频;原词性:名・自動3;音调:⓪"
"尊重","そんちょう","尊重","名词/サ变动词","相手の意見を尊重する","尊重对方的意见","N2","eggrolls;N2高频;原词性:名・他動3;音调:⓪"
"損害","そんがい","损害，损失","名词","損害を被る","蒙受损失","N2","eggrolls;N2中频;原词性:名;音调:⓪"
"妥当","だとう","（判断、处置等符合常理）妥善，稳妥","名词/な形容词/サ变动词","妥当なやり方","稳妥的做法","N2","eggrolls;N2中频;原词性:名・ナ形・自動3;音调:⓪"
"打ち消す","うちけす","否定，打消","动词/他动词/五段动词","うわさを打ち消す","否认传闻","N2","eggrolls;N2中频;原词性:他動1;音调:③⓪"
"体温","たいおん","体温","名词","体温を測る","量体温","N2","eggrolls;N2中频;原词性:名;音调:①"
"体制","たいせい","体制","名词","経営の体制を立て直す","重整经营体制","N2","eggrolls;N2中频;原词性:名;音调:⓪"
"対立","たいりつ","对立，冲突","名词/サ变动词","意見が対立する","意见产生冲突","N2","eggrolls;N2高频;原词性:名・自動3;音调:⓪"
"代理","だいり","代理（人）","名词/サ变动词","課長の代理で出張に行く","代替课长去出差","N2","eggrolls;N2中频;原词性:名・他動3;音调:⓪"
"台詞","せりふ","台词；说法","名词","台詞のない役","没有台词的角色","N2","eggrolls;N2高频;原词性:名;音调:⓪②"
"題名","だいめい","题目，标题","名词","タイトル","题目，标题","N2","eggrolls;N2中频;原词性:名;音调:⓪"
"滝","たき","瀑布","名词","汗が滝のように流れ落ちる","汗如雨下","N2","eggrolls;N2中频;原词性:名;音调:⓪"
"濁る","にごる","浑浊；声音变嘶哑；变浊音","动词/自动词/五段动词","空気が濁っている","空气污浊","N2","eggrolls;N2高频;原词性:自動1;音调:②"
"単なる","たんなる","仅仅，只是","连体词","単なるうわさに過ぎない","只不过是流言蜚语","N2","eggrolls;N2中频;原词性:連体;音调:①"
"探る","さぐる","摸；试探，侦查；探访","动词/他动词/五段动词","ポケットを探る","摸口袋","N2","eggrolls;N2高频;原词性:他動1;音调:⓪"
"知らず知らず","しらずしらず","不知不觉地，无意识当中","副词","知らず知らず涙が出てくる","不知不觉眼泪就流了出来","N2","eggrolls;N2中频;原词性:副;音调:④⓪;オノマトペ"
"知恵","ちえ","智慧，聪明才智","名词","知恵を絞る","绞尽脑汁，想尽办法","N2","eggrolls;N2中频;原词性:名;音调:②"
"知能","ちのう","智力，智慧","名词","知能が高い","高智商","N2","eggrolls;N2高频;原词性:名;音调:①"
"地位","ちい","地位，身份","名词","重要な地位を占める","占据重要地位","N2","eggrolls;N2中频;原词性:名;音调:①"
"地下水","ちかすい","地下水","名词","地下水を汲み上げる","抽取地下水","N2","eggrolls;N2低频;原词性:名;音调:②"
"地帯","ちたい","地带","名词","砂漠地帯","沙漠地带","N2","eggrolls;N2低频;原词性:名;音调:①②⓪"
"着々","ちゃくちゃく","顺利进展，稳扎稳打","副词","仕事が着々と進んでいる","工作稳步推进","N2","eggrolls;N2高频;原词性:副;音调:⓪"
"中央","ちゅうおう","中央，中心；中枢；中央，首都","名词","その公園は町のほぼ中央に位置するんだ","那座公园几乎位于城镇的正中央","N2","eggrolls;N2高频;原词性:名;音调:③"
"中略","ちゅうりゃく","中略，中间省略","名词/サ变动词","数節中略する","中间略去数节","N2","eggrolls;N2高频;原词性:名・自他動3;音调:①⓪"
"抽象的","ちゅうしょうてき","抽象的","な形容词","説明が抽象的だ","说明太抽象了","N2","eggrolls;N2高频;原词性:ナ形;音调:⓪"
"彫刻","ちょうこく","雕刻，雕塑","名词/サ变动词","仏像を彫刻する","雕刻佛像","N2","eggrolls;N2中频;原词性:名・自他動3;音调:⓪"
"長引く","ながびく","（比预定或预想花费更长的时间）拖长，延长","动词/自动词/五段动词","会議が長引く","会议延长","N2","eggrolls;N2低频;原词性:自動1;音调:③"
"直径","ちょっけい","直径","名词","直径30センチのなべ","直径三十厘米的锅","N2","eggrolls;N2中频;原词性:名;音调:⓪"
"追いかける","おいかける","追赶","动词/他动词/一段动词","逃げていくどろぼうを追いかける","追赶逃走的小偷","N2","eggrolls;N2中频;原词性:他動2;音调:④"
"追加","ついか","追加，添补","名词/サ变动词","予算を追加する","追加预算","N2","eggrolls;N2高频;原词性:名・他動3;音调:⓪"
"通用","つうよう","通用，有效，行得通","名词/サ变动词","世界に通用する言語","世界通用语言","N2","eggrolls;N2中频;原词性:名・自動3;音调:⓪"
"通路","つうろ","通道，过道，出入口","名词","通路を塞ぐ","堵住通道","N2","eggrolls;N2中频;原词性:名;音调:①"
"停止","ていし","中止，停止","名词/サ变动词","エンジンが停止する","引擎停止","N2","eggrolls;N2低频;原词性:名・自他動3;音调:⓪"
"抵抗","ていこう","抵抗，反抗；抵触","名词/サ变动词","命令に抵抗する","反抗命令","N2","eggrolls;N2高频;原词性:名・自動3;音调:⓪"
"的確","てきかく","准确，恰当","名词/な形容词","的確な判断","准确的判断","N2","eggrolls;N2高频;原词性:名・ナ形;音调:⓪"
"適切","てきせつ","合适，恰当","名词/な形容词","適切に処置する","恰当地作出处理","N2","eggrolls;N2高频;原词性:名・ナ形;音调:⓪"
"哲学","てつがく","哲学","名词","ギリシャ哲学","希腊哲学","N2","eggrolls;N2高频;原词性:名;音调:②"
"徹底","てってい","彻底；贯彻","名词/サ变动词","徹底して意見を変えない","彻底不改变意见","N2","eggrolls;N2高频;原词性:名・自他動3;音调:⓪"
"徹夜","てつや","整夜（不眠），通宵","名词/サ变动词","徹夜して受験勉強をする","通宵进行考前复习","N2","eggrolls;N2中频;原词性:名・自動3;音调:⓪"
"展開","てんかい","开展，展开；展现","名词/サ变动词","多様な外交を展開する","开展多种外交","N2","eggrolls;N2高频;原词性:名・自他動3;音调:⓪"
"電波","でんぱ","电波，信号","名词","ケータイの電波が悪い","手机信号不好","N2","eggrolls;N2低频;原词性:名;音调:①"
"電力","でんりょく","电力，电功率","名词","電力を輸送する","输送电力","N2","eggrolls;N2低频;原词性:名;音调:①⓪"
"努める","つとめる","尽力，努力","动词/自动词/一段动词","研究に努める","致力于研究","N2","eggrolls;N2中频;原词性:自動2;音调:③"
"投票","とうひょう","投票","名词/サ变动词","投票率","投票率","N2","eggrolls;N2中频;原词性:名・自動3;音调:⓪"
"当時","とうじ","当时","名词","当時の流行","当时的流行","N2","eggrolls;N2高频;原词性:名;音调:①"
"等しい","ひとしい","相同的；（「…に（も）等しい」の形で）等同于","い形容词","男性と女性の法的地位は等しい","男性和女性的法律地位相同","N2","eggrolls;N2中频;原词性:イ形;音调:③"
"統一","とういつ","统一","名词/サ变动词","意見を統一する","统一意见","N2","eggrolls;N2中频;原词性:名・他動3;音调:⓪"
"同一","どういつ","同一，相同；同等，相等","名词/な形容词","同一の内容","相同的内容","N2","eggrolls;N2中频;原词性:名・ナ形;音调:⓪"
"特売","とくばい","甩卖，廉价销售","名词/サ变动词","夏物を特売する","夏季商品特卖","N2","eggrolls;N2低频;原词性:名・他動3;音调:⓪"
"独り言","ひとりごと","自言自语","名词","独り言を言う","自言自语","N2","eggrolls;N2低频;原词性:名;音调:⓪⑤"
"凸凹","でこぼこ","凹凸；不平均","な形容词/名词/サ变动词","道が凸凹して歩きにくい","路坑洼不平，不好走","N2","eggrolls;N2中频;原词性:ナ形・名・自動3;音调:⓪①;オノマトペ"
"突き当たる","つきあたる","冲突，撞上；走到尽头；遇上，碰到（障碍、困难等）","动词/自动词/五段动词","壁に突き当たる","碰壁","N2","eggrolls;N2低频;原词性:自動1;音调:④"
"軟弱","なんじゃく","质地柔软，不坚固；软弱，柔弱","名词/な形容词","軟弱な地盤","地基松软","N2","eggrolls;N2低频;原词性:名・ナ形;音调:⓪"
"虹","にじ","彩虹","名词","虹がかかる","彩虹出现","N2","eggrolls;N2低频;原词性:名;音调:⓪"
"熱する","ねっする","加热；变热；热衷，激动","サ变动词","水を熱して湯にする","把水烧热","N2","eggrolls;N2中频;原词性:自他動3;音调:⓪③"
"熱帯","ねったい","热带","名词","熱帯気候","热带气候","N2","eggrolls;N2中频;原词性:名;音调:⓪"
"熱中","ねっちゅう","热衷，对……入迷","名词/サ变动词","ゲームに熱中する","对游戏入迷","N2","eggrolls;N2中频;原词性:名・自動3;音调:⓪"
"年月","ねんげつ","年月，岁月","名词/副词","年月を重ねる","经年累月","N2","eggrolls;N2中频;原词性:名・副;音调:①"
"納める","おさめる","收下；缴纳；收纳","动词/他动词/一段动词","どうぞお納めください","请您收下","N2","eggrolls;N2低频;原词性:他動2;音调:③"
"農薬","のうやく","农药","名词","農薬汚染","农药污染","N2","eggrolls;N2高频;原词性:名;音调:⓪"
"破片","はへん","碎片","名词","ガラスの破片","玻璃碎片","N2","eggrolls;N2高频;原词性:名;音调:⓪"
"敗れる","やぶれる","失败，败北","动词/自动词/一段动词","決勝戦で敗れる","在决赛中被打败","N2","eggrolls;N2中频;原词性:自動2;音调:③"
"薄める","うすめる","稀释，冲淡","动词/他动词/一段动词","水で割ってウイスキーを薄める","用水稀释威士忌","N2","eggrolls;N2中频;原词性:他動2;音调:⓪③"
"迫る","せまる","迫近；强迫","动词/自他动词/五段动词","危険が迫る","危险迫近","N2","eggrolls;N2中频;原词性:自他動1;音调:②"
"莫大","ばくだい","形容程度、数量等非常大的样子","な形容词","莫大な財産","巨大的财产","N2","eggrolls;N2低频;原词性:ナ形;音调:⓪"
"鉢","はち","钵；花盆","名词","料理を鉢に盛る","把菜装进碗里","N2","eggrolls;N2中频;原词性:名;音调:②⓪"
"発揮","はっき","发挥，施展","名词/サ变动词","実力を発揮する","发挥实力","N2","eggrolls;N2高频;原词性:名・他動3;音调:⓪"
"発行","はっこう","发行；印发","名词/サ变动词","株券を発行する","发行股票","N2","eggrolls;N2高频;原词性:名・他動3;音调:⓪"
"発想","はっそう","构思，想法；表达，表现","サ变动词/名词","いい発想だ","好主意","N2","eggrolls;N2高频;原词性:他動3・名;音调:⓪"
"発電","はつでん","发电","名词/サ变动词","風力発電","风力发电","N2","eggrolls;N2低频;原词性:名・自他動3;音调:⓪"
"半ば","なかば","中间，中途；一半，中央","副词/名词","食事の半ばに電話がかかる","吃饭吃到一半时电话响了","N2","eggrolls;N2低频;原词性:副・名;音调:③⓪②"
"反する","はんする","与……相反；违反；违背","サ变动词","予想に反する","与预期相反","N2","eggrolls;N2高频;原词性:自動3;音调:③"
"反映","はんえい","映照，反射；反映","名词/サ变动词","夕日が池に反映する","夕阳映在池塘里","N2","eggrolls;N2高频;原词性:名・自他動3;音调:⓪"
"反省","はんせい","反省","名词/サ变动词","深く反省する","深刻反省","N2","eggrolls;N2高频;原词性:名・他動3;音调:⓪"
"板","いた","板，木板","名词","板を張る","贴板子","N2","eggrolls;N2低频;原词性:名;音调:①"
"被害","ひがい","被害，受害","名词","被害を受ける","受害","N2","eggrolls;N2高频;原词性:名;音调:①"
"避ける","さける","躲避，避开","动词/自他动词/一段动词","車を避ける","躲开车子","N2","eggrolls;N2高频;原词性:自他動2;音调:②"
"備える","そなえる","准备；装备，设置；与生俱来","动词/他动词/一段动词","万が一の時に備える","以防万一","N2","eggrolls;N2高频;原词性:他動2;音调:②③"
"筆記","ひっき","笔记，写下来","名词/サ变动词","筆記試験","笔试","N2","eggrolls;N2中频;原词性:名・他動3;音调:⓪"
"表紙","ひょうし","封面，书皮","名词","表紙の取れた本","封皮脱落了的书","N2","eggrolls;N2中频;原词性:名;音调:⓪③"
"評価","ひょうか","评定，评价；（给予）好评","名词/サ变动词","土地の評価額","土地的估价额","N2","eggrolls;N2高频;原词性:名・他動3;音调:①"
"評判","ひょうばん","舆论，评价；好评","名词","彼女は評判がよい","她名声很好","N2","eggrolls;N2高频;原词性:名;音调:⓪"
"評論","ひょうろん","（对事物的善恶、优劣、价值等进行）评论","名词/サ变动词","文芸評論","文艺评论","N2","eggrolls;N2中频;原词性:名・他動3;音调:⓪"
"不可","ふか","不可以……；不合格","名词","持ち込み不可","不可带入","N2","eggrolls;N2高频;原词性:名;音调:①②"
"不快","ふかい","不愉快；身体不适","名词/な形容词","不快な思いをする","感觉不愉快","N2","eggrolls;N2中频;原词性:名・ナ形;音调:⓪"
"付属","ふぞく","附属","名词/サ变动词","付属学校","附属学校","N2","eggrolls;N2中频;原词性:名・自動3;音调:⓪"
"負担","ふたん","承担；负担","名词/サ变动词","負担をかける","施加负担","N2","eggrolls;N2高频;原词性:名・他動3;音调:⓪"
"武器","ぶき","武器","名词","涙を武器にする","眼泪攻势","N2","eggrolls;N2中频;原词性:名;音调:①"
"物質","ぶっしつ","物质","名词","未知の物質","未知的物质","N2","eggrolls;N2高频;原词性:名;音调:⓪"
"物騒","ぶっそう","不太平，动荡；危险","名词/な形容词","物騒な世の中","乱世","N2","eggrolls;N2低频;原词性:名・ナ形;音调:③"
"分解","ぶんかい","拆开；分解","名词/サ变动词","扇風機を分解する","拆卸电风扇","N2","eggrolls;N2中频;原词性:名・自他動3;音调:⓪"
"分析","ぶんせき","分析","名词/サ变动词","国際情勢を分析する","分析国际形势","N2","eggrolls;N2高频;原词性:名・他動3;音调:⓪"
"分野","ぶんや","区域，领域","名词","専門分野","专业领域","N2","eggrolls;N2高频;原词性:名;音调:①"
"分量","ぶんりょう","物品的重量、大小、数量、比例等的多少程度","名词","薬の分量を間違える","弄错药的剂量","N2","eggrolls;N2中频;原词性:名;音调:③"
"文献","ぶんけん","文献，参考资料","名词","参考文献","参考资料，参考文献","N2","eggrolls;N2中频;原词性:名;音调:⓪"
"文体","ぶんたい","文体；文风，风格","名词","漱石の文体をまねる","模仿漱石的文风","N2","eggrolls;N2低频;原词性:名;音调:⓪"
"並木","なみき","街道两旁的树","名词","並木道","林荫道","N2","eggrolls;N2中频;原词性:名;音调:⓪"
"編集","へんしゅう","编辑；剪辑","名词/サ变动词","書物を編集する","编辑书刊","N2","eggrolls;N2高频;原词性:名・他動3;音调:⓪"
"便箋","びんせん","便笺，写信用的纸","名词","白い便箋に青インクで書くと映える","用蓝色墨水写在白色信纸上，看起来很显眼","N2","eggrolls;N2低频;原词性:名;音调:⓪"
"捕らえる","とらえる","抓住，逮住；捕捉，掌握","动词/他动词/一段动词","犯人はまだ捕らえられていない","罪犯还没有被逮住","N2","eggrolls;N2高频;原词性:他動2;音调:③②"
"補う","おぎなう","补充；弥补，补偿","动词/他动词/五段动词","説明を補う","补充说明","N2","eggrolls;N2高频;原词性:他動1;音调:③"
"崩れる","くずれる","崩溃，崩塌；乱；变坏；换零钱","动词/自动词/一段动词","地震で石垣が崩れる","石墙被地震震塌了","N2","eggrolls;N2高频;原词性:自動2;音调:③"
"抱える","かかえる","抱着，夹（在腋下）；负担","动词/他动词/一段动词","大きな荷物を胸に抱える","怀里抱个大行李","N2","eggrolls;N2高频;原词性:他動2;音调:⓪"
"方針","ほうしん","方针","名词","政府の方針を貫く","贯彻政府方针","N2","eggrolls;N2高频;原词性:名;音调:⓪"
"法則","ほうそく","法则，定律","名词","万有引力の法則","万有引力定律","N2","eggrolls;N2低频;原词性:名;音调:⓪"
"豊富","ほうふ","丰富，富有","名词/な形容词","自然が豊富な国","自然资源富饶的国家","N2","eggrolls;N2高频;原词性:名・ナ形;音调:⓪"
"暴れる","あばれる","胡闹；大显身手","动词/自动词/一段动词","酔って暴れる","喝醉酒胡闹","N2","eggrolls;N2中频;原词性:自動2;音调:⓪"
"望み","のぞみ","希望，期待；预期，可能性","名词","子の将来に望みをかける","寄望于孩子的未来","N2","eggrolls;N2低频;原词性:名;音调:⓪③"
"膨らます","ふくらます","使膨胀，使鼓起来","动词/他动词/五段动词","風船を膨らます","让气球鼓起来","N2","eggrolls;N2低频;原词性:他動1;音调:⓪"
"膨らむ","ふくらむ","鼓起，膨胀","动词/自动词/五段动词","つぼみが膨らむ","含苞待放","N2","eggrolls;N2高频;原词性:自動1;音调:⓪"
"膨大","ぼうだい","庞大，巨大","名词/サ变动词/な形容词","出費が膨大になる","开支庞大","N2","eggrolls;N2高频;原词性:名・自動3・ナ形;音调:⓪"
"防災","ぼうさい","防灾，防备灾害","名词","防災訓練","防灾演习","N2","eggrolls;N2高频;原词性:名;音调:⓪"
"防犯","ぼうはん","防止犯罪","名词","防犯カメラ","监控摄像头","N2","eggrolls;N2中频;原词性:名;音调:⓪"
"牧場","ぼくじょう","牧场","名词","牧場で牛を飼う","在牧场养牛","N2","eggrolls;N2中频;原词性:名;音调:⓪"
"枚数","まいすう","张数，页数","名词","カードの枚数を数える","数卡片的张数","N2","eggrolls;N2中频;原词性:名;音调:③"
"幕","まく","帐幕，帷幔；场面","名词","幕が開く","开幕，开始","N2","eggrolls;N2中频;原词性:名;音调:②"
"満ちる","みちる","充满；满；达到期限","动词/自动词/一段动词","希望に満ちている","充满希望","N2","eggrolls;N2低频;原词性:自動2;音调:②"
"味わう","あじわう","品尝；鉴赏；体验","动词/他动词/五段动词","郷土料理を味わう","品尝地方风味","N2","eggrolls;N2高频;原词性:他動1;音调:③⓪"
"民主","みんしゅ","民主","名词","民主主義国家","民主主义国家","N2","eggrolls;N2低频;原词性:名;音调:①"
"務める","つとめる","担任，担当","动词/他动词/一段动词","会長を務める","担任会长","N2","eggrolls;N2中频;原词性:他動2;音调:③"
"無意識","むいしき","无意识；不经意间","名词/な形容词","無意識状態","无意识状态","N2","eggrolls;N2中频;原词性:名・ナ形;音调:②"
"無数","むすう","无数，无法计量","名词/な形容词","無数の星がまたたく","无数的星星在闪烁","N2","eggrolls;N2中频;原词性:名・ナ形;音调:②⓪"
"無地","むじ","素色，没有花纹","名词","無地の着物","素色的和服","N2","eggrolls;N2低频;原词性:名;音调:①"
"矛盾","むじゅん","矛盾","名词/サ变动词","前後矛盾する","前后矛盾","N2","eggrolls;N2中频;原词性:名・自動3;音调:⓪"
"名作","めいさく","名作，优秀作品","名词","不朽の名作","不朽的名作","N2","eggrolls;N2低频;原词性:名;音调:⓪"
"明確","めいかく","明确，清晰明白","名词/な形容词","事実を明確にする","弄清事实","N2","eggrolls;N2高频;原词性:名・ナ形;音调:⓪"
"面積","めんせき","面积","名词","土地の面積を測る","测量土地面积","N2","eggrolls;N2低频;原词性:名;音调:①"
"毛糸","けいと","毛线","名词","毛糸でセーターを編む","用毛线织毛衣","N2","eggrolls;N2中频;原词性:名;音调:⓪"
"目印","めじるし","记号，标记","名词","目印をつける","作个记号","N2","eggrolls;N2中频;原词性:名;音调:②"
"目指す","めざす","指向，以……为目标","动词/他动词/五段动词","優勝を目指す","以夺冠为目标","N2","eggrolls;N2高频;原词性:他動1;音调:②"
"目前","もくぜん","眼前","名词","頂上を目前にして引き返す","在即将到达山顶时折返","N2","eggrolls;N2低频;原词性:名;音调:⓪"
"問う","とう","询问；追究责任，问罪；（不）当作问题","动词/他动词/五段动词","住所を問う","打听住址","N2","eggrolls;N2高频;原词性:他動1;音调:①⓪"
"薬品","やくひん","医药品；药品","名词","緊急用の薬品","急救药品","N2","eggrolls;N2中频;原词性:名;音调:⓪"
"油断","ゆだん","粗心大意，疏忽","名词/サ变动词","油断大敵","万万不可马虎","N2","eggrolls;N2中频;原词性:名・自動3;音调:⓪"
"輸送","ゆそう","输送，运输","名词/サ变动词","物資を輸送する","运送物资","N2","eggrolls;N2中频;原词性:名・他動3;音调:⓪"
"優れる","すぐれる","优秀，出色；（身体、精神、天气）（不）好","动词/自动词/一段动词","優れた学者","杰出的学者","N2","eggrolls;N2高频;原词性:自動2;音调:③"
"優良","ゆうりょう","优良，出色","名词/な形容词","優良な品種","优良品种","N2","eggrolls;N2低频;原词性:名・ナ形;音调:⓪"
"勇ましい","いさましい","勇敢的；雄壮的","い形容词","勇ましい兵士","勇敢的战士","N2","eggrolls;N2中频;原词性:イ形;音调:④"
"有無","うむ","有无","名词","経験の有無を問わず","无论有没有经验","N2","eggrolls;N2高频;原词性:名;音调:①"
"湧く","わく","冒出，涌现；产生","动词/自动词/五段动词","温泉が湧く","温泉涌出","N2","eggrolls;N2中频;原词性:自動1;音调:⓪"
"予期","よき","预期，预料","名词/サ变动词","予期せぬ結果","始料未及的结果","N2","eggrolls;N2中频;原词性:名・他動3;音调:①"
"予備","よび","预备，提前准备，备品","名词","予備のタイヤ","备用轮胎","N2","eggrolls;N2中频;原词性:名;音调:①"
"予防","よぼう","预防","名词/サ变动词","予防接種","预防接种","N2","eggrolls;N2中频;原词性:名・他動3;音调:⓪"
"余計","よけい","过分，多余；无用的","な形容词","余計なお世話","多管闲事","N2","eggrolls;N2高频;原词性:ナ形;音调:⓪"
"よそ","よそ","别处；不顾，漠不关心；别人家","名词","よそを見る","看别处","N2","eggrolls;N2中频;原词性:名;音调:②①"
"幼児","ようじ","幼儿","名词","幼児教育","幼儿教育","N2","eggrolls;N2中频;原词性:名;音调:①"
"容易","ようい","容易","な形容词","容易に解決できる問題ではない","并不是容易解决的问题","N2","eggrolls;N2中频;原词性:ナ形;音调:⓪"
"溶け込む","とけこむ","融洽；融化，溶解","动词/自动词/五段动词","その場に溶け込む","融入当场的气氛","N2","eggrolls;N2低频;原词性:自動1;音调:⓪③"
"用いる","もちいる","用，使用；采用；录用","动词/他动词/一段动词","この機械にはたくさんの半導体が用いられている","这台机器使用了很多半导体元件","N2","eggrolls;N2高频;原词性:他動2;音调:③⓪"
"用語","ようご","用语，术语","名词","専門用語","专业术语","N2","eggrolls;N2低频;原词性:名;音调:⓪"
"用心","ようじん","注意，小心","名词/サ变动词","用心して事に当たる","谨慎行事","N2","eggrolls;N2中频;原词性:名・自他動3;音调:①"
"用途","ようと","用途","名词","募金の用途を明確にする","明确募捐的用途","N2","eggrolls;N2中频;原词性:名;音调:①"
"要するに","ようするに","综上所述，简言之","副词","要するに準備不足だったのだ","简言之就是准备得不够充分","N2","eggrolls;N2高频;原词性:副;音调:③"
"要素","ようそ","要素，因素","名词","不可欠な要素","不可缺少的要素","N2","eggrolls;N2高频;原词性:名;音调:①"
"養分","ようぶん","养分，营养成分","名词","養分を取る","获取养分","N2","eggrolls;N2中频;原词性:名;音调:①"
"頼り","たより","依靠，倚仗","名词","親を頼りにする","倚仗父母","N2","eggrolls;N2高频;原词性:名;音调:①"
"乱れる","みだれる","杂乱；骚乱；不平静","动词/自动词/一段动词","乱れた髪を直す","梳整蓬乱的头发","N2","eggrolls;N2高频;原词性:自動2;音调:③"
"欄","らん","栏，专栏","名词","氏名欄","姓名栏","N2","eggrolls;N2低频;原词性:名;音调:①"
"裏切る","うらぎる","出卖，背叛；辜负","动词/他动词/五段动词","夫に裏切られる","被丈夫背叛了","N2","eggrolls;N2中频;原词性:他動1;音调:③"
"率直","そっちょく","坦率，率直，爽快","な形容词/名词","率直な意見","坦率的意见","N2","eggrolls;N2中频;原词性:ナ形・名;音调:⓪"
"立ち止まる","たちどまる","站住，止步","动词/自动词/五段动词","誰かに呼ばれて立ち止まる","被人叫住而止步","N2","eggrolls;N2低频;原词性:自動1;音调:④⓪"
"立ち上げる","たちあげる","驱动，开动；（电脑等）启动","动词/他动词/一段动词","新しいプロジェクトを立ち上げる","启动新项目","N2","eggrolls;N2中频;原词性:他動2;音调:⓪④"
"略す","りゃくす","省略，简略","动词/他动词/五段动词","敬称は略す","省略敬称","N2","eggrolls;N2高频;原词性:他動1;音调:②"
"両国","りょうこく","两国","名词","日中両国の友好を深める","加深日中两国的友谊","N2","eggrolls;N2中频;原词性:名;音调:①"
"両端","りょうたん","两端；开始和结束，本末","名词","ひもの両端","绳子的两端","N2","eggrolls;N2低频;原词性:名;音调:⓪③"
"涼む","すずむ","乘凉，纳凉","动词/自动词/五段动词","夕方外に出て涼む","傍晚时分出门纳凉","N2","eggrolls;N2低频;原词性:自動1;音调:②"
"臨時","りんじ","临时，暂时","名词","臨時休業","临时停业","N2","eggrolls;N2中频;原词性:名;音调:⓪"
"冷静","れいせい","冷静，镇静","名词/な形容词","冷静に判断する","冷静判断","N2","eggrolls;N2中频;原词性:名・ナ形;音调:⓪"
"連続","れんぞく","连续，接连不断","名词/サ变动词","3年連続でチャンピオンになる","连续三年取得冠军","N2","eggrolls;N2高频;原词性:名・自他動3;音调:⓪"
"労働","ろうどう","劳动，工作","名词/サ变动词","時間外労働","加班工作","N2","eggrolls;N2高频;原词性:名・自動3;音调:⓪"
"老化","ろうか","老化；衰老","名词/サ变动词","ゴム製品の老化防止剤","橡胶制品的老化防止剂","N2","eggrolls;N2低频;原词性:名・自動3;音调:⓪"
"論争","ろんそう","争论，争辩","名词/サ变动词","物価の変動について論争する","关于物价变动展开争辩","N2","eggrolls;N2低频;原词性:名・自動3;音调:⓪"
"脇","わき","腋下；侧面，旁边；别处","名词","脇に挟む","夹在腋下","N2","eggrolls;N2低频;原词性:名;音调:②"
"丼","どんぶり","大碗；盖浇饭","名词","丼飯","盖浇饭","N2","eggrolls;N2低频;原词性:名;音调:⓪"
"籠","かご","笼子，筐","名词","鳥籠","鸟笼","N2","eggrolls;N2低频;原词性:名;音调:⓪"
"きる","きる","……完","动词/五段动词","思いきる","断念，死心","N2","eggrolls;N2低频;原词性:動1"
"ぞろい","ぞろい","（接在名词后）全是……，清一色","接尾词","力作ぞろい","全是杰作","N2","eggrolls;N2低频;原词性:接尾"
"たて","たて","刚刚……完","接尾词","焼きたてのパン","新鲜出炉的面包","N2","eggrolls;N2低频;原词性:接尾"
"だらけ","だらけ","全是……，满是……","接尾词","ほこりだらけ","满是灰尘","N2","eggrolls;N2低频;原词性:接尾"
"寄り","より","靠近……，偏向……","造语成分","南寄りの風","偏南风","N2","eggrolls;N2低频;原词性:造;音调:⓪"
"割り","わり","比例，比率；加水","名词","2割り","两成，百分之二十","N2","eggrolls;N2高频;原词性:名;音调:⓪"
"気味","ぎみ","有点……","接尾词","風邪気味だ","好像感冒了","N2","eggrolls;N2低频;原词性:接尾"
"権","けん","……权","名词/造语成分","選挙権","选举权","N2","eggrolls;N2中频;原词性:名・造"
"遣い","づかい","……用法，……运用","接尾词","言葉遣い","措词，说法","N2","eggrolls;N2低频;原词性:接尾"
"祭","さい","……节","接尾词","文化祭","学校文化节","N2","eggrolls;N2低频;原词性:接尾"
"弱","じゃく","不足……一点；弱，弱档","接尾词/造语成分","1メートル弱飛んだ","跳了不到一米高","N2","eggrolls;N2低频;原词性:接尾・造;音调:①"
"省","しょう","（日本的中央行政机关，相当于“部”）……省","名词/造语成分","文部科学省","文部科学省（相当于教育部）","N2","eggrolls;N2低频;原词性:名・造"
"色","しょく","颜色；样子","造语成分","保護色","保护色","N2","eggrolls;N2低频;原词性:造"
"ぶり","ぶり","……的样子；时隔……","接尾词","彼女の歌いぶりはプロ歌手のようだ","她唱歌像专业歌手一样","N2","eggrolls;N2低频;原词性:接尾"
"前","まえ","……份","接尾词","3人前の牛丼","三人份的牛肉盖浇饭","N2","eggrolls;N2低频;原词性:接尾"
"帯","たい","……区域，……段","造语成分","時間帯","时间段","N2","eggrolls;N2低频;原词性:造"
"談","だん","……之谈，故事","名词","経験談","经验之谈","N2","eggrolls;N2低频;原词性:名"
"知らず","しらず","（「…は知らず」の形で）不在乎……，对……毫无感觉","连语","恥知らず","不知廉耻","N2","eggrolls;N2中频;原词性:連語"
"着","ちゃく","……套、件；到达……","造语成分","スーツ1着","一套西装","N2","eggrolls;N2低频;原词性:造"
"難","なん","……难，困难","名词/造语成分","就職難","就业难","N2","eggrolls;N2低频;原词性:名・造"
"がたい","がたい","难以……，不容易……","接尾词","信じがたい","难以置信","N2","eggrolls;N2低频;原词性:接尾"
"避け","よけ","防……，遮……","接尾词","虫避け","除虫，驱虫剂","N2","eggrolls;N2低频;原词性:接尾"
"風","ふう","……状态，……样子","接尾词/名词","西洋風の建物","西洋式建筑","N2","eggrolls;N2低频;原词性:接尾・名"
"並み","なみ","（並み）与……同样的程度；（並）普通，中等","名词/接尾词","プロ並み","与专家一样的水平","N2","eggrolls;N2高频;原词性:名・接尾;音调:⓪"
"編","へん","（书籍、文章）……篇","名词","第4編","第四篇","N2","eggrolls;N2中频;原词性:名"
"未満","みまん","不满……，不足……","名词","18歳未満はお断り","谢绝未满十八岁者","N2","eggrolls;N2中频;原词性:名"
"離れ","ばなれ","离开……，脱离……","接尾词","現実離れ","脱离现实","N2","eggrolls;N2低频;原词性:接尾"
"連れ","づれ","带领……，与……结伴","接尾词","子ども連れ","带着孩子","N2","eggrolls;N2低频;原词性:接尾"
"アピール","アピール","呼吁；有吸引力","名词/サ变动词","原水爆禁止のアピール","呼吁禁止原子弹氢弹","N2","eggrolls;N2高频;原词性:名・自他動3;音调:②;カタカナ語"
"アポイントメント","アポイントメント","约定","名词","アポイントメントを取る","预约","N2","eggrolls;N2低频;原词性:名;音调:②;カタカナ語"
"アマチュア","アマチュア","业余爱好者","名词","アマチュアのカメラマン","业余摄影师","N2","eggrolls;N2低频;原词性:名;音调:⓪;カタカナ語"
"蟻","あり","蚂蚁","名词","地面の飴玉に蟻が群がっている","地上的糖果上爬满了蚂蚁","N2","eggrolls;N2低频;原词性:名;音调:⓪"
"ありがち","ありがち","常有，常见","な形容词","誰にもありがちな間違いだ","这是任何人都会犯的错误","N2","eggrolls;N2中频;原词性:ナ形;音调:⓪"
"いい加減","いいかげん","适度；敷衍，马虎；相当","な形容词/副词","ちょうどいい加減の温度","正合适的温度","N2","eggrolls;N2中频;原词性:ナ形・副;音调:⓪"
"うっすら","うっすら","微微地，隐约地；薄薄地","副词/サ变动词","うっすらと記憶に残る","隐约还记着","N2","eggrolls;N2低频;原词性:副・自動3;音调:③;オノマトペ"
"うつむく","うつむく","俯首，垂下头来","动词/自动词/五段动词","恥ずかしくてうつむく","羞愧得低下头","N2","eggrolls;N2中频;原词性:自動1;音调:③⓪"
"オリジナル","オリジナル","原创，独创","な形容词/名词","オリジナルの曲","原创的曲子","N2","eggrolls;N2中频;原词性:ナ形・名;音调:②⓪;カタカナ語"
"オルガン","オルガン","风琴，键盘乐器","名词","パイプオルガン","管风琴","N2","eggrolls;N2低频;原词性:名;音调:⓪;カタカナ語"
"かかりつけ","かかりつけ","经常就诊","名词","かかりつけの医者","常就诊的医生","N2","eggrolls;N2低频;原词性:名;音调:⓪"
"かさかさ","かさかさ","沙沙作响；干巴巴","副词/サ变动词/な形容词","風で落ち葉がかさかさと音をたてる","风吹落叶沙沙作响","N2","eggrolls;N2中频;原词性:副①・自動3①・ナ形⓪;音调:⓪①;オノマトペ"
"かすか","かすか","微弱的，模糊的","な形容词","かすかに聞こえる","略微听到","N2","eggrolls;N2中频;原词性:ナ形;音调:①"
"かつて","かつて","曾经，过去；（后接否定）从来没有","副词","かつて奈良に住んでいた","曾经住在奈良","N2","eggrolls;N2高频;原词性:副;音调:①"
"叶う","かなう","实现，达到","动词/自动词/五段动词","念願がかなう","夙愿实现","N2","eggrolls;N2中频;原词性:自動1;音调:②"
"叶える","かなえる","实现","动词/他动词/一段动词","願いをかなえる","实现愿望","N2","eggrolls;N2中频;原词性:他動2;音调:③"
"かばう","かばう","庇护，袒护，保护","动词/他动词/五段动词","息子をかばう","袒护儿子","N2","eggrolls;N2中频;原词性:他動1;音调:②"
"きっぱり","きっぱり","断然，干脆，明确","副词","きっぱりと断る","断然拒绝","N2","eggrolls;N2中频;原词性:副;音调:③;オノマトペ"
"キャッチボール","キャッチボール","（棒球）投接球练习；（比喻）相互交流","名词","友達とキャッチボールをする","和朋友玩传接球","N2","eggrolls;N2低频;原词性:名;音调:④;カタカナ語"
"きょろきょろ","きょろきょろ","东张西望","副词/サ变动词","何をきょろきょろしているの","你东张西望地看什么？","N2","eggrolls;N2低频;原词性:副・自動3;音调:①;オノマトペ"
"くじ","くじ","签，抽签","名词","くじを引く","抽签","N2","eggrolls;N2中频;原词性:名;音调:①"
"くじ引き","くじびき","抽签","名词/サ变动词","くじ引きで順番を決める","抽签决定先后顺序","N2","eggrolls;N2低频;原词性:名・自動3;音调:④⓪"
"くっきり","くっきり","（物体的轮廓）鲜明，清楚","副词","青空にくっきりと雪山が浮かんでいる","蓝天白云下，白雪皑皑的群山清晰可见","N2","eggrolls;N2低频;原词性:副;音调:③;オノマトペ"
"くみ取る","くみとる","汲取，舀（液体）；观察后推测（他人的想法或情况）","动词/他动词/五段动词","海水をくみ取って塩を作る","汲取海水制盐","N2","eggrolls;N2低频;原词性:他動1;音调:③"
"ぐるぐる","ぐるぐる","物体不停旋转的样子；一圈圈地","副词","うでをぐるぐると回す","转动手臂","N2","eggrolls;N2低频;原词性:副;音调:①;オノマトペ"
"こだわり","こだわり","在乎，计较；拘泥于……","名词","名誉や金などにこだわりはない","淡泊名利","N2","eggrolls;N2中频;原词性:名;音调:⓪④"
"こだわる","こだわる","拘泥；讲究","动词/自动词/五段动词","形にこだわる","拘泥形式","N2","eggrolls;N2高频;原词性:自動1;音调:③"
"ごちゃごちゃ","ごちゃごちゃ","凌乱，杂乱","副词/な形容词/サ变动词","頭の中がごちゃごちゃだ","脑子里乱成一团","N2","eggrolls;N2高频;原词性:副・ナ形・自動3;音调:⓪;オノマトペ"
"コツ","コツ","要领，要害","名词","コツをつかむ","抓住要害","N2","eggrolls;N2中频;原词性:名;音调:⓪"
"この度","このたび","这回，这次","名词/副词","この度はお世話になりました","这次承蒙关照了","N2","eggrolls;N2高频;原词性:名・副;音调:②"
"コンテンツ","コンテンツ","内容；目录","名词","コンテンツ産業","内容产业","N2","eggrolls;N2低频;原词性:名;音调:①;カタカナ語"
"ささやか","ささやか","小的，细微的；（自谦）微不足道的，简陋的","な形容词","ささやかな幸せ","小小的幸福","N2","eggrolls;N2中频;原词性:ナ形;音调:②"
"さっと","さっと","（风雨）突然，飒然；迅速，一下子","副词","雨がさっと降る","突然下起雨来","N2","eggrolls;N2中频;原词性:副;音调:①⓪;オノマトペ"
"錆","さび","锈","名词","錆がつく","生锈","N2","eggrolls;N2低频;原词性:名;音调:②"
"じっくり","じっくり","慢慢地，仔细地","副词","じっくりと考える","仔细考虑","N2","eggrolls;N2高频;原词性:副;音调:③;オノマトペ"
"しつけ","しつけ","（对孩子的）教育，教养","名词","家庭のしつけがちゃんとしている","家庭教育做得很好；家教很严","N2","eggrolls;N2中频;原词性:名;音调:⓪"
"しっとり","しっとり","湿润；沉稳，恬静","副词/サ变动词","しっとりタイプの化粧水","保湿型的化妆水","N2","eggrolls;N2低频;原词性:副・自動3;音调:③;オノマトペ"
"ジャンル","ジャンル","种类，体裁","名词","ジャンル別に分ける","按种类分","N2","eggrolls;N2中频;原词性:名;音调:①;カタカナ語"
"掬う","すくう","捞，舀；抄起","动词/他动词/五段动词","水をすくう","舀水","N2","eggrolls;N2高频;原词性:他動1;音调:⓪"
"そもそも","そもそも","原本，最初；说来……；到底","副词/名词/接续词","そもそも僕が悪かった","原本就是我不好","N2","eggrolls;N2高频;原词性:副・名・接;音调:①"
"それとなく","それとなく","委婉地，不直截了当地","副词","それとなく忠告する","委婉地忠告","N2","eggrolls;N2中频;原词性:副;音调:④"
"どうにも","どうにも","无论如何也（不）；（表示困惑）的确，实在","副词","どうにもならない","怎么也办不到","N2","eggrolls;N2中频;原词性:副;音调:①⓪"
"とやかく","とやかく","这个那个地，说三道四","副词","とやかく言われる筋合いはない","没资格对我说三道四","N2","eggrolls;N2低频;原词性:副;音调:①"
"トラブル","トラブル","麻烦，纠纷；故障","名词","トラブルが生じる","产生纠纷","N2","eggrolls;N2高频;原词性:名;音调:②;カタカナ語"
"とりあえず","とりあえず","总之，暂时，姑且","副词","とりあえず応急処置をして病院へ運ぶ","先做一下应急处理再送医院","N2","eggrolls;N2高频;原词性:副;音调:③⓪"
"ニーズ","ニーズ","需求，需要","名词","消費者のニーズに応える","满足消费者的需求","N2","eggrolls;N2高频;原词性:名;音调:①;カタカナ語"
"にっこり","にっこり","微笑，莞尔一笑","副词/サ变动词","先生は私の顔を見てにっこりした","老师看着我的脸，微微一笑","N2","eggrolls;N2中频;原词性:副・自動3;音调:③;オノマトペ"
"にもかかわらず","にもかかわらず","尽管……，但是……","连语","荒天にもかかわらず船を出す","尽管天气恶劣，仍然出航","N2","eggrolls;N2中频;原词性:連語;音调:①+③"
"ばりばり","ばりばり","积极地处理事物的样子；坚硬的东西被撕裂，剥落或是咬碎时的声音和样子；东西变得僵硬的样子；气势十足且充满活力的样子","副词/名词","ばりばりと仕事をする","努力工作","N2","eggrolls;N2低频;原词性:副①・名⓪;音调:①⓪;オノマトペ"
"フリーマーケット","フリーマーケット","跳蚤市场，自由市场","名词","盗品がフリーマーケットで売られている","赃物在自由市场出售","N2","eggrolls;N2中频;原词性:名;音调:④;カタカナ語"
"ふんわり","ふんわり","松软；轻飘飘地；轻轻地","副词/サ变动词","ふんわりしたタオル","蓬松的毛巾","N2","eggrolls;N2中频;原词性:副・自動3;音调:③;オノマトペ"
"ほっと","ほっと","叹气；放心，安心","副词/サ变动词","ほっと溜め息をつく","叹了一口气；松了一口气","N2","eggrolls;N2中频;原词性:副・自動3;音调:⓪;オノマトペ"
"ボトル","ボトル","瓶子，特指酒瓶","名词","ワインボトル","葡萄酒瓶","N2","eggrolls;N2中频;原词性:名;音调:⓪;カタカナ語"
"ほぼ","ほぼ","几乎，大概","副词","ほぼ完成した","大致完成了","N2","eggrolls;N2高频;原词性:副;音调:①"
"マニュアル","マニュアル","指南，说明书；（汽车）手动档","名词","マニュアルどおりに組み立てる","按说明书来组装","N2","eggrolls;N2中频;原词性:名;音调:⓪①;カタカナ語"
"剝ける","むける","剥落，脱落","动词/自动词/一段动词","手の皮がむける","手脱皮了","N2","eggrolls;N2低频;原词性:自動2;音调:⓪"
"めくる","めくる","翻起，揭起","动词/他动词/五段动词","ページをめくる","翻页","N2","eggrolls;N2中频;原词性:他動1;音调:⓪"
"めったに","めったに","极少，几乎（不）","副词","土日はめったに出かけない","周末很少出门","N2","eggrolls;N2中频;原词性:副;音调:①"
"メリット","メリット","好处，优点","名词","会社合併のメリット","公司合并的好处","N2","eggrolls;N2高频;原词性:名;音调:①;カタカナ語"
"もたらす","もたらす","带来；造成","动词/他动词/五段动词","影響をもたらす","造成影响","N2","eggrolls;N2中频;原词性:他動1;音调:③"
"もとより","もとより","本来；（多く「AはもとよりBも」の形で）A自不必说，B也……","副词","それはもとより明らかだった","那本来就很明显","N2","eggrolls;N2低频;原词性:副;音调:①"
"やむを得ない","やむをえない","没办法，不得已","连语","中止もやむを得ない","没办法只好取消","N2","eggrolls;N2中频;原词性:連語"
"よくも","よくも","居然，竟敢","副词","よくもここまでやってきた","居然能做到这一步","N2","eggrolls;N2低频;原词性:副;音调:①"
"レンタル","レンタル","出租，租赁","サ变动词/名词","ビデオをレンタルする","租借录像带","N2","eggrolls;N2高频;原词性:他動3・名;音调:①;カタカナ語"
"わざわざ","わざわざ","特意；故意","副词","わざわざ足を運んでくれてありがとうございます","感谢你特意跑一趟","N2","eggrolls;N2高频;原词性:副;音调:①"
"悪化","あっか","恶化，变坏","名词/サ变动词","病状が悪化する","病情恶化","N2","eggrolls;N2中频;原词性:名・自動3;音调:⓪"
"意思","いし","意思，想法","名词","賛成の意思を表す","表示赞成","N2","eggrolls;N2中频;原词性:名;音调:①"
"意図","いと","意图，打算（做）","名词/サ变动词","相手の意図を見抜く","看穿对方的意图","N2","eggrolls;N2高频;原词性:名・他動3;音调:①"
"一気に","いっきに","一口气；一下子","副词","一気に飲み干す","一口气喝光","N2","eggrolls;N2高频;原词性:副;音调:①"
"一転","いってん","突然改变，一转","名词/サ变动词","心機一転","精神焕然一新，心机一转","N2","eggrolls;N2中频;原词性:名・自他動3;音调:⓪"
"引き続き","ひきつづき","继续；接着","名词/副词","前回の引き続き","上一次的继续","N2","eggrolls;N2中频;原词性:名・副;音调:⓪"
"雨天","うてん","雨天","名词","雨天順延","雨天顺延","N2","eggrolls;N2低频;原词性:名;音调:①"
"映像","えいぞう","影像，画面","名词","テレビの映像","电视画面","N2","eggrolls;N2高频;原词性:名;音调:⓪"
"鋭い","するどい","锋利的；尖锐的；敏锐的","い形容词","ライオンは鋭い牙と爪を持っている","狮子有锋利的牙齿和爪子","N2","eggrolls;N2高频;原词性:イ形;音调:③"
"円滑","えんかつ","圆滑，顺利","な形容词","仕事が円滑に進む","工作进展顺利","N2","eggrolls;N2中频;原词性:ナ形;音调:⓪"
"応える","こたえる","响应，反应；强烈地感受到","动词/自动词/一段动词","期待に応える","不辜负期望","N2","eggrolls;N2低频;原词性:自動2;音调:③②"
"下回る","したまわる","低于，在……以下","动词/自动词/五段动词","予想を下回る結果","不如预想的结果","N2","eggrolls;N2低频;原词性:自動1;音调:⓪④"
"仮","かり","临时的；假的","名词","仮採用","临时录用","N2","eggrolls;N2高频;原词性:名;音调:⓪"
"家計","かけい","生计，家计","名词","家計を預かる","掌管家庭开支","N2","eggrolls;N2中频;原词性:名;音调:⓪"
"果たす","はたす","完成，实现；光，尽","动词/他动词/五段动词","目的を果たす","达到目的","N2","eggrolls;N2高频;原词性:他動1;音调:②"
"課題","かだい","（提出的）题目；必须解决的问题","名词","作文の課題は自由とする","作文题目自由选择","N2","eggrolls;N2高频;原词性:名;音调:⓪"
"貨幣","かへい","货币","名词","貨幣制度","币制","N2","eggrolls;N2低频;原词性:名;音调:①"
"解消","かいしょう","消除，解除，取消","名词/サ变动词","ストレス解消","消除压力","N2","eggrolls;N2高频;原词性:名・自他動3;音调:⓪"
"快い","こころよい","心情舒畅的；爽快的","い形容词","春風が快くほおをなでる","春风惬意地掠过面庞","N2","eggrolls;N2中频;原词性:イ形;音调:④"
"改まる","あらたまる","更新，更替；改善，革新；郑重其事","动词/自动词/五段动词","年が改まる","年复一年，迎来新的一年","N2","eggrolls;N2低频;原词性:自動1;音调:④"
"皆無","かいむ","全无，毫无","名词/な形容词","昇給の見込みが皆無だ","完全没有加薪的希望","N2","eggrolls;N2低频;原词性:名・ナ形;音调:①"
"開花","かいか","开花；有成果","名词/サ变动词","ウメが開花した","梅花开了","N2","eggrolls;N2中频;原词性:名・自動3;音调:①⓪"
"開催","かいさい","举办，召开（会议等）","名词/サ变动词","万博を開催する","举办世博会","N2","eggrolls;N2高频;原词性:名・他動3;音调:⓪"
"外見","がいけん","外观，外形","名词","人を外見で判断する","以貌取人","N2","eggrolls;N2高频;原词性:名;音调:⓪"
"概要","がいよう","概要","名词","本年度予算の概要を説明する","说明本年度预算的概略","N2","eggrolls;N2高频;原词性:名;音调:⓪"
"獲得","かくとく","获得","名词/サ变动词","勝利を獲得する","获胜","N2","eggrolls;N2高频;原词性:名・他動3;音调:⓪"
"確立","かくりつ","确立，确定","名词/サ变动词","地位を確立する","确立地位","N2","eggrolls;N2中频;原词性:名・自他動3;音调:⓪"
"勧め","すすめ","劝诱，推荐，鼓励","名词","おすすめ料理","招牌菜","N2","eggrolls;N2高频;原词性:名;音调:⓪"
"勧誘","かんゆう","劝诱，邀请","名词/サ变动词","金融商品の購入を勧誘する","推销金融产品","N2","eggrolls;N2中频;原词性:名・他動3;音调:⓪"
"簡略","かんりゃく","简略，简洁，简便","名词/な形容词","行政手続きを簡略にする","简化行政手续","N2","eggrolls;N2中频;原词性:名・ナ形;音调:⓪"
"間近","まぢか","临近，眼前","名词/な形容词","学校の間近に住む","住在学校跟前","N2","eggrolls;N2高频;原词性:名・ナ形;音调:①⓪"
"頑固","がんこ","倔强，顽固","な形容词","頑固親父","顽固的老头；顽固的父亲","N2","eggrolls;N2中频;原词性:ナ形;音调:①"
"危機","きき","危机","名词","危機を乗り越える","渡过危机","N2","eggrolls;N2中频;原词性:名;音调:①②"
"帰省","きせい","回乡探亲","名词/サ变动词","帰省ラッシュ","回乡探亲潮","N2","eggrolls;N2中频;原词性:名・自動3;音调:⓪"
"気軽","きがる","爽快地，轻松愉快地，随意地","な形容词","気軽に引き受ける","爽快地答应","N2","eggrolls;N2高频;原词性:ナ形;音调:⓪"
"気象","きしょう","气象","名词","気象を観測する","观测气象","N2","eggrolls;N2中频;原词性:名;音调:⓪"
"疑い","うたがい","疑问，怀疑；嫌疑","名词","がんの疑いがある","怀疑是癌症","N2","eggrolls;N2低频;原词性:名;音调:⓪"
"客観的","きゃっかんてき","客观的","な形容词","客観的に論じる","客观地论述","N2","eggrolls;N2高频;原词性:ナ形;音调:⓪"
"および","および","以及","接续词","住所、氏名及び年齢をここに記入してください","请在这里填上地址，姓名及年龄","N2","eggrolls;N2高频;原词性:接;音调:⓪①"
"及ぶ","およぶ","波及，持续；达到；比得上","动词/自动词/五段动词","会議は5時間に及んだ","会议达五小时之久","N2","eggrolls;N2中频;原词性:自動1;音调:⓪"
"吸い込む","すいこむ","吸入，吸进，抽；卷入，消失，吞噬","动词/他动词/五段动词","知らないうちにほこりを吸い込んでいる","不留神吸进了灰尘","N2","eggrolls;N2低频;原词性:他動1;音调:③"
"供える","そなえる","上供","动词/他动词/一段动词","神棚にお供え物を供える","在神龛上供奉供品","N2","eggrolls;N2中频;原词性:他動2;音调:②③"
"競う","きそう","竞争，比赛","动词/他动词/五段动词","競技者が勝敗を競う","竞技者争夺胜负","N2","eggrolls;N2高频;原词性:他動1;音调:②"
"共働き","ともばたらき","夫妻都在工作；双职工","名词/サ变动词","私たちは共働きの夫婦だ","我们是双职工夫妻","N2","eggrolls;N2中频;原词性:名・自動3;音调:③⓪"
"強める","つよめる","加强，增强","动词/他动词/一段动词","ガスの火を強める","把煤气开大","N2","eggrolls;N2中频;原词性:他動2;音调:③"
"恐れ","おそれ","恐惧；忧虑，担心","名词","恐れをいだく","心怀恐惧","N2","eggrolls;N2高频;原词性:名;音调:③"
"恐れ多い","おそれおおい","诚惶诚恐的；不敢当的","い形容词","こんなにご心配いただくとは恐れ多いことです","承蒙您如此关心，真是不胜惶恐","N2","eggrolls;N2低频;原词性:イ形;音调:④⑤"
"興奮","こうふん","兴奋，激动","名词/サ变动词","興奮を静める","使兴奋的心情镇定下来","N2","eggrolls;N2中频;原词性:名・自動3;音调:⓪"
"業績","ぎょうせき","（工作、事业等的）成就，业绩","名词","物理学上の業績","物理学上的成就","N2","eggrolls;N2中频;原词性:名;音调:⓪"
"業務","ぎょうむ","业务","名词","業務に精通する","精通业务","N2","eggrolls;N2低频;原词性:名;音调:①"
"禁じる","きんじる","禁止，不允许","动词/他动词/一段动词","喫煙を禁じる","不准吸烟","N2","eggrolls;N2低频;原词性:他動2;音调:⓪③"
"区切り","くぎり","（事物的）段落；（文章的）句读","名词","ひと区切りつく","告一段落","N2","eggrolls;N2中频;原词性:名;音调:③⓪"
"傾ける","かたむける","使……倾斜，弄歪；倾注","动词/他动词/一段动词","首を傾ける","歪着头","N2","eggrolls;N2高频;原词性:他動2;音调:④"
"掲載","けいさい","刊登，登载","名词/サ变动词","新聞に掲載される","登报","N2","eggrolls;N2高频;原词性:名・他動3;音调:⓪"
"計","けい","合计；计划，打算","名词","計50人","合计五十人","N2","eggrolls;N2低频;原词性:名;音调:①"
"計測","けいそく","（使用器械）测量（长度、重量、数量、容量等）","サ变动词/名词","体重を計測する","测量体重","N2","eggrolls;N2中频;原词性:他動3・名;音调:⓪"
"軽々","かるがる","轻轻地；轻而易举地","副词","軽々と持ち上げる","轻轻地拿起来","N2","eggrolls;N2中频;原词性:副;音调:③"
"軽視","けいし","轻视，蔑视","名词/サ变动词","親の注意を軽視する","不听父母劝","N2","eggrolls;N2中频;原词性:名・他動3;音调:①⓪"
"鶏","にわとり","鸡","名词","鶏に餌をやる","喂鸡","N2","eggrolls;N2低频;原词性:名;音调:⓪"
"決めつける","きめつける","（凭主观）断定，片面断定","动词/他动词/一段动词","彼は早急に結論を決めつける","他草率地下了结论","N2","eggrolls;N2低频;原词性:他動2;音调:④"
"決意","けつい","决意，决心","名词/サ变动词","決意を固める","下定决心","N2","eggrolls;N2中频;原词性:名・自他動3;音调:①"
"決勝","けっしょう","决胜，决赛","名词","決勝戦","决赛","N2","eggrolls;N2高频;原词性:名;音调:⓪"
"決断","けつだん","决断，果断下定决心","名词/サ变动词","決断を下す","做出决断","N2","eggrolls;N2高频;原词性:名・自他動3;音调:⓪"
"結びつく","むすびつく","结合，紧密联系","动词/自动词/五段动词","政治家に結びついた商人","与政客勾结的商人","N2","eggrolls;N2中频;原词性:自動1;音调:④"
"結びつける","むすびつける","系上；结合，联结","动词/他动词/一段动词","イヌをしっかり鎖に結びつける","把狗牢牢地拴在锁链上","N2","eggrolls;N2中频;原词性:他動2;音调:⑤"
"見込み","みこみ","希望，可能性；预料","名词","見込みのある人","有前途的人","N2","eggrolls;N2中频;原词性:名;音调:⓪"
"見失う","みうしなう","迷失；看丢","动词/他动词/五段动词","人生の目標を見失う","迷失人生的目标","N2","eggrolls;N2中频;原词性:他動1;音调:⓪④"
"見守る","みまもる","注视；关怀，关注","动词/他动词/五段动词","事件の展開を見守る","注视事件的发展","N2","eggrolls;N2中频;原词性:他動1;音调:⓪③"
"見積もり","みつもり","估算，估价","名词/サ变动词","工事の見積もりを出す","提交工程估价","N2","eggrolls;N2高频;原词性:名・他動3;音调:⓪"
"見渡す","みわたす","远望，展望","动词/他动词/五段动词","見渡す限りの大雪原","一望无际的大雪原","N2","eggrolls;N2中频;原词性:他動1;音调:③⓪"
"見抜く","みぬく","看穿，看透","动词/他动词/五段动词","本心を見抜く","看透真心","N2","eggrolls;N2低频;原词性:他動1;音调:②⓪"
"見分ける","みわける","识别，辨别","动词/他动词/一段动词","色で見分ける","通过颜色进行辨别","N2","eggrolls;N2中频;原词性:他動2;音调:⓪③"
"幻","まぼろし","幻影；虚幻","名词","幻の境","幻境","N2","eggrolls;N2低频;原词性:名;音调:⓪"
"減量","げんりょう","减少重量，减少分量；（特指）减轻体重","名词/サ变动词","減量して試合に臨む","减重后参加比赛","N2","eggrolls;N2中频;原词性:名・自他動3;音调:⓪"
"玄人","くろうと","内行，行家","名词","先生の手品は玄人なみだ","老师的魔术堪比专业水平","N2","eggrolls;N2低频;原词性:名;音调:①②"
"現地","げんち","现场，当地；现居住地","名词","現地に赴く","奔赴现场","N2","eggrolls;N2中频;原词性:名;音调:①"
"言い切る","いいきる","说完；断言，说死","动词/他动词/五段动词","まだ言い切らないうちに時間になった","话没说完就到时间了","N2","eggrolls;N2中频;原词性:他動1;音调:③"
"言い訳","いいわけ","辩解，辩白","名词/サ变动词","渋滞を言い訳にする","以堵车为借口","N2","eggrolls;N2中频;原词性:名・自他動3;音调:⓪"
"限りない","かぎりない","无限的；无比的","い形容词","限りない大平原","无边无际的大平原","N2","eggrolls;N2低频;原词性:イ形;音调:④"
"限定","げんてい","限定，限制","名词/サ变动词","期間限定の特売品","期间限定的特价商品","N2","eggrolls;N2高频;原词性:名・他動3;音调:⓪"
"個別","こべつ","个别","名词","各学生に個別の指導が必要だ","每个学生都需要个别指导","N2","eggrolls;N2中频;原词性:名;音调:⓪"
"呼び止める","よびとめる","叫住","动词/他动词/一段动词","後ろから呼び止められる","从背后被叫住","N2","eggrolls;N2低频;原词性:他動2;音调:④"
"固める","かためる","使坚硬，使凝固；堆集一处；坚定，巩固","动词/他动词/一段动词","手で粘土を固める","用手把黏土捏紧","N2","eggrolls;N2中频;原词性:他動2;音调:⓪"
"後悔","こうかい","后悔","名词/サ变动词","後悔先に立たず","后悔也无济于事","N2","eggrolls;N2高频;原词性:名・自他動3;音调:①"
"誤る","あやまる","错误；做错；弄错；贻害","动词/自他动词/五段动词","君の認識は誤っている","你的认知是错误的","N2","eggrolls;N2中频;原词性:自他動1;音调:③"
"公立","こうりつ","公立","名词","公立学校","公立学校","N2","eggrolls;N2低频;原词性:名;音调:⓪"
"効き目","ききめ","效力，效用","名词","効き目の早い薬","见效快的药","N2","eggrolls;N2低频;原词性:名;音调:⓪"
"効用","こうよう","用处，用途；功效","名词","なんの効用もない","没有任何用处","N2","eggrolls;N2中频;原词性:名;音调:⓪"
"好奇心","こうきしん","好奇心","名词","好奇心を満たす","满足好奇心","N2","eggrolls;N2中频;原词性:名;音调:③"
"好調","こうちょう","势头好，情况好","名词/な形容词","売れ行きが好調だ","销售情况良好","N2","eggrolls;N2高频;原词性:名・ナ形;音调:⓪"
"好評","こうひょう","好评，正面的评价","な形容词/名词","彼の新しい作品は好評を博している","他的新作品获得了好评","N2","eggrolls;N2低频;原词性:ナ形・名;音调:⓪"
"構え","かまえ","构造，门面；姿势；准备；（部首）框","名词","この家の構えは商店向きだ","这所房子的格局适合于作店铺","N2","eggrolls;N2中频;原词性:名;音调:②③"
"構図","こうず","构图，取景；结构","名词","構図を決めてから描く","先决定构图后再画","N2","eggrolls;N2中频;原词性:名;音调:⓪"
"行く先","ゆくさき","目的地，去向；未来，前途","名词","行く先を言わずに外出した","没说要去哪就出门了","N2","eggrolls;N2中频;原词性:名;音调:⓪"
"講師","こうし","（大学的）讲师；演讲者；（在学校或补习班等）受聘负责部分课程的教师","名词","非常勤講師","兼职讲师","N2","eggrolls;N2高频;原词性:名;音调:①"
"高度","こうど","海拔；程度高","名词/な形容词","高度を測る","测量高度","N2","eggrolls;N2高频;原词性:名・ナ形;音调:①"
"高齢化","こうれいか","高龄化，老龄化","名词/サ变动词","高齢化が進む","老龄化不断发展","N2","eggrolls;N2高频;原词性:名・自動3;音调:⓪"
"今のところ","いまのところ","（姑且不论将来如何）目前，现阶段","连语","今のところ順調だ","目前一切顺利","N2","eggrolls;N2中频;原词性:連語;音调:⓪"
"今時","いまどき","（带有与过去对比的意味）现今，如今；现在这时候","副词/名词","今時の若者ならみんな持っている","现在的年轻人几乎人手一个","N2","eggrolls;N2中频;原词性:副・名;音调:⓪"
"根気","こんき","毅力，耐性","名词","この仕事は根気が要る","这项工作需要耐心","N2","eggrolls;N2中频;原词性:名;音调:⓪"
"差し支える","さしつかえる","有妨碍，不方便","动词/自动词/一段动词","飲みすぎは翌日に差し支える","喝多了会影响第二天","N2","eggrolls;N2中频;原词性:自動2;音调:⑤④⓪"
"催す","もよおす","举办；起，感觉","动词/自他动词/五段动词","学校で文化祭を催す","学校举办了文化节","N2","eggrolls;N2高频;原词性:自他動1;音调:③⓪"
"錯覚","さっかく","错觉，误认为","名词/サ变动词","錯覚に陥る","陷入错觉","N2","eggrolls;N2中频;原词性:名・自他動3;音调:⓪"
"擦れ違い","すれちがい","擦肩而过；不一致，分歧","名词","二人は擦れ違いになった","两人擦肩而过了","N2","eggrolls;N2低频;原词性:名;音调:⓪"
"仕組み","しくみ","结构，构造；计划，企图","名词","エンジンの仕組み","引擎的构造","N2","eggrolls;N2高频;原词性:名;音调:⓪"
"使い果たす","つかいはたす","用尽，花光","动词/他动词/五段动词","燃料を使い果たす","用尽燃料","N2","eggrolls;N2低频;原词性:他動1;音调:⑤"
"使命","しめい","使命，任务","名词","使命を帯びる","肩负使命","N2","eggrolls;N2中频;原词性:名;音调:①"
"志望","しぼう","志愿，心愿","名词/サ变动词","志望校","志愿报考的学校","N2","eggrolls;N2高频;原词性:名・他動3;音调:⓪"
"思い切って","おもいきって","下定决心，坚定地","副词","思い切って打ち明ける","下定决心说出来","N2","eggrolls;N2高频;原词性:副;音调:④②"
"思い浮かぶ","おもいうかぶ","回忆起，浮现出","动词/自动词/五段动词","名案が思い浮かんだ","想到好主意","N2","eggrolls;N2中频;原词性:自動1;音调:⑤⓪"
"思い浮かべる","おもいうかべる","回忆起，想起","动词/他动词/一段动词","祖母の姿を思い浮かべる","回想起外婆的身影","N2","eggrolls;N2中频;原词性:他動2;音调:⑥"
"思い立つ","おもいたつ","（突然）想要做","动词/他动词/五段动词","急に旅行に思い立つ","突然想要去旅行","N2","eggrolls;N2中频;原词性:他動1;音调:④"
"指差す","ゆびさす","用手指","动词/他动词/五段动词","北の方角を指差す","用手指向北边","N2","eggrolls;N2低频;原词性:他動1;音调:③"
"脂肪","しぼう","脂肪","名词","皮下脂肪","皮下脂肪","N2","eggrolls;N2中频;原词性:名;音调:⓪"
"視界","しかい","视野，眼界","名词","視界が開ける","视野开阔","N2","eggrolls;N2中频;原词性:名;音调:⓪"
"視線","しせん","视线","名词","視線をそらす","转移视线","N2","eggrolls;N2低频;原词性:名;音调:⓪"
"試す","ためす","尝试，试验","动词/他动词/五段动词","試験をして実力を試す","通过考试来测试实力","N2","eggrolls;N2高频;原词性:他動1;音调:②"
"試作","しさく","试制","サ变动词/名词","新式のエンジンを試作する","试制新型发动机","N2","eggrolls;N2中频;原词性:他動3・名;音调:⓪"
"事典","じてん","百科辞典，事典","名词","百科事典","百科全书","N2","eggrolls;N2中频;原词性:名;音调:⓪"
"事柄","ことがら","事情（的状态、内容等）","名词","文章に書きあらわす事柄","文章中表达的事物","N2","eggrolls;N2高频;原词性:名;音调:④⓪"
"持ち込む","もちこむ","带进，携入；提出（意见、问题等）","动词/他动词/五段动词","車内に危険物を持ち込む","将危险品带入车内","N2","eggrolls;N2中频;原词性:他動1;音调:⓪③"
"もてる","もてる","受欢迎，有人缘","动词/自动词/一段动词","異性にもてる","受异性欢迎","N2","eggrolls;N2中频;原词性:自動2;音调:②"
"時点","じてん","时间点","名词","現時点","现阶段","N2","eggrolls;N2高频;原词性:名;音调:①⓪"
"自覚","じかく","自知；觉悟","名词/サ变动词","体力の衰えを自覚する","意识到自己体力的衰退","N2","eggrolls;N2中频;原词性:名・他動3;音调:⓪"
"辞退","じたい","推辞，谢绝","名词/サ变动词","出場を辞退する","谢绝出场","N2","eggrolls;N2中频;原词性:名・自他動3;音调:①"
"実践","じっせん","实践","名词/サ变动词","理論を実践に移す","将理论付诸实践","N2","eggrolls;N2高频;原词性:名・他動3;音调:⓪"
"実態","じったい","实态，实际情况","名词","実態を明らかにする","弄清楚实际情况","N2","eggrolls;N2中频;原词性:名;音调:⓪"
"弱々しい","よわよわしい","弱不禁风的，虚弱的","い形容词","弱々しい声","微弱的声音","N2","eggrolls;N2中频;原词性:イ形;音调:⑤;オノマトペ"
"主観","しゅかん","主观","名词","その意見は彼の主観に基づいている","那个观点基于他的主观","N2","eggrolls;N2低频;原词性:名;音调:⓪"
"主体的","しゅたいてき","主动的，积极的","な形容词","主体的に行動する","主动行动","N2","eggrolls;N2高频;原词性:ナ形;音调:⓪"
"取りかかる","とりかかる","着手，开始做","动词/自动词/五段动词","準備に取りかかる","着手做准备工作","N2","eggrolls;N2高频;原词性:自動1;音调:④⓪"
"取り組む","とりくむ","致力于，专心致志","动词/自动词/五段动词","ごみの再利用に取り組む","致力于垃圾的回收再利用","N2","eggrolls;N2高频;原词性:自動1;音调:③⓪"
"取り戻す","とりもどす","取回，收回；挽回，恢复","动词/他动词/五段动词","貸した本を取り戻す","收回借出的书","N2","eggrolls;N2中频;原词性:他動1;音调:④⓪"
"手軽","てがる","简便，轻易","な形容词","手軽な食事","便饭；小吃","N2","eggrolls;N2高频;原词性:ナ形;音调:⓪"
"手頃","てごろ","正合手；适中，适合","な形容词","手頃な厚さの板","厚度适中的木板","N2","eggrolls;N2中频;原词性:ナ形;音调:⓪"
"手当て","てあて","事先准备好；（对疾病或伤口进行）处置；（慣用の固定で「手当」と書く）津贴，补贴","サ变动词/名词","資材を手当てする","准备资材","N2","eggrolls;N2中频;原词性:他動3・名;音调:①"
"手放す","てばなす","放手；卖掉，转让；放下","动词/他动词/五段动词","手綱を手放す","放开缰绳","N2","eggrolls;N2低频;原词性:他動1;音调:③"
"手本","てほん","字帖，画帖；模范，榜样","名词","手本を見て書く","看着字帖写","N2","eggrolls;N2低频;原词性:名;音调:②"
"襲う","おそう","袭击，攻击","动词/他动词/五段动词","洪水が襲う","洪水侵袭","N2","eggrolls;N2低频;原词性:他動1;音调:⓪"
"充実","じゅうじつ","充实","名词/サ变动词","充実した生活","充实的生活","N2","eggrolls;N2高频;原词性:名・自動3;音调:⓪"
"従来","じゅうらい","过去，以往","名词/副词","従来と異なる","与以往不同","N2","eggrolls;N2中频;原词性:名・副;音调:①"
"重苦しい","おもくるしい","郁闷的，沉闷的","い形容词","重苦しい雰囲気","沉闷的气氛","N2","eggrolls;N2低频;原词性:イ形;音调:⑤"
"出現","しゅつげん","出现，显现出来","名词/サ变动词","新型機械の出現","新型机器的出现","N2","eggrolls;N2低频;原词性:名・自動3;音调:⓪"
"出生","しゅっしょう","出生，诞生","名词/サ变动词","出生率","出生率","N2","eggrolls;N2低频;原词性:名・自動3;音调:⓪"
"準〜","じゅん〜","准……，次于……","接头词","準社員","非正式职员","N2","eggrolls;N2低频;原词性:接頭"
"順","じゅん","顺序","名词","順を追って説明する","按顺序说明","N2","eggrolls;N2高频;原词性:名;音调:⓪"
"初期","しょき","初期","名词","明治の初期","明治初期","N2","eggrolls;N2中频;原词性:名;音调:①"
"所属","しょぞく","所属，从属于","名词/サ变动词","会社に所属する","隶属于公司","N2","eggrolls;N2高频;原词性:名・自動3;音调:⓪"
"書き込む","かきこむ","写入，填写","动词/他动词/五段动词","余白に書き込む","写在空白处","N2","eggrolls;N2中频;原词性:他動1;音调:③⓪"
"書名","しょめい","书名","名词","書名目録","书名目录","N2","eggrolls;N2低频;原词性:名;音调:⓪"
"諸〜","しょ〜","诸……，各种……","接头词","教育に関する諸問題","与教育相关的各种问题","N2","eggrolls;N2低频;原词性:接頭"
"傷つける","きずつける","使……负伤；损坏；伤害","动词/他动词/一段动词","うっかりして子どもの顔を傷つけた","不小心把孩子的脸弄伤了","N2","eggrolls;N2中频;原词性:他動2;音调:④"
"傷み","いたみ","腐烂；损坏","名词","傷みが早い","容易腐烂","N2","eggrolls;N2中频;原词性:名;音调:③"
"傷む","いたむ","损坏；腐烂","动词/自动词/五段动词","屋根が傷む","房顶破损","N2","eggrolls;N2低频;原词性:自動1;音调:②"
"傷つく","きずつく","负伤；损坏；受创伤","动词/自动词/五段动词","傷ついた足","受伤的脚","N2","eggrolls;N2低频;原词性:自動1;音调:③"
"小児科","しょうにか","小儿科","名词","子供が病気で小児科に行った","孩子生病去了儿科","N2","eggrolls;N2低频;原词性:名;音调:⓪"
"少子化","しょうしか","少子化","名词","日本は少子化の問題に直面している","日本面临少子化问题","N2","eggrolls;N2低频;原词性:名;音调:⓪"
"照明","しょうめい","照明，灯光","名词/サ变动词","照明効果がいい","照明效果好","N2","eggrolls;N2高频;原词性:名・他動3;音调:⓪"
"証拠","しょうこ","证据","名词","証拠を隠滅する","销毁证据，毁灭罪证","N2","eggrolls;N2中频;原词性:名;音调:⓪"
"象徴","しょうちょう","象征","名词/サ变动词","鳩は平和を象徴する","鸽子是和平的象征","N2","eggrolls;N2中频;原词性:名・他動3;音调:⓪"
"上回る","うわまわる","超出，超过","动词/自动词/五段动词","予想を上回る","超出预想","N2","eggrolls;N2高频;原词性:自動1;音调:④⓪"
"上記","じょうき","上述，上面所列举","名词","上記の品物","上面列举的物品","N2","eggrolls;N2低频;原词性:名;音调:①"
"上昇","じょうしょう","上升，升高","名词/サ变动词","気温が上昇する","气温升高","N2","eggrolls;N2高频;原词性:名・自動3;音调:⓪"
"職","しょく","职业；职务；手艺","名词","職につく","就职，就业","N2","eggrolls;N2中频;原词性:名;音调:⓪"
"食生活","しょくせいかつ","饮食生活","名词","健康な食生活を心がける","注意健康的饮食生活","N2","eggrolls;N2中频;原词性:名;音调:③"
"心強い","こころづよい","有把握的，心里有底的","い形容词","心強い味方","可以充分信赖的伙伴","N2","eggrolls;N2中频;原词性:イ形;音调:⑤"
"振動","しんどう","振动，摆动","名词/サ变动词","振り子が振動する","钟摆摆动","N2","eggrolls;N2中频;原词性:名・自動3;音调:⓪"
"真〜","ま〜","纯；真；正","接头词/名词","真新しい","崭新的","N2","eggrolls;N2低频;原词性:接頭・名"
"進化","しんか","进化；进步，发展","名词/サ变动词","進化論","进化论","N2","eggrolls;N2高频;原词性:名・自動3;音调:①"
"進出","しんしゅつ","（体育赛事中）晋级；打入，进入（新领域）","名词/サ变动词","決勝戦に進出する","晋级决赛","N2","eggrolls;N2高频;原词性:名・自動3;音调:⓪"
"進入","しんにゅう","（人或交通工具）进入","名词/サ变动词","無断で敷地に進入することは禁止されている","未经许可进入场地是禁止的","N2","eggrolls;N2低频;原词性:名・自動3;音调:⓪"
"尽きる","つきる","尽，完；到头，穷尽","动词/自动词/一段动词","資金が尽きる","资金耗尽","N2","eggrolls;N2中频;原词性:自動2;音调:②"
"尽くす","つくす","尽力；效力","动词/他动词/五段动词","犯人逮捕に全力を尽くす","全力以赴逮捕犯人","N2","eggrolls;N2中频;原词性:他動1;音调:②"
"推測","すいそく","推测，猜测","名词/サ变动词","推測が当たる","猜中","N2","eggrolls;N2低频;原词性:名・他動3;音调:⓪"
"水っぽい","みずっぽい","水分过多的，味道寡淡的","い形容词","水っぽい酒","淡而无味的酒","N2","eggrolls;N2低频;原词性:イ形;音调:④⓪"
"裾","すそ","（衣服的）下摆，裤脚，下端；山麓","名词","スカートの裾が破れている","裙子的下摆破了","N2","eggrolls;N2低频;原词性:名;音调:⓪"
"世代","せだい","世代，一代，辈","名词","世代交代","新老交替，世代交替","N2","eggrolls;N2高频;原词性:名;音调:①⓪"
"成し遂げる","なしとげる","完成，实现","动词/他动词/一段动词","偉大な事業を成し遂げる","完成伟大的事业","N2","eggrolls;N2低频;原词性:他動2;音调:④⓪"
"成り立つ","なりたつ","成立；谈妥；构成","动词/自动词/五段动词","仮説が成り立つ","假设成立","N2","eggrolls;N2中频;原词性:自動1;音调:③⓪"
"生かす","いかす","让……活着；活用，发挥","动词/他动词/五段动词","とった魚を池に入れて生かす","把打来的鱼放到池塘放生","N2","eggrolls;N2高频;原词性:他動1;音调:②"
"生きがい","いきがい","人生的意义","名词","生きがいのある生活","有意义的生活","N2","eggrolls;N2低频;原词性:名;音调:③⓪"
"生き残る","いきのこる","幸存","动词/自动词/五段动词","飛行機事故で生き残る","在空难中幸存下来","N2","eggrolls;N2中频;原词性:自動1;音调:④⓪"
"生計","せいけい","生计，维持生活的手段","名词","生計を立てる","谋生","N2","eggrolls;N2低频;原词性:名;音调:⓪"
"盛り上がる","もりあがる","堆起，隆起；气氛高涨","动词/自动词/五段动词","腕の筋肉が盛り上がっている","胳膊上的肌肉隆起","N2","eggrolls;N2高频;原词性:自動1;音调:④"
"精一杯","せいいっぱい","竭尽全力","名词/副词","精一杯頑張る","竭尽全力","N2","eggrolls;N2中频;原词性:名・副;音调:③①"
"積み重ねる","つみかさねる","堆起，垒起；积累","动词/他动词/一段动词","箱を積み重ねる","把箱子堆起来","N2","eggrolls;N2中频;原词性:他動2;音调:⑤"
"切り捨てる","きりすてる","切掉；舍去（计算中所求位数之后的尾数）","动词/他动词/一段动词","不要な部分を切り捨てる","丢弃不需要的部分","N2","eggrolls;N2中频;原词性:他動2;音调:④⓪"
"設置","せっち","安装，设置；设立","名词/サ变动词","エアコンを設置する","安装空调","N2","eggrolls;N2高频;原词性:名・他動3;音调:⓪"
"設定","せってい","设定，订立","名词/サ变动词","目標を設定する","设定目标","N2","eggrolls;N2高频;原词性:名・他動3;音调:⓪"
"説得","せっとく","说服，劝说","名词/サ变动词","反対派を説得する","说服反对派","N2","eggrolls;N2高频;原词性:名・他動3;音调:⓪"
"説得力","せっとくりょく","说服力","名词","説得力に欠ける","缺乏说服力","N2","eggrolls;N2中频;原词性:名;音调:④"
"絶える","たえる","断绝；消失，灭亡","动词/自动词/一段动词","消息が絶える","没了音信","N2","eggrolls;N2中频;原词性:自動2;音调:②"
"先着","せんちゃく","先到，先到的人","名词/サ变动词","先着順","以到达先后的顺序","N2","eggrolls;N2高频;原词性:名・自動3;音调:⓪"
"先立つ","さきだつ","带头；在……之前；死在……之前；（「先立つ物」の形で）钱","动词/自动词/五段动词","登山隊に先立ってシェルパが道案内をする","夏尔巴人在登山队的前面带路","N2","eggrolls;N2中频;原词性:自動1;音调:③"
"専業","せんぎょう","专业","名词","専業農家","专业农户","N2","eggrolls;N2低频;原词性:名;音调:⓪"
"戦い","たたかい","战斗，战争","名词","彼らは痛烈な戦いを勝ち抜いて優勝した","他们经过一番激战，最终获得了胜利","N2","eggrolls;N2中频;原词性:名;音调:⓪"
"戦略","せんりゃく","战略，战术","名词","営業戦略を立てる","制定营销战略","N2","eggrolls;N2高频;原词性:名;音调:⓪"
"染まる","そまる","染上；沾染","动词/自动词/五段动词","ナイロンは色が染まりにくい","尼龙不容易染色","N2","eggrolls;N2中频;原词性:自動1;音调:⓪"
"染みる","しみる","沾染，渗；刺痛；深感；受到不良影响，染上","动词/自动词/一段动词","服に汗が染みた","衣服沾上了汗","N2","eggrolls;N2低频;原词性:自動2;音调:⓪"
"選考","せんこう","选用，选拔人才","名词/サ变动词","大学入学の選考が始まった","大学入学选拔开始了","N2","eggrolls;N2中频;原词性:名・他動3;音调:⓪"
"前提","ぜんてい","前提","名词","結婚を前提に付き合う","以结婚为前提进行交往","N2","eggrolls;N2高频;原词性:名;音调:⓪"
"善","ぜん","好，善良","名词","一日一善","日行一善","N2","eggrolls;N2低频;原词性:名;音调:①"
"素材","そざい","原料，素材；题材","名词","羊毛を素材にした織物","以羊毛为原料的纺织品","N2","eggrolls;N2高频;原词性:名;音调:⓪"
"訴え","うったえ","申诉，诉讼","名词","訴えを起こす","提起诉讼","N2","eggrolls;N2中频;原词性:名;音调:⓪③"
"想定","そうてい","设想，预期","名词/サ变动词","最悪の状況を想定する","设想最糟的状况","N2","eggrolls;N2中频;原词性:名・他動3;音调:⓪"
"早まる","はやまる","提前；轻率","动词/自动词/五段动词","会期が早まる","会期提前","N2","eggrolls;N2中频;原词性:自動1;音调:③"
"早急","さっきゅう","火速，火急","名词/な形容词","早急に解決する","迅速解决","N2","eggrolls;N2高频;原词性:名・ナ形;音调:⓪"
"争い","あらそい","争论，纠纷，竞争","名词","争いが絶えない","争论不休","N2","eggrolls;N2中频;原词性:名;音调:③⓪"
"ふさわしい","ふさわしい","合适的，相称的","い形容词","次期社長に相応しい人","适合担任下任社长的人","N2","eggrolls;N2中频;原词性:イ形;音调:④"
"相次いで","あいついで","相继，陆续","副词","相次いで登場する","相继出场","N2","eggrolls;N2低频;原词性:副;音调:①"
"相性","あいしょう","合得来，性情相投；（电脑等）兼容性","名词","相性がいい","投缘；兼容性好","N2","eggrolls;N2中频;原词性:名;音调:③"
"総額","そうがく","总额","名词","建設費の総額は300億円に上る","建设费用的总额达到三百亿日元","N2","eggrolls;N2低频;原词性:名;音调:⓪"
"総合","そうごう","总括，综合","名词/サ变动词","総合病院","综合性医院","N2","eggrolls;N2中频;原词性:名・他動3;音调:⓪"
"草花","くさばな","花草","名词","四季折々の草花","四季各异的花草","N2","eggrolls;N2低频;原词性:名;音调:②"
"憎しみ","にくしみ","憎恶，憎恨","名词","憎しみを覚える","感到憎恨","N2","eggrolls;N2低频;原词性:名;音调:⓪④"
"即座","そくざ","当即，当场","名词","即座に手を打つ","即刻采取措施","N2","eggrolls;N2中频;原词性:名;音调:①"
"息抜き","いきぬき","休息一下，歇口气","名词/サ变动词","息抜きにコーヒーを飲む","喝杯咖啡休息一下","N2","eggrolls;N2中频;原词性:名・自動3;音调:⓪③④"
"他社","たしゃ","其他公司","名词","他社の製品と比較してみた","与其他公司的产品进行了比较","N2","eggrolls;N2高频;原词性:名;音调:①"
"他者","たしゃ","别人，其他人","名词","他者の意見も聞くことが大切だ","听取他人的意见也很重要","N2","eggrolls;N2高频;原词性:名;音调:①"
"多種多様","たしゅたよう","多种多样，形形色色","名词/な形容词","多種多様な音楽","各种各样的音乐","N2","eggrolls;N2中频;原词性:名・ナ形;音调:①+⓪"
"多数","たすう","多数，多数人","名词","百点を取った人が多数いた","很多人都得了100分","N2","eggrolls;N2中频;原词性:名;音调:②"
"打ち上げ","うちあげ","发射；工作结束后的宴会","名词","ロケットの打ち上げは成功した","火箭发射成功","N2","eggrolls;N2中频;原词性:名;音调:⓪"
"打ち上げる","うちあげる","发射；（演出等）终了，闭幕","动词/他动词/一段动词","花火を打ち上げる","放烟花","N2","eggrolls;N2中频;原词性:他動2;音调:④⓪"
"打ち明ける","うちあける","如实说出，告白，坦白","动词/他动词/一段动词","本心を打ち明ける","说出心里话","N2","eggrolls;N2中频;原词性:他動2;音调:⓪④"
"対処","たいしょ","应付，对付","名词/サ变动词","臨機応変に対処する","随机应变地应对","N2","eggrolls;N2高频;原词性:名・自動3;音调:①"
"対等","たいとう","对等，同等，平等","名词/な形容词","対等の立場で話し合う","以对等的立场进行对话","N2","eggrolls;N2中频;原词性:名・ナ形;音调:⓪"
"台数","だいすう","台数，辆数","名词","コンピューターの台数を増やした","增加了电脑的数量","N2","eggrolls;N2中频;原词性:名;音调:③"
"大まか","おおまか","粗略，粗枝大叶","な形容词","大まかな内容","大致的内容","N2","eggrolls;N2中频;原词性:ナ形;音调:⓪"
"大豆","だいず","大豆，黄豆","名词","大豆を使って豆腐を作る","用大豆做豆腐","N2","eggrolls;N2中频;原词性:名;音调:⓪"
"大幅","おおはば","大幅度","名词/な形容词","大幅に減る","大幅度地减少","N2","eggrolls;N2高频;原词性:名・ナ形;音调:⓪"
"題","だい","标题，题目；问题","名词","題をつける","加标题","N2","eggrolls;N2中频;原词性:名;音调:①"
"達成","たっせい","达到，完成","名词/サ变动词","目標を達成する","达成目标","N2","eggrolls;N2高频;原词性:名・他動3;音调:⓪"
"誰しも","だれしも","谁都，无论是谁","连语","誰しも命は惜しい","无论是谁都会珍惜自己的生命","N2","eggrolls;N2中频;原词性:連語;音调:①"
"誰一人","だれひとり","谁都（不），一个人都（不）","副词","誰一人賛成しない","没有一个人赞成","N2","eggrolls;N2低频;原词性:副;音调:①+②、④⓪"
"単調","たんちょう","单调，单一","名词/な形容词","単調な生活が続く","持续单调的生活","N2","eggrolls;N2中频;原词性:名・ナ形;音调:⓪"
"短縮","たんしゅく","缩短，缩减","名词/サ变动词","労働時間を短縮する","缩短劳动时间","N2","eggrolls;N2中频;原词性:名・自他動3;音调:⓪"
"値引き","ねびき","降价，打折","名词/サ变动词","値引きセール","降价促销","N2","eggrolls;N2中频;原词性:名・他動3;音调:⓪"
"値上がり","ねあがり","价格上涨","名词/サ变动词","石油が値上がりする","石油价格上涨","N2","eggrolls;N2低频;原词性:名・自動3;音调:⓪"
"値上げ","ねあげ","提价，涨价","名词/サ变动词","送料を値上げする","提高运费","N2","eggrolls;N2中频;原词性:名・他動3;音调:⓪"
"地元","じもと","当地，本地","名词","地元の新聞","当地的报纸","N2","eggrolls;N2高频;原词性:名;音调:⓪③"
"地上","ちじょう","地上","名词","地上九階建て","地上九层楼","N2","eggrolls;N2低频;原词性:名;音调:⓪"
"遅くとも","おそくとも","最晚，最迟","副词","遅くとも来月初めまでには帰る","最晚在下月初以前回来","N2","eggrolls;N2中频;原词性:副;音调:②"
"秩序","ちつじょ","秩序，条理","名词","秩序を乱す","扰乱秩序","N2","eggrolls;N2中频;原词性:名;音调:①②"
"着実","ちゃくじつ","踏实，稳健","名词/な形容词","着実な努力","脚踏实地的努力","N2","eggrolls;N2中频;原词性:名・ナ形;音调:⓪"
"中継","ちゅうけい","中继，中转；转播","名词/サ变动词","遭難者を中継輸送する","转送遇难者","N2","eggrolls;N2中频;原词性:名・他動3;音调:⓪"
"頂","いただき","山顶，顶端","名词","山の頂","山顶","N2","eggrolls;N2中频;原词性:名;音调:⓪"
"追及","ついきゅう","（责任、原因等）追查，追究","名词/サ变动词","責任を追及する","追究责任","N2","eggrolls;N2中频;原词性:名・他動3;音调:⓪"
"釣り合う","つりあう","保持平衡，相配","动词/自动词/五段动词","収入と支出が釣り合う","收入与支出保持均衡","N2","eggrolls;N2低频;原词性:自動1;音调:③"
"定着","ていちゃく","稳定，扎根","名词/サ变动词","習慣が定着する","习惯固定下来","N2","eggrolls;N2高频;原词性:名・自動3;音调:⓪"
"提供","ていきょう","提供，给予；（电视节目）赞助","名词/サ变动词","関連資料を提供する","提供相关资料","N2","eggrolls;N2高频;原词性:名・他動3;音调:⓪"
"転換","てんかん","转变，转换","名词/サ变动词","発想を転換する","转换思维","N2","eggrolls;N2高频;原词性:名・自他動3;音调:⓪"
"転勤","てんきん","（内部）调动工作，转职","名词/サ变动词","支社へ転勤する","调往分公司","N2","eggrolls;N2高频;原词性:名・自動3;音调:⓪"
"徒歩","とほ","徒步，步行","名词","徒歩10分で着く","步行十分钟到达","N2","eggrolls;N2中频;原词性:名;音调:①"
"怒り","いかり","愤怒，生气","名词","怒りを買う","惹人发怒","N2","eggrolls;N2高频;原词性:名;音调:③⓪"
"当社","とうしゃ","本公司","名词","当社は新商品を開発中です","本公司正在开发新产品","N2","eggrolls;N2中频;原词性:名;音调:①"
"当初","とうしょ","当初，最初","名词","当初の計画とは違っている","这和最初的计划不一样","N2","eggrolls;N2中频;原词性:名;音调:①"
"逃亡","とうぼう","逃亡，逃匿","名词/サ变动词","海外へ逃亡する","逃到国外","N2","eggrolls;N2中频;原词性:名・自動3;音调:⓪"
"動機","どうき","动机","名词","犯行の動機を探る","调查犯罪动机","N2","eggrolls;N2高频;原词性:名;音调:⓪"
"動揺","どうよう","颠簸，摇摆；动摇，不安","名词/サ变动词","舟が左右に動揺する","船左右摇摆","N2","eggrolls;N2低频;原词性:名・自動3;音调:⓪"
"同居","どうきょ","（一家人）同居；（与家人以外的人）同住；（比喻异质的事物）并存","名词/サ变动词","三世代同居","三代同堂","N2","eggrolls;N2低频;原词性:名・自動3;音调:⓪"
"導く","みちびく","引路；指导；引导；引出","动词/他动词/五段动词","ガイドに導かれて見物する","跟着向导参观","N2","eggrolls;N2高频;原词性:他動1;音调:③"
"導入","どうにゅう","导入，引进","名词/サ变动词","最先端技術を導入する","引进最先进技术","N2","eggrolls;N2中频;原词性:名・他動3;音调:⓪"
"道端","みちばた","路边，路旁","名词","道端に咲いた花","路边盛开的花朵","N2","eggrolls;N2中频;原词性:名;音调:⓪"
"読み取る","よみとる","读懂，领会；看透；（电脑）读取","动词/他动词/五段动词","小説のあらすじを読み取る","理解小说的梗概","N2","eggrolls;N2高频;原词性:他動1;音调:③⓪"
"内部","ないぶ","内部","名词","トンネルの内部","隧道里面","N2","eggrolls;N2中频;原词性:名;音调:①"
"日頃","ひごろ","平常，平素","名词/副词","日頃の積み重ねが大事だ","平日的积累是很重要的","N2","eggrolls;N2高频;原词性:名・副;音调:⓪"
"入会","にゅうかい","入会","名词","クラブに入会することにした","我决定加入这个俱乐部","N2","eggrolls;N2中频;原词性:名;音调:⓪"
"入金","にゅうきん","入款；收进来的款项","名词/サ变动词","銀行口座に入金する","存入银行账户","N2","eggrolls;N2中频;原词性:名・自他動3;音调:⓪"
"認識","にんしき","认识，了解","名词/サ变动词","認識に欠ける","缺乏认识；缺乏理解","N2","eggrolls;N2高频;原词性:名・他動3;音调:⓪"
"燃料","ねんりょう","燃料","名词","燃料を補給する","补充燃料；加油","N2","eggrolls;N2低频;原词性:名;音调:③"
"悩ます","なやます","烦恼，使……为难","动词/他动词/五段动词","騒音に悩まされる","受噪音困扰","N2","eggrolls;N2低频;原词性:他動1;音调:③"
"破壊","はかい","破坏","名词/サ变动词","生態系を破壊する","破坏生态系统","N2","eggrolls;N2低频;原词性:名・自他動3;音调:⓪"
"廃止","はいし","废止，废除","名词/サ变动词","封建制度を廃止する","废除封建制度","N2","eggrolls;N2高频;原词性:名・他動3;音调:⓪"
"配慮","はいりょ","关怀，照料，关照","名词/サ变动词","配慮が足りない","考虑不周","N2","eggrolls;N2中频;原词性:名・自他動3;音调:①"
"買い求める","かいもとめる","购买，收购","动词/他动词/一段动词","土地を買い求める","收购土地","N2","eggrolls;N2中频;原词性:他動2;音调:⑤"
"買い上げ","かいあげ","（国家向民间）收购；（「お買い上げ」の形で）购买","名词","政府の買い上げ","政府收购","N2","eggrolls;N2低频;原词性:名;音调:⓪"
"売り出す","うりだす","开售，新发售；（广为宣传，或是打折促销，附赠奖品）大量销售；出名，崭露头角","动词/自他动词/五段动词","新製品を売り出す","发售新产品","N2","eggrolls;N2中频;原词性:自他動1;音调:③"
"薄れる","うすれる","淡薄；模糊","动词/自动词/一段动词","カーテンの色が薄れる","窗帘的颜色褪色","N2","eggrolls;N2中频;原词性:自動2;音调:⓪③"
"薄型","うすがた","薄型","名词","薄型テレビ","超薄电视机","N2","eggrolls;N2低频;原词性:名;音调:⓪"
"発送","はっそう","发送，寄送","サ变动词/名词","賞品を発送する","寄出奖品","N2","eggrolls;N2高频;原词性:他動3・名;音调:⓪"
"悲しみ","かなしみ","悲哀，悲伤","名词","悲しみに堪えない","不胜悲痛","N2","eggrolls;N2低频;原词性:名;音调:⓪④③"
"比例","ひれい","比例，正比；成比例","名词/サ变动词","比例尺","比例尺","N2","eggrolls;N2中频;原词性:名・自動3;音调:⓪"
"非常識","ひじょうしき","不合常理，脱离常识","名词/な形容词","非常識な振る舞い","不合常理的举止","N2","eggrolls;N2中频;原词性:名・ナ形;音调:②"
"飛び出る","とびでる","飞出，跑出；突然出现；鼓出，突出","动词/自动词/一段动词","しかられて家を飛び出る","挨了骂从家里跑出去了","N2","eggrolls;N2低频;原词性:自動2;音调:③"
"飛び立つ","とびたつ","飞上天空；（因喜悦或期待）内心躁动不安","动词/自动词/五段动词","ジェット機が飛び立つ","飞机起飞","N2","eggrolls;N2中频;原词性:自動1;音调:③"
"不可欠","ふかけつ","不可或缺","名词/な形容词","不可欠な条件","不可或缺的条件","N2","eggrolls;N2高频;原词性:名・ナ形;音调:②"
"不完全","ふかんぜん","不完备，存在缺陷","名词/な形容词","不完全燃焼","不完全燃烧，不充分燃烧","N2","eggrolls;N2中频;原词性:名・ナ形;音调:②"
"不明","ふめい","不明，不清楚；无能，愚昧","名词/な形容词","正体不明","真实身份不详","N2","eggrolls;N2中频;原词性:名・ナ形;音调:⓪"
"不良","ふりょう","不好；品行不佳","名词/な形容词","消化不良","消化不良","N2","eggrolls;N2中频;原词性:名・ナ形;音调:⓪"
"付け加える","つけくわえる","补充，添加","动词/他动词/一段动词","説明を一言付け加える","补充一句说明","N2","eggrolls;N2高频;原词性:他動2;音调:⑤⓪"
"負かす","まかす","打败，战胜","动词/他动词/五段动词","相手を負かす","击败对手","N2","eggrolls;N2低频;原词性:他動1;音调:⓪"
"福祉","ふくし","福祉，福利","名词","社会福祉","社会福利","N2","eggrolls;N2高频;原词性:名;音调:②①"
"分","ぶ","（优劣的）形势；厚度；十分之一；百分之一","名词","分が悪い","形势不利；处于劣势","N2","eggrolls;N2低频;原词性:名;音调:⓪"
"分配","ぶんぱい","分配，分发","名词/サ变动词","利益を分配する","分配利润","N2","eggrolls;N2低频;原词性:名・他動3;音调:⓪"
"返品","へんぴん","退货","名词/サ变动词","買ったものを返品する","退货","N2","eggrolls;N2中频;原词性:名・自他動3;音调:⓪"
"保つ","たもつ","维持，保持","动词/他动词/五段动词","健康を保つ","维持健康","N2","eggrolls;N2高频;原词性:他動1;音调:②"
"保護","ほご","保护，庇护","名词/サ变动词","自然を保護する","保护自然","N2","eggrolls;N2高频;原词性:名・他動3;音调:①"
"保障","ほしょう","保障，保证","名词/サ变动词","自由が保障される","自由受到保障","N2","eggrolls;N2低频;原词性:名・他動3;音调:⓪"
"補足","ほそく","补充，补足","名词/サ变动词","説明を補足する","补充说明","N2","eggrolls;N2低频;原词性:名・他動3;音调:⓪"
"くるむ","くるむ","包，裹","动词/他动词/五段动词","子どもを毛布にくるむ","用毯子把小孩包起来","N2","eggrolls;N2低频;原词性:他動1;音调:②"
"抱っこ","だっこ","（幼儿语）抱","名词/サ变动词","赤ちゃんを抱っこする","抱婴儿","N2","eggrolls;N2中频;原词性:名・他動3;音调:①"
"放っておく","ほうっておく","放在一边，弃之不管","动词/他动词/五段动词","面倒なことは放っておこう","麻烦的事先不要管它吧","N2","eggrolls;N2低频;原词性:他動1;音调:⓪"
"放り出す","ほうりだす","扔出去；中途放弃，丢下不管；赶走","动词/他动词/五段动词","窓の外へ放り出す","扔出窗外","N2","eggrolls;N2低频;原词性:他動1;音调:④"
"方式","ほうしき","方式，方法","名词","一定の方式に従う","遵循一定的方式","N2","eggrolls;N2中频;原词性:名;音调:⓪"
"蜂","はち","蜜蜂","名词","蜂の巣を邪魔してはいけない","不要打扰蜜蜂的巢","N2","eggrolls;N2高频;原词性:名;音调:⓪"
"訪れる","おとずれる","拜访，访问；来临，到来","动词/自他动词/一段动词","友だちの家を訪れる","拜访朋友家","N2","eggrolls;N2高频;原词性:自他動2;音调:④"
"暴力","ぼうりょく","暴力，武力","名词","暴力を振るう","施加暴力，动武","N2","eggrolls;N2低频;原词性:名;音调:①"
"望ましい","のぞましい","最好的，所希望的","い形容词","その結果は望ましい","那个结果是理想的","N2","eggrolls;N2低频;原词性:イ形;音调:④⓪"
"本","ほん","本……，我……","名词/造语成分","本学会","本学会","N2","eggrolls;N2高频;原词性:名・造"
"本質","ほんしつ","本质","名词","問題の本質に触れる","触及事物的本质","N2","eggrolls;N2中频;原词性:名;音调:⓪"
"埋まる","うまる","埋没；占满；填补","动词/自动词/五段动词","線路が土砂に埋まる","铁路被土砂埋没","N2","eggrolls;N2高频;原词性:自動1;音调:⓪"
"満たす","みたす","充满，填满；满足","动词/他动词/五段动词","杯に酒を満たす","杯中斟满酒","N2","eggrolls;N2高频;原词性:他動1;音调:②"
"密接","みっせつ","紧挨；关系密切","名词/な形容词/サ变动词","隣家に密接した住宅","与邻居家紧挨着的住宅","N2","eggrolls;N2低频;原词性:名・ナ形・自動3;音调:⓪"
"務め","つとめ","职责，义务","名词","国民としての務めを果たす","尽到公民的义务","N2","eggrolls;N2中频;原词性:名;音调:③"
"無断","むだん","擅自，私自","名词","無断欠勤","无故旷工","N2","eggrolls;N2低频;原词性:名;音调:⓪"
"無用","むよう","没用；不用，无须；没事","名词/な形容词","無用の物","无用之物","N2","eggrolls;N2中频;原词性:名・ナ形;音调:⓪①"
"名産","めいさん","名产，特产","名词","この地方の名産は桃だ","这地方的特产是桃子","N2","eggrolls;N2中频;原词性:名;音调:⓪"
"名付ける","なづける","称呼，命名","动词/他动词/一段动词","長女を花子と名付ける","给长女取名为花子","N2","eggrolls;N2中频;原词性:他動2;音调:③"
"面","めん","脸面；面具；表面；平面；方面","名词","面をかぶる","戴上假面","N2","eggrolls;N2高频;原词性:名;音调:①"
"模範","もはん","模范，榜样，标准","名词","模範を示す","示范","N2","eggrolls;N2中频;原词性:名;音调:⓪"
"憂鬱","ゆううつ","忧郁，愁闷","名词/な形容词","憂鬱な天候","阴郁的天气","N2","eggrolls;N2低频;原词性:名・ナ形;音调:⓪"
"有意義","ゆういぎ","有意义，有价值","名词/な形容词","有意義な時間を過ごす","度过有意义的时光","N2","eggrolls;N2中频;原词性:名・ナ形;音调:③"
"予選","よせん","预选，预赛","名词","予選を勝ち抜く","在预赛中胜出","N2","eggrolls;N2低频;原词性:名;音调:⓪"
"容量","ようりょう","容积；容量","名词","タンクの容量","储罐容量","N2","eggrolls;N2中频;原词性:名;音调:③⓪"
"要約","ようやく","摘要，要点","サ变动词/名词","会議の内容を要約する","摘要会议内容","N2","eggrolls;N2中频;原词性:他動3・名;音调:⓪"
"落ち込む","おちこむ","掉进；下陷；跌落，下降；（情绪）低落","动词/自动词/五段动词","井戸に落ち込む","掉进井里","N2","eggrolls;N2高频;原词性:自動1;音调:⓪③"
"乱れ","みだれ","乱，混乱","名词","髪の乱れを直す","梳整蓬乱的头发","N2","eggrolls;N2高频;原词性:名;音调:③"
"旅先","たびさき","旅途，旅行目的地","名词","旅先で素敵な出会いがあった","在旅途中有了美好的邂逅","N2","eggrolls;N2高频;原词性:名;音调:⓪④"
"旅立つ","たびだつ","启程","动词/自动词/五段动词","東京に旅立つ","启程去东京","N2","eggrolls;N2低频;原词性:自動1;音调:③"
"力づける","ちからづける","使……充满力量，鼓励，激励","动词/他动词/一段动词","ファンの声援に力づけられた","为粉丝们的声援所鼓舞","N2","eggrolls;N2低频;原词性:他動2;音调:⑤"
"漏れる","もれる","漏；走漏；遗漏；被排除","动词/自动词/一段动词","バケツから水が漏れている","水桶漏水了","N2","eggrolls;N2中频;原词性:自動2;音调:②"
"和紙","わし","日本纸","名词","和紙で手紙を書く","用和纸写信","N2","eggrolls;N2中频;原词性:名;音调:①"
"あえて","あえて","敢于，硬，勉强；并（不）","副词","あえて危険を冒す","铤而走险","N2","eggrolls;N2中频;原词性:副;音调:①"
"アクセル","アクセル","加速器，油门","名词","アクセルを踏む","踩油门","N2","eggrolls;N2中频;原词性:名;音调:①;カタカナ語"
"アプローチ","アプローチ","接近；研究","名词/サ变动词","いろんな角度からアプローチする","从各种角度切入","N2","eggrolls;N2中频;原词性:名・自動3;音调:③;カタカナ語"
"あらかじめ","あらかじめ","事先","副词","あらかじめ用意する","事先准备","N2","eggrolls;N2高频;原词性:副;音调:⓪"
"ありのまま","ありのまま","如实","名词/な形容词/副词","事故当時のことをありのままに言う","如实地描述事发当时的情况","N2","eggrolls;N2中频;原词性:名・ナ形・副;音调:⑤⓪"
"アレンジ","アレンジ","布置；安排；改编","サ变动词/名词","テーブルを中央にアレンジする","把桌子摆在中央","N2","eggrolls;N2中频;原词性:他動3・名;音调:②;カタカナ語"
"いかに","いかに","如何；多么","副词","人生これからいかに生きるべきか","接下来的人生该如何度过？","N2","eggrolls;N2高频;原词性:副;音调:②"
"いやいや","いやいや","不情愿，勉强","副词","いやいや仕事をする","不情愿地工作","N2","eggrolls;N2中频;原词性:副;音调:⓪"
"インパクト","インパクト","冲击，影响","名词","彼の死は多くの若者に大きなインパクトを与えた","他的死给众多的年轻人带来重大的打击","N2","eggrolls;N2高频;原词性:名;音调:①;カタカナ語"
"おおむね","おおむね","梗概；大致","名词/副词","事件のおおむねを述べる","讲述事件的梗概内容","N2","eggrolls;N2低频;原词性:名・副;音调:⓪"
"おだてる","おだてる","怂恿；奉承","动词/他动词/一段动词","人におだてられて、悪いことをする","受人怂恿做坏事","N2","eggrolls;N2低频;原词性:他動2;音调:⓪"
"自ずから","おのずから","自然地，自动地","副词","努力すれば道は自ずから開ける","只要努力，自然会闯出一条路来","N2","eggrolls;N2低频;原词性:副;音调:⓪②"
"オンライン","オンライン","在线","名词","オンライン予約をする","在线预约","N2","eggrolls;N2低频;原词性:名;音调:③;カタカナ語"
"かねて","かねて","以前如此，向来","副词","お名前はかねてから伺っております","久仰大名","N2","eggrolls;N2低频;原词性:副;音调:①"
"キャッチ","キャッチ","捕捉，抓住；接球","サ变动词/名词","電波をキャッチする","接收电波","N2","eggrolls;N2中频;原词性:他動3・名;音调:①;カタカナ語"
"ゲスト","ゲスト","客人；特邀嘉宾","名词","ゲストを呼ぶ","请特邀嘉宾","N2","eggrolls;N2高频;原词性:名;音调:①;カタカナ語"
"コメント","コメント","评论，说明","名词/サ变动词","その事件についてコメントする","就那个事件发表意见","N2","eggrolls;N2高频;原词性:名・自他動3;音调:⓪;カタカナ語"
"コラム","コラム","（报纸、杂志等的）专栏","名词","コラムを執筆する","撰写专栏文章","N2","eggrolls;N2高频;原词性:名;音调:①;カタカナ語"
"コントロール","コントロール","支配，控制，调节","サ变动词/名词","室温をコントロールする","控制室温","N2","eggrolls;N2高频;原词性:他動3・名;音调:④;カタカナ語"
"シート","シート","座位，席位","名词","シートカバー","座椅套","N2","eggrolls;N2低频;原词性:名;音调:①;カタカナ語"
"シーン","シーン","场景","名词","感動的なシーン","动人的场面","N2","eggrolls;N2中频;原词性:名;音调:①;カタカナ語"
"しきたり","しきたり","惯例，老规矩","名词","古い仕来たりに縛られる","受老规矩束缚","N2","eggrolls;N2中频;原词性:名;音调:⓪"
"ショック","ショック","冲击，打击；休克","な形容词/名词","ショックを受ける","受打击","N2","eggrolls;N2高频;原词性:ナ形・名;音调:①;カタカナ語"
"じろじろ","じろじろ","无所顾忌地盯着看","副词","じろじろと人の顔を見ている","无所顾忌地盯着人看","N2","eggrolls;N2中频;原词性:副;音调:①;オノマトペ"
"シンポジウム","シンポジウム","研讨会，座谈会","名词","シンポジウムを開く","开专题研讨会","N2","eggrolls;N2高频;原词性:名;音调:④;カタカナ語"
"ストライキ","ストライキ","罢工，罢课，罢市","名词/サ变动词","ストライキを打つ","罢工","N2","eggrolls;N2中频;原词性:名・自動3;音调:③;カタカナ語"
"スペース","スペース","空间；空白；宇宙","名词","かたづけてスペースを作り出す","整理一下空出地方","N2","eggrolls;N2高频;原词性:名;音调:②;カタカナ語"
"セールス","セールス","推销，推销员","名词","新製品のセールスに回る","到处去推销新产品","N2","eggrolls;N2低频;原词性:名;音调:①;カタカナ語"
"センス","センス","感觉，品味，美感","名词","ファッションセンスがいい","穿着有品位","N2","eggrolls;N2低频;原词性:名;音调:①;カタカナ語"
"タイマー","タイマー","秒表，定时器","名词","炊飯器のタイマーをセットして出かける","定好电饭锅的时间后出门","N2","eggrolls;N2中频;原词性:名;音调:①;カタカナ語"
"タイミング","タイミング","时机","名词","タイミングが悪い","时机不对","N2","eggrolls;N2高频;原词性:名;音调:⓪;カタカナ語"
"ダウン","ダウン","下降；（电脑等）故障；病倒；羽绒","名词/サ变动词","コストダウン","成本降低","N2","eggrolls;N2中频;原词性:名・自他動3;音调:①;カタカナ語"
"たくましい","たくましい","（身体）强壮；（意志）刚强；旺盛","い形容词","たくましい若者","健壮的小伙子","N2","eggrolls;N2中频;原词性:イ形;音调:④"
"たどり着く","たどりつく","好不容易走到","动词/自动词/五段动词","やっと目的地にたどり着く","好不容易走到目的地","N2","eggrolls;N2高频;原词性:自動1;音调:④"
"たどる","たどる","沿路前进；艰难前行；追寻；走向","动词/自他动词/五段动词","同じ経路をたどって目的地に達する","沿着同样的路径到达目的地","N2","eggrolls;N2低频;原词性:自他動1;音调:②⓪"
"タレント","タレント","演员，艺人","名词","人気タレント","当红艺人","N2","eggrolls;N2中频;原词性:名;音调:⓪;カタカナ語"
"たんぱく質","たんぱくしつ","蛋白质","名词","たんぱく質を摂取する","摄取蛋白质","N2","eggrolls;N2低频;原词性:名;音调:④"
"つくづく","つくづく","仔细，用心；痛切，深切","副词","この国の将来をつくづくと考えた","仔细思考这个国家的未来","N2","eggrolls;N2中频;原词性:副;音调:③②;オノマトペ"
"つぶやく","つぶやく","（小声自言自语）嘟囔，嘀咕，碎碎念","动词/自他动词/五段动词","ぼそぼそと意味不明のことばをつぶやく","喃喃自语着不明所以的话语","N2","eggrolls;N2中频;原词性:自他動1;音调:③"
"どうやら","どうやら","好不容易才；仿佛","副词","どうやら卒業できそうだ","好歹能毕业了","N2","eggrolls;N2低频;原词性:副;音调:①"
"とどめる","とどめる","停下；留下；止于","动词/他动词/一段动词","話を途中でとどめる","中途把话停下","N2","eggrolls;N2低频;原词性:他動2;音调:③"
"とりわけ","とりわけ","特别，格外","副词","今日のテストはとりわけ難しかった","今天的考试格外难","N2","eggrolls;N2中频;原词性:副;音调:⓪"
"ナイター","ナイター","夜场比赛","名词","野球のナイターを観る","观看夜间的棒球比赛","N2","eggrolls;N2中频;原词性:名;音调:①;カタカナ語"
"なじむ","なじむ","熟悉，适应；调和","动词/自动词/五段动词","新しい環境になじむ","适应新的环境","N2","eggrolls;N2中频;原词性:自動1;音调:②"
"ナンセンス","ナンセンス","无意义，荒谬","な形容词/名词","そういう議論はナンセンスだ","那种讨论是没有意义的","N2","eggrolls;N2低频;原词性:ナ形・名;音调:①;カタカナ語"
"はまる","はまる","套上，嵌入；吻合；陷入，中圈套；热衷","动词/自动词/五段动词","指輪がはまらない","戒指套不上去","N2","eggrolls;N2中频;原词性:自動1;音调:⓪"
"パンク","パンク","爆胎","名词/サ变动词","パンクしたタイヤを直す","修补爆了胎的轮胎","N2","eggrolls;N2中频;原词性:名・自動3;音调:⓪;カタカナ語"
"ひいては","ひいては","进而，不但……甚至","副词","アジア、ひいては世界の平和に影響を与える","给亚洲甚至世界的和平带来影响","N2","eggrolls;N2中频;原词性:副;音调:①③"
"ひたすら","ひたすら","一个劲地","な形容词/副词","ひたすら謝る","一个劲地道歉","N2","eggrolls;N2中频;原词性:ナ形・副;音调:⓪"
"フォーム","フォーム","姿势；形态；表格","名词","投球のフォームが良い","投球的姿势好","N2","eggrolls;N2低频;原词性:名;音调:①;カタカナ語"
"ぶかぶか","ぶかぶか","肥大不合体","副词/な形容词/サ变动词","スカートのウエストがぶかぶかだ","裙子的腰围松松垮垮的","N2","eggrolls;N2中频;原词性:副・ナ形・自動3;音调:⓪;オノマトペ"
"プライバシー","プライバシー","隐私","名词","プライバシーを守る","保护隐私","N2","eggrolls;N2中频;原词性:名;音调:②;カタカナ語"
"ペース","ペース","步伐；进度","名词","ペースが速い","步伐快","N2","eggrolls;N2高频;原词性:名;音调:①;カタカナ語"
"ベストセラー","ベストセラー","畅销书","名词","ベストセラー作家","畅销书作家","N2","eggrolls;N2中频;原词性:名;音调:④;カタカナ語"
"ポイント","ポイント","点；要点；分数","名词","ウイークポイント","弱点","N2","eggrolls;N2高频;原词性:名;音调:⓪;カタカナ語"
"むかつく","むかつく","恶心，要吐；生气","动词/自动词/五段动词","胸がむかついて吐き気を催す","恶心得要吐","N2","eggrolls;N2低频;原词性:自動1;音调:⓪"
"メーカー","メーカー","制造商，厂家","名词","一流メーカー","一流厂商","N2","eggrolls;N2高频;原词性:名;音调:①⓪;カタカナ語"
"メダル","メダル","奖章","名词","金メダル","金牌","N2","eggrolls;N2中频;原词性:名;音调:⓪;カタカナ語"
"もしくは","もしくは","或者","接续词","黒もしくは青でお書きください","请使用黑色或蓝色的笔写","N2","eggrolls;N2中频;原词性:接;音调:①"
"もはや","もはや","（事到如今）已经","副词","もはや間に合わない","已经来不及了","N2","eggrolls;N2中频;原词性:副;音调:①"
"やつ","やつ","家伙，那小子；那个","名词/代词","あいつは悪い奴だ","那家伙是个坏蛋","N2","eggrolls;N2高频;原词性:名・代;音调:①"
"レース","レース","竞赛，竞速，竞争","名词","レースに勝つ","比赛取胜","N2","eggrolls;N2中频;原词性:名;音调:①;カタカナ語"
"詫び","わび","道歉，赔罪","名词","詫びを言う","道歉","N2","eggrolls;N2低频;原词性:名;音调:⓪"
"圧勝","あっしょう","以压倒性优势取胜","名词/サ变动词","圧勝で再選された","以绝对优势再次当选","N2","eggrolls;N2低频;原词性:名・自動3;音调:⓪"
"圧倒","あっとう","压倒，胜过","名词/サ变动词","気迫で相手を圧倒する","以气势压倒对手","N2","eggrolls;N2中频;原词性:名・他動3;音调:⓪"
"案の定","あんのじょう","（不好的结果）果然，不出所料","副词","案の定負けてしまった","果然输了","N2","eggrolls;N2低频;原词性:副;音调:③"
"闇","やみ","黑夜；没有希望；黑市交易","名词","夜の闇に消える","消失在夜幕中","N2","eggrolls;N2低频;原词性:名;音调:②"
"依然","いぜん","依然，仍旧","な形容词/ト/タル型/副词","彼の容態は依然として変わらない","他的病情依然没有好转","N2","eggrolls;N2中频;原词性:形動トタル・副;音调:⓪"
"意欲","いよく","热情，积极性","名词","意欲を高める","提高积极性","N2","eggrolls;N2高频;原词性:名;音调:①"
"移行","いこう","转移，过渡","名词/サ变动词","新しい教育制度への移行","向新教育制度的过渡","N2","eggrolls;N2中频;原词性:名・自他動3;音调:⓪"
"移住","いじゅう","移居","名词/サ变动词","海外に移住する","移居海外","N2","eggrolls;N2中频;原词性:名・自動3;音调:⓪"
"胃腸","いちょう","肠胃","名词","胃腸が弱い","肠胃不好","N2","eggrolls;N2低频;原词性:名;音调:⓪"
"育成","いくせい","培育，培养","名词/サ变动词","人材を育成する","培养人才","N2","eggrolls;N2中频;原词性:名・他動3;音调:⓪"
"一括","いっかつ","统一，总括起来","名词/サ变动词","問題を一括して処理する","统一解决问题","N2","eggrolls;N2中频;原词性:名・他動3;音调:⓪"
"一見","いっけん","看一眼；乍看","名词/サ变动词/副词","一見の価値がある","值得一看","N2","eggrolls;N2中频;原词性:名・他動3・副;音调:⓪"
"一切","いっさい","全部；一概（不）","名词/副词","一切きみに任せる","一切委托给你","N2","eggrolls;N2高频;原词性:名・副;音调:①"
"一変","いっぺん","突然改变，完全改变","名词/サ变动词","態度が一変する","态度完全改变","N2","eggrolls;N2中频;原词性:名・自他動3;音调:⓪"
"一面","いちめん","一面；另一面；全体；头版","名词/副词","物事の一面だけで判断すると誤る","以偏概全会出错","N2","eggrolls;N2高频;原词性:名・副;音调:⓪②"
"そらす","そらす","转移","动词/他动词/五段动词","話をそらす","转移话题","N2","eggrolls;N2低频;原词性:他動1;音调:②"
"引き取る","ひきとる","回去；取回；收养，领养","动词/自他动词/五段动词","ご用がなければ、どうぞお引き取りください","没事的话，请回去吧","N2","eggrolls;N2中频;原词性:自他動1;音调:③"
"運営","うんえい","运营，经营","名词/サ变动词","会社の運営","公司的经营","N2","eggrolls;N2高频;原词性:名・他動3;音调:⓪"
"閲覧","えつらん","阅览","名词/サ变动词","図書館で古文書を閲覧できます","在图书馆可以浏览古文献","N2","eggrolls;N2中频;原词性:名・他動3;音调:⓪"
"円満","えんまん","美满，圆满","名词/な形容词","円満に解決する","圆满解决","N2","eggrolls;N2中频;原词性:名・ナ形;音调:⓪"
"演じる","えんじる","扮演；作出，造成","动词/他动词/一段动词","リヤ王を演じる","饰演李尔王","N2","eggrolls;N2中频;原词性:他動2;音调:③⓪"
"遠ざかる","とおざかる","远离；疏远","动词/自动词/五段动词","危険が遠ざかる","危机远离","N2","eggrolls;N2低频;原词性:自動1;音调:④"
"遠回り","とおまわり","绕远；绕圈子","名词/な形容词/サ变动词","遠回りして家に帰る","绕远路回家","N2","eggrolls;N2中频;原词性:名・ナ形・自動3;音调:③"
"遠方","えんぽう","远方","名词","遠方から来た友人と久しぶりに会った","久违地见到了从远方来的朋友","N2","eggrolls;N2低频;原词性:名;音调:⓪"
"臆病","おくびょう","胆小，胆怯","名词/な形容词","臆病者","胆小的人","N2","eggrolls;N2低频;原词性:名・ナ形;音调:③"
"仮に","かりに","假如；临时，姑且","副词","仮に君が正しいとしても、問題は解決しない","即便假设你是对的，问题也不会解决","N2","eggrolls;N2中频;原词性:副;音调:⓪"
"何より","なにより","比什么（都好），最","名词/副词","お元気で何よりです","你健康比什么都好","N2","eggrolls;N2高频;原词性:名・副;音调:①⓪"
"過激","かげき","过激，激进","な形容词/名词","過激な発言","激进的发言","N2","eggrolls;N2低频;原词性:ナ形・名;音调:⓪"
"会見","かいけん","会见，会晤","名词/サ变动词","記者会見","记者招待会","N2","eggrolls;N2中频;原词性:名・自動3;音调:⓪"
"回覧","かいらん","传阅","名词/サ变动词","社内文書を回覧する","传阅公司文件","N2","eggrolls;N2中频;原词性:名・他動3;音调:⓪"
"改良","かいりょう","改良","名词/サ变动词","品種改良","改良品种","N2","eggrolls;N2中频;原词性:名・他動3;音调:⓪"
"外観","がいかん","外观，外表","名词","様々な彫刻が建物の外観を彩っている","各式各样的雕塑点缀着建筑的外观","N2","eggrolls;N2低频;原词性:名;音调:⓪"
"格別","かくべつ","特别，格外","副词/な形容词","今日の暑さは格別だ","今天特别热","N2","eggrolls;N2中频;原词性:副・ナ形;音调:⓪"
"獲物","えもの","猎物；战利品","名词","獲物を追いかける","追赶猎物","N2","eggrolls;N2低频;原词性:名;音调:③⓪"
"確信","かくしん","确信，有信心","名词/サ变动词","成功を確信する","有信心会成功","N2","eggrolls;N2高频;原词性:名・他動3;音调:⓪"
"確定","かくてい","确定","名词/サ变动词","方針が確定した","方针已经确定了","N2","eggrolls;N2中频;原词性:名・自他動3;音调:⓪"
"確保","かくほ","确保","名词/サ变动词","利益を確保する","确保利益","N2","eggrolls;N2高频;原词性:名・他動3;音调:①"
"楽観的","らっかんてき","乐观的","な形容词","楽観的な見方","乐观的看法","N2","eggrolls;N2中频;原词性:ナ形;音调:⓪"
"割り込む","わりこむ","强行插入","动词/自动词/五段动词","バスを待つ行列の間に割り込む","插队到等公交车的队伍中","N2","eggrolls;N2中频;原词性:自動1;音调:③"
"活発","かっぱつ","活泼，活跃","な形容词","活発な性格","活泼的性格","N2","eggrolls;N2高频;原词性:ナ形;音调:⓪"
"滑らか","なめらか","光滑；顺利","な形容词","滑らかな肌","滑腻的皮肤","N2","eggrolls;N2高频;原词性:ナ形;音调:②"
"完璧","かんぺき","完美","名词/な形容词","完璧な演奏","完美的演奏","N2","eggrolls;N2高频;原词性:名・ナ形;音调:⓪"
"干渉","かんしょう","干涉，干预","名词/サ变动词","私生活に干渉する","干涉私生活","N2","eggrolls;N2低频;原词性:名・自動3;音调:⓪"
"幹","みき","树干；主干","名词","幹の直径が1メートルある","树干直径达一米","N2","eggrolls;N2低频;原词性:名;音调:①⓪"
"換算","かんさん","换算，折合","名词/サ变动词","ドルを円に換算する","将美元换算成日元","N2","eggrolls;N2低频;原词性:名・他動3;音调:⓪"
"簡易","かんい","简易，简便","名词/な形容词","簡易包装","简易包装","N2","eggrolls;N2中频;原词性:名・ナ形;音调:⓪①"
"簡潔","かんけつ","简洁","な形容词/名词","簡潔にまとめる","简明扼要地总结","N2","eggrolls;N2高频;原词性:ナ形・名;音调:⓪"
"緩やか","ゆるやか","平缓；宽松","な形容词","傾斜の緩やかな坂","缓坡","N2","eggrolls;N2中频;原词性:ナ形;音调:②"
"肝心","かんじん","重要，关键","名词/な形容词","何事も続けることが肝心だ","不管是什么事情，重要的是坚持","N2","eggrolls;N2低频;原词性:名・ナ形;音调:⓪"
"観点","かんてん","观点，看法","名词","この問題を別の観点から考えるべきだ","应该从另一个角度考虑这个问题","N2","eggrolls;N2中频;原词性:名;音调:①③"
"丸める","まるめる","团，卷起来；笼络；剃光头","动词/他动词/一段动词","紙を丸める","把纸揉成一团","N2","eggrolls;N2低频;原词性:他動2;音调:⓪"
"頑丈","がんじょう","坚固，结实","な形容词/名词","頑丈に作られたおもちゃ","坚固耐用的玩具","N2","eggrolls;N2中频;原词性:ナ形・名;音调:⓪"
"寄り掛かる","よりかかる","靠，倚靠；依靠","动词/自动词/五段动词","壁に寄り掛かる","靠在墙上","N2","eggrolls;N2低频;原词性:自動1;音调:④"
"期日","きじつ","日期；期限","名词","審議会の期日を決める","决定审议会的日期","N2","eggrolls;N2高频;原词性:名;音调:①"
"気兼ね","きがね","顾虑，客气","名词/サ变动词","気兼ねの要らない友だち","亲密无间的朋友","N2","eggrolls;N2中频;原词性:名・自動3;音调:⓪"
"規定","きてい","规定","名词/サ变动词","このルールは会社の規定によって決まる","此规则由公司规定决定","N2","eggrolls;N2中频;原词性:名・他動3;音调:⓪"
"記す","しるす","写下，记下；铭记","动词/他动词/五段动词","本に記す","写在书上","N2","eggrolls;N2中频;原词性:他動1;音调:⓪②"
"居心地","いごこち","（身处某处或特定地位时的）心情，感觉","名词","この部屋は居心地が良い","这个房间很舒适","N2","eggrolls;N2中频;原词性:名;音调:⓪"
"拒否","きょひ","拒绝，否决","名词/サ变动词","申し出を拒否する","拒绝申请","N2","eggrolls;N2低频;原词性:名・他動3;音调:①"
"共感","きょうかん","同感","名词/サ变动词","共感を呼ぶ","引起同感","N2","eggrolls;N2中频;原词性:名・自動3;音调:⓪"
"境遇","きょうぐう","境遇，处境","名词","恵まれた境遇にある","得天独厚的环境","N2","eggrolls;N2低频;原词性:名;音调:⓪③"
"強烈","きょうれつ","强烈","な形容词","強烈な印象を残す","留下深刻的印象","N2","eggrolls;N2中频;原词性:ナ形;音调:⓪"
"教訓","きょうくん","教导，教诲，教训","サ变动词/名词","教訓を得る","得到教训","N2","eggrolls;N2低频;原词性:他動3・名;音调:⓪"
"仰向け","あおむけ","仰面朝天","名词","仰向けに倒れる","仰面倒下","N2","eggrolls;N2低频;原词性:名;音调:⓪"
"凝る","こる","（肌肉）酸痛；热衷；讲究","动词/自动词/五段动词","肩が凝る","肩膀酸痛","N2","eggrolls;N2中频;原词性:自動1;音调:①"
"極めて","きわめて","极其，非常","副词","極めて失礼な言い方","极其失礼的说法","N2","eggrolls;N2低频;原词性:副;音调:②"
"極める","きわめる","达到极点；彻底查明","动词/他动词/一段动词","贅沢を極める","极尽奢华","N2","eggrolls;N2中频;原词性:他動2;音调:③"
"極端","きょくたん","极端","名词/な形容词","極端な意見","极端的意见","N2","eggrolls;N2中频;原词性:名・ナ形;音调:③"
"苦","く","苦，苦难","名词","彼は人生の苦を経験した","他经历了人生的苦难","N2","eggrolls;N2中频;原词性:名;音调:①"
"苦難","くなん","苦难","名词","苦難の道を歩む","踏上苦难的道路","N2","eggrolls;N2低频;原词性:名;音调:①⓪"
"形成","けいせい","形成","名词/サ变动词","その島は火山活動によって形成された","那个岛是由火山活动形成的","N2","eggrolls;N2中频;原词性:名・他動3;音调:⓪"
"敬具","けいぐ","（书信结尾的寒暄用语）谨启","名词","手紙の最後に「敬具」と書く","信末尾写上“敬具”","N2","eggrolls;N2中频;原词性:名;音调:①"
"景品","けいひん","赠品；纪念品","名词","景品つき大売出し","带有赠品的大甩卖","N2","eggrolls;N2低频;原词性:名;音调:⓪"
"経過","けいか","（时间）流逝；经过，过程","名词/サ变动词","あれから十年が経過した","从那以后已经十年了","N2","eggrolls;N2低频;原词性:名・自他動3;音调:⓪"
"経理","けいり","会计事务","名词","経理担当者","会计负责人","N2","eggrolls;N2中频;原词性:名;音调:①"
"継ぐ","つぐ","接上；继承","动词/他动词/五段动词","骨を継ぐ","接骨","N2","eggrolls;N2中频;原词性:他動1;音调:⓪"
"健全","けんぜん","健康；健全","な形容词","健全な心身","健康的身心","N2","eggrolls;N2中频;原词性:ナ形;音调:⓪"
"検索","けんさく","检索","サ变动词/名词","インターネットで情報を検索する","在互联网上搜索信息","N2","eggrolls;N2高频;原词性:他動3・名;音调:⓪"
"権力","けんりょく","权力","名词","権力を行使する","行使权力","N2","eggrolls;N2低频;原词性:名;音调:①"
"見なす","みなす","看作，认为；（姑且）当作，比作","动词/他动词/五段动词","相手を敵と見なす","把对方当成敌人","N2","eggrolls;N2中频;原词性:他動1;音调:⓪②"
"見過ごす","みすごす","看漏；置之不理，放任不管","动词/他动词/五段动词","重大な点を見過ごす","看漏重要的地方","N2","eggrolls;N2低频;原词性:他動1;音调:③⓪"
"見積もる","みつもる","（目测）估计；估价","动词/他动词/五段动词","竹ざおの長さを見積もる","估计一下竹竿的长度","N2","eggrolls;N2中频;原词性:他動1;音调:⓪③"
"見通し","みとおし","眺望；预料；看穿","名词","見通しのきく場所","眼界开阔的地方","N2","eggrolls;N2高频;原词性:名;音调:⓪"
"見逃す","みのがす","看到了却没注意到；装作没看到；错过（看的机会）","动词/他动词/五段动词","チャンスを見逃す","错过机会","N2","eggrolls;N2中频;原词性:他動1;音调:⓪③"
"固定","こてい","固定","名词/サ变动词","ねじで固定する","用螺丝固定","N2","eggrolls;N2高频;原词性:名・自他動3;音调:⓪"
"孤独","こどく","孤独","名词/な形容词","孤独を感じる","感受到孤独","N2","eggrolls;N2中频;原词性:名・ナ形;音调:⓪"
"後回し","あとまわし","推迟","名词","支払いを後回しにする","延迟支付","N2","eggrolls;N2中频;原词性:名;音调:③"
"交わす","かわす","交，交换；交叉，交织","动词/他动词/五段动词","あいさつを交わす","互相问候","N2","eggrolls;N2中频;原词性:他動1;音调:⓪"
"交渉","こうしょう","谈判，交涉","名词/サ变动词","交渉がうまくいく","谈判进展顺利","N2","eggrolls;N2中频;原词性:名・自他動3;音调:⓪"
"公演","こうえん","公演，公开演出","名词/サ变动词","全国公演","全国公演","N2","eggrolls;N2中频;原词性:名・自他動3;音调:⓪"
"向上","こうじょう","向上，提高，进步","名词/サ变动词","学力が向上する","学力提升","N2","eggrolls;N2高频;原词性:名・自動3;音调:⓪"
"好感","こうかん","好感","名词","相手に好感を持つ","对对方有好感","N2","eggrolls;N2中频;原词性:名;音调:⓪"
"工作","こうさく","手工；（为某一目的而）活动","サ变动词/名词","図画工作","图画手工课","N2","eggrolls;N2高频;原词性:他動3・名;音调:⓪"
"荒らす","あらす","糟蹋，毁坏；偷盗","动词/他动词/五段动词","激しい雨で、作物がひどく荒らされた","受大雨的影响，农作物一片狼藉","N2","eggrolls;N2低频;原词性:他動1;音调:⓪"
"行き来","いきき","往来，往返；（人与人的）交往","名词/サ变动词","日本とアメリカを頻繁に行き来する","频繁往返于日本和美国","N2","eggrolls;N2低频;原词性:名・自動3;音调:②③⓪"
"合間","あいま","空闲时间，余暇","名词","仕事の合間を縫ってコンサートに出かける","利用工作的余暇去听音乐会","N2","eggrolls;N2低频;原词性:名;音调:⓪③"
"いまいち","いまいち","差一点，再加把劲","副词","いまいち調子が出ない","状态不佳","N2","eggrolls;N2中频;原词性:副;音调:②"
"根拠","こんきょ","根据","名词","根拠のない話","无稽之谈","N2","eggrolls;N2中频;原词性:名;音调:①"
"根本","こんぽん","根本，根源","名词","根本から間違っている","从根本上就是错的","N2","eggrolls;N2高频;原词性:名;音调:⓪③"
"再発","さいはつ","（疾病）复发；再次发生","名词/サ变动词","彼の病気が再発した","他旧病复发","N2","eggrolls;N2中频;原词性:名・自動3;音调:⓪"
"最悪","さいあく","最坏，最糟","名词/な形容词","最悪の結果になった","最糟的结果","N2","eggrolls;N2低频;原词性:名・ナ形;音调:⓪"
"最寄り","もより","最近处，附近","名词","最寄りの駅","最近的车站","N2","eggrolls;N2高频;原词性:名;音调:⓪"
"最善","さいぜん","最好；全力","名词","最善の方法","最好的办法","N2","eggrolls;N2低频;原词性:名;音调:⓪"
"細菌","さいきん","细菌","名词","バクテリア","细菌","N2","eggrolls;N2中频;原词性:名;音调:⓪"
"細部","さいぶ","细微的部分","名词","計画の細部まで検討する","详细探讨计划的细节","N2","eggrolls;N2低频;原词性:名;音调:①"
"錯誤","さくご","错误；不相符","名词","重大な錯誤を犯す","犯严重错误","N2","eggrolls;N2中频;原词性:名;音调:①②"
"山頂","さんちょう","山顶","名词","山頂に立つと、景色が素晴らしい","站在山顶上，景色很美","N2","eggrolls;N2高频;原词性:名;音调:⓪"
"産物","さんぶつ","物产；产物","名词","海産物","海产品","N2","eggrolls;N2中频;原词性:名;音调:⓪"
"残高","ざんだか","余额","名词","預金残高を調べる","查询存款余额","N2","eggrolls;N2低频;原词性:名;音调:①⓪"
"仕上げる","しあげる","完成，做完","动词/他动词/一段动词","仕事を仕上げる","完成工作","N2","eggrolls;N2高频;原词性:他動2;音调:③"
"思いつき","おもいつき","偶然的想法","名词","思いつきの計画","偶尔想出来的计划","N2","eggrolls;N2低频;原词性:名;音调:⓪"
"思考","しこう","思考，考虑","名词/サ变动词","プラス思考","积极乐观的思维方式","N2","eggrolls;N2高频;原词性:名・自他動3;音调:⓪"
"指図","さしず","指示，吩咐","名词/サ变动词","顎で指図する","颐指气使","N2","eggrolls;N2低频;原词性:名・他動3;音调:①"
"指摘","してき","指出，指正","名词/サ变动词","欠点を指摘する","指出缺点","N2","eggrolls;N2高频;原词性:名・他動3;音调:⓪"
"支援","しえん","支援","名词/サ变动词","互いに支援し合う","相互支援","N2","eggrolls;N2高频;原词性:名・他動3;音调:⓪①"
"支持","しじ","支持，赞成，拥护","名词/サ变动词","民衆の支持を失う","失去民众的支持","N2","eggrolls;N2中频;原词性:名・他動3;音调:①"
"施す","ほどこす","施舍；施行","动词/他动词/五段动词","恩恵を施す","施恩","N2","eggrolls;N2高频;原词性:他動1;音调:③⓪"
"至って","いたって","极其","副词","至って気が小さい","特别小气","N2","eggrolls;N2中频;原词性:副;音调:⓪②"
"視覚","しかく","视觉","名词","視覚に頼る","依赖视觉","N2","eggrolls;N2中频;原词性:名;音调:⓪"
"視察","しさつ","视察","名词/サ变动词","工場を視察する","视察工厂","N2","eggrolls;N2高频;原词性:名・他動3;音调:⓪"
"視点","してん","视线的集中点；观点，角度","名词","視点が移動する","视角移动","N2","eggrolls;N2高频;原词性:名;音调:⓪"
"賜る","たまわる","蒙受赏赐；赐予","动词/他动词/五段动词","お教えを賜る","承蒙指教","N2","eggrolls;N2低频;原词性:他動1;音调:③"
"飼育","しいく","饲养","サ变动词/名词","犬を飼育している","正在养狗","N2","eggrolls;N2中频;原词性:他動3・名;音调:⓪"
"事業","じぎょう","（以营利为目的的）事业；（以贡献社会为目的的）事业","名词","事業を興す","创业","N2","eggrolls;N2高频;原词性:名;音调:①"
"持て成す","もてなす","招待，款待，对待","动词/他动词/五段动词","客を丁寧にもてなす","热情招待客人","N2","eggrolls;N2低频;原词性:他動1;音调:③⓪"
"持続","じぞく","持续，保持","名词/サ变动词","持続可能な発展","可持续发展","N2","eggrolls;N2高频;原词性:名・自他動3;音调:⓪"
"実質","じっしつ","实质，本质","名词","外見は立派でも実質が伴わない","金玉其外，败絮其中","N2","eggrolls;N2低频;原词性:名;音调:⓪"
"弱まる","よわまる","变弱，衰弱","动词/自动词/五段动词","火の手が弱まった","火势减弱","N2","eggrolls;N2中频;原词性:自動1;音调:③"
"弱る","よわる","软弱，衰弱；为难，尴尬","动词/自动词/五段动词","視力が弱る","视力变差","N2","eggrolls;N2低频;原词性:自動1;音调:②"
"主食","しゅしょく","主食","名词","麺類を主食としている","以面食为主食","N2","eggrolls;N2低频;原词性:名;音调:⓪"
"主流","しゅりゅう","（河流的）主流；主流","な形容词/名词","今は電子書籍が主流になっている","现在电子书成为主流","N2","eggrolls;N2低频;原词性:ナ形・名;音调:⓪"
"取り扱い","とりあつかい","使用，操作；对待；处理","名词","取り扱い説明書","使用说明书","N2","eggrolls;N2中频;原词性:名;音调:⓪"
"取り扱う","とりあつかう","操作；对待；处理","动词/他动词/五段动词","これは荒っぽく取り扱っても大丈夫だ","这个东西用起来不那么小心翼翼地也没关系","N2","eggrolls;N2中频;原词性:他動1;音调:⓪⑤"
"取り巻く","とりまく","围绕，包围","动词/他动词/五段动词","環境を取り巻く諸問題","围绕环境的各种问题","N2","eggrolls;N2中频;原词性:他動1;音调:③⓪"
"取り寄せる","とりよせる","拿到手边；索取，订货","动词/他动词/一段动词","小皿を手元に取り寄せる","将小碟子拿到手边","N2","eggrolls;N2高频;原词性:他動2;音调:④⓪"
"取り除く","とりのぞく","除掉，拆除，消除","动词/他动词/五段动词","雑草を取り除く","清除杂草","N2","eggrolls;N2高频;原词性:他動1;音调:⓪④"
"取得","しゅとく","（经由一定手续）取得（资格、权利、物品等）","名词/サ变动词","学位を取得する","获得学位","N2","eggrolls;N2高频;原词性:名・他動3;音调:⓪"
"手近","てぢか","手边，身边；常见，切近","名词/な形容词","辞書を手近に置く","把辞典放在手边","N2","eggrolls;N2中频;原词性:名・ナ形;音调:⓪"
"手順","てじゅん","（工作的）顺序，次序","名词","手順を踏む","按流程办事","N2","eggrolls;N2中频;原词性:名;音调:⓪①"
"手数","てすう","麻烦，费事；（「てかず」ともいう）费心，麻烦","名词","手数を省く","省事","N2","eggrolls;N2高频;原词性:名;音调:②"
"腫れる","はれる","肿胀","动词/自动词/一段动词","目が腫れる","眼睛肿了","N2","eggrolls;N2中频;原词性:自動2;音调:⓪"
"受け止める","うけとめる","接住；阻止；理解","动词/他动词/一段动词","殴りかかってくるのを片手で受け止める","用一只手接住打来的一拳","N2","eggrolls;N2中频;原词性:他動2;音调:④⓪"
"受け身","うけみ","被动，消极；（语法）被动态","名词","何事も受け身になってはいけない","不管是什么事情都不可以消极对待","N2","eggrolls;N2低频;原词性:名;音调:⓪③②"
"受診","じゅしん","接受诊治","名词/サ变动词","心臓病検査を受診する","接受心脏病检查","N2","eggrolls;N2中频;原词性:名・自他動3;音调:⓪"
"収集","しゅうしゅう","收集；收藏","名词/サ变动词","ごみを収集する","收集垃圾","N2","eggrolls;N2高频;原词性:名・他動3;音调:⓪"
"習得","しゅうとく","学习并掌握（学问、技术等）","サ变动词/名词","運転技術を習得する","掌握驾驶技术","N2","eggrolls;N2高频;原词性:他動3・名;音调:⓪"
"従事","じゅうじ","从事","名词/サ变动词","農業に従事する","从事农业","N2","eggrolls;N2中频;原词性:名・自動3;音调:①"
"柔軟","じゅうなん","柔软；灵活","な形容词","柔軟体操","柔软体操","N2","eggrolls;N2高频;原词性:ナ形;音调:⓪"
"渋い","しぶい","味涩；素雅，雅致；不悦","い形容词","このカキは渋い","这个柿子很涩","N2","eggrolls;N2中频;原词性:イ形;音调:②"
"出演","しゅつえん","演出","名词/サ变动词","人気ドラマに出演する","出演人气电视剧","N2","eggrolls;N2高频;原词性:名・自動3;音调:⓪"
"出回る","でまわる","上市","动词/自动词/五段动词","新製品が出回る","新产品上市","N2","eggrolls;N2中频;原词性:自動1;音调:⓪③"
"小売り","こうり","零售","名词/サ变动词","卸で買って小売りをする","从批发买来后零售","N2","eggrolls;N2低频;原词性:名・他動3;音调:⓪"
"小柄","こがら","身材矮小；小花纹","名词/な形容词","小柄な体格","体格矮小","N2","eggrolls;N2低频;原词性:名・ナ形;音调:⓪"
"焦る","あせる","着急，焦急","动词/自他动词/五段动词","結果を焦る","急于求成","N2","eggrolls;N2高频;原词性:自他動1;音调:②"
"詳細","しょうさい","详细，详情","名词/な形容词","詳細につきましては、次回ご報告します","详细内容下次再汇报","N2","eggrolls;N2高频;原词性:名・ナ形;音调:⓪"
"上位","じょうい","上位","名词","上位を占める","占上风","N2","eggrolls;N2中频;原词性:名;音调:①"
"情景","じょうけい","（引发人心中情感的）情景","名词","悲惨な情景","悲惨的情景","N2","eggrolls;N2中频;原词性:名;音调:⓪"
"触れ合い","ふれあい","接触，交流","名词","心の触れ合い","心灵的交流","N2","eggrolls;N2高频;原词性:名;音调:⓪"
"心地","ここち","心情，心境","名词","住み心地のよい家","居住舒适的房屋","N2","eggrolls;N2高频;原词性:名;音调:⓪"
"新人","しんじん","新人，新职员","名词","新人研修","新员工培训","N2","eggrolls;N2高频;原词性:名;音调:⓪"
"新築","しんちく","新建（的房屋）","名词/サ变动词","新築マンション","新建的公寓","N2","eggrolls;N2低频;原词性:名・他動3;音调:⓪"
"浸す","ひたす","浸泡，浸湿","动词/他动词/五段动词","小豆を水に浸す","把红豆浸泡在水里","N2","eggrolls;N2低频;原词性:他動1;音调:⓪②"
"申し出る","もうしでる","（主动）提出（意见、希望、要求、事实等）","动词/他动词/一段动词","先生に意見を申し出る","向老师提出意见","N2","eggrolls;N2低频;原词性:他動2;音调:④⓪"
"真相","しんそう","真相","名词","真相を究明する","查明真相","N2","eggrolls;N2低频;原词性:名;音调:⓪"
"身の回り","みのまわり","身边；日常生活","名词","身の回りを整える","收拾好随身衣物","N2","eggrolls;N2中频;原词性:名;音调:⓪"
"身振り","みぶり","（传达意志和情感的）姿态，动作","名词","身振り手振りで説明する","比手画脚地说明","N2","eggrolls;N2中频;原词性:名;音调:①⓪"
"人材","じんざい","人才","名词","人材の育成","人才的培养","N2","eggrolls;N2中频;原词性:名;音调:⓪"
"人柄","ひとがら","人品，人格；人品好","名词","彼の人柄が良い","他的人品好","N2","eggrolls;N2中频;原词性:名;音调:⓪"
"推し進める","おしすすめる","推进，推行","动词/他动词/一段动词","計画を推し進める","推行计划","N2","eggrolls;N2低频;原词性:他動2;音调:⑤"
"衰える","おとろえる","衰弱，衰退","动词/自动词/一段动词","人気が衰える","人气衰减","N2","eggrolls;N2高频;原词性:自動2;音调:④③"
"制約","せいやく","制约，限制","名词/サ变动词","時間の制約を受ける","受到时间的限制","N2","eggrolls;N2中频;原词性:名・他動3;音调:⓪"
"成果","せいか","成果","名词","研究の成果を発表する","发表研究成果","N2","eggrolls;N2高频;原词性:名;音调:①"
"正体","しょうたい","原形，真面目；意识","名词","正体を現す","现原形","N2","eggrolls;N2低频;原词性:名;音调:①"
"正当","せいとう","正当，合理，合法","名词/な形容词","正当な理由","正当的理由","N2","eggrolls;N2低频;原词性:名・ナ形;音调:⓪"
"生まれつき","うまれつき","天生","名词/副词","生まれつき怒りっぽい","天生脾气暴","N2","eggrolls;N2中频;原词性:名・副;音调:⓪"
"生後","せいご","出生以后","名词","生後6ヶ月の赤ちゃん","出生后6个月的婴儿","N2","eggrolls;N2低频;原词性:名;音调:①⓪"
"生態","せいたい","生态；社会生活的现状","名词","野鳥の生態を観察する","观察野鸟的生态","N2","eggrolls;N2中频;原词性:名;音调:⓪"
"静的","せいてき","静态的","な形容词","静的な画像を分析する","分析静态图像","N2","eggrolls;N2低频;原词性:ナ形;音调:⓪"
"惜しむ","おしむ","珍惜，吝惜，惋惜","动词/他动词/五段动词","努力を惜しまない","不惜付出努力","N2","eggrolls;N2低频;原词性:他動1;音调:②"
"設ける","もうける","准备；设立","动词/他动词/一段动词","口実を設ける","找借口","N2","eggrolls;N2低频;原词性:他動2;音调:③"
"先行","せんこう","先走，先行；事先进行","名词/サ变动词","先行研究","先行研究","N2","eggrolls;N2低频;原词性:名・自動3;音调:⓪"
"戦後","せんご","（特指第二次世界大战后）战后","名词","戦後の復興に努める","努力促进战后重建","N2","eggrolls;N2中频;原词性:名;音调:①⓪"
"染み込む","しみこむ","（液体、思想、文化等）渗透","动词/自动词/五段动词","雨水が壁の裏まで染み込む","雨水渗到墙的里面","N2","eggrolls;N2低频;原词性:自動1;音调:③"
"鮮やか","あざやか","鲜艳，鲜明；技艺精湛","な形容词","鮮やかな色彩","鲜艳的色彩","N2","eggrolls;N2高频;原词性:ナ形;音调:②"
"前もって","まえもって","预先，事先","副词","前もって知らせる","预先通知","N2","eggrolls;N2中频;原词性:副;音调:③⓪"
"前向き","まえむき","面向正面；积极","名词/な形容词","前向きに考える","积极地考虑问题","N2","eggrolls;N2中频;原词性:名・ナ形;音调:⓪"
"前売り","まえうり","预售","名词","1か月前より前売り開始","一个月前开始预售","N2","eggrolls;N2低频;原词性:名;音调:⓪"
"前半","ぜんはん","前半","名词","試合の前半で点を取る","在比赛前半得分","N2","eggrolls;N2中频;原词性:名;音调:⓪"
"善良","ぜんりょう","善良","名词/な形容词","彼女は善良な心を持っている","她有一颗善良的心","N2","eggrolls;N2低频;原词性:名・ナ形;音调:⓪"
"創立","そうりつ","（公司、学校等）创立","名词/サ变动词","会社を創立する","创立公司","N2","eggrolls;N2中频;原词性:名・他動3;音调:⓪"
"相次ぐ","あいつぐ","接连不断","动词/自动词/五段动词","事故が相次ぐ","接连发生事故","N2","eggrolls;N2低频;原词性:自動1;音调:①"
"相対","そうたい","面对，对立；相对","名词/サ变动词","難問に相対する","面对难题","N2","eggrolls;N2中频;原词性:名・自動3;音调:⓪"
"走行","そうこう","（汽车）行驶，行车","名词/サ变动词","走行距離","行驶距离","N2","eggrolls;N2低频;原词性:名・自動3;音调:⓪"
"促す","うながす","催促；促使；促进","动词/他动词/五段动词","返事を促す","催促回复","N2","eggrolls;N2中频;原词性:他動1;音调:③⓪"
"側面","そくめん","（物体的）侧面；一面，方面；侧面，间接","名词","箱の側面","箱子侧面","N2","eggrolls;N2高频;原词性:名;音调:⓪③②"
"束ねる","たばねる","捆；统率，管理","动词/他动词/一段动词","髪を束ねる","束发","N2","eggrolls;N2中频;原词性:他動2;音调:③"
"尊い","とうとい","宝贵，尊贵","い形容词","尊い命","宝贵的生命","N2","eggrolls;N2中频;原词性:イ形;音调:③"
"損なう","そこなう","损坏，破坏；（前接动词连用形）失败，做错","动词/他动词/五段动词","健康を損なう","损害健康","N2","eggrolls;N2低频;原词性:他動1;音调:③"
"多様","たよう","多种多样","名词/な形容词","多様な商品を扱う","经营各种各样的商品","N2","eggrolls;N2高频;原词性:名・ナ形;音调:⓪"
"対応","たいおう","相对，面对面；对应，应对；相称，相符","名词/サ变动词","四角形の対応する二角","四边形的两个对角","N2","eggrolls;N2高频;原词性:名・自動3;音调:⓪"
"対決","たいけつ","对决；面对（困难等）","名词/サ变动词","両雄の対決","双雄对决","N2","eggrolls;N2中频;原词性:名・自動3;音调:⓪①"
"対抗","たいこう","对抗，抗衡","名词/サ变动词","大型スーパーに対抗する","与大型超市抗衡","N2","eggrolls;N2中频;原词性:名・自動3;音调:⓪"
"対比","たいひ","对照，对比","名词/サ变动词","二つの事例を対比する","对比两个案例","N2","eggrolls;N2低频;原词性:名・他動3;音调:⓪①"
"対話","たいわ","对话，交谈","名词/サ变动词","敵対する国と対話する","与敌对国进行对话","N2","eggrolls;N2中频;原词性:名・自他動3;音调:⓪"
"耐える","たえる","忍受；经得起","动词/自动词/一段动词","孤独に耐える","忍受孤独","N2","eggrolls;N2高频;原词性:自動2;音调:②"
"退治","たいじ","扑灭，消灭","名词/サ变动词","ゴキブリを退治する","消灭蟑螂","N2","eggrolls;N2低频;原词性:名・他動3;音调:①⓪"
"台無し","だいなし","弄坏，毁掉，糟蹋","名词","全ての努力が台無しになった","一切努力都化为泡影","N2","eggrolls;N2中频;原词性:名;音调:⓪"
"大げさ","おおげさ","夸张，小题大做","な形容词","大げさに言う","夸大其词","N2","eggrolls;N2高频;原词性:ナ形;音调:⓪"
"大手","おおて","大公司","名词","大手商社","大商社","N2","eggrolls;N2高频;原词性:名;音调:①"
"大胆","だいたん","大胆，勇敢","名词/な形容词","大胆な計画","大胆的计划","N2","eggrolls;N2中频;原词性:名・ナ形;音调:③"
"大部","たいぶ","大部头（的书）；大部分","な形容词/名词","大部の全集","大部头的全集；厚重的全套书","N2","eggrolls;N2中频;原词性:ナ形・名;音调:①"
"脱出","だっしゅつ","逃脱，逃出","名词/サ变动词","国外に脱出する","逃往国外","N2","eggrolls;N2低频;原词性:名・自動3;音调:⓪"
"嘆く","なげく","悲叹，叹惋；慨叹，愤慨","动词/自他动词/五段动词","不幸な一生を嘆く","感叹不幸的一生","N2","eggrolls;N2低频;原词性:自他動1;音调:②"
"鍛える","きたえる","锤炼；锻炼","动词/他动词/一段动词","鉄を鍛える","打铁","N2","eggrolls;N2高频;原词性:他動2;音调:③"
"団結","だんけつ","团结","名词/サ变动词","チームとして団結する","作为团队团结一致","N2","eggrolls;N2低频;原词性:名・自動3;音调:⓪"
"断然","だんぜん","断然；显然","副词","断然辞職する","毅然辞职","N2","eggrolls;N2中频;原词性:副;音调:⓪"
"段取り","だんどり","（为了事情顺利进行的）安排，流程，顺序","名词","段取りを決める","制订流程","N2","eggrolls;N2低频;原词性:名;音调:③⓪④"
"知的","ちてき","理智，知性；智慧，智力","な形容词","知的な女性","知性女人","N2","eggrolls;N2中频;原词性:ナ形;音调:⓪"
"蓄積","ちくせき","积蓄，积累","名词/サ变动词","疲労が蓄積される","疲劳积累","N2","eggrolls;N2中频;原词性:名・自他動3;音调:⓪"
"中断","ちゅうだん","中断，断开","名词/サ变动词","放送を一時中断する","暂时中断播放","N2","eggrolls;N2中频;原词性:名・自他動3;音调:⓪"
"抽選","ちゅうせん","抽签，抽选","名词/サ变动词","抽選で順番を決める","抽签决定顺序","N2","eggrolls;N2高频;原词性:名・自動3;音调:⓪"
"著しい","いちじるしい","显著的","い形容词","著しい発展を遂げる","取得显著的发展","N2","eggrolls;N2中频;原词性:イ形;音调:⑤"
"貼り紙","はりがみ","贴纸；广告，海报；便条","名词","貼り紙細工","贴纸工艺","N2","eggrolls;N2中频;原词性:名;音调:⓪"
"張り切る","はりきる","绷紧；紧张，干劲十足","动词/自动词/五段动词","張り切った糸が切れる","绷紧的线断了","N2","eggrolls;N2中频;原词性:自動1;音调:③"
"長編","ちょうへん","长篇","名词","長編の小説を書く","写一部长篇小说","N2","eggrolls;N2中频;原词性:名;音调:⓪"
"追い込む","おいこむ","赶入；逼入；在事情即将结束时使出最后的力量","动词/他动词/五段动词","ニワトリを小屋に追い込む","把鸡赶进鸡舍","N2","eggrolls;N2低频;原词性:他動1;音调:③"
"追い出す","おいだす","赶出，赶走","动词/他动词/五段动词","蠅を台所から追い出すのに苦労した","我费了好大一番功夫才把苍蝇赶出厨房","N2","eggrolls;N2中频;原词性:他動1;音调:③"
"痛める","いためる","使疼痛，弄伤；使痛苦","动词/他动词/一段动词","足を痛める","弄伤脚","N2","eggrolls;N2低频;原词性:他動2;音调:③"
"通常","つうじょう","通常，平常","名词/副词","通常どおり営業する","照常营业","N2","eggrolls;N2高频;原词性:名・副;音调:⓪"
"定まる","さだまる","决定，确定；安定","动词/自动词/五段动词","方針が定まる","方针确定","N2","eggrolls;N2中频;原词性:自動1;音调:③"
"定める","さだめる","决定，制定；平息","动词/他动词/一段动词","目標を定める","制定目标","N2","eggrolls;N2高频;原词性:他動2;音调:③"
"定義","ていぎ","定义","サ变动词/名词","その言葉の定義を説明する","解释那个词的定义","N2","eggrolls;N2中频;原词性:他動3・名;音调:①③"
"提示","ていじ","出示","名词/サ变动词","パスポートを提示する","出示护照","N2","eggrolls;N2高频;原词性:名・他動3;音调:⓪①"
"訂正","ていせい","订正，改正，更正（言语、文字或文章中的错误）","名词/サ变动词","誤りを訂正する","订正错误","N2","eggrolls;N2中频;原词性:名・他動3;音调:⓪"
"適応","てきおう","适合，适应","名词/サ变动词","新しい環境に適応する","适应新环境","N2","eggrolls;N2中频;原词性:名・自動3;音调:⓪"
"展示","てんじ","展示，展出","名词/サ变动词","作品を展示する","展示作品","N2","eggrolls;N2中频;原词性:名・他動3;音调:⓪"
"添える","そえる","附加，增添","动词/他动词/一段动词","履歴書に写真を添えて送る","在简历上贴好照片寄过去","N2","eggrolls;N2中频;原词性:他動2;音调:⓪"
"転じる","てんじる","（方向、状态等）转换，改变","动词/自他动词/一段动词","話題を転じる","转移话题","N2","eggrolls;N2低频;原词性:自他動2;音调:⓪③"
"点検","てんけん","逐一检查（是否有异常）","名词/サ变动词","機械を点検する","对机器进行检查","N2","eggrolls;N2高频;原词性:名・他動3;音调:⓪"
"登録","とうろく","登记，注册","名词/サ变动词","新規登録","新用户注册","N2","eggrolls;N2高频;原词性:名・他動3;音调:⓪"
"途上","とじょう","途中，中途","名词","発展途上国","发展中国家","N2","eggrolls;N2低频;原词性:名;音调:⓪"
"努めて","つとめて","尽量，尽可能","副词","彼女は努めて明るく振舞う","她尽可能表现得很开朗","N2","eggrolls;N2低频;原词性:副;音调:②"
"土台","どだい","地基；基础；根本上","名词/副词","橋の土台","桥基","N2","eggrolls;N2中频;原词性:名・副;音调:⓪"
"到達","とうたつ","达到，到达","名词/サ变动词","目標に到達する","达到目标","N2","eggrolls;N2高频;原词性:名・自動3;音调:⓪"
"到底","とうてい","怎么也（不），无论如何也（不）","副词","到底間に合わない","无论如何也来不及","N2","eggrolls;N2中频;原词性:副;音调:⓪"
"討論","とうろん","讨论","名词/サ变动词","討論に加わる","参加讨论","N2","eggrolls;N2高频;原词性:名・自他動3;音调:①"
"逃す","のがす","放跑，错过；（動詞のあとに付いて）错过……","动词/他动词/五段动词","チャンスを逃す","错过机会","N2","eggrolls;N2中频;原词性:他動1;音调:②"
"逃れる","のがれる","逃脱，摆脱；逃避","动词/自动词/一段动词","迫害から逃れる","逃离迫害","N2","eggrolls;N2中频;原词性:自動2;音调:③"
"陶器","とうき","陶器","名词","陶器にひびが入る","陶器出现裂痕","N2","eggrolls;N2中频;原词性:名;音调:①"
"同意","どうい","相同的意思；同意，赞成","名词/サ变动词","「二酸化炭素」と「炭酸ガス」とは、同意の言葉だ","「二酸化炭素」和「炭酸ガス」是同义词","N2","eggrolls;N2中频;原词性:名・自動3;音调:⓪"
"同情","どうじょう","同情","名词/サ变动词","同情を引く","引起同情","N2","eggrolls;N2中频;原词性:名・自動3;音调:⓪"
"同等","どうとう","（等级、程度等）同等","名词/な形容词","同等に扱う","同等对待","N2","eggrolls;N2低频;原词性:名・ナ形;音调:⓪"
"同封","どうふう","附在信封内","サ变动词/名词","同封のはがきでご返事ください","请用随附的明信片回复","N2","eggrolls;N2中频;原词性:他動3・名;音调:⓪"
"得手","えて","擅长","名词/な形容词","人は得手不得手がある","人各有所长","N2","eggrolls;N2中频;原词性:名・ナ形;音调:②"
"独占","どくせん","独占；垄断","名词/サ变动词","独占インタビュー","独家专访","N2","eggrolls;N2中频;原词性:名・他動3;音调:⓪"
"読み上げる","よみあげる","大声朗读；读完","动词/他动词/一段动词","作文を読み上げる","朗读作文","N2","eggrolls;N2中频;原词性:他動2;音调:④⓪"
"読者","どくしゃ","读者","名词","読者の意見","读者的意见","N2","eggrolls;N2高频;原词性:名;音调:①"
"鈍感","どんかん","感觉迟钝","名词/な形容词","鈍感な人","感觉迟钝的人","N2","eggrolls;N2低频;原词性:名・ナ形;音调:⓪"
"日陰","ひかげ","阴凉处","名词","日陰で干す","在阴凉处晾干","N2","eggrolls;N2中频;原词性:名;音调:⓪"
"乳児","にゅうじ","婴儿","名词","乳児健診","婴儿健康检查","N2","eggrolls;N2低频;原词性:名;音调:①"
"乳製品","にゅうせいひん","乳制品","名词","牧場が直売する乳製品","牧场直销的乳制品","N2","eggrolls;N2低频;原词性:名;音调:③"
"入手","にゅうしゅ","得到，到手","名词/サ变动词","新しい情報を入手する","得到新信息","N2","eggrolls;N2中频;原词性:名・他動3;音调:⓪①"
"入賞","にゅうしょう","获奖","名词/サ变动词","入賞者","获奖者","N2","eggrolls;N2低频;原词性:名・自動3;音调:⓪"
"念頭","ねんとう","心里，想法中","名词","念頭に置く","放在心上","N2","eggrolls;N2低频;原词性:名;音调:⓪"
"把握","はあく","掌握；充分理解","名词/サ变动词","実態を把握する","掌握实际情况","N2","eggrolls;N2高频;原词性:名・他動3;音调:⓪"
"配布","はいふ","散发，广为分发","名词/サ变动词","街頭でチラシを配布する","在街头散发广告单","N2","eggrolls;N2中频;原词性:名・他動3;音调:⓪①"
"倍増","ばいぞう","倍增","名词/サ变动词","収入が倍増した","收入翻倍","N2","eggrolls;N2中频;原词性:名・自他動3;音调:⓪"
"鉢植え","はちうえ","盆栽","名词","鉢植えのゼラニウム","天竺葵盆栽","N2","eggrolls;N2低频;原词性:名;音调:⓪④"
"発芽","はつが","发芽","名词/サ变动词","種が発芽する","种子发芽","N2","eggrolls;N2低频;原词性:名・自動3;音调:⓪"
"反応","はんのう","反应","名词/サ变动词","化学反応","化学反应","N2","eggrolls;N2高频;原词性:名・自動3;音调:⓪"
"反射","はんしゃ","反射","名词/サ变动词","光が水面で反射する","光在水面上反射","N2","eggrolls;N2中频;原词性:名・自他動3;音调:⓪"
"反発","はんぱつ","弹回；反感","名词/サ变动词","磁石の同極は反発しあう","磁石的同极互相排斥","N2","eggrolls;N2高频;原词性:名・自他動3;音调:⓪"
"反論","はんろん","反驳","名词/サ变动词","彼の意見に反論する","反驳他的观点","N2","eggrolls;N2中频;原词性:名・自他動3;音调:⓪"
"悲観","ひかん","悲观","名词/サ变动词","前途を悲観して自殺した","对前途感到悲观而自杀了","N2","eggrolls;N2低频;原词性:名・自他動3;音调:⓪"
"疲労","ひろう","疲劳","名词/サ变动词","疲労がたまる","积累疲劳；积劳","N2","eggrolls;N2中频;原词性:名・自動3;音调:⓪"
"費やす","ついやす","花费，耗费；浪费","动词/他动词/五段动词","労力を費やす","耗费劳力","N2","eggrolls;N2中频;原词性:他動1;音调:③⓪"
"非常時","ひじょうじ","非常时刻，紧急时刻","名词","非常時に備える","为紧急情况做准备；以防万一","N2","eggrolls;N2低频;原词性:名;音调:②"
"非難","ひなん","责难","名词/サ变动词","非難を浴びる","饱受责难","N2","eggrolls;N2中频;原词性:名・他動3;音调:①"
"飛び散る","とびちる","飞散，飘落","动词/自动词/五段动词","水しぶきが飛び散る","水花四溅","N2","eggrolls;N2中频;原词性:自動1;音调:③"
"備わる","そなわる","装备，装有；具备（资质等）","动词/自动词/五段动词","最新の設備が備わっている","配备了最新设备","N2","eggrolls;N2中频;原词性:自動1;音调:③"
"必然","ひつぜん","必然","な形容词/名词","必然の結果","必然的结果","N2","eggrolls;N2中频;原词性:ナ形・名;音调:⓪"
"苗","なえ","苗，秧；稻秧","名词","苗を植える","种植幼苗","N2","eggrolls;N2低频;原词性:名;音调:①"
"浜","はま","海滨，湖滨","名词","浜で貝を拾う","在海滩捡贝壳","N2","eggrolls;N2低频;原词性:名;音调:②"
"不意","ふい","意外，想不到","名词/な形容词","不意の来客","不速之客","N2","eggrolls;N2低频;原词性:名・ナ形;音调:⓪"
"不順","ふじゅん","不顺利，不正常","名词/な形容词","天候不順","气候异常","N2","eggrolls;N2低频;原词性:名・ナ形;音调:⓪"
"負う","おう","背；承担；蒙受；仰赖","动词/自他动词/五段动词","赤ちゃんを負う","背婴儿","N2","eggrolls;N2中频;原词性:自他動1;音调:⓪"
"部門","ぶもん","部门","名词","販売部門を拡充する","扩充销售部门","N2","eggrolls;N2中频;原词性:名;音调:①⓪"
"物資","ぶっし","物资","名词","物資を配布する","分发物资","N2","eggrolls;N2低频;原词性:名;音调:①"
"物足りない","ものたりない","不够满意的，感到欠缺的，美中不足的","连语","説明が物足りない","说明不到位","N2","eggrolls;N2中频;原词性:連語;音调:⓪⑤"
"物体","ぶったい","物体","名词","空を飛ぶ謎の物体","在空中飞行的神秘物体","N2","eggrolls;N2中频;原词性:名;音调:⓪"
"憤慨","ふんがい","愤慨","名词/サ变动词","差別待遇を憤慨する","对不公平待遇感到愤慨","N2","eggrolls;N2低频;原词性:名・自他動3;音调:⓪"
"平常","へいじょう","平常，平时","名词/副词","平常どおり営業する","照常营业","N2","eggrolls;N2中频;原词性:名・副;音调:⓪"
"返答","へんとう","回答，回话","名词/サ变动词","相手の返答を待つ","等对方回话","N2","eggrolls;N2中频;原词性:名・自他動3;音调:③⓪"
"歩み","あゆみ","步伐；发展历程","名词","歩みを速める","加快脚步","N2","eggrolls;N2中频;原词性:名;音调:③"
"歩む","あゆむ","走；走过，度过；发展","动词/自动词/五段动词","秋の信濃路を歩む","漫步秋季的信浓路","N2","eggrolls;N2中频;原词性:自動1;音调:②"
"補助","ほじょ","补助，辅助","名词/サ变动词","補助金","补助金","N2","eggrolls;N2高频;原词性:名・他動3;音调:①"
"募金","ぼきん","募捐","名词/サ变动词","街頭で募金を集める","在街头募捐","N2","eggrolls;N2低频;原词性:名・自動3;音调:⓪"
"報道","ほうどう","报道","名词/サ变动词","報道番組","新闻报道节目","N2","eggrolls;N2中频;原词性:名・他動3;音调:⓪"
"放棄","ほうき","放弃","名词/サ变动词","権利を放棄する","放弃权利","N2","eggrolls;N2中频;原词性:名・他動3;音调:①"
"法学","ほうがく","法学","名词","法学を専攻する","专攻法学","N2","eggrolls;N2低频;原词性:名;音调:⓪"
"蜂蜜","はちみつ","蜂蜜","名词","蜂蜜を採取する","采蜂蜜","N2","eggrolls;N2中频;原词性:名;音调:⓪"
"乏しい","とぼしい","缺乏；贫困","い形容词","想像力に乏しい","缺乏想象力","N2","eggrolls;N2高频;原词性:イ形;音调:③⓪"
"本音","ほんね","真心话","名词","本音が聞きたい","想听真心话","N2","eggrolls;N2中频;原词性:名;音调:⓪"
"本格的","ほんかくてき","正宗的，正统的；正式的","な形容词","本格的な懐石料理","正宗的怀石料理","N2","eggrolls;N2高频;原词性:ナ形;音调:⓪"
"本気","ほんき","真的；认真","名词/な形容词","うそを本気にする","对谎言信以为真","N2","eggrolls;N2低频;原词性:名・ナ形;音调:⓪"
"本能","ほんのう","本能","名词","本能に従う","遵从本能","N2","eggrolls;N2中频;原词性:名;音调:①③"
"いまだに","いまだに","至今仍（未）","副词","汚染問題は未だに解決していない","污染问题至今还未解决","N2","eggrolls;N2中频;原词性:副;音调:⓪"
"密着","みっちゃく","紧贴","名词/サ变动词","密着取材を行う","进行追踪采访","N2","eggrolls;N2中频;原词性:名・自動3;音调:⓪"
"脈","みゃく","脉搏；脉；未来的希望","名词","脈が速い","脉搏快","N2","eggrolls;N2低频;原词性:名;音调:②"
"無口","むくち","沉默寡言","名词/な形容词","無口な人","沉默寡言的人","N2","eggrolls;N2高频;原词性:名・ナ形;音调:①"
"名簿","めいぼ","名簿，名册","名词","クラスの名簿をチェックする","检查班级名册","N2","eggrolls;N2高频;原词性:名;音调:⓪"
"明瞭","めいりょう","清楚，明了","名词/な形容词","簡単明瞭に述べる","简单明了地叙述","N2","eggrolls;N2中频;原词性:名・ナ形;音调:⓪"
"模索","もさく","摸索，探寻","名词/サ变动词","解決法を模索する","摸索解决的方法","N2","eggrolls;N2中频;原词性:名・他動3;音调:⓪"
"目当て","めあて","目标；目的","名词","10キロ減量を目当てにしている","以减去十公斤体重为目标","N2","eggrolls;N2中频;原词性:名;音调:①"
"野外","やがい","野外，户外","名词","野外でバーベキューを楽しむ","在户外享受烤肉","N2","eggrolls;N2低频;原词性:名;音调:①⓪"
"野生","やせい","野生","名词/サ变动词","野生の動物","野生动物","N2","eggrolls;N2中频;原词性:名・自動3;音调:⓪"
"野党","やとう","在野党","名词","野党の党首","在野党领袖","N2","eggrolls;N2中频;原词性:名;音调:①"
"優先","ゆうせん","优先","名词/サ变动词","優先順位","优先顺序","N2","eggrolls;N2高频;原词性:名・自他動3;音调:⓪"
"有力","ゆうりょく","最有希望；有力","な形容词","次期社長の有力な候補は彼だ","下一届社长的有力人选是他","N2","eggrolls;N2中频;原词性:ナ形;音调:⓪"
"予感","よかん","预感","サ变动词/名词","何か良くないことが起こる予感がする","有种不好的事情即将发生的预感","N2","eggrolls;N2中频;原词性:他動3・名;音调:⓪"
"よほど","よほど","很，相当；很想……，差一点就……","副词","よほど疲れているのだろう","一定是相当疲劳了吧","N2","eggrolls;N2高频;原词性:副;音调:⓪"
"要因","よういん","主要原因","名词","この問題の要因を分析する","分析这个问题的主要因素","N2","eggrolls;N2低频;原词性:名;音调:⓪"
"養う","やしなう","养，抚养；饲养；培养","动词/他动词/五段动词","子を養うのは親の義務である","扶养子女是父母的义务","N2","eggrolls;N2高频;原词性:他動1;音调:③⓪"
"養成","ようせい","培训，培养","名词/サ变动词","想像力を養成する","培养想象力","N2","eggrolls;N2中频;原词性:名・他動3;音调:⓪"
"欲","よく","欲望","名词","彼は金に対する欲が強い","他对金钱的欲望很强","N2","eggrolls;N2高频;原词性:名;音调:②"
"来場","らいじょう","出席，到场","名词/サ变动词","ご来場の皆様にご案内申し上げます","到场的各位观众敬请注意","N2","eggrolls;N2高频;原词性:名・自動3;音调:⓪"
"絡む","からむ","缠在……上；牵涉；胡搅蛮缠","动词/自动词/五段动词","つたが絡む","藤蔓缠绕","N2","eggrolls;N2中频;原词性:自動1;音调:②"
"利点","りてん","长处，优点","名词","都市生活の利点","城市生活的好处","N2","eggrolls;N2高频;原词性:名;音调:⓪"
"履歴","りれき","履历；历史记录","名词","彼の職業履歴は多岐にわたる","他的职业履历非常丰富","N2","eggrolls;N2高频;原词性:名;音调:⓪"
"理屈","りくつ","道理，理论；借口，（捏造的）理由","名词","理屈で人を納得させる","用道理说服人","N2","eggrolls;N2中频;原词性:名;音调:⓪"
"理性","りせい","理性","名词","怒りのあまり理性を失う","过于愤怒而丧失理智","N2","eggrolls;N2中频;原词性:名;音调:①"
"理論","りろん","理论","名词","理論と実践","理论与实践","N2","eggrolls;N2中频;原词性:名;音调:①"
"離れ離れ","はなればなれ","离散，分离","名词/な形容词","家族が離れ離れになる","家人彼此分离","N2","eggrolls;N2低频;原词性:名・ナ形;音调:④"
"陸上","りくじょう","地上；（「陸上競技」の略）田径赛","名词","陸上競技","田径赛","N2","eggrolls;N2高频;原词性:名;音调:⓪"
"立て替える","たてかえる","临时垫付","动词/他动词/一段动词","家賃を立て替えてあげる","临时垫付房租","N2","eggrolls;N2低频;原词性:他動2;音调:⓪④③"
"了承","りょうしょう","明白，同意，理解","名词/サ变动词","了承を得る","得到同意","N2","eggrolls;N2低频;原词性:名・他動3;音调:⓪"
"両立","りょうりつ","并存，兼顾","名词/サ变动词","仕事と家事を両立させる","兼顾工作和家务","N2","eggrolls;N2低频;原词性:名・自動3;音调:⓪"
"良好","りょうこう","良好","名词/な形容词","手術後の経過は良好だ","手术后的恢复情况良好","N2","eggrolls;N2低频;原词性:名・ナ形;音调:⓪"
"良性","りょうせい","良性","名词","良性腫瘍","良性肿瘤","N2","eggrolls;N2低频;原词性:名;音调:⓪"
"領域","りょういき","领域","名词","他国の領域を侵す","侵犯他国领域","N2","eggrolls;N2中频;原词性:名;音调:⓪"
"倫理","りんり","伦理；伦理学","名词","倫理にもとる行為","违反伦理的行为","N2","eggrolls;N2低频;原词性:名;音调:①"
"林業","りんぎょう","林业","名词","林業に従事する","从事林业","N2","eggrolls;N2中频;原词性:名;音调:①⓪"
"類推","るいすい","类推，类比推理","名词/サ变动词","過去の事例から類推する","从过去的例子进行类比","N2","eggrolls;N2低频;原词性:名・他動3;音调:⓪"
"暦","こよみ","日历，历书","名词","暦を編む","编制日历","N2","eggrolls;N2低频;原词性:名;音调:③⓪"
"練る","ねる","揉合；锻炼；仔细推敲，研究","动词/他动词/五段动词","小麦粉を練る","揉面","N2","eggrolls;N2低频;原词性:他動1;音调:①"
"論理","ろんり","道理，逻辑","名词","論理に合わない","不合逻辑","N2","eggrolls;N2高频;原词性:名;音调:①"
"和やか","なごやか","平静，安详，和睦","な形容词","和やかな光景","和睦的景象","N2","eggrolls;N2中频;原词性:ナ形;音调:②"
"惑わす","まどわす","迷惑，蛊惑，欺骗","动词/他动词/五段动词","人の心を惑わす","蛊惑人心","N2","eggrolls;N2中频;原词性:他動1;音调:③"
"枠","わく","框；范围","名词","額の枠","画框","N2","eggrolls;N2中频;原词性:名;音调:②"
"外れ","はずれ","落空，没中奖；尽头，远离中心的地区","名词","期待外れ","期望落空","N2","eggrolls;N2高频;原词性:名;音调:⓪"
"視","し","认为……，看作……","造语成分","疑問視","认为有疑问","N2","eggrolls;N2低频;原词性:造"
"誌","し","……杂志","造语成分","情報誌","资讯杂志","N2","eggrolls;N2低频;原词性:造"
"児","じ","……人；……儿童；年轻人","造语成分","幸運児","幸运儿","N2","eggrolls;N2低频;原词性:造"
"主","ぬし","……的拥有人，所有者；主人","名词","飼い主","饲养主","N2","eggrolls;N2中频;原词性:名;音调:①"
"症","しょう","……症","造语成分","自閉症","自闭症","N2","eggrolls;N2低频;原词性:造"
"層","そう","……层，阶层","名词","中堅層","骨干力量，中坚阶层","N2","eggrolls;N2低频;原词性:名"
"敗","はい","……败，……负","造语成分","1勝2敗","一胜两负","N2","eggrolls;N2低频;原词性:造"
"あいつ","あいつ","（贬义）那个家伙，那小子；那东西","代词","あいつはいやなやつだ","那小子是个讨厌的家伙","N2","eggrolls;N2中频;原词性:代;音调:⓪"
"アルファ","アルファ","（α）阿尔法；最初；未知数","名词","アルファとオメガ","从头到尾","N2","eggrolls;N2中频;原词性:名;音调:①;カタカナ語"
"アルファベット","アルファベット","字母序列，字母表；入门，基本知识","名词","名簿をアルファベット順に整理する","按字母顺序整理名单","N2","eggrolls;N2中频;原词性:名;音调:④;カタカナ語"
"いかにも","いかにも","实在，真的；果然，的确","副词","いかにも彼女らしいやり方だ","的确像是她的做法","N2","eggrolls;N2低频;原词性:副;音调:②"
"イラスト","イラスト","插图","名词","本にイラストを入れる","给书添加插图","N2","eggrolls;N2中频;原词性:名;音调:⓪;カタカナ語"
"エコ","エコ","生态，环境","名词","エコバッグ","环保袋","N2","eggrolls;N2低频;原词性:名;音调:①;カタカナ語"
"掟","おきて","法律，戒令；成规，规章","名词","国の掟","国法","N2","eggrolls;N2低频;原词性:名;音调:⓪"
"お越し","おこし","（尊他）您来；您去","名词","お越しをお待ちしております","恭候光临","N2","eggrolls;N2高频;原词性:名;音调:⓪"
"駆け引き","かけひき","讨价还价；伺机，进退，（临机应变的）战略策略","名词/サ变动词","駆け引きの上手な商人","善于讨价还价的商人","N2","eggrolls;N2低频;原词性:名・自動3;音调:②"
"かなわない","かなわない","不能实现；比不上；受不了","连语","かなわない恋","没有结果的恋爱","N2","eggrolls;N2低频;原词性:連語;音调:③"
"嚙み合う","かみあう","咬合；吻合","动词/自动词/五段动词","歯車がうまく嚙み合う","齿轮完美咬合","N2","eggrolls;N2中频;原词性:自動1;音调:③⓪"
"ギャップ","ギャップ","裂缝；分歧，隔阂","名词","世代間のギャップ","代沟","N2","eggrolls;N2中频;原词性:名;音调:⓪①;カタカナ語"
"ぎゅっと","ぎゅっと","用力地拧（握，捆等）","副词","タオルをぎゅっと絞る","用力地拧毛巾","N2","eggrolls;N2低频;原词性:副;音调:⓪①;オノマトペ"
"ぐったり","ぐったり","筋疲力尽","副词/サ变动词","疲れきってぐったりと横たわる","累得筋疲力尽，瘫倒在地","N2","eggrolls;N2低频;原词性:副・自動3;音调:③;オノマトペ"
"ぐらつく","ぐらつく","摇摆；动摇","动词/自动词/五段动词","机がぐらついて書きにくい","桌子摇晃不好写字","N2","eggrolls;N2低频;原词性:自動1;音调:⓪"
"こなす","こなす","消化；运用自如；完成工作；熟练地……","动词/他动词/五段动词","胃で食物をこなす","在胃里消化食物","N2","eggrolls;N2中频;原词性:他動1;音调:⓪"
"コネ","コネ","门路，后门","名词","コネで就職する","通过走后门找工作","N2","eggrolls;N2低频;原词性:名;音调:①;カタカナ語"
"コンクール","コンクール","（音乐等文艺方面的）比赛","名词","ピアノコンクール","钢琴比赛","N2","eggrolls;N2中频;原词性:名;音调:③;カタカナ語"
"コンプレックス","コンプレックス","自卑感；集合体；情结","名词","学歴コンプレックス","因学历低而感到自卑","N2","eggrolls;N2低频;原词性:名;音调:④;カタカナ語"
"サポート","サポート","支持，支援","サ变动词/名词","新人の仕事をサポートする","支持新员工的工作","N2","eggrolls;N2高频;原词性:他動3・名;音调:②⓪;カタカナ語"
"ざわざわ","ざわざわ","人声嘈杂；（风吹动树叶）沙沙作响","副词/サ变动词","ざわざわとしていた場内は急に静かになった","原本吵杂的场内突然安静了下来","N2","eggrolls;N2低频;原词性:副・自動3;音调:①;オノマトペ"
"しかしながら","しかしながら","但是，然而","接续词","彼は素質は持っている。しかしながら努力がいまひとつ足りない","他有天赋，但是还不够努力","N2","eggrolls;N2中频;原词性:接;音调:④"
"じたばた","じたばた","手忙脚乱，惊慌失措；手脚乱动，拼命挣扎","副词/サ变动词","いまになってじたばた騒いでも遅い","现在手忙脚乱也晚了","N2","eggrolls;N2低频;原词性:副・自動3;音调:①;オノマトペ"
"しばし","しばし","片刻，暂时","副词","歓声はしばし続いた","欢呼声持续了一段时间","N2","eggrolls;N2中频;原词性:副;音调:①"
"ショーウインドー","ショーウインドー","橱窗，陈列窗","名词","ショーウインドーに商品を陳列する","在橱窗里陈列商品","N2","eggrolls;N2低频;原词性:名;音调:④;カタカナ語"
"セロテープ","セロテープ","透明胶带","名词","セロテープで貼りつける","用透明胶带贴上去","N2","eggrolls;N2低频;原词性:名;音调:③;カタカナ語"
"そこら","そこら","那里；大约，左右","代词","ちょっとそこらで軽く一杯やろうか","到那边稍微喝一杯吧？","N2","eggrolls;N2低频;原词性:代;音调:②"
"ぞっと","ぞっと","因寒冷、恐惧或强烈感动而颤抖的样子","副词/サ变动词","殺人事件の現場を見て、ぞっとした","看到了杀人事件的现场，感到毛骨悚然","N2","eggrolls;N2低频;原词性:副・自動3;音调:⓪;オノマトペ"
"そのもの","そのもの","（强调其前面的词）……本身，非常……","名词","計画そのものに無理がある","计划本身有问题","N2","eggrolls;N2中频;原词性:名;音调:④③②"
"それなり","それなり","就这样，就此为止；与那相应的","名词/副词","彼に一度連絡したが、返事がなく、話はそれなりになった","我曾经联络过他一次，但没有回复，事情就这么不了了之了","N2","eggrolls;N2高频;原词性:名・副;音调:⓪"
"ぞろぞろ","ぞろぞろ","一个跟着一个，络绎不绝；后面长长地拖着","副词","観客が劇場からぞろぞろ出てくる","观众挨个从剧场出来","N2","eggrolls;N2低频;原词性:副;音调:①;オノマトペ"
"チャージ","チャージ","充电；加油；费用；充值","名词/サ变动词","バッテリーチャージ","电池充电","N2","eggrolls;N2中频;原词性:名・自他動3;音调:①;カタカナ語"
"ちらちら","ちらちら","纷纷；一闪一闪；（无意间）听到，看到","副词/サ变动词","サクラの花がちらちら散っている","樱花纷纷飘落","N2","eggrolls;N2低频;原词性:副・自動3;音调:①;オノマトペ"
"チンパンジー","チンパンジー","黑猩猩","名词","ヒトはゴリラよりチンパンジーに近い","比起大猩猩来，人更接近黑猩猩","N2","eggrolls;N2中频;原词性:名;音调:③;カタカナ語"
"デメリット","デメリット","不利之处","名词","メリットとデメリット","有利之处和不利之处","N2","eggrolls;N2中频;原词性:名;音调:②;カタカナ語"
"トータル","トータル","合计；整体的","な形容词/サ变动词/名词","得点をトータルする","总计得分","N2","eggrolls;N2低频;原词性:ナ形・他動3・名;音调:①;カタカナ語"
"どろどろ","どろどろ","到处是泥；黏糊；错综复杂","副词/サ变动词/な形容词","アイスクリームがどろどろになった","冰激凌化得黏糊糊的","N2","eggrolls;N2低频;原词性:副①・自動3①・ナ形⓪;音调:①⓪;オノマトペ"
"なぞらえる","なぞらえる","比作；模仿","动词/他动词/一段动词","人生を山登りになぞらえる","把人生比作登山","N2","eggrolls;N2低频;原词性:他動2;音调:④"
"なぞる","なぞる","（在已经写好的字、画上）描，描摹；模仿","动词/他动词/五段动词","指で文字をなぞる","用手指描摹文字","N2","eggrolls;N2低频;原词性:他動1;音调:②"
"にじみ出る","にじみでる","渗透出来；流露出来","动词/自动词/一段动词","汗がにじみ出る","渗出汗来","N2","eggrolls;N2低频;原词性:自動2;音调:④"
"ノルマ","ノルマ","（工作）定额，指标","名词","ノルマを達成する","完成指标","N2","eggrolls;N2中频;原词性:名;音调:①;カタカナ語"
"ハードル","ハードル","跨栏；难关","名词","ハードルを越える","跨越难关","N2","eggrolls;N2中频;原词性:名;音调:⓪;カタカナ語"
"ピーク","ピーク","山顶；最高峰","名词","疲労がピークに達する","极其疲惫","N2","eggrolls;N2中频;原词性:名;音调:①;カタカナ語"
"ビジョン","ビジョン","对未来的设想","名词","ビジョンが見えない","看不到未来","N2","eggrolls;N2中频;原词性:名;音调:①;カタカナ語"
"ふさふさ","ふさふさ","（花、头发等大量聚集后下垂状）一簇簇","副词/サ变动词","猫の尻尾がふさふさしている","猫的尾巴毛茸茸的","N2","eggrolls;N2中频;原词性:副・自動3;音调:②①;オノマトペ"
"ブランド","ブランド","商标，品牌","名词","偽ブランド","假冒名牌","N2","eggrolls;N2中频;原词性:名;音调:⓪;カタカナ語"
"プレゼンテーション","プレゼンテーション","公开演示，发表，方案，企画","名词","計画の具体案をプレゼンテーションする","演示计划的具体方案","N2","eggrolls;N2高频;原词性:名;音调:⑤;カタカナ語"
"プレッシャー","プレッシャー","（精神方面的）压力","名词","プレッシャーがかかる","感到有压力；承受压力","N2","eggrolls;N2中频;原词性:名;音调:②⓪;カタカナ語"
"ぶれる","ぶれる","偏移；（摄影时）晃动","动词/自动词/一段动词","観測位置がぶれる","观测位置偏移","N2","eggrolls;N2中频;原词性:自動2;音调:②"
"ヘアスタイル","ヘアスタイル","发型","名词","ヘアスタイルを変える","改变发型","N2","eggrolls;N2低频;原词性:名;音调:④;カタカナ語"
"まんざら","まんざら","（并非）完全，（未必）一定","副词","まんざらでたらめというわけでもない","并不完全是胡闹的","N2","eggrolls;N2低频;原词性:副;音调:⓪"
"もやもや","もやもや","［副・自動3］（因热气而）模糊不清；（心情）不舒畅；［名］心结","副词/サ变动词/名词","湯気でもやもやして見えない","因为雾气而看不清楚","N2","eggrolls;N2低频;原词性:副①・自動3①・名⓪;音调:①⓪;オノマトペ"
"やり抜く","やりぬく","干到底","动词/他动词/五段动词","どんな困難でもやり抜くと決心した","决心无论遇到什么困难都要坚持到底","N2","eggrolls;N2中频;原词性:他動1;音调:③"
"ゆえに","ゆえに","所以，故而","接续词","危険が大きすぎる。ゆえに反対せざるを得ない","风险太大了，因此我不得不反对","N2","eggrolls;N2中频;原词性:接;音调:②"
"ライフスタイル","ライフスタイル","生活方式","名词","ライフスタイルを変える","改变生活方式","N2","eggrolls;N2中频;原词性:名;音调:⑤;カタカナ語"
"リクエスト","リクエスト","要求；（听众，观众）点播节目","サ变动词/名词","聴衆のリクエストに応じる","满足听众的要求","N2","eggrolls;N2中频;原词性:他動3・名;音调:③;カタカナ語"
"レール","レール","铁轨；轨道；为了使事情顺利进行而做的准备","名词","レールを敷く","铺设铁轨；铺好道路","N2","eggrolls;N2低频;原词性:名;音调:⓪;カタカナ語"
"レトルト食品","れとるとしょくひん","真空包装食品，即食食品","名词","レトルト食品は便利だが、栄養面で心配がある","方便食品虽然方便，但在营养方面有所担忧","N2","eggrolls;N2低频;原词性:名;音调:⑤;カタカナ語"
"わきまえる","わきまえる","分辨（是非曲直）","动词/他动词/一段动词","物事のよしあしをわきまえる","分辨事物的好坏","N2","eggrolls;N2低频;原词性:他動2;音调:④③"
"悪影響","あくえいきょう","坏影响","名词","スマホの過度な使用は子供に悪影響を及ぼす","手机的过度使用对孩子产生不良影响","N2","eggrolls;N2中频;原词性:名;音调:③"
"圧倒的","あっとうてき","压倒的，绝对的","な形容词","圧倒的な勝利","压倒性的胜利","N2","eggrolls;N2中频;原词性:ナ形;音调:⓪"
"宛て","あて","寄给……，发给……","接尾词","会社宛ての手紙","寄给公司的信件","N2","eggrolls;N2低频;原词性:接尾;音调:⓪"
"暗闇","くらやみ","漆黑，黑暗；暗处；（前途）黯淡","名词","暗闇の中に消える","消失在黑暗中","N2","eggrolls;N2低频;原词性:名;音调:⓪"
"闇雲","やみくも","胡乱，随便，盲目","な形容词/名词","闇雲に突っ走る","胡乱地往前冲；横冲直撞","N2","eggrolls;N2中频;原词性:ナ形・名;音调:⓪"
"威嚇","いかく","威吓","名词/サ变动词","犬が牙をむいて人を威嚇する","狗龇牙咧嘴地吓唬人","N2","eggrolls;N2中频;原词性:名・他動3;音调:⓪"
"違和感","いわかん","不协调的感觉，异样的感觉","名词","違和感を感じる","感到不协调；感到不对劲","N2","eggrolls;N2中频;原词性:名;音调:②"
"一角","いっかく","一角，一隅；一个角；一根角","名词","市場の一角に新しい店ができた","市场的一角开了家新店","N2","eggrolls;N2低频;原词性:名;音调:④⓪"
"一抹","いちまつ","一抹；一丝，些许","名词","一抹の不安","一丝不安","N2","eggrolls;N2低频;原词性:名;音调:⓪"
"引き込む","ひきこむ","拉进来；引诱进来；吸引人心","动词/他动词/五段动词","電線を引き込む","拉电线进来","N2","eggrolls;N2低频;原词性:他動1;音调:③"
"飲み込み","のみこみ","接受，领会","名词","飲み込みが早い・悪い","理解快/慢","N2","eggrolls;N2低频;原词性:名;音调:⓪"
"隠れ家","かくれが","隐居之处，隐匿处","名词","容疑者の隠れ家を発見する","发现嫌犯的藏身之处","N2","eggrolls;N2低频;原词性:名;音调:③"
"奥深い","おくふかい","幽深；深奥的","い形容词","奥深い森林","幽深的森林","N2","eggrolls;N2低频;原词性:イ形;音调:④"
"押し付ける","おしつける","用力按，按住；强加于人","动词/他动词/一段动词","石で漬物を押し付ける","用石头把咸菜压上","N2","eggrolls;N2高频;原词性:他動2;音调:④"
"下位","かい","（地位、名次、等级）低","名词","下位の選手","成绩不佳的运动员","N2","eggrolls;N2低频;原词性:名;音调:①"
"何ら","なんら","（后接否定）任何，丝毫","副词","何ら心配はない","完全不用担心","N2","eggrolls;N2中频;原词性:副;音调:①⓪"
"何らか","なんらか","稍微，一些","副词/名词","何らかの措置を講ずる","采取一些措施","N2","eggrolls;N2中频;原词性:副・名;音调:①④⓪"
"歌詞","かし","歌词","名词","歌詞を覚える","记住歌词","N2","eggrolls;N2高频;原词性:名;音调:①"
"箇条","かじょう","条款，项目","名词","三箇条の要求","三条要求","N2","eggrolls;N2低频;原词性:名;音调:⓪"
"花粉","かふん","花粉","名词","花粉アレルギーがある","对花粉过敏","N2","eggrolls;N2低频;原词性:名;音调:⓪"
"過酷","かこく","过于苛刻，过于残酷","な形容词","過酷な労働を強いられる","被迫做残酷的劳动","N2","eggrolls;N2低频;原词性:ナ形;音调:⓪"
"芽生える","めばえる","（植物、事情、感情等）发芽，萌芽","动词/自动词/一段动词","草木が芽生える","草木发芽","N2","eggrolls;N2中频;原词性:自動2;音调:③②"
"回りくどい","まわりくどい","不直截了当，转弯抹角的","い形容词","回りくどい言い方","拐弯抹角的说法","N2","eggrolls;N2低频;原词性:イ形;音调:⑤"
"回路","かいろ","电路，回路，线路","名词","集積回路","集成电路","N2","eggrolls;N2低频;原词性:名;音调:①"
"改訂","かいてい","（书籍、文件等）修订","名词/サ变动词","辞書の改訂版","词典的修订版","N2","eggrolls;N2低频;原词性:名・他動3;音调:⓪"
"海上","かいじょう","海上","名词","海上交通","海上交通","N2","eggrolls;N2低频;原词性:名;音调:⓪"
"開封","かいふう","开封，拆开","サ变动词/名词","手紙を開封する","打开信件","N2","eggrolls;N2中频;原词性:他動3・名;音调:⓪"
"格段","かくだん","格外，特别","名词/な形容词/副词","格段の注意が必要だ","需要格外注意","N2","eggrolls;N2中频;原词性:名・ナ形・副;音调:⓪"
"たまらない","たまらない","（好坏事均可用）不堪的，忍受不了的","连语","この痛みはたまらない","这种痛苦难以忍受","N2","eggrolls;N2高频;原词性:連語;音调:⓪"
"完備","かんび","完备，完善","名词/サ变动词","施設が完備する","设备齐全","N2","eggrolls;N2低频;原词性:名・自他動3;音调:①"
"感じ取る","かんじとる","感受到，感觉到","动词/他动词/五段动词","舌で味を感じ取る","用舌头品尝味道","N2","eggrolls;N2高频;原词性:他動1;音调:④"
"感性","かんせい","感受性，感性","名词","感性が豊かだ","感受性丰富","N2","eggrolls;N2中频;原词性:名;音调:①"
"含み","ふくみ","含有，内含；暗示","名词","含みのある言い方をする","话中有话","N2","eggrolls;N2中频;原词性:名;音调:③"
"危機感","ききかん","危机感","名词","この問題に対する危機感が欠けている","对这个问题缺乏危机感","N2","eggrolls;N2低频;原词性:名;音调:②"
"寄り道","よりみち","顺路去","名词/サ变动词","家に帰る途中で友達の家に寄り道する","在回家的路上顺道去朋友家","N2","eggrolls;N2低频;原词性:名・自動3;音调:⓪"
"寄付","きふ","捐助，捐赠","サ变动词/名词","売り上げの一部を寄付する","将一部分的销售额捐出去","N2","eggrolls;N2高频;原词性:他動3・名;音调:①"
"機種","きしゅ","机种，种类","名词","新機種を発売する","发布新机型","N2","eggrolls;N2低频;原词性:名;音调:①"
"気力","きりょく","元气，精力","名词","気力を取り戻す","恢复元气","N2","eggrolls;N2中频;原词性:名;音调:⓪①"
"貴社","きしゃ","贵公司","名词","貴社の成功を心からお祝いします","衷心祝贺贵公司取得成功","N2","eggrolls;N2中频;原词性:名;音调:①②"
"貴店","きてん","贵商店","名词","貴店ますますご隆昌の段お喜び申し上げます","谨祝贵店生意兴隆","N2","eggrolls;N2中频;原词性:名;音调:①"
"輝かしい","かがやかしい","耀眼的；辉煌的，灿烂的","い形容词","輝かしい王冠を戴く","头戴闪耀的王冠","N2","eggrolls;N2中频;原词性:イ形;音调:⑤"
"逆らう","さからう","逆；违抗","动词/自动词/五段动词","風に逆らって進む","迎风前进；顶风前进","N2","eggrolls;N2中频;原词性:自動1;音调:③"
"休止","きゅうし","休止，停止","名词/サ变动词","運航を休止する","停运","N2","eggrolls;N2中频;原词性:名・自他動3;音调:⓪"
"急増","きゅうぞう","急剧增加","名词/サ变动词","この地域の人口が最近急増している","这个地区的人口最近急剧增加","N2","eggrolls;N2中频;原词性:名・自他動3;音调:⓪"
"共有","きょうゆう","共有，共享","サ变动词/名词","共有の財産","共同财产","N2","eggrolls;N2高频;原词性:他動3・名;音调:⓪"
"強風","きょうふう","强风，大风","名词","強風が船の進路を妨げた","强风阻碍了船的航行","N2","eggrolls;N2低频;原词性:名;音调:⓪③"
"矯正","きょうせい","矫正","名词/サ变动词","歯並びを矯正する","矫正牙齿","N2","eggrolls;N2低频;原词性:名・他動3;音调:⓪"
"極まりない","きわまりない","极其的","い形容词","無礼極まりない","极不礼貌","N2","eggrolls;N2中频;原词性:イ形;音调:⑤"
"駆られる","かられる","受……驱使","连语","不安に駆られて、つい電話をした","心里感到不安，忍不住打了个电话","N2","eggrolls;N2低频;原词性:連語;音调:⓪"
"かがむ","かがむ","弯腰；蹲下","动词/自动词/五段动词","かがんで歩く","弯着腰走","N2","eggrolls;N2中频;原词性:自動1;音调:⓪"
"恵み","めぐみ","恩惠","名词","恵みを施す","施恩","N2","eggrolls;N2低频;原词性:名;音调:⓪"
"劇的","げきてき","戏剧性的","な形容词","劇的な勝利","戏剧性的胜利","N2","eggrolls;N2中频;原词性:ナ形;音调:⓪"
"決まり文句","きまりもんく","口头禅，套话","名词","「勉強しなさい」が母の決まり文句だ","“好好读书”是母亲的口头禅","N2","eggrolls;N2低频;原词性:名;音调:④"
"決断力","けつだんりょく","决断力，魄力","名词","決断力に富む","富于决策能力","N2","eggrolls;N2低频;原词性:名;音调:③"
"決着","けっちゃく","解决，了结","名词/サ变动词","論争に決着をつける","解决争端","N2","eggrolls;N2中频;原词性:名・自動3;音调:⓪"
"検察","けんさつ","检察","名词/サ变动词","検察官","检察官","N2","eggrolls;N2低频;原词性:名・他動3;音调:⓪"
"検診","けんしん","检查疾病，诊察","名词/サ变动词","定期検診","定期检查","N2","eggrolls;N2低频;原词性:名・他動3;音调:⓪"
"見張る","みはる","（「目を見張る」の形で）瞠目而视；监视","动词/他动词/五段动词","目を見張る","瞠目结舌","N2","eggrolls;N2低频;原词性:他動1;音调:⓪"
"見放す","みはなす","断绝关系，抛弃","动词/他动词/五段动词","家族から見放される","被家人抛弃","N2","eggrolls;N2低频;原词性:他動1;音调:③⓪"
"原作","げんさく","原作，原著","名词","原作を脚色する","改编原著","N2","eggrolls;N2中频;原词性:名;音调:⓪"
"厳守","げんしゅ","严格遵守","サ变动词/名词","規則を厳守する","严格遵守规则","N2","eggrolls;N2低频;原词性:他動3・名;音调:①"
"めりはり","めりはり","张弛，特指语调和文章的抑扬顿挫","名词","声にめりはりをつける","念得抑扬顿挫","N2","eggrolls;N2低频;原词性:名;音调:⓪"
"現時点","げんじてん","目前，现在","名词","現時点での計画はこれです","目前的计划是这个","N2","eggrolls;N2中频;原词性:名;音调:①+①、①+⓪"
"個々","ここ","各个，各自","名词","個々の意見を聞いてみよう","让我们听听每个人的意见","N2","eggrolls;N2中频;原词性:名;音调:①"
"個体","こたい","个体","名词","普通の動物であれば、一つの土地にいるその動物の個体数が増えれば、ある時点で集団の分裂がおこる","如果是普通的动物，当一个地区的个体数量增加到一定程度时就会发生集团的分裂","N2","eggrolls;N2中频;原词性:名;音调:⓪"
"顧客","こきゃく","顾客","名词","顧客のニーズ","顾客的需求","N2","eggrolls;N2中频;原词性:名;音调:⓪"
"後ろ向き","うしろむき","背对；消极","名词/な形容词","後ろ向きに立つ","背对着站","N2","eggrolls;N2低频;原词性:名・ナ形;音调:⓪"
"後戻り","あともどり","（空间或时间上）倒退；（学习、经济等）退步","名词/サ变动词","今来た道を後戻りして捜す","沿着刚才来的路回去找","N2","eggrolls;N2低频;原词性:名・自動3;音调:③"
"語りかける","かたりかける","告诉，诉说","动词/自他动词/一段动词","熱っぽく語りかける","热情地倾诉","N2","eggrolls;N2中频;原词性:自他動2;音调:⑤"
"工科","こうか","工科，工学院","名词","工科大学","工科大学","N2","eggrolls;N2低频;原词性:名;音调:①"
"抗体","こうたい","抗体","名词","抗体を獲得する","获得抗体","N2","eggrolls;N2低频;原词性:名;音调:⓪"
"控えめ","ひかえめ","谦虚，谨慎；节制","な形容词/名词","控えめな態度","谦虚的态度","N2","eggrolls;N2低频;原词性:ナ形・名;音调:⓪④"
"攻め","せめ","进攻，攻击","名词","守りから攻めに転じる","转守为攻","N2","eggrolls;N2低频;原词性:名;音调:②"
"更新","こうしん","更新，革新","名词/サ变动词","ソフトウェアを更新する","更新软件","N2","eggrolls;N2中频;原词性:名・自他動3;音调:⓪"
"江戸","えど","江户","名词","江戸時代にさかのぼる","追溯到江户时代","N2","eggrolls;N2低频;原词性:名;音调:⓪"
"考え込む","かんがえこむ","沉思","动词/自他动词/五段动词","これを聞いて考え込んでしまった","听到这个，我陷入了沉思","N2","eggrolls;N2中频;原词性:自他動1;音调:⑤⓪"
"考え出す","かんがえだす","想出来；开始考虑","动词/他动词/五段动词","解決策を考え出す","想出解决方案","N2","eggrolls;N2中频;原词性:他動1;音调:⑤⓪"
"行き詰まる","いきづまる","走到尽头，行不通；停滞不前，陷入僵局","动词/自动词/五段动词","袋小路で行き詰まる","走入死胡同","N2","eggrolls;N2低频;原词性:自動1;音调:④"
"高み","たかみ","高处","名词","高みから見下ろす","从高处俯视","N2","eggrolls;N2低频;原词性:名;音调:⓪①"
"高温","こうおん","高温","名词","高温の日が続く","高温天气持续","N2","eggrolls;N2低频;原词性:名;音调:⓪"
"高齢","こうれい","高龄；65岁以上的老人","名词","高齢の人口が増えている","高龄人口在增加","N2","eggrolls;N2高频;原词性:名;音调:⓪"
"込み入る","こみいる","错综复杂","动词/自动词/五段动词","込み入った事情","错综复杂的情况","N2","eggrolls;N2低频;原词性:自動1;音调:③⓪"
"今や","いまや","正是现在；如今，当今；眼看就","副词","今や決起すべき時だ","现在正是起义之时","N2","eggrolls;N2高频;原词性:副;音调:①"
"根強い","ねづよい","根深蒂固的，不易动摇的","い形容词","根強い偏見","根深蒂固的偏见","N2","eggrolls;N2低频;原词性:イ形;音调:③"
"根性","こんじょう","性情，秉性；毅力","名词","卑しい根性","卑鄙的品性","N2","eggrolls;N2低频;原词性:名;音调:①"
"根本的","こんぽんてき","根本的","な形容词","根本的な問題","最根本的问题","N2","eggrolls;N2高频;原词性:ナ形;音调:⓪"
"梱包","こんぽう","包装并捆扎，打包","名词/サ变动词","荷物を梱包する","将行李打包","N2","eggrolls;N2低频;原词性:名・他動3;音调:⓪"
"差し入れ","さしいれ","向监狱送生活用品；（送给闭门工作者的）慰劳品","サ变动词/名词","上司からケーキの差し入れがあった","上司送来了（慰劳的）蛋糕","N2","eggrolls;N2低频;原词性:他動3・名;音调:⓪"
"差し迫る","さしせまる","临近，迫切","动词/自动词/五段动词","期限が差し迫る","期限迫近","N2","eggrolls;N2低频;原词性:自動1;音调:④⓪"
"座標","ざひょう","坐标","名词","地図上の座標を探す","寻找地图上的坐标","N2","eggrolls;N2低频;原词性:名;音调:⓪"
"再開","さいかい","重新进行，恢复","名词/サ变动词","プロジェクトを再開した","重新开始项目","N2","eggrolls;N2高频;原词性:名・自他動3;音调:⓪"
"最強","さいきょう","最强","名词","史上最強のチーム","史上最强的队伍","N2","eggrolls;N2低频;原词性:名;音调:⓪"
"採集","さいしゅう","搜集，采集","名词/サ变动词","標本を採集する","采集标本","N2","eggrolls;N2中频;原词性:名・他動3;音调:⓪"
"作用","さよう","作用","名词/サ变动词","この薬は副作用がある","这个药有副作用","N2","eggrolls;N2中频;原词性:名・自動3;音调:①"
"昨今","さっこん","近来，最近","名词","昨今の世界情勢","最近的国际形势","N2","eggrolls;N2低频;原词性:名;音调:①"
"冊子","さっし","用线装订的书，也泛指一般的书籍","名词","小冊子","小册子，小书","N2","eggrolls;N2低频;原词性:名;音调:①⓪"
"察知","さっち","察觉","名词/サ变动词","危険を察知する","察觉危险","N2","eggrolls;N2中频;原词性:名・他動3;音调:①⓪"
"仕草","しぐさ","动作，举止，表情","名词","彼女の仕草が可愛い","她的动作很可爱","N2","eggrolls;N2中频;原词性:名;音调:①⓪"
"仕入れ","しいれ","采购，买进","名词","仕入れ先","供货商","N2","eggrolls;N2中频;原词性:名;音调:⓪"
"使いこなす","つかいこなす","熟练掌握，运用自如","动词/他动词/五段动词","パソコンを使いこなす","熟练使用电脑","N2","eggrolls;N2中频;原词性:他動1;音调:⑤"
"市販","しはん","在市场公开出售","名词/サ变动词","市販の薬","在市面上出售的药","N2","eggrolls;N2中频;原词性:名・他動3;音调:⓪"
"思いやり","おもいやり","体贴，关怀","名词","思いやりのある人","会体谅人的人","N2","eggrolls;N2低频;原词性:名;音调:⓪"
"思う存分","おもうぞんぶん","尽情地","副词","思う存分楽しむ","尽情地享受","N2","eggrolls;N2中频;原词性:副;音调:②"
"視力","しりょく","视力","名词","視力検査","视力检查","N2","eggrolls;N2中频;原词性:名;音调:①⓪"
"試み","こころみ","尝试","名词","初めての試み","初次尝试","N2","eggrolls;N2中频;原词性:名;音调:⓪④③"
"試行","しこう","试行，试验","名词/サ变动词","試行期間","试行期间","N2","eggrolls;N2中频;原词性:名・他動3;音调:⓪"
"試行錯誤","しこうさくご","反复试验，反复摸索","サ变动词/名词","試行錯誤を重ねる","反复试验","N2","eggrolls;N2中频;原词性:他動3・名;音调:④"
"似せる","にせる","模仿，伪造","动词/他动词/一段动词","本物に似せて作る","仿照真的做","N2","eggrolls;N2低频;原词性:他動2;音调:⓪"
"慈善","じぜん","慈善，救济","名词","慈善事業","慈善事业","N2","eggrolls;N2中频;原词性:名;音调:⓪"
"自我","じが","自我；个性","名词","自我の形成","自我的形成","N2","eggrolls;N2低频;原词性:名;音调:①"
"自社","じしゃ","自己的公司","名词","自社製品","自家公司的产品","N2","eggrolls;N2中频;原词性:名;音调:①"
"自主","じしゅ","自主","名词","自主の精神","独立自主的精神","N2","eggrolls;N2中频;原词性:名;音调:①"
"自体","じたい","自身","名词","問題自体が難しい","问题本身就很难","N2","eggrolls;N2高频;原词性:名;音调:①"
"主人公","しゅじんこう","主人公","名词","小説の主人公","小说的主人公","N2","eggrolls;N2高频;原词性:名;音调:②"
"取り返す","とりかえす","夺回；挽回","动词/他动词/五段动词","領地を取り返す","夺回领地","N2","eggrolls;N2低频;原词性:他動1;音调:③⓪"
"手違い","てちがい","（事物的步骤或手续）错误，差错","名词","手違いが生じる","出差错","N2","eggrolls;N2低频;原词性:名;音调:②"
"手応え","てごたえ","（撞击，打击时的）手感；（对方对于自己所做之事的）反应","名词","釣り糸に手応えがあった","（鱼上钩时）钓鱼线上有咬钩的感觉","N2","eggrolls;N2低频;原词性:名;音调:②"
"手助け","てだすけ","帮助，搭把手","サ变动词/名词","子供でもいくらかは手助けになる","即使是孩子也能帮上一些忙","N2","eggrolls;N2中频;原词性:他動3・名;音调:②"
"狩り","かり","打猎；采集；观赏","名词","山へ狩りに行く","去山上打猎","N2","eggrolls;N2低频;原词性:名;音调:①"
"収納","しゅうのう","收纳","サ变动词/名词","物をクローゼットに収納する","把东西收纳进衣柜","N2","eggrolls;N2高频;原词性:他動3・名;音调:⓪"
"充満","じゅうまん","充满","名词/サ变动词","坑道にガスが充満する","矿井里充满了瓦斯","N2","eggrolls;N2中频;原词性:名・自動3;音调:⓪"
"柔軟性","じゅうなんせい","柔软性；灵活性","名词","関節の柔軟性を高める体操","增强关节柔韧性的体操","N2","eggrolls;N2中频;原词性:名;音调:⓪"
"重み","おもみ","分量；威信","名词","雪の重みで家が倒壊した","沉重的积雪压塌了房屋","N2","eggrolls;N2中频;原词性:名;音调:⓪"
"出願","しゅつがん","申请，申报志愿","名词/サ变动词","特許を出願する","申请专利","N2","eggrolls;N2低频;原词性:名・自他動3;音调:⓪"
"出社","しゅっしゃ","上班","名词/サ变动词","9時に出社する","九点到公司上班","N2","eggrolls;N2低频;原词性:名・自動3;音调:⓪"
"出店","しゅってん","开店","名词/サ变动词","デパ地下に出店する","在百货商场的地下一层开店","N2","eggrolls;N2低频;原词性:名・自他動3;音调:⓪"
"順位","じゅんい","顺序，等级，名次","名词","コンテストで順位を競う","在比赛中争夺排名","N2","eggrolls;N2高频;原词性:名;音调:①"
"少人数","しょうにんずう","人数少","名词","このクラスは少人数で授業が行われる","这个班级是小班授课","N2","eggrolls;N2中频;原词性:名;音调:③"
"照れくさい","てれくさい","害羞，难为情","い形容词","人前でほめられると照れくさい","在人前被称赞会感到害羞","N2","eggrolls;N2低频;原词性:イ形;音调:④"
"職種","しょくしゅ","（职业或职务的）种类","名词","公務員は不景気に強い職種と思われるらしく、不況時に志願者が増える","公务员似乎是被认为在经济不景气时很稳定的职业，所以当经济不好的时候报考人数就会增加","N2","eggrolls;N2低频;原词性:名;音调:⓪"
"触れ合う","ふれあう","接触；（心灵的）碰撞","动词/自动词/五段动词","手と手が触れ合った","手碰了手","N2","eggrolls;N2高频;原词性:自動1;音调:③"
"新品","しんぴん","新商品","名词","新品の車を買った","买了一辆新车","N2","eggrolls;N2中频;原词性:名;音调:⓪"
"深み","ふかみ","深处；深度","名词","悪の深みにずるずると落ちていく","越来越深地陷入罪恶的深渊","N2","eggrolls;N2低频;原词性:名;音调:③⓪②"
"真","しん","真的，真正","名词","真の学者","真正的学者","N2","eggrolls;N2高频;原词性:名;音调:①"
"数値","すうち","数值","名词","研究結果を数値で示す","以数值呈现研究成果","N2","eggrolls;N2中频;原词性:名;音调:①"
"成否","せいひ","成败，成功与否","名词","プロジェクトの成否は彼の努力にかかっている","项目的成败取决于他的努力","N2","eggrolls;N2低频;原词性:名;音调:①"
"正座","せいざ","端坐","名词/サ变动词","式典で正座して聞いていた","在仪式上正襟危坐听讲","N2","eggrolls;N2中频;原词性:名・自動3;音调:⓪"
"積み重なる","つみかさなる","堆积；积累（疲劳、努力等）","动词/自动词/五段动词","落ち葉が積み重なる","落叶堆积在一起","N2","eggrolls;N2中频;原词性:自動1;音调:⑤"
"責める","せめる","责备，责怪；催促；苛责，折磨","动词/他动词/一段动词","不注意を責める","责备粗心大意","N2","eggrolls;N2中频;原词性:他動2;音调:②"
"折り畳む","おりたたむ","折叠","动词/他动词/五段动词","着物をきちんと折り畳む","把和服整齐地叠好","N2","eggrolls;N2中频;原词性:他動1;音调:④⓪"
"折り返し","おりかえし","折回；立即","名词/副词","マラソンの折り返し地点","马拉松长跑的折回点","N2","eggrolls;N2中频;原词性:名・副;音调:⓪"
"説教","せっきょう","（宗教）说教；教训","名词/サ变动词","親に説教される","被父母训斥","N2","eggrolls;N2低频;原词性:名・自他動3;音调:③①"
"先入観","せんにゅうかん","先入为主的观念，成见","名词","先入観を持たずに話を聞くべきだ","应该抛开成见来听这个话题","N2","eggrolls;N2中频;原词性:名;音调:③"
"繊細","せんさい","纤细；（感情）细腻","名词/な形容词","繊細な指","纤纤玉指","N2","eggrolls;N2低频;原词性:名・ナ形;音调:⓪"
"全額","ぜんがく","全额","名词","全額を負担する","全额负担","N2","eggrolls;N2中频;原词性:名;音调:⓪"
"組み込む","くみこむ","排入，编入","动词/他动词/五段动词","予算に接待費を組み込む","把接待费编入预算中","N2","eggrolls;N2中频;原词性:他動1;音调:③"
"惣菜","そうざい","家常的熟食","名词","スーパーで惣菜を買う","在超市买准备好的菜肴","N2","eggrolls;N2中频;原词性:名;音调:⓪"
"相関","そうかん","相关","名词/サ变动词","両者の間には相関関係がある","两者之间有关联","N2","eggrolls;N2低频;原词性:名・自動3;音调:⓪"
"総数","そうすう","总数","名词","人口総数","总人口","N2","eggrolls;N2低频;原词性:名;音调:③"
"送付","そうふ","发送，寄出，送出","名词/サ变动词","カタログを送付する","寄出商品目录","N2","eggrolls;N2中频;原词性:名・他動3;音调:①⓪"
"足腰","あしこし","（支撑运动能力的）腰腿，腿脚","名词","毎日の運動で足腰が強くなった","每天锻炼使得腿脚变得更强壮","N2","eggrolls;N2中频;原词性:名;音调:③②"
"多額","たがく","高额","な形容词/名词","多額の投資を行う","大量投资","N2","eggrolls;N2中频;原词性:ナ形・名;音调:⓪"
"多大","ただい","（数量或程度）巨大","名词/な形容词","多大な成果をあげる","取得巨大的成果","N2","eggrolls;N2中频;原词性:名・ナ形;音调:⓪"
"体外","たいがい","体外","名词","体外受精で子どもを授かった","通过体外受精怀上了孩子","N2","eggrolls;N2低频;原词性:名;音调:①"
"体質","たいしつ","（个人的）体质；（团体的）性质","名词","虚弱体質","体质虚弱","N2","eggrolls;N2低频;原词性:名;音调:⓪"
"体得","たいとく","体会，领会，体验","サ变动词/名词","実践を通じて知識を体得する","通过实践掌握知识","N2","eggrolls;N2低频;原词性:他動3・名;音调:⓪"
"待ち伏せ","まちぶせ","埋伏","サ变动词/名词","敵を待ち伏せする","埋伏等待敌人","N2","eggrolls;N2低频;原词性:他動3・名;音调:⓪"
"代々","だいだい","（世世）代代","名词","この店は代々受け継がれてきた","这家店代代相传","N2","eggrolls;N2低频;原词性:名;音调:①"
"大局","たいきょく","大局","名词","大局を見失ってはいけない","不应失去大局观","N2","eggrolls;N2低频;原词性:名;音调:⓪"
"大別","たいべつ","大致区别","名词/サ变动词","書類を未決と既決に大別する","把文件大致分成未处理的和已处理的","N2","eggrolls;N2低频;原词性:名・他動3;音调:⓪"
"探究","たんきゅう","探究，探求","名词/サ变动词","原因を探究する","探求原因","N2","eggrolls;N2低频;原词性:名・他動3;音调:⓪"
"蓄え","たくわえ","储蓄，积蓄","名词","多少の蓄えはある","有一些积蓄","N2","eggrolls;N2中频;原词性:名;音调:③⓪④"
"腸","ちょう","肠","名词","腸の健康を保つ","保持肠道健康","N2","eggrolls;N2低频;原词性:名;音调:①"
"蝶","ちょう","蝴蝶，蝶类","名词","蝶が花から花へと舞う","蝴蝶在花间飞舞","N2","eggrolls;N2低频;原词性:名;音调:①"
"調理","ちょうり","烹饪，做菜","名词/サ变动词","調理器具","烹饪器具","N2","eggrolls;N2高频;原词性:名・他動3;音调:①"
"追い詰める","おいつめる","追逼，追得走投无路","动词/他动词/一段动词","警察は犯人を追い詰めた","警察将罪犯逼到绝路","N2","eggrolls;N2低频;原词性:他動2;音调:④"
"追い立てる","おいたてる","驱赶，驱逐；催逼，催促","动词/他动词/一段动词","羊の群れを追い立てる","驱赶羊群","N2","eggrolls;N2低频;原词性:他動2;音调:④"
"痛ましい","いたましい","令人痛心的，惨不忍睹的","い形容词","痛ましい無差別殺人事件","令人痛心的随机杀人案件","N2","eggrolls;N2低频;原词性:イ形;音调:④"
"通念","つうねん","普通的想法","名词","社会通念にそぐわない","不符合人们普遍的想法","N2","eggrolls;N2低频;原词性:名;音调:①"
"低温","ていおん","低温","名词","低温貯蔵","低温贮藏","N2","eggrolls;N2低频;原词性:名;音调:⓪"
"締めくくる","しめくくる","扎紧；总结；监督","动词/他动词/五段动词","柴を締めくくる","捆柴","N2","eggrolls;N2低频;原词性:他動1;音调:④⓪"
"敵う","かなう","匹敌，并肩","动词/自动词/五段动词","水泳でかれに敵う者はいない","在游泳方面，没有人能与他匹敌","N2","eggrolls;N2中频;原词性:自動1;音调:②"
"適う","かなう","符合，合乎","动词/自动词/五段动词","条件に適う人","符合条件的人","N2","eggrolls;N2中频;原词性:自動1;音调:②"
"適性","てきせい","适于某人的性质、资质、才能；适应性","名词","職業適性検査","职业适应性测试","N2","eggrolls;N2中频;原词性:名;音调:⓪"
"添加","てんか","添加","サ变动词/名词","食品添加物","食品添加剂","N2","eggrolls;N2中频;原词性:他動3・名;音调:①⓪"
"伝票","でんぴょう","单据，票据","名词","伝票を切る","开票据","N2","eggrolls;N2低频;原词性:名;音调:⓪"
"途方もない","とほうもない","荒唐，毫无道理；出奇，非比寻常","成句","途方もないことを言う","说些荒唐的话","N2","eggrolls;N2中频;原词性:成句;音调:⑤"
"土俵","どひょう","相扑比赛场；（比喻）进行议论、对决的场所","名词","土俵に上がる","力士上场；决胜负","N2","eggrolls;N2低频;原词性:名;音调:⓪"
"投函","とうかん","投函，投进邮筒，寄出","サ变动词/名词","手紙をポストに投函する","将信件投入邮筒","N2","eggrolls;N2低频;原词性:他動3・名;音调:⓪"
"踏み出す","ふみだす","踏出（场所、新的一步）","动词/他动词/五段动词","新しい一歩を踏み出すのは時に勇気がいる","踏出新的一步有时需要勇气","N2","eggrolls;N2低频;原词性:他動1;音调:③"
"頭ごなし","あたまごなし","劈头盖脸，毫不留情，不容分说","名词","頭ごなしにしかりつける","劈头盖脸地训斥","N2","eggrolls;N2低频;原词性:名;音调:④"
"どうりで","どうりで","怪不得，当然","副词","「え、マイナス3度？どうりで寒いわけだ」","“啊，零下3度？怪不得这么冷”","N2","eggrolls;N2低频;原词性:副;音调:③①"
"突き詰める","つきつめる","追究（真相等）；苦思冥想","动词/他动词/一段动词","問題の本質を突き詰める","探究问题的本质","N2","eggrolls;N2中频;原词性:他動2;音调:④"
"突き進む","つきすすむ","勇往直前","动词/自动词/五段动词","困難にもめげずに突き進む","不畏困难勇往直前","N2","eggrolls;N2中频;原词性:自動1;音调:④"
"突拍子もない","とっぴょうしもない","越出常轨，异常","成句","突拍子もないことを言う","说一些骇人听闻的话","N2","eggrolls;N2低频;原词性:成句;音调:⑦"
"内蔵","ないぞう","内置","サ变动词/名词","このスマートフォンは大容量のバッテリーを内蔵している","这款智能手机内置了大容量电池","N2","eggrolls;N2低频;原词性:他動3・名;音调:⓪"
"二酸化炭素","にさんかたんそ","二氧化碳，CO2","名词","二酸化炭素の排出量を減らす必要がある","需要减少二氧化碳的排放量","N2","eggrolls;N2中频;原词性:名;音调:⑤"
"入居","にゅうきょ","住进，搬进","名词/サ变动词","入居者募集","招募房客","N2","eggrolls;N2中频;原词性:名・自動3;音调:⓪"
"任す","まかす","任凭；委托","动词/他动词/五段动词","大事な仕事を任される","被委以重任","N2","eggrolls;N2低频;原词性:他動1;音调:②"
"念","ねん","念头；注意","名词","不快の念をいだく","怀着不快的心情","N2","eggrolls;N2低频;原词性:名;音调:①⓪"
"濃厚","のうこう","（颜色、味道、香气、成分等）浓厚，浓重；很可能；（爱意表达）强烈","な形容词","このチーズケーキの味は濃厚だ","这个芝士蛋糕的味道很浓郁","N2","eggrolls;N2中频;原词性:ナ形;音调:⓪"
"納品","のうひん","交货","名词/サ变动词","約束どおりに納品する","如约交货","N2","eggrolls;N2高频;原词性:名・自他動3;音调:⓪"
"脳","のう","脑；头脑","名词","脳ドック","脑部精密检查","N2","eggrolls;N2高频;原词性:名;音调:①"
"敗者","はいしゃ","败者","名词","敗者復活戦","（败者的）复活赛","N2","eggrolls;N2低频;原词性:名;音调:①"
"背景","はいけい","背景；背后","名词","富士山を背景に写真を撮る","以富士山为背景拍照","N2","eggrolls;N2中频;原词性:名;音调:⓪"
"配役","はいやく","（电影）分配角色","名词","配役表","演员表","N2","eggrolls;N2低频;原词性:名;音调:⓪"
"発散","はっさん","发散，散发","名词/サ变动词","ストレスを発散する","消除压力","N2","eggrolls;N2低频;原词性:名・自他動3;音调:⓪"
"抜け落ちる","ぬけおちる","（头发、羽毛等）掉落；欠缺","动词/自动词/一段动词","髪の毛が抜け落ちる","掉头发","N2","eggrolls;N2低频;原词性:自動2;音调:④"
"判","はん","图章；（纸张大小）开数","名词","判を彫る","刻图章","N2","eggrolls;N2中频;原词性:名;音调:①"
"半数","はんすう","半数","名词","参加者の半数が賛成票を投じた","参与者的半数投了赞成票","N2","eggrolls;N2中频;原词性:名;音调:③"
"肥える","こえる","肥胖；肥沃；鉴赏力强","动词/自动词/一段动词","まるまると肥えた子犬","圆滚滚的胖小狗","N2","eggrolls;N2低频;原词性:自動2;音调:②"
"備え付ける","そなえつける","（将必须品放在固定位置以便随时取用）备置","动词/他动词/一段动词","すべての部屋に消火器を備え付ける必要がある","所有房间都需要配备灭火器","N2","eggrolls;N2低频;原词性:他動2;音调:⑤⓪"
"百科","ひゃっか","百科；百科辞典","名词","百科全書","百科全书","N2","eggrolls;N2中频;原词性:名;音调:①"
"票","ひょう","票，选票","名词","選挙で票を投じる","在选举中投票","N2","eggrolls;N2低频;原词性:名;音调:⓪"
"不具合","ふぐあい","状况不佳，故障","な形容词/名词","機械に不具合が生じた","机械出现了故障","N2","eggrolls;N2低频;原词性:ナ形・名;音调:②"
"不得手","ふえて","不擅长；不习惯","名词/な形容词","不得手な分野","不擅长的领域","N2","eggrolls;N2低频;原词性:名・ナ形;音调:②①"
"封","ふう","（信）封，订线处，封口","名词","手紙の封を切る","拆信封","N2","eggrolls;N2低频;原词性:名;音调:①"
"分裂","ぶんれつ","分裂","名词/サ变动词","グループが2つに分裂する","团队分裂成两部分","N2","eggrolls;N2低频;原词性:名・自動3;音调:⓪"
"平常心","へいじょうしん","平常心","名词","平常心を保つ","保持平常心","N2","eggrolls;N2中频;原词性:名;音调:③"
"偏り","かたより","偏，偏向；偏颇，偏倚","名词","栄養の偏りがひどい","营养严重不均衡","N2","eggrolls;N2中频;原词性:名;音调:⓪④"
"変形","へんけい","变形","名词/サ变动词","圧力によって容器が変形した","容器因压力而变形","N2","eggrolls;N2中频;原词性:名・自他動3;音调:⓪"
"片〜","かた〜","两个里的一个；偏向一方，偏执；不完全","接头词","片手","一只手","N2","eggrolls;N2低频;原词性:接頭;音调:①②"
"返金","へんきん","还钱；退钱","名词/サ变动词","彼に返金した","把钱还给了他","N2","eggrolls;N2中频;原词性:名・自他動3;音调:⓪"
"捕らわれる","とらわれる","被逮捕；受束缚","动词/自动词/一段动词","敵に捕らわれる","被敌人俘虏","N2","eggrolls;N2中频;原词性:自動2;音调:④"
"法的","ほうてき","法律上","な形容词/名词","法的手続きを経て問題を解決する","通过法律程序解决问题","N2","eggrolls;N2低频;原词性:ナ形・名;音调:⓪"
"本業","ほんぎょう","本职工作","名词","彼は本業のかたわらで音楽もやっている","他在主业之余也搞音乐","N2","eggrolls;N2低频;原词性:名;音调:⓪"
"本心","ほんしん","本心，真心；良心","名词","本心を打ち明ける","表明真心","N2","eggrolls;N2中频;原词性:名;音调:①"
"本番","ほんばん","正式开拍，正式广播，正式表演","名词","本番に向けて準備をしている","正在为正式表演做准备","N2","eggrolls;N2低频;原词性:名;音调:⓪"
"埋め込む","うめこむ","埋入，嵌入","动词/他动词/五段动词","天井にスピーカーを埋め込む","将扬声器嵌入天花板","N2","eggrolls;N2低频;原词性:他動1;音调:③"
"味わい","あじわい","味道；趣味","名词","料理に季節の味わいをそえる","给菜肴添上季节的风味","N2","eggrolls;N2中频;原词性:名;音调:③⓪"
"未経験","みけいけん","没有经历，没有经验","な形容词/名词","ダイビングはまだ未経験だ","还没潜过水","N2","eggrolls;N2中频;原词性:ナ形・名;音调:②"
"無縁","むえん","无缘，没有关系；死后无亲人祭祀","名词/な形容词","政治には無縁だ","与政治没有缘分","N2","eggrolls;N2中频;原词性:名・ナ形;音调:⓪"
"無条件","むじょうけん","无条件","名词","無条件で彼を支持する","无条件支持他","N2","eggrolls;N2低频;原词性:名;音调:②"
"模型","もけい","模型","名词","模型飛行機","模型飞机","N2","eggrolls;N2中频;原词性:名;音调:⓪"
"有史","ゆうし","有史，有史以来","名词","有史以来の大発見","史无前例的重大发现","N2","eggrolls;N2低频;原词性:名;音调:①"
"有力者","ゆうりょくしゃ","有势力者；权威人士","名词","地域の有力者","地区的有影响力人士","N2","eggrolls;N2低频;原词性:名;音调:③④"
"遊び心","あそびごころ","（抛开效率和实用性去享受的）悠闲的心情；玩心","名词","遊び心で油絵を始める","因为好玩而开始画油画","N2","eggrolls;N2低频;原词性:名;音调:④"
"容姿","ようし","姿容，长相","名词","彼の容姿に惹かれた","被他的外貌吸引","N2","eggrolls;N2高频;原词性:名;音调:①"
"要する","ようする","需要","サ变动词","注意を要する","需要注意","N2","eggrolls;N2高频;原词性:他動3;音调:③"
"欲求","よっきゅう","欲求，欲望","サ变动词/名词","人間の基本的な欲求","人类基本的欲望","N2","eggrolls;N2中频;原词性:他動3・名;音调:⓪"
"頼もしい","たのもしい","可靠的，靠得住的；有出息的","い形容词","彼は本当に頼もしい友人だ","他真是一个可靠的朋友","N2","eggrolls;N2中频;原词性:イ形;音调:④"
"落とし穴","おとしあな","陷阱；阴谋诡计","名词","オオカミが落とし穴に落ちた","狼掉进了陷阱","N2","eggrolls;N2低频;原词性:名;音调:③"
"立ち並ぶ","たちならぶ","（建筑物等）林立；匹敌","动词/自动词/五段动词","商家の立ち並ぶ町","商店林立的街道","N2","eggrolls;N2低频;原词性:自動1;音调:④⓪"
"寮生","りょうせい","住宿生，寄宿生","名词","寮生を募集する","招募住宿生","N2","eggrolls;N2低频;原词性:名;音调:⓪"
"臨む","のぞむ","面临；直面；出席","动词/自动词/五段动词","難局に臨む","面临困难局面","N2","eggrolls;N2低频;原词性:自動1;音调:⓪"
"論理的","ろんりてき","有逻辑","な形容词","論理的な説明を求める","要求一个合乎逻辑的解释","N2","eggrolls;N2中频;原词性:ナ形;音调:⓪"
"運賃","うんちん","（物的）运费，（人的）车费","名词","地下鉄の旅客運賃が改正された","地铁的车票价调整了","N2","eggrolls;N2中频;原词性:名;音调:①"
"お気に入り","おきにいり","喜欢（的人或东西）","名词","お気に入りのおもちゃ","心爱的玩具","N2","eggrolls;N2中频;原词性:名;音调:⓪"
"鈍い","にぶい","钝，不快；迟钝；暗淡，不清晰","い形容词","小刀が鈍くて切れない","小刀不快切不动","N2","eggrolls;N2高频;原词性:イ形;音调:②"
"一斉に","いっせいに","一齐，同时","副词","選手たちが一斉にスタートする","选手们同时起跑","N2","eggrolls;N2高频;原词性:副;音调:⓪"
"拝む","おがむ","（合掌）拜","动词/他动词/五段动词","手を合わせて拝む","合掌礼拜；作揖","N2","eggrolls;N2低频;原词性:他動1;音调:②"
"途端","とたん","正当……时候；刚一……时候","名词","立ち上がった途端に頭をぶつけた","一站起来把头碰了","N2","eggrolls;N2高频;原词性:名;音调:⓪"
"しんと","しんと","静悄悄，鸦雀无声","副词/サ变动词","あたりはしんと静まり返っている","周围一片寂静","N2","eggrolls;N2低频;原词性:副・自動3;音调:⓪;オノマトペ"
"界","かい","……界","接尾词","いまや実業界の大物である","现在是实业界的大人物","N2","eggrolls;N2低频;原词性:接尾"
"好ましい","このましい","令人满意","い形容词","好ましくない印象","不太好的印象","N2","eggrolls;N2中频;原词性:イ形;音调:④"
"情","じょう","情，感情；情面，人情；同情；爱情，情爱","名词","ついつい情に流されてしまう","不知不觉地被感情驱使","N2","eggrolls;N2中频;原词性:名;音调:⓪"
"振り返る","ふりかえる","回头看；回顾","动词/他动词/五段动词","彼女は振り返っていつまでも手を振っていた","她回过头来，不停地挥着手","N2","eggrolls;N2高频;原词性:他動1;音调:③"
"韓国","かんこく","韩国","名词","韓国人","韩国人","N2","eggrolls;N2低频;原词性:名;音调:①"
"遭う","あう","遇到（不好的事情）","动词/自动词/五段动词","交通事故に遭う","遭遇交通事故","N2","eggrolls;N2低频;原词性:自動1;音调:①"
"鎮める","しずめる","镇定，平息（混乱）；镇，止住（疼痛）","动词/他动词/一段动词","混乱を鎮める","制止混乱","N2","eggrolls;N2低频;原词性:他動2;音调:③"
"在宅","ざいたく","在家","名词/サ变动词","ご主人はご在宅ですか","您丈夫在家吗？","N2","eggrolls;N2中频;原词性:名・自動3;音调:⓪"
"接客","せっきゃく","（接）待客（人）","名词/サ变动词","心のこもった接客をする","用心服务顾客","N2","eggrolls;N2中频;原词性:名・自動3;音调:⓪"
"衰退","すいたい","衰退，衰落","名词/サ变动词","国運が衰退する","国运衰败","N2","eggrolls;N2中频;原词性:名・自動3;音调:⓪"
"海水","かいすい","海水","名词","海水浴","海水浴","N2","eggrolls;N2高频;原词性:名;音调:⓪"
"ひまわり","ひまわり","向日葵","名词","ひまわりの種","葵花子","N2","eggrolls;N2中频;原词性:名;音调:②"
"ねぎ","ねぎ","葱","名词","玉ねぎ","洋葱","N2","eggrolls;N2低频;原词性:名;音调:①"
"遺伝子","いでんし","基因","名词","遺伝子組み換え作物","转基因作物","N2","eggrolls;N2中频;原词性:名;音调:②"
"関わり","かかわり","关系，相干","名词","私はその事件とは何の関わりもない","我与那起事件毫无关联","N2","eggrolls;N2高频;原词性:名;音调:⓪"
"見分け","みわけ","识别，辨别，区分","名词","見分けがつかない","无法分辨","N2","eggrolls;N2中频;原词性:名;音调:⓪"
"賛否","さんぴ","赞成与否，赞成和反对","名词","賛否を問う","询问赞成与否；提交表决","N2","eggrolls;N2低频;原词性:名;音调:①"
"ステップ","ステップ","踏板；舞步；阶段","名词/サ变动词","バスのステップを踏みはずした","在公交车的踏板上踩空了","N2","eggrolls;N2中频;原词性:名・自動3;音调:②;カタカナ語"
"買い手","かいて","买主，买方","名词","すぐに買い手がつく","很快就会有买家","N2","eggrolls;N2中频;原词性:名;音调:⓪"
"域","いき","域；阶段，领域","名词","区域","区域","N2","eggrolls;N2中频;原词性:名;音调:①"
"フロア","フロア","地面，地板；层","名词","フロアスタンド","落地灯","N2","eggrolls;N2中频;原词性:名;音调:②;カタカナ語"
"格安","かくやす","非常便宜","な形容词/名词","格安に売る","低价出售","N2","eggrolls;N2低频;原词性:ナ形・名;音调:⓪"
"溝","みぞ","沟，水沟；隔阂","名词","自分との違いを認め、その溝を埋める努力をしてみよう","承认彼此的差异，并试着努力填满鸿沟","N2","eggrolls;N2低频;原词性:名;音调:⓪"
"ゴリラ","ゴリラ","大猩猩","名词","ヒトもゴリラも霊長類に入る","人类和大猩猩都属于灵长类","N2","eggrolls;N2中频;原词性:名;音调:①;カタカナ語"
"陽光","ようこう","阳光，日光","名词","春の陽光を浴びる","沐浴春天的阳光","N2","eggrolls;N2中频;原词性:名;音调:⓪"
"モチベーション","モチベーション","热情，动力","名词","モチベーションを高める","调动积极性，激发热情","N2","eggrolls;N2中频;原词性:名;音调:③⓪;カタカナ語"
"思い描く","おもいえがく","在心里描绘，想像","动词/他动词/五段动词","結婚後の楽しい生活を思い描く","在心里描绘着婚后的美好生活","N2","eggrolls;N2中频;原词性:他動1;音调:⑤"
"課する","かする","课，使负担；使担任，使做（某事）","サ变动词","学生に宿題を課する","给学生布置作业","N2","eggrolls;N2中频;原词性:他動3;音调:②"
"それる","それる","偏离","动词/自动词/一段动词","話がそれる","话题扯远了","N2","eggrolls;N2中频;原词性:自動2;音调:②"
"裏付ける","うらづける","证实，（从旁）支持，佐证","动词/他动词/一段动词","犯行を裏付ける証拠","佐证犯罪的证据","N2","eggrolls;N2中频;原词性:他動2;音调:④"
"薄々","うすうす","稍稍，略略","副词","薄々知ってはいた","略有所闻","N2","eggrolls;N2低频;原词性:副;音调:⓪"
"漫然","まんぜん","漫不经心，浑浑噩噩","な形容词/ト/タル型","漫然と時を過ごす","虚度光阴","N2","eggrolls;N2低频;原词性:形動トタル;音调:⓪"
"こいつ","こいつ","这小子，这家伙；这东西","代词","こいつが悪いんだ","都是这家伙的错","N2","eggrolls;N2中频;原词性:代;音调:⓪"
"一歩","いっぽ","一步；一个阶段","名词","一歩下がる","退后一步","N2","eggrolls;N2高频;原词性:名;音调:①"
"この世","このよ","人世，今世，此生","名词","父はもうこの世にいない","父亲已经去世了","N2","eggrolls;N2高频;原词性:名;音调:⓪③"
"不自然","ふしぜん","不自然，做作","な形容词/名词","彼女の話し方はどことなく不自然だ","她的说话方式总感觉有些不自然","N2","eggrolls;N2中频;原词性:ナ形・名;音调:②"
"学園","がくえん","学园，学校","名词","学園都市","学园都市","N2","eggrolls;N2低频;原词性:名;音调:⓪"
"ダメージ","ダメージ","损坏，破坏，损伤","名词","手痛いダメージを受ける","受到严重损害","N2","eggrolls;N2低频;原词性:名;音调:②①;カタカナ語"
"果たして","はたして","果然；到底，究竟","副词","これは果たして本物だろうか","这究竟是不是真东西？","N2","eggrolls;N2高频;原词性:副;音调:②"
"そこそこ","そこそこ","草草了事；差强人意；（接尾）大约，左右","副词","お昼ご飯もそこそこに遊びに行く","草草吃完午饭就跑去玩","N2","eggrolls;N2中频;原词性:副;音调:⓪②;オノマトペ"
"言い聞かせる","いいきかせる","说给……听，劝说，忠告，开导，教诲","动词/他动词/一段动词","しっかりしなければいけないと自分に言い聞かせる","我对自己说:“一定要坚强”","N2","eggrolls;N2低频;原词性:他動2;音调:⑤"
"カウンター","カウンター","收款处，柜台","名词","カウンター席","吧台席","N2","eggrolls;N2中频;原词性:名;音调:⓪;カタカナ語"
"再度","さいど","再度，第二次，又一次","副词","再度試みる","再次尝试","N2","eggrolls;N2高频;原词性:副;音调:①"
"済み","すみ","完了","名词","解決済み","已解决","N2","eggrolls;N2高频;原词性:名;音调:②"
"無力","むりょく","无力；没能力","な形容词/名词","無力感","无力感","N2","eggrolls;N2低频;原词性:ナ形・名;音调:①"
"分厚い","ぶあつい","厚，较厚","い形容词","分厚い資料","厚厚的资料","N2","eggrolls;N2中频;原词性:イ形;音调:⓪③"
"無関係","むかんけい","无关，没关系","な形容词/名词","本題とは無関係な話","无关正题的话题","N2","eggrolls;N2中频;原词性:ナ形・名;音调:②"
"下半身","かはんしん","下半身","名词","下半身不随","下半身不遂","N2","eggrolls;N2低频;原词性:名;音调:②"
"総","そう","总，全体；全部","造语成分","総人口","总人口","N2","eggrolls;N2低频;原词性:造"
"通話","つうわ","（电话）通话","名词/サ变动词","携帯電話で通話する","用手机通话","N2","eggrolls;N2中频;原词性:名・自他動3;音调:⓪"
"ぱっと","ぱっと","突然，一下子；一下子传开；显眼，出色","副词","あかりがぱっとついた","灯一下子亮了","N2","eggrolls;N2中频;原词性:副;音调:①⓪;オノマトペ"
"詰め込む","つめこむ","（尽量）装入，塞入","动词/他动词/五段动词","服をトランクに詰め込む","把衣服塞进行李箱","N2","eggrolls;N2中频;原词性:他動1;音调:⓪③"
"最大限","さいだいげん","最大限度","名词","最大限の努力をする","尽最大努力","N2","eggrolls;N2低频;原词性:名;音调:③"
"根元","ねもと","根；根源，根本","名词","その木は根元から折れた","那棵树从根上折断了","N2","eggrolls;N2中频;原词性:名;音调:③"
"画像","がぞう","肖像画；影像，图像","名词","画像を描く","画肖像画","N2","eggrolls;N2中频;原词性:名;音调:⓪"
"ターゲット","ターゲット","目标，对象","名词","この新製品は10代の女性をターゲットに開発したものです","这款新产品是针对十几岁的女性开发的","N2","eggrolls;N2高频;原词性:名;音调:①;カタカナ語"
"価値観","かちかん","价值观","名词","彼とは価値観が違う","和他价值观不同","N2","eggrolls;N2高频;原词性:名;音调:②③"
"存在感","そんざいかん","存在感","名词","存在感の薄い人","存在感薄弱的人","N2","eggrolls;N2中频;原词性:名;音调:③"
"鮮明","せんめい","鲜明；清晰","な形容词/名词","状況は依然として不鮮明である","情况依然不明朗","N2","eggrolls;N2中频;原词性:ナ形・名;音调:⓪"
"最適","さいてき","最适合，最合适","な形容词/名词","旅行に最適の季節","最适合旅行的季节","N2","eggrolls;N2高频;原词性:ナ形・名;音调:⓪"
"駆け込む","かけこむ","跑进","动词/自动词/五段动词","トイレに駆け込む","冲进厕所","N2","eggrolls;N2低频;原词性:自動1;音调:⓪③"
"苦戦","くせん","苦战，艰苦的战斗","名词/サ变动词","強敵を相手に苦戦する","与强敌苦战","N2","eggrolls;N2中频;原词性:名・自動3;音调:⓪②"
"考え事","かんがえごと","考虑事情；心事","名词","考え事の邪魔をする","妨碍别人思考","N2","eggrolls;N2低频;原词性:名;音调:⓪⑥"
"特性","とくせい","特性，特点","名词","半導体の特性を応用した機器","应用了半导体特性的机器","N2","eggrolls;N2中频;原词性:名;音调:⓪"
"プライベート","プライベート","个人的，私人的","な形容词/名词","プライベートな問題","个人的问题","N2","eggrolls;N2中频;原词性:ナ形・名;音调:④②;カタカナ語"
"年月","としつき","年和月；岁月，光阴","名词","研究に年月を重ねる","年复一年进行研究","N2","eggrolls;N2中频;原词性:名;音调:②"
"窓際","まどぎわ","窗前，窗边","名词","窓際の席","挨着窗户的座位","N2","eggrolls;N2中频;原词性:名;音调:⓪"
"背伸び","せのび","踮起脚尖；做超过自己能力的事，逞强","名词/サ变动词","背伸びして物を取る","踮起脚尖拿东西","N2","eggrolls;N2低频;原词性:名・自動3;音调:①②"
"見合う","みあう","平衡，相称；互相对看","动词/自他动词/五段动词","収入に見合った生活をする","量入为出的生活","N2","eggrolls;N2中频;原词性:自他動1;音调:⓪②"
"切り取る","きりとる","切下","动词/他动词/五段动词","手術して胃を半分切り取る","手术切除一半胃部","N2","eggrolls;N2中频;原词性:他動1;音调:⓪③"
"取り合う","とりあう","手牵手；争夺；理睬","动词/自他动词/五段动词","手を取り合って泣く","手牵着手哭泣","N2","eggrolls;N2低频;原词性:自他動1;音调:⓪③"
"呼び名","よびな","（不同于本名的）通称","名词","岩木山は津軽富士の呼び名で呼ばれている","岩木山通称为津轻富士","N2","eggrolls;N2低频;原词性:名;音调:⓪"
"共同","きょうどう","共同","名词/サ变动词","共同で企画する","共同策划","N2","eggrolls;N2高频;原词性:名・自動3;音调:⓪"
"親しみ","したしみ","亲密感，亲切感，亲近","名词","何年も付き合っているが、彼には親しみを感じない","虽然交往了许多年，但对他没有亲近感","N2","eggrolls;N2中频;原词性:名;音调:⓪④"
"ボス","ボス","头头；老板","名词","マフィアのボス","黑手党老大","N2","eggrolls;N2低频;原词性:名;音调:①;カタカナ語"
"ぬいぐるみ","ぬいぐるみ","毛绒玩具","名词","熊のぬいぐるみ","玩偶熊","N2","eggrolls;N2低频;原词性:名;音调:⓪"
"我が国","わがくに","我国；日本","连语","我が国の経済","我国的经济；日本经济","N2","eggrolls;N2低频;原词性:連語;音调:①"
"買い取る","かいとる","买下，收购","动词/他动词/五段动词","古本を買い取る","收购旧书","N2","eggrolls;N2中频;原词性:他動1;音调:③"
"木製","もくせい","木制","名词","木製の机","木制的桌子","N2","eggrolls;N2低频;原词性:名;音调:⓪"
"合宿","がっしゅく","集训，共同寄宿","名词/サ变动词","夏合宿","夏季集训","N2","eggrolls;N2中频;原词性:名・自動3;音调:⓪"
"飛び回る","とびまわる","飞来飞去；跑来跑去；东奔西走","动词/自动词/五段动词","虫が電灯のまわりを飛び回る","小虫在电灯周围飞来飞去","N2","eggrolls;N2中频;原词性:自動1;音调:④"
"小物","こもの","小东西；小人物","名词","小物入れ","小物件收纳盒","N2","eggrolls;N2中频;原词性:名;音调:⓪"
"ぶるぶる","ぶるぶる","发抖，哆嗦","副词","手がぶるぶるして字が書けない","手抖个不停，没办法写字","N2","eggrolls;N2低频;原词性:副;音调:①;オノマトペ"
"善意","ぜんい","善意；好意；（法律）善意","名词","善意の寄付","善意的捐款","N2","eggrolls;N2低频;原词性:名;音调:①"
"一段落","いちだんらく","一个段落","名词/サ变动词","仕事が一段落したら昼食にしよう","工作告一段落后就去吃午餐吧","N2","eggrolls;N2中频;原词性:名・自動3;音调:③"
"行き着く","いきつく","到达（目的地）；事物达到最终状态","动词/自动词/五段动词","山頂に行き着く","到达山顶","N2","eggrolls;N2中频;原词性:自動1;音调:③"
"続行","ぞっこう","继续进行","サ变动词/名词","小雨が降ったが、試合はそのまま続行された","虽然下了小雨，但比赛照常进行","N2","eggrolls;N2中频;原词性:他動3・名;音调:⓪"
"シフト","シフト","移动；改变；轮班","名词/サ变动词","旧制度から新制度にシフトさせる","从旧制度转换到新制度","N2","eggrolls;N2低频;原词性:名・自動3;音调:①;カタカナ語"
"味付け","あじつけ","调味，加佐料","名词/サ变动词","煮物に味付けをする","给炖菜调味","N2","eggrolls;N2中频;原词性:名・自他動3;音调:⓪"
"縁","えん","缘，缘分","名词","またご縁があれば、よろしくお願いします","期待未来有机会再次合作，请多多指教","N2","eggrolls;N2中频;原词性:名;音调:①"
"魔法","まほう","魔术，魔法","名词","魔法をかける","施展魔法","N2","eggrolls;N2低频;原词性:名;音调:⓪"
"吐き出す","はきだす","吐出；倾吐","动词/他动词/五段动词","スイカの種を吐き出す","吐西瓜籽","N2","eggrolls;N2中频;原词性:他動1;音调:⓪③"
"衣装","いしょう","服装；剧装，戏装","名词","花嫁衣装","新娘礼服","N2","eggrolls;N2高频;原词性:名;音调:①"
"遭遇","そうぐう","遭遇，遇到","名词/サ变动词","危険に遭遇する","遭遇危险","N2","eggrolls;N2中频;原词性:名・自動3;音调:⓪"
"浮かび上がる","うかびあがる","浮出；浮现出；翻身","动词/自动词/五段动词","潜水艦が浮かび上がる","潜艇浮出水面","N2","eggrolls;N2中频;原词性:自動1;音调:⑤"
"攻略","こうりゃく","攻占；巧妙地进攻并打败对手","サ变动词/名词","敵陣を攻略する","攻陷敌阵","N2","eggrolls;N2低频;原词性:他動3・名;音调:⓪"
"歩み寄る","あゆみよる","走近；互让，妥协","动词/自动词/五段动词","互いに歩み寄って争いを解決する","互相退让解决争端","N2","eggrolls;N2中频;原词性:自動1;音调:④"
"帰還","きかん","回归，回来，返回","名词/サ变动词","宇宙から無事帰還する","从太空平安归来","N2","eggrolls;N2低频;原词性:名・自動3;音调:⓪"
"潜る","もぐる","潜水；躲入，钻进；隐匿，潜伏","动词/自动词/五段动词","海に潜る","潜入海中","N2","eggrolls;N2中频;原词性:自動1;音调:②"
"リアル","リアル","现实的；真实的","な形容词/名词","この映画は当時の生活をリアルに描き出している","这部电影真实地描写了当时生活","N2","eggrolls;N2低频;原词性:ナ形・名;音调:①;カタカナ語"
"駆け抜ける","かけぬける","（从……中间）跑过去","动词/自动词/一段动词","人込みの中を駆け抜ける","在人群中穿梭而过","N2","eggrolls;N2中频;原词性:自動2;音调:⓪④"
"繰り広げる","くりひろげる","展开，打开；进行，开展","动词/他动词/一段动词","絵巻物を繰り広げる","把画卷展开","N2","eggrolls;N2低频;原词性:他動2;音调:⓪⑤"
"引き離す","ひきはなす","使分离；拉开距离","动词/他动词/五段动词","相愛の二人を引き離す","拆散相爱的两人","N2","eggrolls;N2中频;原词性:他動1;音调:④"
"音声","おんせい","音声，声音","名词","音声が荒れている","嗓音坏了","N2","eggrolls;N2中频;原词性:名;音调:①"
"保護者","ほごしゃ","监护人，家长","名词","保護者と面談する","与监护人面谈","N2","eggrolls;N2高频;原词性:名;音调:②"
"手早い","てばやい","麻利，敏捷","い形容词","用件を手早くかたづける","迅速处理事务","N2","eggrolls;N2低频;原词性:イ形;音调:③"
"山ほど","やまほど","很多，堆积如山","副词","仕事が山ほどある","工作堆积如山","N2","eggrolls;N2低频;原词性:副;音调:②"
"自負","じふ","自负，自满，自大，自傲","名词/サ变动词","理論派を自負する","自诩为理论派","N2","eggrolls;N2低频;原词性:名・自動3;音调:①"
"追い返す","おいかえす","逐回，赶回去","动词/他动词/五段动词","セールスマンを玄関先で追い返す","把推销员拒之门外；把推销员赶走","N2","eggrolls;N2低频;原词性:他動1;音调:③"
"表明","ひょうめい","表明，表示","サ变动词/名词","彼は昨夜の記者会見で引退を表明した","他在昨晚的记者招待会上表明了引退之意","N2","eggrolls;N2中频;原词性:他動3・名;音调:⓪"
"洗練","せんれん","洗练，高雅","サ变动词/名词","洗練された物腰","文雅的谈吐","N2","eggrolls;N2中频;原词性:他動3・名;音调:⓪"
"不都合","ふつごう","不便；不妥当","な形容词/名词","不都合でなければ、ぜひおいでください","如果方便的话，请务必前来","N2","eggrolls;N2中频;原词性:ナ形・名;音调:②"
"寝転がる","ねころがる","横卧，随便躺下","动词/自动词/五段动词","畳に寝転がって本を読む","躺在榻榻米上看书","N2","eggrolls;N2低频;原词性:自動1;音调:④"
"引き渡す","ひきわたす","拉上；交给，提交","动词/他动词/五段动词","柱と柱の間に綱を引き渡す","在柱子和柱子之间拉上绳索","N2","eggrolls;N2低频;原词性:他動1;音调:④"
"部署","ぶしょ","工作岗位，部门，职守","名词","全員部署につけ","全员就位！","N2","eggrolls;N2低频;原词性:名;音调:①"
"常連","じょうれん","常客，熟客","名词","カラオケの常連は女子高校生だ","卡拉OK的常客是女高中生","N2","eggrolls;N2中频;原词性:名;音调:⓪"
"絡まる","からまる","缠绕，缠；纠纷，纠葛，纠缠","动词/自动词/五段动词","糸が絡まる","线缠在一起","N2","eggrolls;N2中频;原词性:自動1;音调:③"
"吸い取る","すいとる","吸出；剥削，压榨","动词/他动词/五段动词","掃除機でほこりを吸い取る","用吸尘器吸走灰尘","N2","eggrolls;N2低频;原词性:他動1;音调:③"
"空洞","くうどう","空洞，窟窿","名词","空洞があいた","破了个洞","N2","eggrolls;N2低频;原词性:名;音调:⓪"
"上部","じょうぶ","上部，上面；上层","名词","山の上部は雲に覆われている","山顶被云彩笼罩着","N2","eggrolls;N2中频;原词性:名;音调:①"
"マネージャー","マネージャー","经理，管理人；（体育社团等的）干事；（艺人等的）经纪人","名词","出演のオファーはマネージャーに連絡してください","有关演出的邀请，请与经纪人联系","N2","eggrolls;N2中频;原词性:名;音调:②⓪;カタカナ語"
"退場","たいじょう","退席，退场","名词/サ变动词","レッドカードで一発退場となった","因红牌被直接罚下场","N2","eggrolls;N2中频;原词性:名・自動3;音调:⓪"
"考察","こうさつ","考察，研究","サ变动词/名词","宗教の歴史的意味を考察する","考察宗教的历史意义","N2","eggrolls;N2中频;原词性:他動3・名;音调:⓪"
"退出","たいしゅつ","退出，退下","名词/サ变动词","規則を守らずに発言する者を退出させる","让不遵守规则进行发言的人退场","N2","eggrolls;N2低频;原词性:名・自動3;音调:⓪"
"民家","みんか","民房，老百姓家","名词","民家が密集している","民宅密集","N2","eggrolls;N2低频;原词性:名;音调:①"
"逆効果","ぎゃくこうか","适得其反的效果","名词","成績の悪い子をしかるのは逆効果だ","训斥成绩不好的孩子，效果会适得其反","N2","eggrolls;N2低频;原词性:名;音调:③"
"名門","めいもん","名门，世家","名词","高校野球の名門校","高中棒球比赛的名校","N2","eggrolls;N2低频;原词性:名;音调:⓪"
"結う","ゆう","系，结，捆扎；梳扎（头发）","动词/他动词/五段动词","垣根を結う","编织篱笆","N2","eggrolls;N2低频;原词性:他動1;音调:⓪①"
"上体","じょうたい","上身，上半身","名词","上体の運動","上身的运动","N2","eggrolls;N2低频;原词性:名;音调:⓪"
"観戦","かんせん","观战，观看比赛","名词/サ变动词","テレビでサッカーの試合を観戦する","在电视上看足球比赛","N2","eggrolls;N2中频;原词性:名・他動3;音调:⓪"
"分割","ぶんかつ","分割；分期付款","サ变动词/名词","分割して統治する","分而治之","N2","eggrolls;N2中频;原词性:他動3・名;音调:⓪"
"運動神経","うんどうしんけい","运动神经","名词","運動神経が発達している","运动神经发达","N2","eggrolls;N2低频;原词性:名;音调:⑤"
"紅葉","こうよう","红叶，枫叶；变成红叶","名词/サ变动词","紅葉の名所","赏枫名胜","N2","eggrolls;N2高频;原词性:名・自動3;音调:⓪"
"文庫","ぶんこ","袖珍本文集，丛书","名词","少年文庫","儿童丛书","N2","eggrolls;N2低频;原词性:名;音调:⓪①"
"刻み込む","きざみこむ","刻上；铭刻（于心）","动词/他动词/五段动词","模様を刻み込む","刻上花纹","N2","eggrolls;N2低频;原词性:他動1;音调:④"
"直結","ちょっけつ","直接连结；（与……）直接有关联","名词/サ变动词","産地直結のマーケット","产地直送市场","N2","eggrolls;N2中频;原词性:名・自他動3;音调:⓪"
"突起","とっき","突起，隆起","名词/サ变动词","突起物","突起物","N2","eggrolls;N2低频;原词性:名・自動3;音调:⓪"
"グッズ","グッズ","商品，货物","名词","パーティーグッズ","派对用品","N2","eggrolls;N2中频;原词性:名;音调:①;カタカナ語"
"事例","じれい","事例，例子","名词","事例をあげる","列举实例","N2","eggrolls;N2低频;原词性:名;音调:⓪"
"当惑","とうわく","为难，困惑","名词/サ变动词","返答を迫られ当惑する","不知如何回答才好","N2","eggrolls;N2低频;原词性:名・自動3;音调:⓪"
"自作","じさく","自制（品）；自己写作（的作品）","サ变动词/名词","パソコンを自作する","自己组装电脑","N2","eggrolls;N2低频;原词性:他動3・名;音调:⓪"
"別室","べっしつ","别的屋子；特别房间，雅座","名词","別室に控える","在别的屋子等候","N2","eggrolls;N2低频;原词性:名;音调:⓪"
"過度","かど","过度，过分","名词/な形容词","過度な運動は禁物だ","过度运动是大忌","N2","eggrolls;N2低频;原词性:名・ナ形;音调:①"
"隣人","りんじん","邻人，邻居，街坊","名词","隣人のよしみ","邻人的情谊","N2","eggrolls;N2低频;原词性:名;音调:⓪"
"選抜","せんばつ","选拔","サ变动词/名词","選抜試験に合格した","通过了选拔考试","N2","eggrolls;N2中频;原词性:他動3・名;音调:⓪"
"就寝","しゅうしん","就寝，睡觉","名词/サ变动词","毎日9時に就寝する","每天九点睡觉","N2","eggrolls;N2低频;原词性:名・自動3;音调:⓪"
"全面","ぜんめん","全面，全部，一切；整版","名词","全面通行止め","全面禁止通行","N2","eggrolls;N2高频;原词性:名;音调:⓪③"
"初夏","しょか","初夏","名词","初夏の新緑がみずみずしい","初夏的新绿鲜嫩欲滴","N2","eggrolls;N2低频;原词性:名;音调:①"
"パネル","パネル","图示板；显示板；屏幕","名词","太陽電池パネル","太阳能电池板","N2","eggrolls;N2低频;原词性:名;音调:①⓪;カタカナ語"
"古風","こふう","古式，旧式","な形容词/名词","古風な考え方","老派的想法","N2","eggrolls;N2低频;原词性:ナ形・名;音调:①"
"背骨","せぼね","脊梁骨，脊骨，脊柱","名词","背骨をまっすぐにする","把脊梁骨挺直","N2","eggrolls;N2中频;原词性:名;音调:⓪"
"読み返す","よみかえす","重读，再读","动词/他动词/五段动词","初めから読み返す","从头再读一遍","N2","eggrolls;N2低频;原词性:他動1;音调:⓪③"
"選別","せんべつ","挑选，筛选，拣选","サ变动词/名词","果実を大きさで選別する","按果实大小进行分选","N2","eggrolls;N2低频;原词性:他動3・名;音调:⓪"
"不必要","ふひつよう","不必要，非必需","な形容词/名词","不必要な品物","不必要的东西","N2","eggrolls;N2中频;原词性:ナ形・名;音调:②③"
"フェア","フェア","公平的，正大光明的；商品展览会","な形容词/名词","フェアな行動","光明正大的行动","N2","eggrolls;N2中频;原词性:ナ形・名;音调:①;カタカナ語"
"境目","さかいめ","交界线，分界线；关键，关头","名词","県と県との境目にある川","位于县与县交界处的河川","N2","eggrolls;N2中频;原词性:名;音调:⓪④"
"声高","こわだか","大声，高声","な形容词","声高に言う","大声说","N2","eggrolls;N2低频;原词性:ナ形;音调:⓪"
"旅路","たびじ","旅途，旅行","名词","旅路につく","踏上旅途","N2","eggrolls;N2低频;原词性:名;音调:⓪"
"一石二鳥","いっせきにちょう","一箭双雕，一举两得","名词","趣味と実益を兼ねた一石二鳥のアルバイト","兼具兴趣和实用的一举两得的兼职工作","N2","eggrolls;N2低频;原词性:名;音调:⓪+⓪、⑤"
"粘土","ねんど","黏土，软泥","名词","手で粘土をこねる","用手揉粘土","N2","eggrolls;N2低频;原词性:名;音调:①"
"減速","げんそく","减速","名词/サ变动词","カーブの手前で減速する","在拐弯之前减速","N2","eggrolls;N2低频;原词性:名・自他動3;音调:⓪"
"序列","じょれつ","顺序","名词","序列をつける","排序","N2","eggrolls;N2低频;原词性:名;音调:⓪"
"役立てる","やくだてる","（供）使用，使……有用","动词/他动词/一段动词","この資料は調査研究に役立てたい","希望这份资料能对调查研究有所帮助","N2","eggrolls;N2中频;原词性:他動2;音调:④"
"連結","れんけつ","联结，连接","サ变动词/名词","機関車を列車に連結する","把机车连接到列车上","N2","eggrolls;N2低频;原词性:他動3・名;音调:⓪"
"遺伝","いでん","遗传","名词/サ变动词","親の体質が子に遺伝する","父母的体质会遗传给子女","N2","eggrolls;N2中频;原词性:名・自動3;音调:⓪"
"選出","せんしゅつ","选出，选拔出来","サ变动词/名词","会長に選出された","被选为会长","N2","eggrolls;N2低频;原词性:他動3・名;音调:⓪"
"入り交じる","いりまじる","混杂，掺杂，混在一起","动词/自动词/五段动词","期待と不安の入り交じった気持ち","期待和不安交织在一起的心情","N2","eggrolls;N2低频;原词性:自動1;音调:④"
"開幕","かいまく","开幕，开场；开始","名词/サ变动词","オリンピックが開幕する","奥运会开幕","N2","eggrolls;N2中频;原词性:名・自他動3;音调:⓪"
"半減","はんげん","减半","名词/サ变动词","収入が半減する","收入减半","N2","eggrolls;N2中频;原词性:名・自他動3;音调:⓪"
"訪れ","おとずれ","来访，来临；音信，消息","名词","春の訪れ","春天的来临","N2","eggrolls;N2高频;原词性:名;音调:⓪④"
"題材","だいざい","题材","名词","卒論の題材を選ぶ","选择毕业论文的题材","N2","eggrolls;N2中频;原词性:名;音调:⓪"
"要件","ようけん","要事；必要条件","名词","急な要件で東京へ行く","因紧急事务前往东京","N2","eggrolls;N2中频;原词性:名;音调:③"
"町並み","まちなみ","街景","名词","江戸情緒を残す町並み","保留了江户风情的街道","N2","eggrolls;N2中频;原词性:名;音调:⓪"
"早期","そうき","早期；提前","名词","早期治療が成功して完治した","早期治疗十分成功，彻底治好了","N2","eggrolls;N2中频;原词性:名;音调:①"
"凹凸","おうとつ","凹凸，凹凸不平，高低不平","名词","凹凸の激しい道路","颠簸不平的道路","N2","eggrolls;N2低频;原词性:名;音调:⓪"
"気配り","きくばり","照料，照顾，关照","名词/サ变动词","気配りが行き届く","无微不至的照顾","N2","eggrolls;N2中频;原词性:名・自動3;音调:②"
"冷水","れいすい","冷水","名词","冷水で顔を洗う","用冷水洗脸","N2","eggrolls;N2中频;原词性:名;音调:⓪"
"野原","のはら","原野，野地","名词","野原でたこあげをする","在原野上放风筝","N2","eggrolls;N2低频;原词性:名;音调:①"
"スタンプ","スタンプ","图章，戳子","名词","スタンプを押す","盖章","N2","eggrolls;N2中频;原词性:名;音调:②;カタカナ語"
"交信","こうしん","互相通讯（联系）","名词/サ变动词","管制塔との交信がとだえた","与机场塔台断绝了联络","N2","eggrolls;N2低频;原词性:名・自動3;音调:⓪"
"ばっさり","ばっさり","一刀斩断；大刀阔斧地砍掉","副词","ばっさりと首を切る","一刀砍下首级","N2","eggrolls;N2低频;原词性:副;音调:③;オノマトペ"
"積み込む","つみこむ","装进，装载货物，装货","动词/他动词/五段动词","トラックに建材を積み込む","将建材装上卡车","N2","eggrolls;N2中频;原词性:他動1;音调:③"
"平面","へいめん","平面","名词","投影平面","投影平面","N2","eggrolls;N2低频;原词性:名;音调:⓪③"
"新刊","しんかん","新刊，新刊读物，新出版","名词","新刊を出す","出新刊","N2","eggrolls;N2低频;原词性:名;音调:⓪"
"技巧","ぎこう","技巧","名词","技巧を凝らす","讲究技巧；在技巧上下功夫","N2","eggrolls;N2低频;原词性:名;音调:⓪"
"有害","ゆうがい","有害","な形容词/名词","有害な物質","有害物质","N2","eggrolls;N2低频;原词性:ナ形・名;音调:⓪"
"絶景","ぜっけい","绝景","名词","聞きしに勝る絶景","胜过传闻的绝景","N2","eggrolls;N2低频;原词性:名;音调:⓪"
"尻込み","しりごみ","后退；畏缩","名词/サ变动词","敵の勢いに尻込みする","被敌人的气势吓退","N2","eggrolls;N2低频;原词性:名・自動3;音调:③④"
"有限","ゆうげん","有限","な形容词/名词","有限な資源","有限的资源","N2","eggrolls;N2低频;原词性:ナ形・名;音调:⓪"
"密閉","みっぺい","密闭，密封","サ变动词/名词","密閉した容器","密封的容器","N2","eggrolls;N2低频;原词性:他動3・名;音调:⓪"
"多彩","たさい","（颜色）美丽多彩，丰富多彩","な形容词/名词","多彩なデザイン","色彩缤纷的设计","N2","eggrolls;N2中频;原词性:ナ形・名;音调:⓪"
"専務","せんむ","专职，专任；专务董事","名词","専務車掌","专务列车长","N2","eggrolls;N2中频;原词性:名;音调:①"
"各人","かくじん","各人，每个人，所有的人","名词","昼食は各人でご用意ください","午餐请自备","N2","eggrolls;N2低频;原词性:名;音调:①"
"自問自答","じもんじとう","自问自答","名词/サ变动词","自分の行動が正しかったか自問自答する","扪心自问自己的行为是否正确","N2","eggrolls;N2低频;原词性:名・自動3;音调:⓪+⓪、②+⓪"
"問いかける","といかける","提问；开始问","动词/他动词/一段动词","唐突に問いかける","唐突地提问","N2","eggrolls;N2中频;原词性:他動2;音调:⓪④"
"一因","いちいん","一个原因","名词","失敗の一因は準備不足にある","失败的原因之一在于准备不足","N2","eggrolls;N2中频;原词性:名;音调:⓪"
"春先","はるさき","初春，早春","名词","春先に咲く花","初春绽放的花朵","N2","eggrolls;N2低频;原词性:名;音调:⓪④"
"リハーサル","リハーサル","彩排，排练","名词","劇のリハーサルをする","彩排戏剧","N2","eggrolls;N2高频;原词性:名;音调:②⓪;カタカナ語"
"冷え込む","ひえこむ","骤冷，气温急剧下降；着凉，受寒","动词/自动词/五段动词","今朝はだいぶ冷え込む","今天早上相当冷","N2","eggrolls;N2低频;原词性:自動1;音调:⓪③"
"同日","どうじつ","同一天；当天","名词","同日同刻","同日同时","N2","eggrolls;N2低频;原词性:名;音调:⓪①"
"鉄則","てっそく","铁的法则","名词","公正は議会政治の鉄則だ","公正乃议会政治之铁则","N2","eggrolls;N2低频;原词性:名;音调:⓪"
"裏面","りめん","里面；背地里","名词","月の裏面","月球背面","N2","eggrolls;N2中频;原词性:名;音调:⓪①"
"両面","りょうめん","两面；两个方面","名词","両面印刷","双面印刷","N2","eggrolls;N2低频;原词性:名;音调:⓪③"
"実務","じつむ","实际业务","名词","実務に習熟する","熟悉实际业务","N2","eggrolls;N2中频;原词性:名;音调:①"
"紙面","しめん","纸面，篇幅；报纸上","名词","紙面を拡張する","扩大版面","N2","eggrolls;N2低频;原词性:名;音调:①"
"貸し借り","かしかり","贷借，借出和借入","サ变动词/名词","これできみとは貸し借りなしだ","这下我们谁也不欠谁了","N2","eggrolls;N2中频;原词性:他動3・名;音调:②③"
"私語","しご","私语，耳语，小声说话","名词","私語は慎みなさい","不许交头接耳","N2","eggrolls;N2低频;原词性:名;音调:①"
"衰え","おとろえ","衰弱，衰老，衰落，衰败","名词","体力の衰えを知る","察觉到自己的体力衰退了","N2","eggrolls;N2高频;原词性:名;音调:⓪③④"
"実地","じっち","实地，实际；实地，现场","名词","想像と実地がまるで違っている","想像和实际完全不一样","N2","eggrolls;N2低频;原词性:名;音调:⓪"
"自然界","しぜんかい","自然界","名词","自然界の法則","自然界的规律","N2","eggrolls;N2高频;原词性:名;音调:②"
"旬","しゅん","应时，应季，旺季","名词","旬の野菜","当季蔬菜","N2","eggrolls;N2中频;原词性:名;音调:⓪"
"農作業","のうさぎょう","农活","名词","日の高いうちに農作業を済ませよう","趁着太阳还高，把农活做完吧","N2","eggrolls;N2中频;原词性:名;音调:③"
"取り壊す","とりこわす","拆毁，拆除，拆掉（建筑物）","动词/他动词/五段动词","古い家屋を取り壊す","拆毁旧房","N2","eggrolls;N2中频;原词性:他動1;音调:⓪④"
"ぐんと","ぐんと","使劲，一口气；更加，非常","副词","ぐんと押す","用力一推","N2","eggrolls;N2低频;原词性:副;音调:⓪①;オノマトペ"
"罰則","ばっそく","惩罚条例","名词","罰則に触れる","触犯罚则","N2","eggrolls;N2低频;原词性:名;音调:⓪"
"今年度","こんねんど","本年度","名词","今年度最後の授業","本学年度最后一堂课","N2","eggrolls;N2高频;原词性:名;音调:③"
"強弱","きょうじゃく","强弱","名词","音に強弱の変化をつける","为声音添加强弱变化","N2","eggrolls;N2中频;原词性:名;音调:①"
"新設","しんせつ","新设","名词/サ变动词","新設学部に人気が集まった","新设的专业很受欢迎","N2","eggrolls;N2中频;原词性:名・他動3;音调:⓪"
"乗用車","じょうようしゃ","轿车，小汽车","名词","五人乗りの乗用車","五人座乘用车","N2","eggrolls;N2低频;原词性:名;音调:③"
"直下","ちょっか","正下面；直下，垂直降下","名词/サ变动词","赤道直下の島","赤道正下方的岛屿","N2","eggrolls;N2低频;原词性:名・自動3;音调:①"
"感受性","かんじゅせい","感受性","名词","感受性が鋭い","感受性敏锐","N2","eggrolls;N2低频;原词性:名;音调:⓪"
"総量","そうりょう","总量；全部重量","名词","貨物の総量","货物总量","N2","eggrolls;N2低频;原词性:名;音调:⓪③"
"農園","のうえん","农场","名词","農園を経営する","经营农场","N2","eggrolls;N2中频;原词性:名;音调:⓪"
"グルメ","グルメ","美食家；美食","名词","孤独のグルメ","孤独的美食家","N2","eggrolls;N2低频;原词性:名;音调:①;カタカナ語"
"特効薬","とっこうやく","特效药","名词","新型インフルの特効薬","新型流感特效药","N2","eggrolls;N2低频;原词性:名;音调:③"
"開設","かいせつ","开设，开办","名词/サ变动词","事務所の開設","开设事务所","N2","eggrolls;N2中频;原词性:名・他動3;音调:⓪"
"逆算","ぎゃくさん","倒过来算，倒算，倒数","サ变动词/名词","逆算して確かめる","为了确认再倒过来算一遍","N2","eggrolls;N2中频;原词性:他動3・名;音调:⓪"
"うじゃうじゃ","うじゃうじゃ","乱爬乱钻，密密麻麻乱动，蠕动；唠唠叨叨，嘟嘟囔囔","副词","ミミズがうじゃうじゃいる","蚯蚓密密麻麻地到处都是","N2","eggrolls;N2低频;原词性:副;音调:①;オノマトペ"
"波風","なみかぜ","风浪；风波，纠纷","名词","波風を立てないでほしい","希望不要引起风波","N2","eggrolls;N2低频;原词性:名;音调:②"
"列挙","れっきょ","列举，枚举，一一列出","サ变动词/名词","罪状を列挙する","列举罪状","N2","eggrolls;N2低频;原词性:他動3・名;音调:⓪①"
"養育","よういく","养育，抚养","サ变动词/名词","わが子のように養育する","像对自己孩子一样地抚养","N2","eggrolls;N2低频;原词性:他動3・名;音调:⓪"
"色紙","いろがみ","彩色纸，彩纸","名词","無地の色紙","纯色色纸","N2","eggrolls;N2低频;原词性:名;音调:②"
"ダイナミック","ダイナミック","有力的，有生气的，动态的","な形容词","ダイナミックな踊り","生气勃勃的舞蹈","N2","eggrolls;N2低频;原词性:ナ形;音调:④;カタカナ語"
"落語","らくご","单口相声","名词","落語家","单口相声演员","N2","eggrolls;N2低频;原词性:名;音调:⓪"
"手振り","てぶり","手势","名词","身振り手振りで説明する","比手画脚地说明","N2","eggrolls;N2中频;原词性:名;音调:①"
"放映","ほうえい","（电视）播送","サ变动词/名词","独占放映権を獲得する","取得独家播放权","N2","eggrolls;N2低频;原词性:他動3・名;音调:⓪"
"安楽","あんらく","安乐，舒适","な形容词/名词","余生を安楽に暮らす","安度余生","N2","eggrolls;N2低频;原词性:ナ形・名;音调:⓪①"
"本校","ほんこう","本校；总校","名词","本校の生徒はよく勉強する","本校的学生很用功学习","N2","eggrolls;N2低频;原词性:名;音调:⓪①"
"インプット","インプット","（电脑）输入","サ变动词/名词","アウトプット","（output）（电脑）输出","N2","eggrolls;N2中频;原词性:他動3・名;音调:③;カタカナ語"
"リフォーム","リフォーム","重做，改做；室内改装，翻修，装修","サ变动词/名词","父のオーバーを子供服にリフォームする","把父亲的大衣改作成孩子服装","N2","eggrolls;N2低频;原词性:他動3・名;音调:②;カタカナ語"
"楽天的","らくてんてき","乐观的","な形容词","その考えは楽天的すぎる","那个想法太过于乐观了","N2","eggrolls;N2低频;原词性:ナ形;音调:⓪"
"人工衛星","じんこうえいせい","人造卫星","名词","人工衛星を打ち上げる","发射人造卫星","N2","eggrolls;N2中频;原词性:名;音调:⑤"
"囲碁","いご","围棋","名词","囲碁を打つ","下围棋","N2","eggrolls;N2低频;原词性:名;音调:①"
"画用紙","がようし","图画纸","名词","画用紙にデッサンする","在图画纸上打画稿","N2","eggrolls;N2低频;原词性:名;音调:②"
"無重力","むじゅうりょく","无重量，无重力，失重","名词","無重力状態","失重状态","N2","eggrolls;N2低频;原词性:名;音调:②"
"解約","かいやく","解除合同，废约","サ变动词/名词","保険を解約する","取消保险合同","N2","eggrolls;N2中频;原词性:他動3・名;音调:⓪"
"町民","ちょうみん","镇上的居民","名词","町民が町長をリコールする","镇民罢免镇长","N2","eggrolls;N2低频;原词性:名;音调:⓪"
"ドキュメンタリー","ドキュメンタリー","实录，纪实","名词","ドキュメンタリー番組","纪录片节目","N2","eggrolls;N2低频;原词性:名;音调:③;カタカナ語"
"押し売り","おしうり","强行推销（的人）；强迫别人接受","サ变动词/名词","押し売りおことわり","谢绝推销","N2","eggrolls;N2低频;原词性:他動3・名;音调:⓪"
"退社","たいしゃ","辞职；下班","名词/サ变动词","円満退社","正常退职","N2","eggrolls;N2中频;原词性:名・自動3;音调:⓪"
"被写体","ひしゃたい","拍照的对象","名词","被写体にピントを合わせる","对焦于拍摄对象","N2","eggrolls;N2中频;原词性:名;音调:⓪"
"社会生活","しゃかいせいかつ","社会生活","名词","幸福な社会生活を営む","过着幸福的社会生活","N2","eggrolls;N2中频;原词性:名;音调:④"
"野鳥","やちょう","野鸟，山鸟","名词","野鳥を保護する","保护野鸟","N2","eggrolls;N2低频;原词性:名;音调:⓪"
"飛びつく","とびつく","扑过来，冲过来；（被吸引得）扑过去","动词/自动词/五段动词","子供が親に飛びつく","孩子扑向父母","N2","eggrolls;N2低频;原词性:自動1;音调:③"
"届け出る","とどけでる","申报，登记，报告","动词/他动词/一段动词","警察に被害を届け出る","向警方报案","N2","eggrolls;N2低频;原词性:他動2;音调:④"
"熟読","じゅくどく","熟读，精读，品读","サ变动词/名词","教科書を熟読する","熟读教科书","N2","eggrolls;N2低频;原词性:他動3・名;音调:⓪"
"割高","わりだか","（就质和量来说）价钱比较贵","な形容词/名词","一つずつ買うと割高になる","一个一个买会比较贵","N2","eggrolls;N2低频;原词性:ナ形・名;音调:⓪"
"クレヨン","クレヨン","蜡笔","名词","クレヨンで絵をかく","用蜡笔画画","N2","eggrolls;N2低频;原词性:名;音调:②;カタカナ語"
"部数","ぶすう","册数，份数","名词","印刷部数を増やす","增加印刷册数","N2","eggrolls;N2中频;原词性:名;音调:②"
"針葉樹","しんようじゅ","针叶树","名词","洋紙は、安い価格で多量に手に入る針葉樹や広葉樹の、皮を取り除いた幹の部分を原料とする","洋纸是以低廉的价格大量获取的针叶树或阔叶树，去除树皮的树干部分为原料制成的","N2","eggrolls;N2低频;原词性:名;音调:③"
"伸び悩む","のびなやむ","停滞不前，进度缓慢","动词/自动词/五段动词","記録が伸び悩む","记录停滞不前","N2","eggrolls;N2中频;原词性:自動1;音调:⓪④"
"低気圧","ていきあつ","低气压；不高兴","名词","熱帯低気圧","热带低气压","N2","eggrolls;N2中频;原词性:名;音调:③"
"たんぽぽ","たんぽぽ","蒲公英","名词","タンポポが群がって咲く","蒲公英成群绽放","N2","eggrolls;N2低频;原词性:名;音调:①"
"下がり","さがり","下降；退步，后退","名词","値下がり","降价；跌价","N2","eggrolls;N2中频;原词性:名;音调:③"
"常温","じょうおん","恒温；常温","名词","常温を保つ","保持恒温","N2","eggrolls;N2中频;原词性:名;音调:⓪"
"数量","すうりょう","数量","名词","原材料の数量を見積もる","估算原材料数量","N2","eggrolls;N2中频;原词性:名;音调:③"
"読み手","よみて","读者","名词","聞き手から読み手に回る","从听众转为读者","N2","eggrolls;N2高频;原词性:名;音调:⓪③"
"水質","すいしつ","水质","名词","水質を検査する","检查水质","N2","eggrolls;N2低频;原词性:名;音调:⓪"
"偏食","へんしょく","偏食，挑食","名词/サ变动词","偏食しないでなんでもよく食べる","不挑食，什么都吃","N2","eggrolls;N2中频;原词性:名・自動3;音调:⓪"
"リアリティー","リアリティー","真实感，现实感","名词","リアリティーに富む作品","富有真实感的作品","N2","eggrolls;N2低频;原词性:名;音调:②;カタカナ語"
"安値","やすね","廉价，贱价","名词","そんな安値では売れない","不能卖得那么便宜","N2","eggrolls;N2低频;原词性:名;音调:⓪②"
"光合成","こうごうせい","光合作用","名词","植物が成長するためには、日光を浴びて光合成を行うことが欠かせない","为了生长，植物必须接受阳光照射并进行光合作用","N2","eggrolls;N2低频;原词性:名;音调:③⓪"
"インストラクター","インストラクター","教练，艺术指导","名词","ゴルフのインストラクター","高尔夫球教练","N2","eggrolls;N2低频;原词性:名;音调:⑤;カタカナ語"
"繰り上げる","くりあげる","提上来；提前","动词/他动词/一段动词","次点を繰り上げて当選にする","把第二名提上来使之当选","N2","eggrolls;N2低频;原词性:他動2;音调:⓪④"
"年内","ねんない","年内","名词","年内には必ずお伺いします","年内一定拜望您","N2","eggrolls;N2低频;原词性:名;音调:①"
"授受","じゅじゅ","授受","サ变动词/名词","金銭の授受","金钱的往来","N2","eggrolls;N2低频;原词性:他動3・名;音调:①"
"参観","さんかん","参观，观摩","名词/サ变动词","学校を参観する","参观学校","N2","eggrolls;N2低频;原词性:名・他動3;音调:⓪"
"時事","じじ","时事","名词","時事に明るい","通晓时事","N2","eggrolls;N2低频;原词性:名;音调:①"
"ガーデニング","ガーデニング","（西洋式的）园艺","名词","園芸","园艺","N2","eggrolls;N2低频;原词性:名;音调:⓪;カタカナ語"
"徒競走","ときょうそう","赛跑","名词","徒競走でびりになる","在赛跑中垫底","N2","eggrolls;N2低频;原词性:名;音调:②"
"自律神経","じりつしんけい","植物性神经，自主神经","名词","自律神経失調","自律神经失调","N2","eggrolls;N2低频;原词性:名;音调:④"
"巣箱","すばこ","鸟巢箱；蜂箱","名词","巣箱を組み立てて木の上に置く","组装鸟巢箱并放在树上","N2","eggrolls;N2低频;原词性:名;音调:⓪①"
"節電","せつでん","节电，省电","名词/サ变动词","節電に努める","努力节约用电","N2","eggrolls;N2中频;原词性:名・自他動3;音调:⓪"
"言語学","げんごがく","语言学","名词","言語学を専攻する","主修语言学","N2","eggrolls;N2中频;原词性:名;音调:③"
"学名","がくめい","学名；学术声望","名词","ヒトの学名はホモサピエンス","人的学名是智人","N2","eggrolls;N2低频;原词性:名;音调:⓪"
"込み合う","こみあう","挤，拥挤","动词/自动词/五段动词","通勤者で車内が混み合う","车内挤满了通勤的乘客","N2","eggrolls;N2低频;原词性:自動1;音调:⓪③"
"歌謡曲","かようきょく","流行歌曲","名词","歌謡曲からクラシックまで、音楽全般に興味があります","从流行歌曲到古典乐，我对所有音乐都有兴趣","N2","eggrolls;N2中频;原词性:名;音调:②"
"歳暮","せいぼ","岁暮，年底；年终酬赠的礼品，赠送年终礼品","名词","お歳暮を贈る","赠送岁末礼品","N2","eggrolls;N2低频;原词性:名;音调:⓪"
"エコノミー","エコノミー","经济；经济实惠","名词","エコノミークラス","经济舱","N2","eggrolls;N2低频;原词性:名;音调:②;カタカナ語"
"どころか","どころか","岂止……，非但……","接续助词","フランス語どころか英語も知らない","别说法语，连英语都不懂","N2","eggrolls;N2高频;原词性:接助"
"居場所","いばしょ","住处，行踪","名词","彼の居場所がわからない","不知道他的下落","N2","eggrolls;N2中频;原词性:名;音调:⓪"
"一方的","いっぽうてき","单方面的，片面的","な形容词","一方的に断定する","片面断定","N2","eggrolls;N2中频;原词性:ナ形;音调:⓪"
"一時的","いちじてき","一时的，暂时的","な形容词","株価の下落は一時的なものだ","股价下跌是暂时性的","N2","eggrolls;N2中频;原词性:ナ形;音调:⓪"
"放課後","ほうかご","下课后，放学后","名词","放課後は部活で忙しい","放学后忙于社团活动","N2","eggrolls;N2中频;原词性:名;音调:⓪"
"それどころか","それどころか","岂止如此","接续词","金は出さない。それどころか顔も出さない","不出钱，更不出面","N2","eggrolls;N2高频;原词性:接;音调:③"
"数人","すうにん","（三四个人，或者五六个人）数人","名词","被疑者を数人に絞り込む","将嫌疑人范围缩小到几个人","N2","eggrolls;N2中频;原词性:名;音调:⓪"
"悪意","あくい","恶意；恶意歪曲","名词","悪意のある行動","不怀好意的行动","N2","eggrolls;N2低频;原词性:名;音调:①"
"目的地","もくてきち","目的地","名词","目的地に着く","抵达目的地","N2","eggrolls;N2高频;原词性:名;音调:③④"
"焦り","あせり","焦躁，急躁，着急","名词","彼は少し焦り気味だ","他显得有些焦急","N2","eggrolls;N2中频;原词性:名;音调:③"
"動画","どうが","动画片；视频","名词","動画を再生する","播放视频","N2","eggrolls;N2高频;原词性:名;音调:⓪"
"渦巻く","うずまく","卷成旋涡，呈旋涡状；激动，混乱","动词/自动词/五段动词","濁流が渦巻く","浊流卷起旋涡","N2","eggrolls;N2低频;原词性:自動1;音调:③"
"商店街","しょうてんがい","商店街","名词","賑やかな商店街","热闹的商店街","N2","eggrolls;N2高频;原词性:名;音调:③"
"気恥ずかしい","きはずかしい","感觉羞耻，害羞","い形容词","人前で話すのは気恥ずかしい","在人前说话会感到不好意思","N2","eggrolls;N2低频;原词性:イ形;音调:⓪⑤"
"寝不足","ねぶそく","睡眠不足","な形容词/名词","最近寝不足気味だ","最近感觉睡眠不足","N2","eggrolls;N2低频;原词性:ナ形・名;音调:⓪②"
"思い通り","おもいどおり","想像的那样，如愿，称心如意","な形容词/名词","計画は思い通りにいった","计划如愿以偿","N2","eggrolls;N2中频;原词性:ナ形・名;音调:④"
"第一歩","だいいっぽ","第一步，开端","名词","第一歩を踏み出した","迈出了第一步","N2","eggrolls;N2低频;原词性:名;音调:①+①"
"平成","へいせい","（日本年号）平成","名词","平成に生まれ育つ","生于平成，长于平成","N2","eggrolls;N2中频;原词性:名;音调:⓪"
"迂闊","うかつ","稀里糊涂，粗心大意，马虎","な形容词","気づかなかったのは迂闊だった","没注意到真是太粗心了","N2","eggrolls;N2中频;原词性:ナ形;音调:⓪"
"文化祭","ぶんかさい","（大学、高中、初中等）文化节，文化祭","名词","文化祭は多く秋におこなわれる","文化祭通常在秋季举行","N2","eggrolls;N2中频;原词性:名;音调:③"
"クッション","クッション","靠垫；缓冲；缓冲物","名词","クッションにもたれる","靠在靠垫上","N2","eggrolls;N2低频;原词性:名;音调:①;カタカナ語"
"白衣","はくい","（特指医生、护士和科学家等所穿的）白衣","名词","白衣の天使","白衣天使；女护士的美称","N2","eggrolls;N2低频;原词性:名;音调:①"
"張り詰める","はりつめる","（冰等）覆盖了一整片区域；紧张","动词/自他动词/一段动词","池に氷が張り詰める","池塘结满冰","N2","eggrolls;N2低频;原词性:自他動2;音调:④"
"声色","こわいろ","声调，语调；模仿别人说话","名词","やさしい声色","温柔的语调","N2","eggrolls;N2低频;原词性:名;音调:⓪"
"砂浜","すなはま","海滨沙滩","名词","砂浜に潮が満ちてくる","沙滩上潮水涨起来了","N2","eggrolls;N2中频;原词性:名;音调:⓪"
"奥底","おくそこ","深处；内心","名词","海の奥底を探る","探索海底深处","N2","eggrolls;N2中频;原词性:名;音调:⓪①"
"賢者","けんじゃ","贤者","名词","賢者は自然から教わるものだ","贤者师法自然","N2","eggrolls;N2低频;原词性:名;音调:①"
"一理","いちり","一番道理","名词","彼の言うことにも一理ある","他说的也有一番道理","N2","eggrolls;N2低频;原词性:名;音调:②"
"さみしい","さみしい","（觉得）寂寞；荒凉；空虚","い形容词","寂しい","（觉得）寂寞；荒凉；空虚","N2","eggrolls;N2低频;原词性:イ形;音调:③"
"稼ぎ","かせぎ","（为赚钱而）做工；工钱","名词","出稼ぎ","出外打工","N2","eggrolls;N2低频;原词性:名;音调:①③"
"咀嚼","そしゃく","咀嚼；理解，体会","サ变动词/名词","食べ物はよく咀嚼しないと消化が悪くなる","吃东西时不好好嚼就会影响消化","N2","eggrolls;N2低频;原词性:他動3・名;音调:⓪"
"ひそひそ","ひそひそ","偷偷，悄悄，暗中","副词","隅のほうでひそひそと相談する","在角落里悄悄地商量","N2","eggrolls;N2低频;原词性:副;音调:①;オノマトペ"
"近しい","ちかしい","亲近，亲密","い形容词","近しい間柄","关系亲密","N2","eggrolls;N2低频;原词性:イ形;音调:③"
"パスタ","パスタ","意大利面食","名词","もちもちした食感のパスタ","口感Q弹的意大利面","N2","eggrolls;N2高频;原词性:名;音调:①;カタカナ語"
"ペンダント","ペンダント","垂饰，坠饰，挂件；吊灯","名词","首にペンダントを掛ける","在脖子上挂上吊坠","N2","eggrolls;N2低频;原词性:名;音调:①;カタカナ語"
"涼しい顔","すずしいかお","若无其事的样子；假装不知的表情；满不在乎的神色","成句","すずしい顔で仕事をこなす","面不改色地完成工作","N2","eggrolls;N2低频;原词性:成句;音调:③⓪"
"ニューヨーク","ニューヨーク","纽约；纽约州","名词","ニューヨークタイムズ","纽约时报","N2","eggrolls;N2低频;原词性:名;音调:③;カタカナ語"
"英国","えいこく","英国","名词","英国紳士","英国绅士","N2","eggrolls;N2低频;原词性:名;音调:⓪"
"根っこ","ねっこ","根；树墩","名词","根っこが枯れてしまっては取り返しが付きません","根枯萎了就无法挽回了","N2","eggrolls;N2中频;原词性:名;音调:③"
"横取り","よこどり","抢，抢夺","サ变动词/名词","おもちゃを横取りする","抢走玩具","N2","eggrolls;N2低频;原词性:他動3・名;音调:⓪"
"豆腐","とうふ","豆腐","名词","豆乳を固めて豆腐にする","将豆浆凝固制成豆腐","N2","eggrolls;N2低频;原词性:名;音调:⓪③"
"声援","せいえん","声援","サ变动词/名词","二位を走る選手を声援する","为跑在第二位的选手加油","N2","eggrolls;N2中频;原词性:他動3・名;音调:⓪"
"備え","そなえ","准备，预备；警备，戒备，防备","名词","備えは十分だが、予想外の事態が起きた時が心配だ","虽说准备十分充分，还是担心会有意想不到的事情发生","N2","eggrolls;N2高频;原词性:名;音调:②③"
"助け合う","たすけあう","互相帮助","动词/自动词/五段动词","友人は助け合うべきだ","朋友应该互相帮助","N2","eggrolls;N2中频;原词性:自動1;音调:④"
"湧き出る","わきでる","喷出，涌出；涌现","动词/自动词/一段动词","泉がこんこんと湧き出る","泉水滚滚涌出","N2","eggrolls;N2中频;原词性:自動2;音调:③"
"躍起","やっき","发急，拼命，竭力","な形容词/名词","躍起になって否定する","拼命否认","N2","eggrolls;N2中频;原词性:ナ形・名;音调:⓪③"
"取り払う","とりはらう","拆除，撤除，拆掉","动词/他动词/五段动词","古い建物はほとんど取り払われた","旧房子差不多都拆掉了","N2","eggrolls;N2中频;原词性:他動1;音调:⓪④"
"技術者","ぎじゅつしゃ","技术人员，工程师","名词","技術者を養成する","培养技术人员","N2","eggrolls;N2低频;原词性:名;音调:③"
"ピアス","ピアス","耳环，穿孔耳环","名词","耳に引っかけるタイプのピアス","耳挂式耳环","N2","eggrolls;N2低频;原词性:名;音调:①;カタカナ語"
"力む","りきむ","使劲，用力；虚张声势，逞强","动词/自动词/五段动词","うんと力んで押す","使劲推","N2","eggrolls;N2中频;原词性:自動1;音调:②"
"燭台","しょくだい","烛台，蜡台","名词","銀の燭台","银蜡台","N2","eggrolls;N2低频;原词性:名;音调:⓪"
"放浪","ほうろう","流浪","名词/サ变动词","日本各地を放浪する","在日本各地流浪","N2","eggrolls;N2低频;原词性:名・自動3;音调:⓪"
"ボックス","ボックス","箱，盒，匣","名词","アイスボックス","（用冰块的）冷藏箱，冰箱","N2","eggrolls;N2中频;原词性:名;音调:①⓪;カタカナ語"
"気後れ","きおくれ","胆怯，畏缩","名词/サ变动词","舞台で気後れする","怯场","N2","eggrolls;N2低频;原词性:名・自動3;音调:⓪②"
"機敏","きびん","机敏，敏捷，灵活","な形容词/名词","動作が機敏だ","动作敏捷","N2","eggrolls;N2中频;原词性:ナ形・名;音调:⓪"
"読み書き","よみかき","读写","名词","読み書きを習う","学习读（书）、写（字）","N2","eggrolls;N2低频;原词性:名;音调:①②"
"歩幅","ほはば","步幅，步子，步伐","名词","歩幅を伸ばす","迈开步伐","N2","eggrolls;N2低频;原词性:名;音调:⓪"
"スニーカー","スニーカー","轻便运动鞋，旅游鞋","名词","素足にスニーカーを履く","光脚穿运动鞋","N2","eggrolls;N2低频;原词性:名;音调:②⓪;カタカナ語"
"やぎ","やぎ","山羊","名词","ヤギを飼育する","饲养山羊","N2","eggrolls;N2中频;原词性:名;音调:①"
"死守","ししゅ","死守","サ变动词/名词","橋頭堡を死守する","死守桥头堡","N2","eggrolls;N2中频;原词性:他動3・名;音调:①"
"下等","かとう","（质量）低劣，下等，低级","な形容词/名词","下等な米","劣等大米","N2","eggrolls;N2低频;原词性:ナ形・名;音调:⓪"
"司書","ししょ","图书管理（员）","名词","彼女は市立図書館の司書をしている","她是市立图书馆的图书管理员","N2","eggrolls;N2低频;原词性:名;音调:①"
"付き物","つきもの","离不开的东西，避免不了的事情，摆脱不开的处境","名词","朝飯にみそ汁は付き物だ","早餐少不了味噌汤","N2","eggrolls;N2中频;原词性:名;音调:②"
"コロッケ","コロッケ","炸肉饼，可乐饼","名词","揚げたてほかほかのコロッケ","热腾腾的现炸可乐饼","N2","eggrolls;N2中频;原词性:名;音调:①②;カタカナ語"
"ペンギン","ペンギン","企鹅","名词","ペンギンがよちよち歩く","企鹅摇摇晃晃地走着","N2","eggrolls;N2低频;原词性:名;音调:⓪;カタカナ語"
"光源","こうげん","光源","名词","光源が暗い","光线昏暗","N2","eggrolls;N2低频;原词性:名;音调:⓪③"
"梨","なし","梨","名词","箱に梨を詰めて友人に送る","把梨子装箱寄给朋友","N2","eggrolls;N2低频;原词性:名;音调:⓪②"
"感化","かんか","感化，影响","名词/サ变动词","感化されやすい","易受感化；容易受到影响","N2","eggrolls;N2低频;原词性:名・他動3;音调:①"
"町長","ちょうちょう","镇长","名词","町長をリコールする","罢免镇长","N2","eggrolls;N2中频;原词性:名;音调:①"
"鮭","さけ","鲑鱼，大马哈鱼，三文鱼","名词","鮭の燻製","烟熏鲑鱼","N2","eggrolls;N2低频;原词性:名;音调:①"
"支配人","しはいにん","经理","名词","ホテルの支配人","旅馆经理","N2","eggrolls;N2低频;原词性:名;音调:②"
"データベース","データベース","数据库","名词","データベースにアクセスする","存取数据库","N2","eggrolls;N2低频;原词性:名;音调:④;カタカナ語"
"熱血","ねっけつ","热血，血性，热情","名词","熱血を注いで祖国に尽くす","倾注热血为祖国尽力","N2","eggrolls;N2低频;原词性:名;音调:⓪"
"実り","みのり","结实，成熟，收成；成果，成效","名词","実り豊かな秋","丰收的秋天","N2","eggrolls;N2中频;原词性:名;音调:⓪"
"道程","どうてい","路程；过程","名词","学問研究の道程は長くて険しい","研究学问的道路漫长而险峻","N2","eggrolls;N2低频;原词性:名;音调:⓪"
"並べ立てる","ならべたてる","摆出；列举，罗列","动词/他动词/一段动词","店頭に品物を並べ立てる","把商品陈列在店头","N2","eggrolls;N2低频;原词性:他動2;音调:⑤"
"焼き鳥","やきとり","烤鸡肉串","名词","焼き鳥で一杯飲む","拿烤鸡肉串来下酒","N2","eggrolls;N2低频;原词性:名;音调:⓪"
"脇道","わきみち","岔道；歧途","名词","前の車が脇道にそれた","前面的车跑到岔道上去了","N2","eggrolls;N2低频;原词性:名;音调:⓪②"
"引き換え","ひきかえ","交换","名词","代金と引きかえで品物を渡す","一手交钱，一手交货","N2","eggrolls;N2中频;原词性:名;音调:⓪"
"不遇","ふぐう","不遇，不走运，不得志","な形容词/名词","一生不遇に終わる","终生不得志","N2","eggrolls;N2低频;原词性:ナ形・名;音调:⓪"
"目新しい","めあたらしい","新奇，新颖，不常见","い形容词","目新しいデザイン","新颖的设计","N2","eggrolls;N2低频;原词性:イ形;音调:⑤"
"枯れ木","かれき","枯木，枯树","名词","枯れ木に芽が吹く","枯木发芽","N2","eggrolls;N2中频;原词性:名;音调:⓪"
"軽傷","けいしょう","轻伤","名词","軽傷を負う","负轻伤","N2","eggrolls;N2低频;原词性:名;音调:⓪"
"同郷","どうきょう","同乡，老乡","名词","同郷の友人","同乡的朋友","N2","eggrolls;N2低频;原词性:名;音调:⓪"
"なりふり","なりふり","服装，仪容","名词","なりふりかまわず働く","不顾形象地工作","N2","eggrolls;N2低频;原词性:名;音调:②"
"要所","ようしょ","要点；重要地点","名词","要所をおさえる","抓住要点","N2","eggrolls;N2中频;原词性:名;音调:⓪①"
"有り得る","ありうる","可能","动词/自动词/一段动词","それは有り得ることだ","那是有可能的事","N2","eggrolls;N2低频;原词性:自動2;音调:③"
"夜勤","やきん","夜班","名词","夜勤明け","上完大夜班","N2","eggrolls;N2中频;原词性:名;音调:⓪"
"ホット","ホット","热的；激烈的；新鲜，热门","な形容词/名词","ホットミルク","热牛奶","N2","eggrolls;N2中频;原词性:ナ形・名;音调:①;カタカナ語"
"汽笛","きてき","汽笛","名词","汽笛を鳴らす","鸣汽笛","N2","eggrolls;N2低频;原词性:名;音调:⓪"
"事物","じぶつ","（特指有形的）事物","名词","新しい事物","新生事物","N2","eggrolls;N2低频;原词性:名;音调:①"
"書き残す","かきのこす","写下，留传；漏写，没写完","动词/他动词/五段动词","遺言を書き残す","留下遗言","N2","eggrolls;N2低频;原词性:他動1;音调:⓪④"
"梟","ふくろう","猫头鹰","名词","木に備え付けてあるのは鳥の巣箱でフクロウが住んでいます","装在树上的那个是鸟巢箱，里面住着猫头鹰","N2","eggrolls;N2低频;原词性:名;音调:②③"
"錠剤","じょうざい","药丸，药片","名词","アスピリンの錠剤を2粒飲む","吃两片阿司匹林","N2","eggrolls;N2低频;原词性:名;音调:⓪"
"うろ覚え","うろおぼえ","模糊的记忆","名词","うろ覚えに覚えているだけです","只是模模糊糊地记得","N2","eggrolls;N2低频;原词性:名;音调:⓪③"
"織り込む","おりこむ","织入；穿插，编入","动词/他动词/五段动词","金線を織り込んだ絹布","织入金丝的绸缎","N2","eggrolls;N2低频;原词性:他動1;音调:⓪③"
"論点","ろんてん","论点，讨论中心","名词","きみの質問は論点をはずれている","你的提问偏离了论点","N2","eggrolls;N2低频;原词性:名;音调:⓪①③"
"目算","もくさん","估计，估量；计划，策划","サ变动词/名词","目算したほどもうからない","比预估的赚得少","N2","eggrolls;N2低频;原词性:他動3・名;音调:⓪"
"染み付く","しみつく","沾上；沾染上","动词/自动词/五段动词","石油の匂いが染み付く","沾上石油的味道","N2","eggrolls;N2低频;原词性:自動1;音调:③"
"ぬるま湯","ぬるまゆ","温水，微温的水","名词","ぬるま湯につかる","泡在温水里；呆在舒适圈，安于现状","N2","eggrolls;N2低频;原词性:名;音调:⓪③"
"得難い","えがたい","难得，来之不易，贵重","い形容词","得難い古書","难得的古书","N2","eggrolls;N2低频;原词性:イ形;音调:③"
"大敵","たいてき","大敌，强敌，劲敌","名词","シロアリは木造家屋の大敵だ","白蚁是木造房屋的大敌","N2","eggrolls;N2低频;原词性:名;音调:⓪"
"不得意","ふとくい","不擅长","な形容词/名词","不得意な学科","自己不擅长的学科","N2","eggrolls;N2中频;原词性:ナ形・名;音调:②"
"取り組み","とりくみ","致力于，处理","名词","勉強への取り組みが真剣だ","对学习的态度很认真","N2","eggrolls;N2高频;原词性:名;音调:⓪"
"後光","ごこう","背光，身后的光环","名词","後光がさす","背光四射","N2","eggrolls;N2低频;原词性:名;音调:①⓪"
"自主性","じしゅせい","自主性","名词","子どもの自主性を尊重する","尊重孩子的自主性","N2","eggrolls;N2中频;原词性:名;音调:⓪"
"随所","ずいしょ","到处，随处","名词","随所に見られる現象","到处可见的现象","N2","eggrolls;N2低频;原词性:名;音调:①"
"ライトアップ","ライトアップ","亮化，（向建筑物）投光照明","サ变动词/名词","庭園をライトアップする","照亮庭园","N2","eggrolls;N2低频;原词性:他動3・名;音调:④;カタカナ語"
"シャトル","シャトル","梭子，穿梭","名词","シャトルバス","（往返旅馆与机场间等的）班车；接驳车","N2","eggrolls;N2低频;原词性:名;音调:①;カタカナ語"
"一句","いっく","一句","名词","一句一句はっきり読む","一句一句地清清楚楚地念","N2","eggrolls;N2低频;原词性:名;音调:①"
"監修","かんしゅう","监修，主编（的人）","名词/サ变动词","医学事典を監修する","监修医学百科全书","N2","eggrolls;N2低频;原词性:名・他動3;音调:⓪"
"えてして","えてして","往往，每每","副词","うぬぼれるとえてして失敗するものだ","自以为了不起往往就会失败","N2","eggrolls;N2中频;原词性:副;音调:①"
"寝苦しい","ねぐるしい","睡不着觉，难以入睡","い形容词","寝苦しくて困った","睡不着真难受","N2","eggrolls;N2低频;原词性:イ形;音调:④"
"結実","けつじつ","结实，结果；收到效果","名词/サ变动词","多年の努力が結実した","多年来的努力有了收获","N2","eggrolls;N2低频;原词性:名・自動3;音调:⓪"
"夜行性","やこうせい","（动物）夜行性","名词","夜行性動物","夜行性动物","N2","eggrolls;N2低频;原词性:名;音调:⓪"
"パイナップル","パイナップル","菠萝，凤梨","名词","パイナップルの缶詰","菠萝罐头","N2","eggrolls;N2低频;原词性:名;音调:③;カタカナ語"
"代筆","だいひつ","代写，代笔，代书","サ变动词/名词","ラブレターの代筆をする","代写情书","N2","eggrolls;N2低频;原词性:他動3・名;音调:⓪"
"夏期","かき","夏期，暑期","名词","夏期休暇","暑假","N2","eggrolls;N2低频;原词性:名;音调:①"
"作風","さくふう","作品的风格","名词","手堅い作風","稳健的风格","N2","eggrolls;N2低频;原词性:名;音调:⓪"
"道草","みちくさ","道旁的草；中途耽搁，路上闲逛","名词/サ变动词","道草を食う","中途耽搁","N2","eggrolls;N2低频;原词性:名・自動3;音调:⓪"
"休眠","きゅうみん","休眠；暂时停顿","名词/サ变动词","工場は休眠状態だ","工厂处于停工状态","N2","eggrolls;N2低频;原词性:名・自動3;音调:⓪"
"神髄","しんずい","精髓，真髓，蕴奥","名词","すばらしい名演にモーツァルトの神髄を見た","精湛的演出，使人领略到莫扎特的真髓","N2","eggrolls;N2低频;原词性:名;音调:⓪①"
"綿毛","わたげ","绒毛","名词","タンポポの綿毛","蒲公英的绒毛","N2","eggrolls;N2低频;原词性:名;音调:⓪②"
"舵取り","かじとり","掌舵（的人）；领导，指挥（的人）","名词","新規事業の舵取りをする","带头做新业务","N2","eggrolls;N2低频;原词性:名;音调:②③⓪"
"信号機","しんごうき","红绿灯","名词","交差点で事故が相次いだため信号機が設置された","由于十字路口频繁发生事故，因此设置了红绿灯","N2","eggrolls;N2低频;原词性:名;音调:③"
"粗悪","そあく","低劣，坏，差","な形容词/名词","粗悪な商品","劣质商品","N2","eggrolls;N2低频;原词性:ナ形・名;音调:⓪"
"行きずり","ゆきずり","擦肩而过，偶然路过；仅限当下","名词","行きずりの人に助けられる","被路过的人帮助","N2","eggrolls;N2低频;原词性:名;音调:⓪"
"シグナル","シグナル","信号；红绿灯，信号机","名词","シグナルを送る","发送信号","N2","eggrolls;N2中频;原词性:名;音调:①;カタカナ語"
"生産者","せいさんしゃ","生产者","名词","生産者直売だから安心だ","是生产者自产自销的，可以放心","N2","eggrolls;N2中频;原词性:名;音调:③"
"働き手","はたらきて","家庭支柱；能手，能干的人","名词","交通事故で働き手を失う","因交通事故失去家里顶梁柱","N2","eggrolls;N2中频;原词性:名;音调:⓪"
"虚栄","きょえい","虚荣","名词","虚栄を張る","爱慕虚荣","N2","eggrolls;N2低频;原词性:名;音调:⓪"
"初秋","しょしゅう","初秋，早秋","名词","初秋の紅葉はまだ青かった","初秋的红叶还是绿的","N2","eggrolls;N2低频;原词性:名;音调:⓪"
"早足","はやあし","快步","名词","早足で歩く","快步走","N2","eggrolls;N2低频;原词性:名;音调:②"
"関わり合う","かかわりあう","牵扯，牵涉","动词/自动词/五段动词","もめごとには関わり合いたくない","不想卷入纷争","N2","eggrolls;N2低频;原词性:自動1;音调:⑤"
"語り手","かたりて","讲话的人；剧情解说人","名词","読み聞かせの前に、語り手は子どもたちに対してどんな工夫をしていますか","在讲故事之前，说书人会对孩子们做哪些准备或努力？","N2","eggrolls;N2低频;原词性:名;音调:⓪"
"好悪","こうお","好恶，爱憎","名词","好悪の念が強い","爱憎分明","N2","eggrolls;N2低频;原词性:名;音调:①"
"再検討","さいけんとう","重新审查，重新研究，重新考虑","サ变动词/名词","このプロジェクトは再検討の余地がある","这个项目有必要重新研究","N2","eggrolls;N2中频;原词性:他動3・名;音调:③"
"論戦","ろんせん","论战，论争，辩论","名词/サ变动词","政策について論戦する","针对政策展开辩论","N2","eggrolls;N2低频;原词性:名・自動3;音调:⓪"
"迷わす","まよわす","迷惑，使困惑；诱惑，诱骗","动词/他动词/五段动词","人を迷わすような問題","让人困惑的问题","N2","eggrolls;N2中频;原词性:他動1;音调:③"
"インターン","インターン","实习美容师，实习医生；（「インターンシップ」の略）实习（生）","名词","大学病院のインターン","大学医院的实习医生","N2","eggrolls;N2低频;原词性:名;音调:③;カタカナ語"
"引き合い","ひきあい","互相拉扯；引证，举例；交易，（交易前）询价","名词","能を引き合いに日本文化を語る","以能剧为例谈论日本文化","N2","eggrolls;N2低频;原词性:名;音调:⓪"
"各位","かくい","各位","名词","ご出席の各位に申し上げます","向出席的诸位讲几句话","N2","eggrolls;N2高频;原词性:名;音调:①"
"植林","しょくりん","植树造林","名词/サ变动词","原野に植林する","在原野上植树造林","N2","eggrolls;N2低频;原词性:名・自他動3;音调:⓪"
"粉薬","こなぐすり","粉剂，散剂，药面","名词","粉薬を飲む","吃药粉","N2","eggrolls;N2低频;原词性:名;音调:③"
"芽生え","めばえ","发芽；萌芽","名词","ヤナギの芽生え","柳芽","N2","eggrolls;N2中频;原词性:名;音调:⓪②③"
"覚え書き","おぼえがき","记录，笔记","名词","会議の覚え書きを作る","作会议纪要","N2","eggrolls;N2低频;原词性:名;音调:⓪"
"広葉樹","こうようじゅ","阔叶树","名词","洋紙は、安い価格で多量に手に入る針葉樹や広葉樹の、皮を取り除いた幹の部分を原料とする","洋纸是以低廉的价格大量获取的针叶树或阔叶树，去除树皮的树干部分为原料制成的","N2","eggrolls;N2低频;原词性:名;音调:③"
"アウトプット","アウトプット","（电脑）输出","サ变动词/名词","インプット","（input）（电脑）输入","N2","eggrolls;N2低频;原词性:他動3・名;音调:④;カタカナ語"
"コンドル","コンドル","神鹰，美洲秃鹫","名词","翼を広げてゆうゆうと滑空するコンドル","展开翅膀悠然滑翔的秃鹰","N2","eggrolls;N2低频;原词性:名;音调:①;カタカナ語"
"名著","めいちょ","名著，杰出的著作","名词","日本の名著を読む","阅读日本名著","N2","eggrolls;N2低频;原词性:名;音调:①"
"冊数","さっすう","册数","名词","ノートの冊数を数える","计算笔记本的册数","N2","eggrolls;N2低频;原词性:名;音调:③"
"汗腺","かんせん","汗腺","名词","犬には汗腺がない","狗没有汗腺","N2","eggrolls;N2低频;原词性:名;音调:⓪"
"打ち水","うちみず","洒水，洒的水","名词","庭に打ち水をする","在院子里洒水","N2","eggrolls;N2低频;原词性:名;音调:②⓪"
"編者","へんじゃ","编者，编辑人","名词","歌集の編者","歌集的编者","N2","eggrolls;N2低频;原词性:名;音调:①"
"誤読","ごどく","误读，错读","サ变动词/名词","「山木」を「山本」と誤読する","把“山木”误读成“山本”","N2","eggrolls;N2低频;原词性:他動3・名;音调:⓪"
"海豚","いるか","海豚","名词","クジラはイルカよりも体が大きい","鲸鱼的体型比海豚大","N2","eggrolls;N2低频;原词性:名;音调:⓪"
"米食","べいしょく","以大米为主食","名词","米食の習慣","吃大米的习惯","N2","eggrolls;N2低频;原词性:名;音调:⓪"
"見返し","みかえし","（封面和封底的）衬页，环衬","名词","本の見返しに署名する","在书的衬页上签名","N2","eggrolls;N2低频;原词性:名;音调:⓪"
"不ぞろい","ふぞろい","不整齐，参差不齐","名词/な形容词","品質が不ぞろいである","质量参差不齐","N2","eggrolls;N2低频;原词性:名・ナ形;音调:②"
"作意","さくい","企图，打算;（艺术作品的）构想，创作意图","名词","作意のあるいたずら","别有用心的恶作剧","N2","eggrolls;N2低频;原词性:名;音调:①②"
"洋紙","ようし","洋纸，西洋纸","名词","日本には一般的に使われている「洋紙」のほかに、古くから使われている「和紙」がある","在日本，除了普遍使用的“洋纸”之外，还有自古以来使用的“和纸”","N2","eggrolls;N2低频;原词性:名;音调:⓪"
"促成","そくせい","人工加速培育，促成","名词/サ变动词","トマトの促成栽培","番茄的促成栽培","N2","eggrolls;N2低频;原词性:名・他動3;音调:⓪"
"書き言葉","かきことば","书面语，书面语言","名词","書き言葉と話し言葉","书面语和口语","N2","eggrolls;N2中频;原词性:名;音调:③"
"書き表す","かきあらわす","（用文字或图画）表现出来","动词/他动词/五段动词","印象を絵で書き表す","用画表达印象","N2","eggrolls;N2低频;原词性:他動1;音调:⓪⑤"
"旧跡","きゅうせき","古迹","名词","名所旧跡","名胜古迹","N2","eggrolls;N2低频;原词性:名;音调:⓪"
"強火","つよび","（烹饪时的）大火，武火","名词","強火で煮る","用大火煮","N2","eggrolls;N2低频;原词性:名;音调:⓪"
"受講","じゅこう","听讲，听课","名词/サ变动词","現代文学の講座を受講する","选修现代文学课程","N2","eggrolls;N2高频;原词性:名・自他動3;音调:⓪"
"黒鉛","こくえん","石墨","名词","鉛筆は黒鉛と粘土からできている","铅笔是由石墨和粘土制成的","N2","eggrolls;N2低频;原词性:名;音调:⓪②"
"商会","しょうかい","商行；公司","名词","山田商会","山田商行","N2","eggrolls;N2中频;原词性:名;音调:⓪"
"名器","めいき","名器，珍贵器物","名词","バイオリンの名器","名贵的小提琴","N2","eggrolls;N2低频;原词性:名;音调:①"
"花芽","はなめ","花芽","名词","葉芽と花芽とを見分ける","分辨叶芽和花芽","N2","eggrolls;N2低频;原词性:名;音调:②"
"乖離","かいり","乖离，背离","名词/サ变动词","理想と現実の乖離","理想与现实的差距","N2","eggrolls;N2低频;原词性:名・自動3;音调:①"
"手書き","てがき","手写，手抄","名词","手書きの原稿","手写的原稿","N2","eggrolls;N2中频;原词性:名;音调:⓪"
"多用","たよう","事多，很忙，百忙；经常使用","名词/サ变动词","ご多用中すみません","百忙之中打扰您，很抱歉","N2","eggrolls;N2中频;原词性:名・他動3;音调:⓪"
"確度","かくど","准确度，准确性","名词","確度が高い","准确度高","N2","eggrolls;N2低频;原词性:名;音调:①"
"至言","しげん","至理名言","名词","「時は金なり」とはまさに至言だ","所谓“时间就是金钱”真是至理名言","N2","eggrolls;N2低频;原词性:名;音调:⓪"
"自嘲","じちょう","自嘲，自我嘲笑","名词/サ变动词","自嘲気味につぶやく","有些自嘲地喃喃自语","N2","eggrolls;N2低频;原词性:名・自動3;音调:⓪"
"修整","しゅうせい","（照片）修图","サ变动词/名词","この写真は修整してあるようだ","这张照片似乎有经过修图","N2","eggrolls;N2低频;原词性:他動3・名;音调:⓪"
"文系","ぶんけい","文科","名词","彼は大学は文系に進むことにしている","他决定大学要念文科","N2","eggrolls;N2中频;原词性:名;音调:⓪"
"周年","しゅうねん","周年","名词/接尾词","創立10周年","创立十周年","N2","eggrolls;N2中频;原词性:名・接尾"
"戦法","せんぽう","战术","名词","新しい戦法をとる","采取新的战术","N2","eggrolls;N2低频;原词性:名;音调:⓪"
"県内","けんない","县内","名词","県内でいちばん大きい病院","县内最大的医院","N2","eggrolls;N2低频;原词性:名;音调:①"
"商事","しょうじ","商务，商业；（「商事会社」の略）贸易公司","名词","商事契約","商业合同","N2","eggrolls;N2中频;原词性:名;音调:①"
"深度","しんど","深度","名词","海の深度を測る","测量海水深度","N2","eggrolls;N2低频;原词性:名;音调:①"
"電動","でんどう","电动","名词","電動自転車","电动自行车","N2","eggrolls;N2低频;原词性:名;音调:⓪"
"有人","ゆうじん","有人，载人","名词","有人宇宙飛行","载人航天","N2","eggrolls;N2低频;原词性:名;音调:⓪"
"今一つ","いまひとつ","还差一点，略有欠缺","副词","今一つ物足りない","总觉得还差了点","N2","eggrolls;N2中频;原词性:副;音调:④"
"詩的","してき","富有诗意","な形容词","詩的な田園風景","诗情画意的田园风光","N2","eggrolls;N2低频;原词性:ナ形;音调:⓪"
"ひらめく","ひらめく","闪，闪耀，闪烁；飘动，飘扬，飘荡；闪现，忽然想出","动词/自动词/五段动词","西の空でときどき稲妻がひらめいた","西边的天空不时地发出雷电闪光","N2","eggrolls;N2低频;原词性:自動1;音调:③"
"ゆがみ","ゆがみ","（物体）歪斜；（内心）不直爽，乖僻","名词","線のゆがみをなおす","修正线条的歪曲","N2","eggrolls;N2低频;原词性:名;音调:⓪③"
"受け手","うけて","接收人，受众","名词","刺激的な広告は、受け手の心の奥に入り込んでいきやすい","煽动性的广告更容易深入人心","N2","eggrolls;N2中频;原词性:名;音调:⓪"
"世界観","せかいかん","世界观，宇宙观","名词","宗教的世界観","宗教的世界观","N2","eggrolls;N2中频;原词性:名;音调:②"
"プロセス","プロセス","经过，过程；方法，程序","名词","これまでのプロセスを説明する","对到目前为止的流程进行说明","N2","eggrolls;N2高频;原词性:名;音调:②;カタカナ語"
"枠組み","わくぐみ","框架；（事物的）结构","名词","コンクリートの枠組み","混凝土框架","N2","eggrolls;N2中频;原词性:名;音调:⓪④"
"駐輪場","ちゅうりんじょう","自行车停车场","名词","有料の駐輪場を利用する","使用付费的自行车停车场","N2","eggrolls;N2高频;原词性:名;音调:⓪"
"人工知能","じんこうちのう","人工智能","名词","人工知能がどんどん発達し、社会に大きく影響すると思われます","人工智能不断发展，预计将对社会产生重大影响","N2","eggrolls;N2中频;原词性:名;音调:⑤"
"個人情報","こじんじょうほう","个人信息","名词","個人情報が漏れる","个人信息泄露","N2","eggrolls;N2中频;原词性:名;音调:④"
"絞り込む","しぼりこむ","设定条件并缩小范围","动词/他动词/五段动词","テーマを絞り込む","缩小主题范围","N2","eggrolls;N2中频;原词性:他動1;音调:④"
"見知らぬ","みしらぬ","未见过的，不认识的","连体词","見知らぬ人に声をかけられる","被陌生人搭话","N2","eggrolls;N2中频;原词性:連体;音调:⓪"
"追い求める","おいもとめる","追求","动词/他动词/一段动词","理想を追い求める","追求理想","N2","eggrolls;N2中频;原词性:他動2;音调:⑤"
"腹が立つ","はらがたつ","生气","成句","腹が立つのを我慢する","忍住不发火","N2","eggrolls;N2中频;原词性:成句"
"機械的","きかいてき","机械（装置）的；机械的，呆板的","な形容词","書類から書類へ機械的に目を通す","机械地浏览着文件","N2","eggrolls;N2低频;原词性:ナ形;音调:⓪"
"集中力","しゅうちゅうりょく","专注力","名词","彼は集中力に欠ける","他缺乏专注力","N2","eggrolls;N2中频;原词性:名;音调:③"
"個人的","こじんてき","个人的","な形容词","個人的な考え方","个人的想法","N2","eggrolls;N2高频;原词性:ナ形;音调:⓪"
"比較的","ひかくてき","比较","副词","この湾の水深は比較的浅い","这个海湾的水深比较浅","N2","eggrolls;N2中频;原词性:副;音调:⓪"
"全面的","ぜんめんてき","全面的，全部，全盘","な形容词","全面的に改正する","全面修改","N2","eggrolls;N2中频;原词性:ナ形;音调:⓪"
"精神的","せいしんてき","精神上的，精神的","な形容词","精神的な援助","精神上的援助","N2","eggrolls;N2中频;原词性:ナ形;音调:⓪"
"普遍的","ふへんてき","普遍的","な形容词","普遍的な真理","普遍真理","N2","eggrolls;N2低频;原词性:ナ形;音调:⓪"
"相対的","そうたいてき","相对的","な形容词","相対的に見てA案のほうがよさそうだ","相对而言，A方案似乎更好","N2","eggrolls;N2中频;原词性:ナ形;音调:⓪"
"主観的","しゅかんてき","主观的","な形容词","主観的な考え","主观的想法","N2","eggrolls;N2低频;原词性:ナ形;音调:⓪"
"刷り込む","すりこむ","加印上，印刷进去；（从小时候起）灌输","动词/他动词/五段动词","社名を刷り込んだ手帳","印有公司名称的笔记本","N2","eggrolls;N2低频;原词性:他動1;音调:③⓪"
"典型的","てんけいてき","典型的","な形容词","肺炎の典型的な症状","肺炎的典型症状","N2","eggrolls;N2中频;原词性:ナ形;音调:⓪"
"向こう側","むこうがわ","对面；对方","名词","川の向こう側へ渡る","渡到河的对岸","N2","eggrolls;N2中频;原词性:名;音调:⓪"
"昼過ぎ","ひるすぎ","过午，下午","名词","昼過ぎから雨になった","午后开始下雨","N2","eggrolls;N2中频;原词性:名;音调:④③"
"書き手","かきて","写的人，笔者；书法家，画家，文学家","名词","記事の書き手を探す","寻找写报道的人","N2","eggrolls;N2中频;原词性:名;音调:③⓪"
"かなた","かなた","彼方，那边","代词","海の彼方に島影が見える","在海的彼方可以看见岛屿的轮廓","N2","eggrolls;N2中频;原词性:代;音调:①"
"すら","すら","连，甚至，尚且","副助词","自分の名前すら忘れた","连自己的名字都忘了","N2","eggrolls;N2高频;原词性:副助"
"さえ","さえ","连，甚至；除了……外，不仅……而且；只要……（就……）","副助词","子供にさえ分かる","连小孩子都懂","N2","eggrolls;N2高频;原词性:副助"
"次第","しだい","根据，视……而定；听其自然，任其发展；一结束就立刻……","接尾词","天候次第だ","要看天气情况而定","N2","eggrolls;N2低频;原词性:接尾"
"前〜","ぜん〜","前，以前；前一个","接头词","前近代的な制度","落后的制度；封建式制度","N2","eggrolls;N2低频;原词性:接頭;音调:①"
"アーティスト","アーティスト","（特指美术家、歌手等）艺术家","名词","ロックアーティスト","摇滚歌手","N2","eggrolls;N2低频;原词性:名;音调:①;カタカナ語"
"エレメント","エレメント","要素；（化学）元素","名词","耐震構造を支えるエレメント","支撑耐震结构的构件","N2","eggrolls;N2低频;原词性:名;音调:①;カタカナ語"
"オーラ","オーラ","气场，范儿","名词","オーラを発散する","散发气场","N2","eggrolls;N2低频;原词性:名;音调:①;カタカナ語"
"落ち","おち","（不好的）结果，结局，下场","名词","そんなことを言うと、けんかになるのが落ちだ","这么说的话，最后只会吵起来","N2","eggrolls;N2高频;原词性:名;音调:②"
"がめつい","がめつい","唯利是图，贪得无厌，精打细算","い形容词","がめつく金をためる","贪婪地存钱","N2","eggrolls;N2低频;原词性:イ形;音调:③"
"クラッシュ","クラッシュ","撞车；（电脑）硬盘或数据损坏；（电脑）软件异常中止","名词/サ变动词","コーナーでクラッシュしてリタイアする","在弯道撞车后退赛","N2","eggrolls;N2低频;原词性:名・自動3;音调:②;カタカナ語"
"さわら","さわら","马鲛鱼，鲅鱼","名词","サワラの西京焼き","马鲛鱼西京烧","N2","eggrolls;N2低频;原词性:名;音调:⓪"
"シュレッダー","シュレッダー","碎纸机","名词","シュレッダーにかける","放进碎纸机","N2","eggrolls;N2低频;原词性:名;音调:②;カタカナ語"
"スマホ","スマホ","智能手机","名词","駅構内での歩きスマホは危険です","在车站里边走边玩手机很危险","N2","eggrolls;N2低频;原词性:名;音调:③;カタカナ語"
"タブレット","タブレット","平板电脑","名词","資料はタブレットで確認できます","资料可以用平板电脑确认","N2","eggrolls;N2低频;原词性:名;音调:①;カタカナ語"
"ニッチ","ニッチ","壁龛；狭小市场，小众领域","名词","ニッチ産業","小众产业，利基产业","N2","eggrolls;N2低频;原词性:名;音调:①;カタカナ語"
"ファクター","ファクター","因素，要素","名词","成功のファクターは努力だけではない","成功的因素不只是努力","N2","eggrolls;N2中频;原词性:名;音调:①;カタカナ語"
"ワイパー","ワイパー","雨刷，刮水器","名词","ワイパーが左右に動いている","雨刷在左右摆动","N2","eggrolls;N2低频;原词性:名;音调:①;カタカナ語"
"あふれ出す","あふれだす","涌出，溢出","动词/自动词/五段动词","こらえていた涙があふれ出す","强忍的泪水夺眶而出","N2","eggrolls;N2低频;原词性:自動1;音调:④"
"甘み","あまみ","甜味","名词","甘みのある果物","有甜味的水果","N2","eggrolls;N2低频;原词性:名;音调:⓪"
"教え込む","おしえこむ","彻底教会，灌输","动词/他动词/五段动词","猿に曲芸を教え込む","教猴子杂技","N2","eggrolls;N2中频;原词性:他動1;音调:④"
"駆け上がる","かけあがる","跑上去","动词/自动词/五段动词","子どもが階段を駆け上がった","孩子跑上了楼梯","N2","eggrolls;N2低频;原词性:自動1;音调:④⓪"
"減衰","げんすい","减衰，衰减","名词","減衰振動","阻尼振动；减幅振动","N2","eggrolls;N2低频;原词性:名;音调:⓪"
"呼び込む","よびこむ","唤进，让进来","动词/他动词/五段动词","客を店に呼び込む","招揽客人进店里","N2","eggrolls;N2中频;原词性:他動1;音调:③"
"誤用","ごよう","误用，错用","名词/サ变动词","敬語を誤用する","误用敬语","N2","eggrolls;N2低频;原词性:名・他動3;音调:⓪"
"好き勝手","すきかって","随心所欲的，任性的","な形容词/名词","好き勝手なことばかり言う","随便乱说一通","N2","eggrolls;N2低频;原词性:ナ形・名;音调:③"
"根付く","ねづく","扎根","动词/自动词/五段动词","根付いたのはわずか1本だ","只有一棵生根了","N2","eggrolls;N2低频;原词性:自動1;音调:②"
"混じり合う","まじりあう","混在一起，交融","动词/自动词/五段动词","不安と期待が混じり合う","不安与期待交织在一起","N2","eggrolls;N2低频;原词性:自動1;音调:④"
"作り声","つくりごえ","假声，假嗓子，模仿的声","名词","作り声で電話する","捏着嗓子打电话","N2","eggrolls;N2低频;原词性:名;音调:④"
"うまみ","うまみ","美味；巧妙；利益","名词","野菜のうまみ","蔬菜的鲜味","N2","eggrolls;N2中频;原词性:名;音调:⓪③"
"質的","しつてき","质的，质量的","な形容词","質的に低下する","品质降低","N2","eggrolls;N2中频;原词性:ナ形;音调:⓪"
"集客","しゅうきゃく","招徕顾客","名词","集客に悩む","为招揽顾客而烦恼","N2","eggrolls;N2低频;原词性:名;音调:⓪"
"出来たて","できたて","刚做好，刚出来","名词","出来たてのパンはおいしい","刚出炉的面包很好吃","N2","eggrolls;N2低频;原词性:名;音调:⓪"
"信じ込む","しんじこむ","深信不疑，坚信，认定","动词/自动词/五段动词","彼はそのうわさを本当だと信じ込んでいた","他坚信那个传闻是真的","N2","eggrolls;N2低频;原词性:自動1;音调:④"
"生まれ持つ","うまれもつ","生来具有","动词/他动词/五段动词","生まれ持った才能","与生俱来的才能","N2","eggrolls;N2低频;原词性:他動1;音调:④"
"洗い出す","あらいだす","开始洗；洗出；查明","动词/他动词/五段动词","原因を洗い出して対策を立てる","先查明原因，再制定对策","N2","eggrolls;N2低频;原词性:他動1;音调:④"
"打ち直す","うちなおす","重新打；重新弹（棉花）","动词/他动词/五段动词","くぎを打ち直す","重新钉钉子","N2","eggrolls;N2中频;原词性:他動1;音调:④⓪"
"値札","ねふだ","价签，标价签","名词","商品にきちんと値札をつけておく","给商品贴好价签","N2","eggrolls;N2低频;原词性:名;音调:⓪"
"底上げ","そこあげ","提高水平","名词","賃金を底上げする","提高工资水平","N2","eggrolls;N2低频;原词性:名;音调:④"
"頭角","とうかく","头角","名词","頭角を現す","崭露头角","N2","eggrolls;N2低频;原词性:名;音调:⓪"
"読み込む","よみこむ","彻底读懂；（电脑）导入数据","动词/他动词/五段动词","古文書を読み込む","研读古文书","N2","eggrolls;N2低频;原词性:他動1;音调:③⓪"
"突き動かす","つきうごかす","驱使，推动","动词/他动词/五段动词","恩師の一言に突き動かされて博士論文を完成した","在恩师的一句话激励下，我完成了博士论文","N2","eggrolls;N2低频;原词性:他動1;音调:⑤"
"届け先","とどけさき","收件人，收件地址","名词","荷物の届け先","包裹的收件地址","N2","eggrolls;N2低频;原词性:名;音调:⓪"
"能動","のうどう","主动，能动","名词","能動的に行動する","主动行动","N2","eggrolls;N2低频;原词性:名;音调:⓪"
"買い与える","かいあたえる","买给","动词/他动词/一段动词","ゲーム機を買い与える","买游戏机给（他人）","N2","eggrolls;N2中频;原词性:他動1;音调:⓪⑤④"
"肌合い","はだあい","手感；性情，性格，气质","名词","すべすべした肌合い","光滑的触感","N2","eggrolls;N2低频;原词性:名;音调:⓪③"
"面白み","おもしろみ","趣味，乐趣，兴趣","名词","面白みのない男","无趣的男人","N2","eggrolls;N2低频;原词性:名;音调:⓪"
"流れ着く","ながれつく","漂流而至","动词/自动词/五段动词","木片が海岸に流れ着いた","木片漂到了海岸上","N2","eggrolls;N2低频;原词性:自動1;音调:④"
