expression,reading,meaningChinese,partOfSpeech,exampleJapanese,exampleChinese,jlptLevel,tags
"なす","なす","茄子","名词","麻婆茄子","麻婆茄子","N3","eggrolls;N3低频;原词性:名;音调:①"
"換気扇","かんきせん","换气扇；抽油烟机","名词","黒い油でべっとりした換気扇は汚くて掃除しにくい","沾满黑色油污的抽油烟机，又脏又难清理","N3","eggrolls;N3低频;原词性:名;音调:⓪"
"キログラム","キログラム","千克，公斤","名词","一度に50キログラム買った","一次就买了五十公斤","N3","eggrolls;N3低频;原词性:名;音调:③;カタカナ語"
"キロメートル","キロメートル","……千米，……公里","名词","4キロメートル以内は無料配達いたします","四公里以内免费送货","N3","eggrolls;N3中频;原词性:名;音调:③;カタカナ語"
"ら","ら","……们，……等","接尾词","彼ら","他们","N3","eggrolls;N3低频;原词性:接尾"
"末","まつ","……末，……尾","接尾词","20世紀末","二十世纪末","N3","eggrolls;N3低频;原词性:接尾"
"あたし","あたし","（女性用语）我","代词","あたし、これ好き！","我喜欢这个！","N3","eggrolls;N3低频;原词性:代;音调:⓪"
"アメリカ","アメリカ","美洲；美国","名词","アメリカからの留学生","来自美国的留学生","N3","eggrolls;N3中频;原词性:名;音调:⓪;カタカナ語"
"アルバム","アルバム","相册，纪念册","名词","卒業アルバム","毕业纪念册","N3","eggrolls;N3低频;原词性:名;音调:⓪;カタカナ語"
"おっしゃる","おっしゃる","说，讲","动词/他动词/五段动词","おっしゃる通りです","正如您所说","N3","eggrolls;N3中频;原词性:他動1;音调:③"
"キロ","キロ","千","名词","キログラム","千克","N3","eggrolls;N3中频;原词性:名;音调:①;カタカナ語"
"コーラ","コーラ","可乐","名词","コカコーラ","可口可乐","N3","eggrolls;N3低频;原词性:名;音调:①;カタカナ語"
"この前","このまえ","最近，之前；上次","名词","この前の日曜日","上星期天","N3","eggrolls;N3高频;原词性:名;音调:③"
"この辺","このへん","这附近","名词","この辺に郵便局はありませんか","这附近有没有邮局？","N3","eggrolls;N3高频;原词性:名;音调:⓪"
"ゴルフ","ゴルフ","高尔夫","名词","ゴルフ歴は浅い","高尔夫球龄很短","N3","eggrolls;N3中频;原词性:名;音调:①;カタカナ語"
"ショッピング","ショッピング","购物","名词/サ变动词","ショッピングセンター","购物中心","N3","eggrolls;N3低频;原词性:名・自動3;音调:①;カタカナ語"
"スープ","スープ","汤","名词","母がコーンスープを作っている","妈妈在做玉米浓汤","N3","eggrolls;N3中频;原词性:名;音调:①;カタカナ語"
"すばらしい","すばらしい","出色的，优秀的","い形容词","素晴らしい景色ですね","真是美丽的景色","N3","eggrolls;N3高频;原词性:イ形;音调:④"
"スプーン","スプーン","汤匙，勺子","名词","カレーライスはスプーンで食べます","咖喱饭要用汤匙吃","N3","eggrolls;N3低频;原词性:名;音调:②;カタカナ語"
"チーム","チーム","队，组","名词","野球のチームを作る","组织棒球队","N3","eggrolls;N3低频;原词性:名;音调:①;カタカナ語"
"テープ","テープ","磁带，录音带；窄长的布、纸等","名词","録音テープ","录音磁带","N3","eggrolls;N3低频;原词性:名;音调:①;カタカナ語"
"ドリンク","ドリンク","饮料","名词","ソフトドリンク","清凉饮料，软饮料","N3","eggrolls;N3低频;原词性:名;音调:②;カタカナ語"
"のり","のり","糨糊，黏着剂","名词","のりではる","用糨糊贴","N3","eggrolls;N3低频;原词性:名;音调:②"
"バイク","バイク","摩托车；自行车","名词","バイクに乗る","骑摩托车","N3","eggrolls;N3中频;原词性:名;音调:①;カタカナ語"
"フォーク","フォーク","叉子","名词","スパゲッティをフォークに絡める","用叉子卷起意大利面","N3","eggrolls;N3低频;原词性:名;音调:①;カタカナ語"
"ふらふら","ふらふら","（因无力而身体）晃悠，晕；游移不定；糊里糊涂","副词/な形容词/サ变动词","熱があって少しふらふらする","发烧有些头晕","N3","eggrolls;N3中频;原词性:副・ナ形・自動3;音调:①⓪;オノマトペ"
"ふるさと","ふるさと","故乡，家乡","名词","ふるさとに帰る","回故乡","N3","eggrolls;N3中频;原词性:名;音调:②"
"ポケット","ポケット","口袋","名词","財布をポケットにしまった","把钱包放进了口袋","N3","eggrolls;N3高频;原词性:名;音调:②①;カタカナ語"
"ポテト","ポテト","土豆，马铃薯","名词","ポテトサラダ","土豆沙拉","N3","eggrolls;N3低频;原词性:名;音调:①;カタカナ語"
"マンション","マンション","（钢筋混凝土建造的）高级公寓，居民楼","名词","中古マンション","二手公寓","N3","eggrolls;N3中频;原词性:名;音调:①;カタカナ語"
"メールアドレス","メールアドレス","邮箱地址","名词","メールアドレスを間違える","输错电子邮件地址","N3","eggrolls;N3中频;原词性:名;音调:④;カタカナ語"
"ラジカセ","ラジカセ","收录音机","名词","CD付きラジカセ","激光唱盘收录机","N3","eggrolls;N3低频;原词性:名;音调:⓪;カタカナ語"
"飲食","いんしょく","饮食","名词/サ变动词","飲食店","餐饮店","N3","eggrolls;N3中频;原词性:名・自他動3;音调:①⓪"
"横断歩道","おうだんほどう","人行横道","名词","横断歩道を渡る","过人行横道","N3","eggrolls;N3低频;原词性:名;音调:⑤"
"億","おく","亿","名词","世界人口は80億人だ","世界人口有八十亿人","N3","eggrolls;N3低频;原词性:名;音调:①"
"俺","おれ","（非正式场合的男性自称）我","代词","俺が教えてやるよ","我来教你吧","N3","eggrolls;N3低频;原词性:代;音调:⓪"
"家庭","かてい","家庭","名词","円満な家庭","美满的家庭","N3","eggrolls;N3低频;原词性:名;音调:⓪"
"海外","かいがい","海外，国外","名词","海外に留学する","出国留学","N3","eggrolls;N3高频;原词性:名;音调:①"
"滑る","すべる","滑行；打滑","动词/自动词/五段动词","氷の上を滑る","在冰上滑行","N3","eggrolls;N3中频;原词性:自動1;音调:②"
"歓迎会","かんげいかい","迎新会","名词","歓迎会を催す","举办欢迎会","N3","eggrolls;N3高频;原词性:名;音调:③"
"企業","きぎょう","企业","名词","企業をおこす","创办企业","N3","eggrolls;N3中频;原词性:名;音调:①"
"気温","きおん","气温","名词","気温が上がる","气温上升","N3","eggrolls;N3高频;原词性:名;音调:⓪"
"記念品","きねんひん","纪念品","名词","記念品を贈る","赠送纪念品","N3","eggrolls;N3中频;原词性:名;音调:⓪"
"銀行員","ぎんこういん","银行工作人员","名词","銀行員から歌手に転身する","从银行职员转型为歌手","N3","eggrolls;N3低频;原词性:名;音调:③"
"健康","けんこう","健康；健康的","名词/な形容词","健康診断","健康检查","N3","eggrolls;N3高频;原词性:名・ナ形;音调:⓪"
"語","ご","单词，词语","名词","語の意味","单词的意思","N3","eggrolls;N3高频;原词性:名;音调:①"
"喉","のど","喉咙，嗓子","名词","喉が渇く","口渴","N3","eggrolls;N3高频;原词性:名;音调:①"
"今まで","いままで","至今为止","副词","こういう例は今までにない","以前没有过这样的例子","N3","eggrolls;N3高频;原词性:副;音调:③"
"咲く","さく","开花","动词/自动词/五段动词","バラの花が咲いた","玫瑰花开了","N3","eggrolls;N3高频;原词性:自動1;音调:⓪"
"作家","さっか","作家","名词","童話作家","童话作家","N3","eggrolls;N3中频;原词性:名;音调:⓪"
"自己","じこ","自己","名词","費用は自己負担です","费用自己负担","N3","eggrolls;N3中频;原词性:名;音调:①"
"自動車","じどうしゃ","汽车","名词","自動車教習所","驾校","N3","eggrolls;N3中频;原词性:名;音调:②⓪"
"社会","しゃかい","社会","名词","学校を卒業して社会の一員となる","从学校毕业成为社会的一员","N3","eggrolls;N3中频;原词性:名;音调:①"
"主人","しゅじん","一家之主；店主；丈夫","名词","店の主人","店主","N3","eggrolls;N3中频;原词性:名;音调:①"
"出張","しゅっちょう","出差","名词/サ变动词","公用で中国へ出張する","因公到中国出差","N3","eggrolls;N3高频;原词性:名・自動3;音调:⓪"
"書類","しょるい","文件，资料","名词","秘密書類","秘密文件","N3","eggrolls;N3高频;原词性:名;音调:⓪"
"小〜","こ〜","小……；稍微……","接头词","小石","小石头","N3","eggrolls;N3低频;原词性:接頭"
"丈夫","じょうぶ","健康，强壮；坚固，结实","な形容词","祖母は体が丈夫だ","祖母身体很健康","N3","eggrolls;N3高频;原词性:ナ形;音调:⓪"
"新鮮","しんせん","新鲜，鲜活","名词/な形容词","新鮮な野菜","新鲜的蔬菜","N3","eggrolls;N3高频;原词性:名・ナ形;音调:⓪"
"数字","すうじ","数字","名词","4桁の数字","四位数字","N3","eggrolls;N3中频;原词性:名;音调:⓪"
"洗濯機","せんたくき","洗衣机","名词","洗濯機を修理する","修洗衣机","N3","eggrolls;N3中频;原词性:名;音调:④③"
"全員","ぜんいん","全体成员","名词","クラス全員が参加する","全班同学都参加","N3","eggrolls;N3高频;原词性:名;音调:⓪"
"祖父母","そふぼ","祖父母","名词","子供の世話を祖父母に任せる","让祖父母帮忙带小孩","N3","eggrolls;N3低频;原词性:名;音调:②"
"太陽","たいよう","太阳","名词","太陽が昇る","太阳升起","N3","eggrolls;N3中频;原词性:名;音调:①"
"代わり","かわり","代替，替代","名词","人の代わりに行く","代别人去","N3","eggrolls;N3高频;原词性:名;音调:⓪"
"茶碗","ちゃわん","碗，茶杯，饭碗","名词","ご飯を茶わんに盛る","把饭盛到饭碗里","N3","eggrolls;N3低频;原词性:名;音调:⓪"
"中華料理","ちゅうかりょうり","中国菜","名词","本場の中華料理を堪能する","享用地道的中餐","N3","eggrolls;N3低频;原词性:名;音调:④"
"張る","はる","拉；挺；膨胀；覆盖；（肌肉）发酸","动词/自他动词/五段动词","ロープを張る","拉起绳子","N3","eggrolls;N3高频;原词性:自他動1;音调:⓪"
"田舎","いなか","乡下，农村；老家","名词","東京とはいってもここら辺は田舎です","虽然说是东京，但这一带是乡下","N3","eggrolls;N3中频;原词性:名;音调:⓪"
"都会","とかい","都市，大城市","名词","都会に出て就職する","去大城市工作","N3","eggrolls;N3中频;原词性:名;音调:⓪"
"豚肉","ぶたにく","猪肉","名词","牛肉より豚肉が軟らかい","猪肉比牛肉软嫩","N3","eggrolls;N3低频;原词性:名;音调:⓪"
"二十歳","はたち","二十岁","名词","妹は来年、二十歳になります","我妹妹明年就二十岁了","N3","eggrolls;N3低频;原词性:名;音调:①"
"梅雨","つゆ","（从六月到七月持续下雨）梅雨季节","名词","そろそろ梅雨に入りそうだ","快要进入梅雨季了；快要入梅了","N3","eggrolls;N3低频;原词性:名;音调:⓪"
"博物館","はくぶつかん","博物馆","名词","科学博物館","科学博物馆","N3","eggrolls;N3中频;原词性:名;音调:④③"
"皮","かわ","皮，表皮","名词","皮を剥く","剥皮，削皮","N3","eggrolls;N3中频;原词性:名;音调:②"
"かぶる","かぶる","戴，盖；蒙受","动词/他动词/五段动词","帽子をかぶる","戴帽子","N3","eggrolls;N3中频;原词性:他動1;音调:②"
"毎回","まいかい","每次，每回","副词/名词","毎回出席する","每次都出席","N3","eggrolls;N3高频;原词性:副・名;音调:⓪"
"幼稚園","ようちえん","幼儿园","名词","うちの子どもも4月から幼稚園だ","我家孩子四月也要上幼儿园了","N3","eggrolls;N3低频;原词性:名;音调:③"
"浴衣","ゆかた","夏季简便和服，浴衣","名词","浴衣を着る","穿浴衣","N3","eggrolls;N3中频;原词性:名;音调:⓪"
"零","れい","零","名词","三対零で勝つ","三比零获胜","N3","eggrolls;N3中频;原词性:名;音调:①"
"おき","おき","（时间、距离、数量等）每隔……","接尾词","5メートルおきに木を植える","每隔五米种一棵树","N3","eggrolls;N3低频;原词性:接尾"
"学年","がくねん","学年；……年级","名词","学年末試験","期末考试","N3","eggrolls;N3低频;原词性:名;音调:⓪"
"建て","だて","……层楼","接尾词","5階建てのアパート","五层楼的公寓","N3","eggrolls;N3低频;原词性:接尾"
"県","けん","（表示行政区域的）……县","名词","神奈川県","神奈川县","N3","eggrolls;N3低频;原词性:名"
"軒","けん","（表示房屋）……所，……栋","接尾词","農家五軒","五户农家","N3","eggrolls;N3低频;原词性:接尾"
"製","せい","（表示产地）……制造","接尾词","日本製","日本制造","N3","eggrolls;N3低频;原词性:接尾"
"代","だい","……费；……时代；表示年龄范围","接尾词","電話代","电话费","N3","eggrolls;N3低频;原词性:接尾;音调:①"
"島","とう","……岛","造语成分","無人島","无人岛","N3","eggrolls;N3低频;原词性:造"
"頭","とう","（牛、马等）……头，匹；（昆虫）……只","接尾词","ウシ5頭","五头牛","N3","eggrolls;N3低频;原词性:接尾"
"番線","ばんせん","……号线","名词","2番線の電車に乗る","乘坐二号线电车","N3","eggrolls;N3低频;原词性:名"
"アジア","アジア","亚洲","名词","東南アジア","东南亚","N3","eggrolls;N3中频;原词性:名;音调:①;カタカナ語"
"あちこち","あちこち","这边那边，到处","代词","この植物なら国内のあちこちにある","这种植物在国内到处都有","N3","eggrolls;N3高频;原词性:代;音调:②③"
"あちらこちら","あちらこちら","这边那边，到处","な形容词/代词/名词","あちらこちらへ遠出をして遊ぶ","四处远游","N3","eggrolls;N3低频;原词性:ナ形・代・名;音调:④"
"あっちこっち","あっちこっち","这边那边，到处","な形容词/代词/名词","あっちこっちふらつく","到处闲逛","N3","eggrolls;N3低频;原词性:ナ形・代・名;音调:③④"
"アドレス","アドレス","地址，住址","名词","メールアドレス","（电子）邮件地址","N3","eggrolls;N3低频;原词性:名;音调:⓪①;カタカナ語"
"アニメ","アニメ","动画片，动漫","名词","アニメキャラクター","动画角色","N3","eggrolls;N3中频;原词性:名;音调:①⓪;カタカナ語"
"いくつか","いくつか","若干，几个","名词/副词","あの人は私よりいくつか年上だ","那个人比我大几岁","N3","eggrolls;N3高频;原词性:名・副;音调:①"
"イタリア","イタリア","意大利","名词","来月イタリアに観光に行く予定です","下个月预定去意大利观光","N3","eggrolls;N3低频;原词性:名;音调:⓪;カタカナ語"
"いつまでも","いつまでも","永远，始终","副词","いつまでもあなたを忘れません","我永远都不会忘记你","N3","eggrolls;N3中频;原词性:副;音调:①⓪"
"インド","インド","印度","名词","インドの首都ニューデリー","印度的首都新德里","N3","eggrolls;N3低频;原词性:名;音调:①;カタカナ語"
"エネルギー","エネルギー","能源，能量；精力","名词","水のエネルギーで電気を起こす","用水的能量发电","N3","eggrolls;N3中频;原词性:名;音调:②③;カタカナ語"
"えび","えび","虾","名词","エビフライ","炸大虾","N3","eggrolls;N3低频;原词性:名;音调:⓪"
"エンジン","エンジン","发动机，引擎","名词","エンジンがかかる","发动机起动","N3","eggrolls;N3中频;原词性:名;音调:①;カタカナ語"
"おいでになる","おいでになる","来；去；在","动词/自动词/五段动词/补助动词","明日はお宅においでになりますか","您明天在家吗","N3","eggrolls;N3低频;原词性:自動1・補動;音调:⑤"
"おかげ","おかげ","恩惠，托……的福；由于……的缘故","名词","兄のおかげで泳げるようになった","多亏了哥哥，我才能学会游泳","N3","eggrolls;N3高频;原词性:名;音调:⓪"
"オリンピック","オリンピック","奥运会","名词","パラリンピック","残奥会","N3","eggrolls;N3低频;原词性:名;音调:④;カタカナ語"
"オレンジ","オレンジ","橙子，柑橘","名词","オレンジジュース","橙汁","N3","eggrolls;N3中频;原词性:名;音调:②;カタカナ語"
"お宅","おたく","您的家，贵府，贵公司；（オタク）专注于爱好和其他兴趣，不喜欢社交的人，御宅族","名词","先生のお宅はどちらですか","老师的家在哪里？","N3","eggrolls;N3中频;原词性:名;音调:⓪"
"お釣り","おつり","零钱","名词","お釣りを渡す","找零","N3","eggrolls;N3低频;原词性:名;音调:⓪"
"お目にかかる","おめにかかる","见，见面，会见，拜会","成句","先生にお目にかかる","拜见老师","N3","eggrolls;N3低频;原词性:成句"
"カーテン","カーテン","窗帘","名词","カーテンを開ける","拉开窗帘","N3","eggrolls;N3低频;原词性:名;音调:①;カタカナ語"
"ガス","ガス","气体；煤气","名词","炭酸ガス","二氧化碳气体","N3","eggrolls;N3低频;原词性:名;音调:①;カタカナ語"
"ガソリン","ガソリン","汽油","名词","ガソリンが切れる","没汽油了","N3","eggrolls;N3中频;原词性:名;音调:⓪;カタカナ語"
"ガソリンスタンド","ガソリンスタンド","加油站","名词","先週、友達の車でドライブに行ったとき、私は初めて日本のガソリンスタンドに行きました","上周，我坐朋友的车去兜风的时候，第一次去了日本的加油站","N3","eggrolls;N3低频;原词性:名;音调:⑥;カタカナ語"
"かなり","かなり","（出乎意料）很，相当","な形容词/副词","かなり寒い","相当冷","N3","eggrolls;N3高频;原词性:ナ形・副;音调:①"
"嚙む","かむ","嚼，咬","动词/他动词/五段动词","犬に嚙まれる","被狗咬","N3","eggrolls;N3低频;原词性:他動1;音调:①"
"ガラス","ガラス","玻璃","名词","クリスタルガラスの花瓶を買いました","买了水晶玻璃花瓶","N3","eggrolls;N3中频;原词性:名;音调:⓪;カタカナ語"
"かわいそう","かわいそう","可怜的","な形容词","そのかわいそうな子どもたちは食べるものがない","那些可怜的孩子们没有东西吃","N3","eggrolls;N3低频;原词性:ナ形;音调:④"
"キッチン","キッチン","厨房","名词","キッチンをリフォームする","重新装修厨房","N3","eggrolls;N3中频;原词性:名;音调:①;カタカナ語"
"きゅうり","きゅうり","黄瓜","名词","きゅうりもみ","凉拌黄瓜；日式咸黄瓜","N3","eggrolls;N3中频;原词性:名;音调:①"
"グラス","グラス","玻璃杯","名词","ワイングラス","葡萄酒杯","N3","eggrolls;N3低频;原词性:名;音调:⓪①;カタカナ語"
"クラスメート","クラスメート","同班同学","名词","彼は昔のクラスメートだ","他是我的老同学","N3","eggrolls;N3中频;原词性:名;音调:④;カタカナ語"
"こしょう","こしょう","胡椒","名词","こしょうを入れ過ぎてスープが辛い","汤里放太多胡椒太辣了","N3","eggrolls;N3高频;原词性:名;音调:②"
"ごちそう","ごちそう","款待，宴请；丰盛的酒菜","名词/サ变动词","ごちそうになる","被请客","N3","eggrolls;N3高频;原词性:名・他動3;音调:⓪"
"この間","このあいだ","上次，不久以前","名词/副词","この間はありがとうございました","上次真是谢谢您了","N3","eggrolls;N3高频;原词性:名・副;音调:⓪"
"これら","これら","这些","代词","今日はこれらの問題について話し合います","今天要讨论这些问题","N3","eggrolls;N3中频;原词性:代;音调:②"
"ご存じ","ごぞんじ","您知道，您认识","名词","あの方をご存じですか","您认识那位吗？","N3","eggrolls;N3中频;原词性:名;音调:②"
"ご覧になる","ごらんになる","看","成句","実物をご覧になりましたか？","您看过实物了吗？","N3","eggrolls;N3低频;原词性:成句"
"サイズ","サイズ","大小，尺寸","名词","普通サイズ","普通尺码","N3","eggrolls;N3高频;原词性:名;音调:①;カタカナ語"
"さっき","さっき","刚才，方才","副词/名词","さっきの人がまた来た","刚才来的那个人又来了","N3","eggrolls;N3高频;原词性:副・名;音调:①"
"さまざま","さまざま","各种各样，形形色色","な形容词","人の性格はさまざまだ","人的性格千差万别","N3","eggrolls;N3高频;原词性:ナ形;音调:②③"
"サンダル","サンダル","凉鞋","名词","サンダルを履く","穿凉鞋","N3","eggrolls;N3低频;原词性:名;音调:⓪;カタカナ語"
"仕方ない","しかたない","没有办法的，不得已的","い形容词/补助形容词","しかたなくあきらめる","不得已而放弃","N3","eggrolls;N3中频;原词性:イ形・補形;音调:④"
"しばらく","しばらく","（虽然时间不长，但也不是马上就能完成的样子）暂时，暂且；（经过了一段相当长的时间）许久，好久","副词","しばらくお待ち下さい","请稍等","N3","eggrolls;N3高频;原词性:副;音调:②"
"ステーキ","ステーキ","牛排","名词","炭火焼きステーキ","炭火烤牛排","N3","eggrolls;N3低频;原词性:名;音调:②;カタカナ語"
"ストレス","ストレス","压力，紧张情绪","名词","ストレスが溜まる","压力大","N3","eggrolls;N3高频;原词性:名;音调:②;カタカナ語"
"すると","すると","于是；那么，那样的话","接续词","急に暗くなった。すると、雨が降り出した","突然天阴了，于是就下起雨来了","N3","eggrolls;N3高频;原词性:接;音调:⓪"
"咳","せき","咳嗽","名词","咳が止まらないので病院に行ってきた","因为咳个不停，所以去了医院","N3","eggrolls;N3中频;原词性:名;音调:②"
"センター","センター","中心，中央","名词","医療センター","医疗中心","N3","eggrolls;N3高频;原词性:名;音调:①;カタカナ語"
"そこで","そこで","因此，所以；（转移话题）那么","接续词","雨が降りそうだった。そこで、傘を持って出かけた","好像要下雨了，所以带上伞出门了","N3","eggrolls;N3高频;原词性:接;音调:⓪"
"そのため","そのため","因此，所以","接续词","人身事故があり、そのため電車が長時間止まった","发生了人身事故，因此电车停了很长时间","N3","eggrolls;N3中频;原词性:接;音调:⓪"
"そのほか","そのほか","除此之外，另外","连语","そのほかのことはよく知りません","此外的事，我不太清楚","N3","eggrolls;N3中频;原词性:連語;音调:②"
"それほど","それほど","那样地；（并非）那么地……","副词","それほどやりたいならやりなさい","那么想做就去做吧","N3","eggrolls;N3高频;原词性:副;音调:⓪"
"ダイエット","ダイエット","减肥，减重","名词/サ变动词","彼女はダイエットをして見違えるように美人になった","她经过减肥漂亮得判若两人","N3","eggrolls;N3低频;原词性:名・自動3;音调:①;カタカナ語"
"たいてい","たいてい","一般；大概，大致；（不）一般","名词/副词/な形容词","たいていの人がわかる","大部分人都明白","N3","eggrolls;N3中频;原词性:名・副・ナ形;音调:⓪"
"タイプ","タイプ","类型；打字","サ变动词/名词","好きなタイプ","喜欢的类型","N3","eggrolls;N3高频;原词性:他動3・名;音调:①;カタカナ語"
"チェックイン","チェックイン","入住登记；（飞机）登机手续","名词/サ变动词","ホテルにチェックインする","办理酒店入住","N3","eggrolls;N3中频;原词性:名・自動3;音调:④③;カタカナ語"
"ちっとも","ちっとも","一点也（不）","副词","今日はちっとも暑くない","今天一点都不热","N3","eggrolls;N3高频;原词性:副;音调:③"
"つまり","つまり","总之，归根结底；也就是说","副词","これはつまりおまえのためだ","总之这都是为了你啊","N3","eggrolls;N3高频;原词性:副;音调:①"
"できるだけ","できるだけ","尽量，尽可能","副词","できるだけ早く帰る","尽量早点回去","N3","eggrolls;N3高频;原词性:副;音调:⓪"
"できれば","できれば","如果可以的话","连语","できれば今日は早めに帰りたいのですが","如果可以的话，今天我想提前回去","N3","eggrolls;N3高频;原词性:連語;音调:②"
"ドイツ","ドイツ","德国","名词","ドイツ語","德语","N3","eggrolls;N3低频;原词性:名;音调:①;カタカナ語"
"とうとう","とうとう","终于，终究","副词","とうとう成功した","终于成功了","N3","eggrolls;N3中频;原词性:副;音调:①"
"ところで","ところで","（转换话题时）对了","接续词","ところで、昨日はどうだった？","对了，昨天的事怎么样了？","N3","eggrolls;N3高频;原词性:接;音调:③"
"どのよう","どのよう","怎样的","连语","どのような症状ですか","什么样的症状呢？","N3","eggrolls;N3高频;原词性:連語;音调:①③"
"なるべく","なるべく","尽量，尽可能","副词","晴れの日はなるべく外で遊ぼう","阳光明媚的日子尽量到户外玩耍","N3","eggrolls;N3高频;原词性:副;音调:⓪"
"なるほど","なるほど","（正如所听说的）的确；（对对方说的话表示同意）原来如此","副词/感叹词","なるほど美しい人だ","的确是够漂亮的","N3","eggrolls;N3高频;原词性:副・感;音调:⓪"
"海苔","のり","海苔；紫菜","名词","のり巻き","紫菜卷寿司","N3","eggrolls;N3低频;原词性:名;音调:②"
"はさみ","はさみ","剪刀","名词","はさみがよく切れない","剪刀不快","N3","eggrolls;N3中频;原词性:名;音调:③②"
"パスポート","パスポート","护照","名词","パスポートをなくした","丢了护照","N3","eggrolls;N3中频;原词性:名;音调:③;カタカナ語"
"バター","バター","黄油","名词","パンにバターをぬって食べました","在面包上涂了黄油吃","N3","eggrolls;N3中频;原词性:名;音调:①;カタカナ語"
"バッグ","バッグ","包","名词","私は黒いバッグを持っています","我有一个黑色的包包","N3","eggrolls;N3低频;原词性:名;音调:①;カタカナ語"
"パンダ","パンダ","熊猫","名词","パンダは外国では珍しいものだ","熊猫在国外是很稀有的东西","N3","eggrolls;N3低频;原词性:名;音调:①;カタカナ語"
"ピンク","ピンク","粉红色，桃红色","名词","娘がピンクのドレスを着ている","女儿穿着粉红色的礼服","N3","eggrolls;N3低频;原词性:名;音调:①;カタカナ語"
"ほら","ほら","（用于提醒）喏，瞧","感叹词","ほら、壊れたでしょ","你看，坏了吧","N3","eggrolls;N3低频;原词性:感;音调:①"
"レポート","レポート","（研究或调查内容汇总）报告；报告书","サ变动词/名词","レポートを出す","提交报告书","N3","eggrolls;N3高频;原词性:他動3・名;音调:②⓪;カタカナ語"
"レモン","レモン","柠檬","名词","レモンジュース","柠檬汁","N3","eggrolls;N3低频;原词性:名;音调:①;カタカナ語"
"わあ","わあ","（表示惊讶或吓人）哇","感叹词","わあ、きれい","哇，可真漂亮！","N3","eggrolls;N3中频;原词性:感;音调:①;オノマトペ"
"ワイン","ワイン","葡萄酒，红酒","名词","白ワイン","白葡萄酒","N3","eggrolls;N3低频;原词性:名;音调:①;カタカナ語"
"偉い","えらい","伟大的，卓越的；高贵的；严重的；吃力的","い形容词","偉い人","伟人","N3","eggrolls;N3中频;原词性:イ形;音调:②"
"移す","うつす","移动；转移","动词/他动词/五段动词","机を窓の近くに移す","把桌子挪到窗户旁边","N3","eggrolls;N3中频;原词性:他動1;音调:②"
"移る","うつる","移动；转移","动词/自动词/五段动词","新しいオフィスへ移る","搬到新办公室去","N3","eggrolls;N3高频;原词性:自動1;音调:②"
"医学","いがく","医学","名词","医学の実習をする","在医院实习；当实习医生","N3","eggrolls;N3低频;原词性:名;音调:①"
"一昨日","いっさくじつ","前天","名词","おととい","前天","N3","eggrolls;N3低频;原词性:名;音调:④"
"一生懸命","いっしょうけんめい","拼命，努力","な形容词/副词","彼は毎日一生懸命働いている","他每天都在努力工作","N3","eggrolls;N3高频;原词性:ナ形・副;音调:⑤"
"引っ越す","ひっこす","搬家，搬迁","动词/自动词/五段动词","東京に引っ越す","搬到东京","N3","eggrolls;N3高频;原词性:自動1;音调:③"
"影響","えいきょう","影响","名词/サ变动词","影響が強い","影响大","N3","eggrolls;N3高频;原词性:名・自動3;音调:⓪"
"液","えき","液体","名词","血液","血液","N3","eggrolls;N3低频;原词性:名;音调:①"
"遠足","えんそく","郊游","名词/サ变动词","遠足に行く","去郊游","N3","eggrolls;N3低频;原词性:名・自動3;音调:⓪"
"汚れ","よごれ","污垢，脏污","名词","汚れを取る","去除污迹","N3","eggrolls;N3高频;原词性:名;音调:⓪"
"奥様","おくさま","（对他人妻子的尊称）您夫人，您太太","名词","社長の奥様はきれいな方です","社长夫人很漂亮","N3","eggrolls;N3低频;原词性:名;音调:①"
"押し入れ","おしいれ","（日式）壁橱","名词","布団を押し入れにしまう","把被子放入壁橱","N3","eggrolls;N3中频;原词性:名;音调:⓪"
"横断","おうだん","横断；横渡","名词/サ变动词","横断面","横截面，截面","N3","eggrolls;N3中频;原词性:名・自他動3;音调:⓪"
"殴る","なぐる","殴打","动词/他动词/五段动词","子どもを殴る","打孩子","N3","eggrolls;N3低频;原词性:他動1;音调:②"
"屋上","おくじょう","房顶，屋顶","名词","屋上庭園","屋顶花园","N3","eggrolls;N3低频;原词性:名;音调:⓪"
"温める","あたためる","温，热，烫；酝酿","动词/他动词/一段动词","ご飯を温めて食べる","热饭吃","N3","eggrolls;N3中频;原词性:他動2;音调:④"
"温度","おんど","温度","名词","温度計で温度をはかる","用温度计测量温度","N3","eggrolls;N3中频;原词性:名;音调:①"
"音楽家","おんがくか","音乐家","名词","彼はもう有名な音楽家になっていた","他已经成了一个有名的音乐家","N3","eggrolls;N3低频;原词性:名;音调:⓪"
"下げる","さげる","降下；撤下；使后退","动词/他动词/一段动词","値段を下げる","减价","N3","eggrolls;N3中频;原词性:他動2;音调:②"
"下りる","おりる","下来；（许可等）批下来","动词/自动词/一段动词","山を下りる","下山","N3","eggrolls;N3中频;原词性:自動2;音调:②"
"価格","かかく","价格","名词","石油の価格が上がる","石油价格上涨","N3","eggrolls;N3高频;原词性:名;音调:⓪①"
"家内","かない","（自己的）妻子","名词","家内は留守です","我妻子不在家","N3","eggrolls;N3低频;原词性:名;音调:①"
"科学","かがく","科学","名词","人文科学","人文科学","N3","eggrolls;N3中频;原词性:名;音调:①"
"火事","かじ","火灾","名词","火事で家を失う","因火灾而失去家园","N3","eggrolls;N3低频;原词性:名;音调:①"
"花束","はなたば","花束","名词","お祝いに花束を贈る","赠送花束表示祝贺","N3","eggrolls;N3中频;原词性:名;音调:②③"
"壊す","こわす","弄坏；伤害；破坏","动词/他动词/五段动词","彼女が私のケータイを壊した","她弄坏了我的手机","N3","eggrolls;N3中频;原词性:他動1;音调:②"
"開始","かいし","开始","名词/サ变动词","運動会は9時開始です","运动会从9点开始","N3","eggrolls;N3中频;原词性:名・自他動3;音调:⓪"
"学ぶ","まなぶ","学习","动词/他动词/五段动词","大学で経済学を学ぶ","在大学学习经济学","N3","eggrolls;N3高频;原词性:他動1;音调:⓪"
"学習","がくしゅう","学习","名词/サ变动词","外国語を学習する","学习外语","N3","eggrolls;N3中频;原词性:名・他動3;音调:⓪"
"学部","がくぶ","（大学）系，学院","名词","経済学部","经济学院","N3","eggrolls;N3中频;原词性:名;音调:⓪①"
"割る","わる","分，割；打坏，弄碎；兑水；除法","动词/他动词/五段动词","一年生を四つのクラスに割る","把一年级新生分成四个班级","N3","eggrolls;N3中频;原词性:他動1;音调:⓪"
"乾く","かわく","变干，干燥","动词/自动词/五段动词","洗濯物が乾く","洗的衣物干了","N3","eggrolls;N3中频;原词性:自動1;音调:②"
"患者","かんじゃ","患者，病人","名词","入院患者","住院患者","N3","eggrolls;N3中频;原词性:名;音调:⓪"
"環境","かんきょう","环境","名词","この製品は環境にやさしい","这种产品不污染环境","N3","eggrolls;N3高频;原词性:名;音调:⓪"
"看護師","かんごし","护士","名词","将来は看護師になるつもりです","将来打算当个护士","N3","eggrolls;N3低频;原词性:名;音调:③"
"看板","かんばん","招牌","名词","あの看板のところを右に曲がってください","请在那个招牌的地方向右转","N3","eggrolls;N3中频;原词性:名;音调:⓪"
"観光","かんこう","观光，旅游","名词/サ变动词","日本を観光する外国人の数は年々増えている","前往日本观光的外国人人数逐年增加","N3","eggrolls;N3高频;原词性:名・他動3;音调:⓪"
"機会","きかい","机会","名词","機会をつかむ","抓住机会","N3","eggrolls;N3高频;原词性:名;音调:①②"
"気を付ける","きをつける","小心，注意，警惕","成句","遅れないよう気を付ける","注意别迟到","N3","eggrolls;N3低频;原词性:成句"
"規則","きそく","规则","名词","規則を守る","遵守规则","N3","eggrolls;N3高频;原词性:名;音调:②①"
"記念","きねん","纪念，留念","名词/サ变动词","卒業の記念に写真を撮る","为纪念毕业照个相","N3","eggrolls;N3高频;原词性:名・他動3;音调:⓪"
"休日","きゅうじつ","休息日，假日","名词","休日は家でよくテレビを見ます","假日我常在家看电视","N3","eggrolls;N3中频;原词性:名;音调:⓪"
"急に","きゅうに","突然，紧急","副词","顔色が急に変わる","脸色突然一变","N3","eggrolls;N3高频;原词性:副;音调:⓪"
"給料","きゅうりょう","工资，薪水","名词","給料日","发薪日","N3","eggrolls;N3中频;原词性:名;音调:①"
"許す","ゆるす","原谅；允许","动词/他动词/五段动词","絶対に許さない","绝不饶恕","N3","eggrolls;N3低频;原词性:他動1;音调:②"
"競争","きょうそう","竞争，比赛","名词/サ变动词","競争が激しい","竞争激烈","N3","eggrolls;N3中频;原词性:名・自他動3;音调:⓪"
"教師","きょうし","教师","名词","英語の教師","英语老师","N3","eggrolls;N3中频;原词性:名;音调:①"
"鏡","かがみ","镜子","名词","鏡がくもる","镜子起雾","N3","eggrolls;N3低频;原词性:名;音调:③②"
"勤める","つとめる","工作，任职","动词/自动词/一段动词","会社に勤める","在公司上班","N3","eggrolls;N3中频;原词性:自動2;音调:③"
"禁煙","きんえん","禁止吸烟；戒烟","名词/サ变动词","このレストランに禁煙コーナーはありますか？","这个餐厅有禁烟区吗？","N3","eggrolls;N3低频;原词性:名・自動3;音调:⓪"
"金持ち","かねもち","有钱人，富人","名词","金持ちになる","发财；致富","N3","eggrolls;N3低频;原词性:名;音调:③④"
"苦手","にがて","不善于；难对付，棘手","名词/な形容词","数学が苦手だ","数学不好","N3","eggrolls;N3高频;原词性:名・ナ形;音调:⓪③"
"敬語","けいご","敬语","名词","尊敬語","尊敬语","N3","eggrolls;N3低频;原词性:名;音调:⓪"
"経済","けいざい","经济","名词","グローバル経済","全球化经济","N3","eggrolls;N3高频;原词性:名;音调:①"
"欠席","けっせき","缺席","名词/サ变动词","病気で学校を欠席する","因病不到校","N3","eggrolls;N3中频;原词性:名・自動3;音调:⓪"
"喧嘩","けんか","吵架，打架","名词/サ变动词","喧嘩を売る","找碴","N3","eggrolls;N3中频;原词性:名・自動3;音调:⓪"
"建つ","たつ","建，盖","动词/自动词/五段动词","ビルが建つ","盖大楼","N3","eggrolls;N3低频;原词性:自動1;音调:①"
"研究室","けんきゅうしつ","研究室","名词","研究室の室長","研究室主任","N3","eggrolls;N3高频;原词性:名;音调:③"
"研究者","けんきゅうしゃ","研究者","名词","教師であると同時にまた研究者でもある","既是教师，同时也搞研究","N3","eggrolls;N3中频;原词性:名;音调:③"
"研究所","けんきゅうじょ","研究所","名词","研究所を創立する","创设研究所","N3","eggrolls;N3低频;原词性:名;音调:⓪⑤"
"見送り","みおくり","送行；搁置","名词","友人を見送りに行く","去送朋友","N3","eggrolls;N3低频;原词性:名;音调:⓪"
"見物","けんぶつ","观赏，游览","名词/サ变动词","京都を見物する","游览京都","N3","eggrolls;N3中频;原词性:名・他動3;音调:⓪"
"言語","げんご","言语，语言","名词","私は言語学を専攻している","我的专业是语言学","N3","eggrolls;N3中频;原词性:名;音调:①"
"後輩","こうはい","晚辈；学弟，学妹","名词","後輩を取り立てる","提拔晚辈","N3","eggrolls;N3中频;原词性:名;音调:⓪"
"交通","こうつう","交通","名词","交通網","交通网","N3","eggrolls;N3高频;原词性:名;音调:⓪"
"光る","ひかる","发光；出众","动词/自动词/五段动词","波がきらきら光っていました","波光粼粼","N3","eggrolls;N3低频;原词性:自動1;音调:②"
"公務員","こうむいん","公务员","名词","公務員を削減する","裁减公务员","N3","eggrolls;N3低频;原词性:名;音调:③"
"向かう","むかう","面向；朝，前往；迎来","动词/自动词/五段动词","建物は東に向かって建っている","楼房面东而建","N3","eggrolls;N3高频;原词性:自動1;音调:⓪"
"工業","こうぎょう","工业","名词","重工業","重工业","N3","eggrolls;N3高频;原词性:名;音调:①"
"広さ","ひろさ","面积；广博","名词","広さを測る","测量面积","N3","eggrolls;N3中频;原词性:名;音调:①"
"考え方","かんがえかた","想法","名词","考え方を変える","改变想法；改变观点","N3","eggrolls;N3高频;原词性:名;音调:⓪⑤"
"講義","こうぎ","（特指）大学课程","名词/サ变动词","講義に出席する","出席听讲；上课","N3","eggrolls;N3中频;原词性:名・他動3;音调:①③"
"郊外","こうがい","郊外，城外","名词","郊外に住む","住在郊区","N3","eggrolls;N3低频;原词性:名;音调:①"
"香り","かおり","芳香","名词","梅の香り","梅花的香气","N3","eggrolls;N3高频;原词性:名;音调:⓪"
"高速道路","こうそくどうろ","高速公路","名词","高速道路を逆走する","在高速公路上逆行","N3","eggrolls;N3低频;原词性:名;音调:⑤"
"合格","ごうかく","及格，考上；合格","名词/サ变动词","大学に合格する","考上大学","N3","eggrolls;N3中频;原词性:名・自動3;音调:⓪"
"国語","こくご","国语；日语；语文","名词","シンガポールの国語はマレー語だ","新加坡的公用语是马来语","N3","eggrolls;N3中频;原词性:名;音调:⓪"
"国際","こくさい","国际","名词","これは国際問題になりそうだ","这将成为国际问题","N3","eggrolls;N3高频;原词性:名;音调:⓪"
"国内","こくない","国内","名词","国内需要を満たす","满足国内需求","N3","eggrolls;N3中频;原词性:名;音调:②"
"差し上げる","さしあげる","敬献，呈送","动词/他动词/一段动词","恩師に記念品を差し上げる","赠送纪念品给老师","N3","eggrolls;N3高频;原词性:他動2;音调:⓪④"
"砂","すな","沙子","名词","砂が目に入って痛い","沙子进了眼睛，很疼","N3","eggrolls;N3中频;原词性:名;音调:⓪"
"済む","すむ","完了；解决；对付过去","动词/自动词/五段动词","宿題が済む","写完作业","N3","eggrolls;N3高频;原词性:自動1;音调:①"
"材料","ざいりょう","材料，原料；素材","名词","材料が不足している","材料不够","N3","eggrolls;N3高频;原词性:名;音调:③"
"坂","さか","坡，斜坡","名词","緩やかな坂","缓坡","N3","eggrolls;N3中频;原词性:名;音调:②"
"参る","まいる","去；来；参拜","动词/自动词/五段动词","駅へおむかえに参ります","我去车站迎接您","N3","eggrolls;N3中频;原词性:自動1;音调:①"
"山道","やまみち","山路","名词","大雪で山道が閉ざされる","大雪封山","N3","eggrolls;N3低频;原词性:名;音调:②"
"産業","さんぎょう","产业，工业","名词","自動車産業","汽车产业","N3","eggrolls;N3中频;原词性:名;音调:⓪"
"賛成","さんせい","赞成，同意","名词/サ变动词","提案に賛成する","赞成提案","N3","eggrolls;N3中频;原词性:名・自動3;音调:⓪"
"酸っぱい","すっぱい","酸的，酸味的","い形容词","甘酸っぱい味","酸甜味","N3","eggrolls;N3低频;原词性:イ形;音调:③"
"伺う","うかがう","请教，打听；拜访","动词/自他动词/五段动词","お話を伺いたいのですが","我有事想请教您","N3","eggrolls;N3高频;原词性:自他動1;音调:⓪"
"刺身","さしみ","生鱼片；生肉片","名词","マグロの刺身","金枪鱼的生鱼片","N3","eggrolls;N3低频;原词性:名;音调:③"
"四角","しかく","四角，方形","名词/な形容词","四角に切る","切成四方形","N3","eggrolls;N3低频;原词性:名・ナ形;音调:③"
"四角い","しかくい","四角形的，方形的","い形容词","四角い顔","四方脸","N3","eggrolls;N3低频;原词性:イ形;音调:③⓪"
"四季","しき","四季","名词","四季咲きの花","一年四季都开的花","N3","eggrolls;N3中频;原词性:名;音调:②①"
"始め","はじめ","开头，开始","名词","何事も始めが大切だ","凡事开头最重要","N3","eggrolls;N3高频;原词性:名;音调:⓪"
"指輪","ゆびわ","戒指","名词","結婚指輪","结婚戒指","N3","eggrolls;N3低频;原词性:名;音调:⓪"
"止む","やむ","停止，中止","动词/自动词/五段动词","雨が止んだ","雨停了","N3","eggrolls;N3高频;原词性:自動1;音调:⓪"
"私","わたくし","（用于正式场合）我；私，私事","代词/名词","公と私の区別をはっきりする","公私分明","N3","eggrolls;N3低频;原词性:代・名;音调:⓪"
"糸","いと","线；丝；线索","名词","糸を紡ぐ","纺线","N3","eggrolls;N3低频;原词性:名;音调:①"
"事故","じこ","事故","名词","事故が起こる","发生事故","N3","eggrolls;N3高频;原词性:名;音调:①"
"叱る","しかる","批评，训斥","动词/他动词/五段动词","大声で叱る","大声训斥","N3","eggrolls;N3中频;原词性:他動1;音调:⓪"
"実際","じっさい","事实，实际；的确","名词/副词","実際の状況","实际状况","N3","eggrolls;N3高频;原词性:名・副;音调:⓪"
"写る","うつる","映，照","动词/自动词/五段动词","このカメラはよく写る","这部照相机照得很好","N3","eggrolls;N3中频;原词性:自動1;音调:②"
"邪魔","じゃま","妨碍；打扰","名词/な形容词/サ变动词","邪魔です、どいてください","你很碍事，快让开","N3","eggrolls;N3中频;原词性:名・ナ形・他動3;音调:⓪"
"主婦","しゅふ","家庭主妇","名词","うちの母は専業主婦です","我妈妈是家庭主妇","N3","eggrolls;N3低频;原词性:名;音调:①"
"収入","しゅうにゅう","收入","名词","収入を得る","获得收入","N3","eggrolls;N3中频;原词性:名;音调:⓪"
"習慣","しゅうかん","习惯；风俗","名词","悪い習慣を直すのは簡単ではない","矫正坏毛病不是一件简单的事情","N3","eggrolls;N3高频;原词性:名;音调:⓪"
"臭い","くさい","臭的；可疑的；做作的","い形容词","川がよごれて臭いにおいがする","河水又脏又臭","N3","eggrolls;N3高频;原词性:イ形;音调:②"
"週刊","しゅうかん","周刊","名词","週刊誌","周刊杂志","N3","eggrolls;N3低频;原词性:名;音调:⓪"
"集合","しゅうごう","集合","名词/サ变动词","集合時間厳守のこと","必须严格遵守集合时间","N3","eggrolls;N3高频;原词性:名・自動3;音调:⓪"
"柔らかい","やわらかい","柔软的；温和的","い形容词","手触りが柔らかい","手感柔软","N3","eggrolls;N3高频;原词性:イ形;音调:④"
"柔道","じゅうどう","柔道","名词","柔道家","柔道家","N3","eggrolls;N3中频;原词性:名;音调:①"
"渋滞","じゅうたい","堵车，停滞不前","名词/サ变动词","交通渋滞","交通堵塞","N3","eggrolls;N3高频;原词性:名・自動3;音调:⓪"
"重要","じゅうよう","重要，要紧","な形容词","きみに重要な話がある","有要紧的话对你说","N3","eggrolls;N3高频;原词性:ナ形;音调:⓪"
"出席","しゅっせき","出席","名词/サ变动词","出席を取る","点名","N3","eggrolls;N3高频;原词性:名・自動3;音调:⓪"
"出入り口","でいりぐち","出入口","名词","駅の前と後ろには出入り口が二つずつある","车站前后各有两个出入口","N3","eggrolls;N3低频;原词性:名;音调:③⓪"
"召し上がる","めしあがる","吃，喝","动词/他动词/五段动词","何を召し上がりますか","您要吃点什么？","N3","eggrolls;N3高频;原词性:他動1;音调:⓪④"
"小鳥","ことり","小鸟","名词","小鳥を飼う","养鸟","N3","eggrolls;N3低频;原词性:名;音调:⓪"
"少々","しょうしょう","少许，稍微","名词/副词","少々お待ちください","请稍等一下","N3","eggrolls;N3中频;原词性:名・副;音调:①"
"焼ける","やける","燃烧；烧成；晒黑","动词/自动词/一段动词","家が焼ける","房子着火（烧毁）","N3","eggrolls;N3中频;原词性:自動2;音调:⓪"
"笑わせる","わらわせる","使发笑；令人看不起","动词/他动词/一段动词","冗談を言ってみんなを笑わせる","说笑话逗大家笑","N3","eggrolls;N3低频;原词性:他動2;音调:⓪"
"上司","じょうし","上司，上级","名词","上司に従う","服从上司","N3","eggrolls;N3低频;原词性:名;音调:①"
"乗り換え","のりかえ","换乘","名词","次の駅で乗り換えです","在下一站转车","N3","eggrolls;N3低频;原词性:名;音调:⓪"
"乗り物","のりもの","交通工具","名词","乗り物に乗る","乘车","N3","eggrolls;N3低频;原词性:名;音调:⓪"
"畳","たたみ","草席，草垫，榻榻米","名词","畳を敷く","铺榻榻米","N3","eggrolls;N3低频;原词性:名;音调:⓪"
"植える","うえる","种，种植","动词/他动词/一段动词","庭に木を植える","在院子里种树","N3","eggrolls;N3高频;原词性:他動2;音调:⓪"
"新入生","しんにゅうせい","新生","名词","新入生を迎える","迎接新生","N3","eggrolls;N3高频;原词性:名;音调:③"
"申し上げる","もうしあげる","（「言う」の謙譲語）说，讲；（「お／ご…申し上げる」の形で）做，为","动词/他动词/一段动词/补助动词","みなさんに申し上げます","诸位，请注意！","N3","eggrolls;N3中频;原词性:他動2・補動;音调:⓪⑤"
"真ん中","まんなか","正中，正中间","名词","部屋の真ん中に座る","坐在屋子中间","N3","eggrolls;N3低频;原词性:名;音调:⓪"
"親しい","したしい","亲近的，亲密的","い形容词","親しい友だち","亲近的朋友","N3","eggrolls;N3高频;原词性:イ形;音调:③"
"親戚","しんせき","亲戚","名词","林さんとは遠い親戚です","和林先生是远亲","N3","eggrolls;N3中频;原词性:名;音调:⓪"
"人形","にんぎょう","玩偶，人偶","名词","この子はお人形さんのようにかわいい","这孩子长得像布娃娃一样可爱","N3","eggrolls;N3低频;原词性:名;音调:⓪"
"水道","すいどう","自来水管道","名词","下水道","下水道，排水管","N3","eggrolls;N3低频;原词性:名;音调:⓪"
"随分","ずいぶん","相当，很；不像话，过分","副词/な形容词","天気が随分悪い","天气相当恶劣","N3","eggrolls;N3低频;原词性:副・ナ形;音调:①"
"数学","すうがく","数学","名词","ぼくは数学が不得意だ","我数学学得不好","N3","eggrolls;N3高频;原词性:名;音调:⓪"
"政治","せいじ","政治","名词","政治に無関心だ","对政治漠不关心","N3","eggrolls;N3中频;原词性:名;音调:⓪"
"整理","せいり","整理，整顿；清理，裁减","名词/サ变动词","交通整理","整顿交通，导车","N3","eggrolls;N3高频;原词性:名・他動3;音调:①"
"正解","せいかい","正确答案","名词/サ变动词","ほとんどの人が正解だった","几乎所有的人都答对了","N3","eggrolls;N3低频;原词性:名・他動3;音调:⓪"
"西洋","せいよう","西洋，西方","名词","西洋史に興味がある","对西洋史有兴趣","N3","eggrolls;N3低频;原词性:名;音调:①"
"青空","あおぞら","蓝天，青天","名词","洗ったような青空","碧空如洗","N3","eggrolls;N3中频;原词性:名;音调:③"
"赤ちゃん","あかちゃん","婴儿","名词","ベッドで赤ちゃんが眠っています","小宝宝在床上睡觉","N3","eggrolls;N3高频;原词性:名;音调:①"
"折る","おる","折，折断","动词/他动词/五段动词","紙を折る","折纸","N3","eggrolls;N3中频;原词性:他動1;音调:①"
"折れる","おれる","折，折断；转弯；让步，迁就","动词/自动词/一段动词","風で木の枝が折れた","树枝被风折断了","N3","eggrolls;N3中频;原词性:自動2;音调:②"
"舌","した","舌头","名词","舌を出してください","请伸出舌头","N3","eggrolls;N3低频;原词性:名;音调:②"
"浅い","あさい","浅的；淡的","い形容词","眠りが浅い","睡得浅","N3","eggrolls;N3高频;原词性:イ形;音调:⓪②"
"選手","せんしゅ","选手；运动员","名词","テニス選手","网球运动员","N3","eggrolls;N3高频;原词性:名;音调:①"
"全国","ぜんこく","全国","名词","全国的に雨が少ない","全国普遍降雨很少","N3","eggrolls;N3高频;原词性:名;音调:①"
"早退","そうたい","早退","名词/サ变动词","用事で早退する","有事而早退","N3","eggrolls;N3中频;原词性:名・自動3;音调:⓪"
"痩せる","やせる","瘦","动词/自动词/一段动词","運動して70キロから60キロに痩せた","通过运动从70公斤瘦到了60公斤","N3","eggrolls;N3低频;原词性:自動2;音调:⓪"
"窓口","まどぐち","窗口","名词","銀行の窓口が混雑している","银行窗口很拥挤","N3","eggrolls;N3高频;原词性:名;音调:②"
"窓側","まどがわ","窗户边","名词","飛行機の席を窓側に取り替えてもらう","把飞机座位换到靠窗的位置","N3","eggrolls;N3中频;原词性:名"
"騒ぐ","さわぐ","吵闹；不安；骚乱","动词/自动词/五段动词","病院で騒いではいけない","不可以在医院吵闹","N3","eggrolls;N3中频;原词性:自動1;音调:②"
"贈る","おくる","赠送","动词/他动词/五段动词","プレゼントを贈る","赠送礼品","N3","eggrolls;N3高频;原词性:他動1;音调:⓪"
"太る","ふとる","胖，发福","动词/自动词/五段动词","この1年で3キロ太った","这一年胖了三公斤","N3","eggrolls;N3中频;原词性:自動1;音调:②"
"体操","たいそう","体操","名词/サ变动词","私は毎朝ラジオ体操をする","我每天早晨做广播操","N3","eggrolls;N3中频;原词性:名・自動3;音调:⓪"
"退院","たいいん","出院","名词/サ变动词","傷が完治して退院する","伤势痊愈出院","N3","eggrolls;N3低频;原词性:名・自動3;音调:⓪"
"台風","たいふう","台风","名词","台風が通過する","台风过境","N3","eggrolls;N3高频;原词性:名;音调:③"
"大雨","おおあめ","大雨","名词","突然の大雨にびっくりする","被突如其来的大雨吓了一跳","N3","eggrolls;N3中频;原词性:名;音调:③"
"大型","おおがた","大型，巨型","名词","大型の台風","大型台风","N3","eggrolls;N3低频;原词性:名;音调:⓪"
"大声","おおごえ","大声","名词","大声で叫ぶ","大声叫喊","N3","eggrolls;N3低频;原词性:名;音调:③"
"大通り","おおどおり","大马路，大街","名词","大通りの突き当たり","大街尽头","N3","eggrolls;N3低频;原词性:名;音调:③"
"大都会","だいとかい","大城市","名词","大都会の片隅に生きる","在大城市的角落生活","N3","eggrolls;N3低频;原词性:名;音调:③"
"大部分","だいぶぶん","大部分，大致","名词/副词","大部分の人は賛成した","大部分的人赞成了","N3","eggrolls;N3低频;原词性:名・副;音调:③"
"棚","たな","棚，架","名词","ブドウ棚","葡萄架","N3","eggrolls;N3高频;原词性:名;音调:⓪"
"暖房","だんぼう","暖气（设备）","サ变动词/名词","暖房を入れる","打开暖气设备","N3","eggrolls;N3中频;原词性:他動3・名;音调:⓪"
"男女","だんじょ","男女","名词","男女を問わず","不问男女","N3","eggrolls;N3中频;原词性:名;音调:①"
"知り合い","しりあい","熟人，熟识","名词","小林さんとはお知り合いですか","您和小林先生是老相识吗？","N3","eggrolls;N3高频;原词性:名;音调:⓪"
"地球","ちきゅう","地球","名词","地球に優しい","环保，对地球无害","N3","eggrolls;N3中频;原词性:名;音调:⓪"
"致す","いたす","做；致以","动词/自他动词/五段动词/补助动词","あすお伺いいたします","明天拜访您去","N3","eggrolls;N3高频;原词性:自他動1・補動;音调:②⓪"
"中指","なかゆび","中指","名词","親指・人差し指・薬指・小指","拇指・食指・无名指・小指","N3","eggrolls;N3低频;原词性:名;音调:②"
"中止","ちゅうし","中止，取消","名词/サ变动词","大雨で運動会を中止する","由于大雨取消运动会","N3","eggrolls;N3高频;原词性:名・他動3;音调:⓪"
"昼間","ひるま","白天，昼间","名词","昼間は暖かいが夜になると寒くなる","白天很暖和，但到了晚上就会变冷","N3","eggrolls;N3中频;原词性:名;音调:③"
"昼食","ちゅうしょく","午饭","名词","先生は毎日昼食にそばを食べる","老师每天午饭都吃荞麦面","N3","eggrolls;N3高频;原词性:名;音调:⓪"
"駐車","ちゅうしゃ","停车","名词/サ变动词","駐車料金はいくらですか","停车费是多少钱？","N3","eggrolls;N3高频;原词性:名・自動3;音调:⓪"
"駐車場","ちゅうしゃじょう","停车场","名词","月極めの駐車場","月租停车场","N3","eggrolls;N3中频;原词性:名;音调:⓪"
"超える","こえる","超出，超过，多出","动词/自动词/一段动词","十万人を超える入場者","超过十万名入场者","N3","eggrolls;N3低频;原词性:自動2;音调:⓪"
"低","てい","低……","造语成分","低気圧","低气压","N3","eggrolls;N3低频;原词性:造"
"底","そこ","底，底部；深处","名词","段ボール箱の底のほうに入っている","在纸箱最下面放着","N3","eggrolls;N3中频;原词性:名;音调:⓪"
"天気予報","てんきよほう","天气预报","名词","天気予報が外れる確率は高い","天气预报不准的概率很高","N3","eggrolls;N3高频;原词性:名;音调:④"
"展覧会","てんらんかい","展览会","名词","日本画の展覧会を催す","举行日本画展","N3","eggrolls;N3中频;原词性:名;音调:③"
"伝わる","つたわる","传；传播；闻名；传导；传入","动词/自动词/五段动词","うわさが伝わる","流言传开","N3","eggrolls;N3高频;原词性:自動1;音调:⓪"
"電灯","でんとう","电灯","名词","電灯を取り付ける","安装电灯","N3","eggrolls;N3低频;原词性:名;音调:⓪"
"塗る","ぬる","涂，涂抹","动词/他动词/五段动词","ペンキを塗る","刷油漆","N3","eggrolls;N3中频;原词性:他動1;音调:⓪"
"唐辛子","とうがらし","辣椒","名词","唐辛子を入れすぎて辛くて食べられない","辣椒放太多了，辣到吃不下去","N3","eggrolls;N3低频;原词性:名;音调:③"
"踏む","ふむ","踩；走上","动词/他动词/五段动词","足を踏まれる","脚被踩了","N3","eggrolls;N3中频;原词性:他動1;音调:⓪"
"憧れ","あこがれ","憧憬，向往","名词","憧れを抱く","抱有憧憬","N3","eggrolls;N3低频;原词性:名;音调:⓪"
"読書","どくしょ","看书，读书","名词/サ变动词","趣味は読書です","爱好是读书","N3","eggrolls;N3高频;原词性:名・自動3;音调:①"
"内側","うちがわ","内侧","名词","白線の内側に下がってください","请退到白线内侧","N3","eggrolls;N3低频;原词性:名;音调:⓪"
"鍋","なべ","锅","名词","鍋で煮る","用锅煮","N3","eggrolls;N3中频;原词性:名;音调:①"
"燃える","もえる","燃烧；充满","动词/自动词/一段动词","燃えるごみと燃えないごみを分別する","将可燃垃圾和不可燃垃圾分类","N3","eggrolls;N3中频;原词性:自動2;音调:⓪"
"馬","うま","马","名词","馬に乗る","骑马","N3","eggrolls;N3低频;原词性:名;音调:②"
"拝見","はいけん","拜见，拜读","名词/サ变动词","おたよりを拝見いたしました","拜读了您的来信","N3","eggrolls;N3中频;原词性:名・他動3;音调:⓪"
"背中","せなか","背，背部；背后","名词","背中が痛い","后背疼痛","N3","eggrolls;N3中频;原词性:名;音调:⓪"
"配る","くばる","分发，分派；用心周到","动词/他动词/五段动词","菓子を配る","分发糕点","N3","eggrolls;N3高频;原词性:他動1;音调:②"
"倍","ばい","一倍；……倍","名词/接尾词","3の倍は6","三的二倍是六","N3","eggrolls;N3中频;原词性:名・接尾;音调:⓪"
"発音","はつおん","发音","名词/サ变动词","発音がきれいだ","发音标准","N3","eggrolls;N3低频;原词性:名・他動3;音调:⓪"
"発展","はってん","发展","名词/サ变动词","小さな工場から発展して大会社になった","从小工厂发展为了大公司","N3","eggrolls;N3中频;原词性:名・自動3;音调:⓪"
"髪の毛","かみのけ","头发","名词","髪の毛を洗う","洗头发","N3","eggrolls;N3低频;原词性:名;音调:③"
"犯人","はんにん","罪犯","名词","犯人を逮捕する","逮捕犯人","N3","eggrolls;N3低频;原词性:名;音调:①"
"番組","ばんぐみ","（电视或广播）节目","名词","テレビのバラエティー番組","电视的综艺节目","N3","eggrolls;N3高频;原词性:名;音调:⓪"
"番地","ばんち","（行政区域）……号","名词","1丁目6番地","第一条街门牌六号","N3","eggrolls;N3低频;原词性:名;音调:⓪"
"疲れ","つかれ","疲劳，疲倦","名词","疲れがとれない","疲劳无法消除","N3","eggrolls;N3高频;原词性:名;音调:③"
"表す","あらわす","表达，表示，表现","动词/他动词/五段动词","表情に表す","表现在表情上","N3","eggrolls;N3高频;原词性:他動1;音调:③"
"布団","ふとん","被子，褥子","名词","布団を敷く","铺床，铺被褥","N3","eggrolls;N3中频;原词性:名;音调:⓪"
"普段","ふだん","平时，平常","名词/副词","普段の状態","平时的状态","N3","eggrolls;N3高频;原词性:名・副;音调:①"
"復習","ふくしゅう","复习","名词/サ变动词","授業の復習をする","复习课程内容","N3","eggrolls;N3中频;原词性:名・他動3;音调:⓪"
"分かれる","わかれる","分为，划分，分歧","动词/自动词/一段动词","街道が東西に二つに分かれる","道路分成东西两边","N3","eggrolls;N3高频;原词性:自動2;音调:③"
"文学","ぶんがく","文学，文艺","名词","文学に興味がある","对文学有兴趣","N3","eggrolls;N3中频;原词性:名;音调:①"
"文字","もじ","文字","名词","石に文字を刻む","在石头上刻字","N3","eggrolls;N3中频;原词性:名;音调:①"
"文法","ぶんぽう","语法","名词","日本語の文法を学ぶ","学习日语语法","N3","eggrolls;N3中频;原词性:名;音调:⓪"
"文房具","ぶんぼうぐ","文具","名词","文房具のセット","一套文具","N3","eggrolls;N3高频;原词性:名;音调:③"
"聞かせる","きかせる","给……听；中听，动听","动词/他动词/一段动词","子どもに音楽を聞かせる","给孩子听音乐","N3","eggrolls;N3中频;原词性:他動2;音调:⓪"
"変化","へんか","变化","名词/サ变动词","色が変化する","颜色变化","N3","eggrolls;N3高频;原词性:名・自動3;音调:①"
"片付く","かたづく","收拾整齐；得到解决","动词/自动词/五段动词","机の上が片付く","桌子上整理得干净整齐","N3","eggrolls;N3中频;原词性:自動1;音调:③"
"編む","あむ","编织；编辑","动词/他动词/五段动词","セーターを編む","织毛衣","N3","eggrolls;N3低频;原词性:他動1;音调:①"
"捕まえる","つかまえる","抓住；逮捕","动词/他动词/一段动词","カブトムシを捕まえる","捕捉独角仙","N3","eggrolls;N3中频;原词性:他動2;音调:⓪"
"暮らし","くらし","生活，度日；生计","名词","貧しい暮らし","贫穷的生活","N3","eggrolls;N3高频;原词性:名;音调:⓪"
"報告","ほうこく","报告，汇报","名词/サ变动词","上司に結果を報告する","向上司报告结果","N3","eggrolls;N3高频;原词性:名・他動3;音调:⓪"
"放送","ほうそう","广播，播报","名词/サ变动词","ニュースを放送する","播送新闻","N3","eggrolls;N3中频;原词性:名・他動3;音调:⓪"
"法律","ほうりつ","法律","名词","法律を守る","遵守法律","N3","eggrolls;N3中频;原词性:名;音调:⓪"
"褒める","ほめる","称赞，夸奖","动词/他动词/一段动词","先生に褒められる","被老师夸奖","N3","eggrolls;N3中频;原词性:他動2;音调:②"
"翻訳","ほんやく","翻译","名词/サ变动词","中国語から日本語に翻訳する","从中文翻译成日文","N3","eggrolls;N3中频;原词性:名・他動3;音调:⓪"
"満員","まんいん","满员；满座；客满","名词","満員電車","拥挤的电车","N3","eggrolls;N3低频;原词性:名;音调:⓪"
"満足","まんぞく","满足，满意；令人满意","名词/な形容词/サ变动词","満足の表情を浮かべる","露出满意的表情","N3","eggrolls;N3高频;原词性:名・ナ形・自動3;音调:①"
"無くす","なくす","失去，丧失；消灭，消除","动词/他动词/五段动词","信用を無くす","失去信用","N3","eggrolls;N3高频;原词性:他動1;音调:⓪"
"無駄","むだ","徒劳，白费","名词/な形容词","時間が無駄になる","浪费时间","N3","eggrolls;N3中频;原词性:名・ナ形;音调:⓪"
"明日","あす","明天；（近的）将来，以后","名词","明日おうかがいしてもよろしいでしょうか","明天去拜望您，可以吗？","N3","eggrolls;N3高频;原词性:名;音调:②⓪"
"迷子","まいご","迷路的孩子；迷路","名词","迷子を探す","寻找走丢的孩子","N3","eggrolls;N3低频;原词性:名;音调:①"
"迷惑","めいわく","麻烦，为难","名词/な形容词/サ变动词","迷惑をかける","添麻烦","N3","eggrolls;N3低频;原词性:名・ナ形・自動3;音调:①"
"鳴く","なく","（鸟、虫、兽等）鸣叫，叫","动词/自动词/五段动词","鳥が鳴く","鸟儿在鸣叫","N3","eggrolls;N3低频;原词性:自動1;音调:⓪"
"鳴る","なる","（非生物）鸣，响","动词/自动词/五段动词","ベルが鳴る","铃响","N3","eggrolls;N3中频;原词性:自動1;音调:⓪"
"毛","け","毛；头发","名词","毛を染める","染发","N3","eggrolls;N3低频;原词性:名;音调:⓪"
"黙る","だまる","沉默，不作声","动词/自动词/五段动词","黙って本を読む","不作声地看书","N3","eggrolls;N3中频;原词性:自動1;音调:②"
"目の前","めのまえ","眼前，面前；迫在眉睫","名词","目の前にあるのに気がつかない","就在眼前却注意不到","N3","eggrolls;N3低频;原词性:名;音调:③"
"目的","もくてき","目的，目标","名词","目的のためには手段を選ばない","为实现目的不择手段","N3","eggrolls;N3高频;原词性:名;音调:⓪"
"夜中","よなか","深夜，半夜","名词","夜中に地震で目がさめた","半夜被地震惊醒了","N3","eggrolls;N3中频;原词性:名;音调:③"
"油","あぶら","（液态）油","名词","魚を油で揚げる","用油炸鱼","N3","eggrolls;N3中频;原词性:名;音调:⓪"
"有料","ゆうりょう","收费，需付费","名词","入場は有料ですか無料ですか","入场收费不收费？","N3","eggrolls;N3中频;原词性:名;音调:⓪"
"遊園地","ゆうえんち","游乐园","名词","来週の日曜日は遊園地に行こう","下星期天去游乐园吧","N3","eggrolls;N3中频;原词性:名;音调:③"
"夕飯","ゆうはん","晚饭","名词","夕飯は寿司でした","晚餐是寿司","N3","eggrolls;N3中频;原词性:名;音调:⓪"
"予習","よしゅう","预习","名词/サ变动词","予習と復習を十分にする","充分地进行预习和复习","N3","eggrolls;N3低频;原词性:名・他動3;音调:⓪"
"様子","ようす","情况；姿态；迹象","名词","様子を見る","观察动向，看情况","N3","eggrolls;N3高频;原词性:名;音调:⓪"
"用紙","ようし","（特定用途、固定格式的）纸张，表格","名词","原稿用紙","稿纸","N3","eggrolls;N3高频;原词性:名;音调:⓪①"
"葉","は","叶子","名词","ケヤキは冬に葉が落ちる","榉树在冬天落叶","N3","eggrolls;N3低频;原词性:名;音调:⓪"
"踊り","おどり","舞蹈","名词","踊りを踊る","跳舞","N3","eggrolls;N3中频;原词性:名;音调:⓪"
"踊る","おどる","跳舞","动词/自动词/五段动词","歌いながら踊る","边唱边跳","N3","eggrolls;N3中频;原词性:自動1;音调:⓪"
"冷える","ひえる","变凉，放凉；感觉冷；（关系）变冷淡","动词/自动词/一段动词","冷えたビール","冰镇啤酒","N3","eggrolls;N3中频;原词性:自動2;音调:②"
"列","れつ","列；排列；顺序","名词","列に並ぶ","排队","N3","eggrolls;N3中频;原词性:名;音调:①"
"列車","れっしゃ","列车，火车","名词","急行列車","特快列车","N3","eggrolls;N3中频;原词性:名;音调:⓪①"
"連れる","つれる","带，领","动词/他动词/一段动词","子どもを連れて遊園地に行く","带着孩子去游乐园","N3","eggrolls;N3高频;原词性:他動2;音调:⓪"
"連絡先","れんらくさき","联系地址，联络方式","名词","私の連絡先は08012345678です","我的联系电话是08012345678","N3","eggrolls;N3高频;原词性:名"
"論文","ろんぶん","论文","名词","論文を提出する","提交论文","N3","eggrolls;N3中频;原词性:名;音调:⓪"
"ばら","ばら","玫瑰花","名词","ばらの花束","玫瑰花束","N3","eggrolls;N3中频;原词性:名;音调:⓪"
"通り","とおり","……种（方法、种类等）","接尾词","やり方は幾通りもある","方法有很多种","N3","eggrolls;N3低频;原词性:接尾"
"通り","どおり","按照……；程度","接尾词","計画通りに進んでいる","按照计划进行","N3","eggrolls;N3低频;原词性:接尾"
"アドバイス","アドバイス","劝告，建议","サ变动词/名词","コーチからアドバイスを受ける","接受教练的建议","N3","eggrolls;N3高频;原词性:他動3・名;音调:①③;カタカナ語"
"アナウンス","アナウンス","广播","サ变动词/名词","ニュースをアナウンスする","播送新闻","N3","eggrolls;N3中频;原词性:他動3・名;音调:②③;カタカナ語"
"あれこれ","あれこれ","这个那个，种种","代词/副词","あれこれ考える","想这想那","N3","eggrolls;N3中频;原词性:代・副;音调:②"
"あんまり","あんまり","（不）太……；太……","副词/な形容词","あんまり食べない","不太吃","N3","eggrolls;N3中频;原词性:副・ナ形;音调:⓪"
"いつの間にか","いつのまにか","不知什么时候，不知不觉中","副词","いつの間にか雨が降り出した","不知什么时候开始下雨了","N3","eggrolls;N3中频;原词性:副;音调:④⑤⓪"
"イメージ","イメージ","印象，形象","サ变动词/名词","彼には清潔なイメージがあるね","他给人一种干净的印象呢","N3","eggrolls;N3高频;原词性:他動3・名;音调:②①;カタカナ語"
"インク","インク","墨水","名词","インクをつける","蘸墨水","N3","eggrolls;N3中频;原词性:名;音调:⓪;カタカナ語"
"インタビュー","インタビュー","采访，会见","名词/サ变动词","首相にインタビューする","采访首相","N3","eggrolls;N3高频;原词性:名・自他動3;音调:①;カタカナ語"
"うっかり","うっかり","不留神，无意中","副词/サ变动词","うっかりして電車を間違えた","不留神上错了电车","N3","eggrolls;N3高频;原词性:副・自動3;音调:③;オノマトペ"
"噂","うわさ","在背后议论别人；传闻，风言风语","名词/サ变动词","他人の噂をするな","别谈论别人的事啦！","N3","eggrolls;N3中频;原词性:名・他動3;音调:⓪"
"エプロン","エプロン","西式围裙","名词","エプロンをかける","系围裙","N3","eggrolls;N3低频;原词性:名;音调:①;カタカナ語"
"甥","おい","外甥，侄子","名词","姪","侄女，外甥女","N3","eggrolls;N3低频;原词性:名;音调:⓪"
"オーバー","オーバー","超过；过分，夸张","な形容词/名词/サ变动词","予算をオーバーする","超出预算","N3","eggrolls;N3低频;原词性:ナ形・名・自動3;音调:①;カタカナ語"
"お辞儀","おじぎ","行礼，鞠躬","名词/サ变动词","丁寧にお辞儀をする","恭恭敬敬地鞠躬","N3","eggrolls;N3低频;原词性:名・自動3;音调:⓪"
"おしゃれ","おしゃれ","好修饰，好打扮（的人）","名词/な形容词/サ变动词","おしゃれな人","好打扮的人","N3","eggrolls;N3中频;原词性:名・ナ形・自動3;音调:②"
"カーブ","カーブ","转弯处，弯曲","名词/サ变动词","急カーブ","急转弯","N3","eggrolls;N3中频;原词性:名・自動3;音调:①;カタカナ語"
"ガイド","ガイド","导游；指南","サ变动词/名词","外国人相手のガイドになる","为外国人当导游","N3","eggrolls;N3中频;原词性:他動3・名;音调:①;カタカナ語"
"カセットテープ","カセットテープ","盒式录音磁带","名词","カセットテープの両面","磁带的反正面","N3","eggrolls;N3低频;原词性:名;音调:⑤;カタカナ語"
"カタログ","カタログ","商品目录","名词","カタログを請求する","索取商品目录","N3","eggrolls;N3中频;原词性:名;音调:⓪;カタカナ語"
"がっかり","がっかり","失望，沮丧","副词/サ变动词","試験に落ちたと聞いて、がっかりした","听说考试不合格，很沮丧","N3","eggrolls;N3高频;原词性:副・自動3;音调:③;オノマトペ"
"カット","カット","切，剪","サ变动词/名词","髪をカットする","剪头发","N3","eggrolls;N3中频;原词性:他動3・名;音调:①;カタカナ語"
"カバー","カバー","套子；弥补","サ变动词/名词","椅子のカバー","椅子套","N3","eggrolls;N3中频;原词性:他動3・名;音调:①;カタカナ語"
"かび","かび","霉","名词","かびが生える","发霉","N3","eggrolls;N3中频;原词性:名;音调:⓪"
"カメラマン","カメラマン","摄影师","名词","将来はカメラマンになりたい","将来想当摄影师","N3","eggrolls;N3低频;原词性:名;音调:③;カタカナ語"
"カロリー","カロリー","卡路里；热量","名词","低カロリー高たんぱく質","低热量高蛋白","N3","eggrolls;N3中频;原词性:名;音调:①;カタカナ語"
"キーボード","キーボード","（电脑，乐器等的）键盘","名词","キーボードを打つ","打字","N3","eggrolls;N3低频;原词性:名;音调:③;カタカナ語"
"きちんと","きちんと","好好地，正确，恰当；整齐地","副词/サ变动词","きちんと戸締りをする","把门牢牢地关严","N3","eggrolls;N3高频;原词性:副・自動3;音调:②;オノマトペ"
"きつい","きつい","强烈的；严厉的；痛苦的；紧，窄小，瘦小的","い形容词","今年の冬は寒さがきつい","今年的冬天冷得厉害","N3","eggrolls;N3高频;原词性:イ形;音调:⓪"
"キャベツ","キャベツ","卷心菜","名词","キャベツ炒め","炒卷心菜","N3","eggrolls;N3中频;原词性:名;音调:①;カタカナ語"
"キャンセル","キャンセル","取消","サ变动词/名词","注文をキャンセルする","取消订购","N3","eggrolls;N3高频;原词性:他動3・名;音调:①;カタカナ語"
"くしゃみ","くしゃみ","喷嚏","名词","くしゃみが出る","打喷嚏","N3","eggrolls;N3中频;原词性:名;音调:②;オノマトペ"
"ぐっすり","ぐっすり","酣睡，熟睡","副词","ぐっすり寝る","酣睡","N3","eggrolls;N3高频;原词性:副;音调:③;オノマトペ"
"グラウンド","グラウンド","运动场，操场","名词","小学校のグラウンド","小学的运动场","N3","eggrolls;N3低频;原词性:名;音调:⓪;カタカナ語"
"クラシック","クラシック","古典；古典的","な形容词/名词","クラシック音楽","古典音乐","N3","eggrolls;N3中频;原词性:ナ形・名;音调:③②;カタカナ語"
"グラフ","グラフ","图表","名词","折れ線グラフ","折线图","N3","eggrolls;N3高频;原词性:名;音调:①⓪;カタカナ語"
"クリーニング","クリーニング","（特指）干洗","名词","クリーニング屋","干洗店","N3","eggrolls;N3中频;原词性:名;音调:④②;カタカナ語"
"ケース","ケース","箱子，盒子；事例","名词","バイオリンのケース","小提琴盒","N3","eggrolls;N3低频;原词性:名;音调:①;カタカナ語"
"けち","けち","吝啬，小气","名词/な形容词","けちな人","吝啬的人","N3","eggrolls;N3低频;原词性:名・ナ形;音调:①"
"コイン","コイン","硬币，货币","名词","コインロッカー","投币式物品存放柜","N3","eggrolls;N3低频;原词性:名;音调:①;カタカナ語"
"こうして","こうして","这样；于是","副词/接续词","筆はこうして使う","笔就是这样使用的","N3","eggrolls;N3低频;原词性:副・接;音调:⓪"
"コース","コース","路线；课程；套餐","名词","コースを変える","改变路线","N3","eggrolls;N3高频;原词性:名;音调:①;カタカナ語"
"ゴール","ゴール","终点；球门；目标","名词/サ变动词","ゴールに飛び込む","跑到终点","N3","eggrolls;N3中频;原词性:名・自動3;音调:①;カタカナ語"
"コマーシャル","コマーシャル","商业广告","名词","番組の途中にコマーシャルが入る","节目中途插入广告","N3","eggrolls;N3中频;原词性:名;音调:②;カタカナ語"
"御覧","ごらん","看，请看；试试看","名词","ご覧に入れる","请您看","N3","eggrolls;N3高频;原词性:名;音调:⓪"
"早速","さっそく","马上，迅速","副词","早速ですが","那我就开门见山地说吧","N3","eggrolls;N3中频;原词性:副;音调:⓪"
"サラリーマン","サラリーマン","工薪阶层","名词","サラリーマンにも手の届く価格","工薪阶层也买得起的价格","N3","eggrolls;N3低频;原词性:名;音调:③;カタカナ語"
"サングラス","サングラス","太阳镜，墨镜","名词","彼はサングラスが似合うね","他很适合戴墨镜呢","N3","eggrolls;N3低频;原词性:名;音调:③;カタカナ語"
"サンプル","サンプル","样品","名词","実物はサンプルと全く異なっている","实物与样品完全不同","N3","eggrolls;N3中频;原词性:名;音调:①;カタカナ語"
"シーツ","シーツ","床单","名词","シーツを敷く","铺床单","N3","eggrolls;N3低频;原词性:名;音调:①;カタカナ語"
"ジーンズ","ジーンズ","牛仔裤","名词","タイトなジーンズ","紧身牛仔裤","N3","eggrolls;N3低频;原词性:名;音调:①;カタカナ語"
"しゃっくり","しゃっくり","打嗝","名词/サ变动词","しゃっくりが出る","打嗝","N3","eggrolls;N3低频;原词性:名・自動3;音调:①;オノマトペ"
"スタート","スタート","出发（点），起点；开始","名词/サ变动词","スタートを切る","起跑；出发","N3","eggrolls;N3中频;原词性:名・自動3;音调:②⓪;カタカナ語"
"ストップ","ストップ","停止，终止；车站","名词/サ变动词","赤信号で車がストップする","红灯亮起，车子停了下来","N3","eggrolls;N3中频;原词性:名・自他動3;音调:②;カタカナ語"
"スピーチ","スピーチ","演说，致辞","名词","結婚式でスピーチをする","在婚礼上致辞","N3","eggrolls;N3高频;原词性:名;音调:②;カタカナ語"
"スピード","スピード","速度；快速","名词","スピード違反","超速","N3","eggrolls;N3高频;原词性:名;音调:⓪;カタカナ語"
"セール","セール","大减价","名词","バーゲンセール","大甩卖","N3","eggrolls;N3中频;原词性:名;音调:①;カタカナ語"
"せっかく","せっかく","特地；好不容易，难得","副词","せっかくの努力が無駄になった","辛苦付出的努力化为泡影","N3","eggrolls;N3高频;原词性:副;音调:⓪"
"セット","セット","一套；布景；做头发；调好","サ变动词/名词","食器をセットで買う","买成套餐具","N3","eggrolls;N3高频;原词性:他動3・名;音调:①;カタカナ語"
"そっくり","そっくり","一模一样；全部","な形容词/副词","あの親子はそっくりだね","那对父子/母子真像啊","N3","eggrolls;N3中频;原词性:ナ形・副;音调:③;オノマトペ"
"そのうえ","そのうえ","而且，并且","接续词","値段も安く、その上質もいい","价钱便宜且品质优良","N3","eggrolls;N3高频;原词性:接;音调:⓪"
"そろう","そろう","整齐，一致；齐备；（人）到齐","动词/自动词/五段动词","足並みがそろう","步调一致","N3","eggrolls;N3低频;原词性:自動1;音调:②"
"だが","だが","（虽然，虽说）……但是，可是","接续词","失敗した。だが、いい経験となった","失败了，但是这成为了很好的经验","N3","eggrolls;N3高频;原词性:接;音调:①"
"叩く","たたく","敲打；指责","动词/他动词/五段动词","太鼓を叩く","打鼓","N3","eggrolls;N3中频;原词性:他動1;音调:②"
"ついでに","ついでに","顺便，顺手","副词","出かけたついでに郵便を出す","出门顺便寄信","N3","eggrolls;N3高频;原词性:副;音调:⓪"
"ついに","ついに","终于；始终（也不）","副词","何度も失敗したが、ついに成功した","经过多次失败终于成功了","N3","eggrolls;N3中频;原词性:副;音调:①"
"つかむ","つかむ","抓，抓住；掌握","动词/他动词/五段动词","チャンスをつかむ","抓住机会","N3","eggrolls;N3低频;原词性:他動1;音调:②"
"テーマ","テーマ","主题；（论文等的）题目","名词","作文のテーマを考える","思考作文主题","N3","eggrolls;N3高频;原词性:名;音调:①;カタカナ語"
"デザイン","デザイン","样式；设计","サ变动词/名词","制服をデザインする","设计制服","N3","eggrolls;N3高频;原词性:他動3・名;音调:②;カタカナ語"
"デジタル","デジタル","数码，数字","名词","デジタル一眼レフカメラ","数码单反相机","N3","eggrolls;N3中频;原词性:名;音调:①;カタカナ語"
"どうしても","どうしても","怎么也（不）；无论如何","副词","どうしてもできない","怎么也做不到","N3","eggrolls;N3高频;原词性:副;音调:①④"
"どうせ","どうせ","终归，反正","副词","どうせ行くなら早いほうがいい","反正要去的话，早一点比较好","N3","eggrolls;N3低频;原词性:副;音调:⓪"
"どきどき","どきどき","（因剧烈运动、恐惧、不安、兴奋、期待等）心脏剧烈跳动","副词/サ变动词","胸がどきどきする","心里七上八下","N3","eggrolls;N3高频;原词性:副・自動3;音调:①;オノマトペ"
"とにかく","とにかく","总之，反正","副词","とにかくやってみよう","总之先做一下试试看","N3","eggrolls;N3中频;原词性:副;音调:①"
"トラック","トラック","卡车","名词","大型トラック","大型卡车","N3","eggrolls;N3中频;原词性:名;音调:②;カタカナ語"
"ドラマ","ドラマ","戏剧，电视剧","名词","テレビドラマ","电视剧","N3","eggrolls;N3中频;原词性:名;音调:①;カタカナ語"
"ドル","ドル","美元；加拿大、澳洲、新西兰等国的货币单位","名词","現在のレートは1ドル何円ですか","现在的汇率是一美元换多少日元？","N3","eggrolls;N3低频;原词性:名;音调:①;カタカナ語"
"なお","なお","仍然；更加，还有","副词/接续词","彼女はいまなお行方が知れない","她至今依然下落不明","N3","eggrolls;N3高频;原词性:副・接;音调:①"
"撫でる","なでる","抚摸","动词/他动词/一段动词","子どもの頭を撫でる","抚摸孩子的头","N3","eggrolls;N3低频;原词性:他動2;音调:②"
"ノック","ノック","敲打，敲","サ变动词/名词","ドアをノックする","敲门","N3","eggrolls;N3中频;原词性:他動3・名;音调:①;カタカナ語"
"パーセント","パーセント","百分率，百分比","名词","5パーセント","百分之五","N3","eggrolls;N3低频;原词性:名;音调:③①;カタカナ語"
"バイオリン","バイオリン","小提琴","名词","バイオリンを弾く","拉小提琴","N3","eggrolls;N3低频;原词性:名;音调:⓪;カタカナ語"
"バケツ","バケツ","水桶","名词","ポリバケツ","塑料水桶","N3","eggrolls;N3低频;原词性:名;音调:⓪;カタカナ語"
"ハンドル","ハンドル","方向盘；把手","名词","左ハンドル","左座驾驶","N3","eggrolls;N3低频;原词性:名;音调:⓪;カタカナ語"
"パンフレット","パンフレット","小册子","名词","パンフレットを配る","散发小册子","N3","eggrolls;N3高频;原词性:名;音调:①④;カタカナ語"
"ビジネス","ビジネス","商务，生意","名词","ビジネスアワー","营业时间","N3","eggrolls;N3中频;原词性:名;音调:①;カタカナ語"
"ビタミン","ビタミン","维生素","名词","ビタミンAが不足する","缺少维生素A","N3","eggrolls;N3中频;原词性:名;音调:②;カタカナ語"
"ぴったり","ぴったり","紧密；合适；准确无误","副词/サ变动词/な形容词","戸をぴったりと閉める","把门紧紧关上","N3","eggrolls;N3高频;原词性:副・自動3・ナ形;音调:③;オノマトペ"
"ビデオカメラ","ビデオカメラ","摄像机","名词","ビデオカメラで写す","用摄像机拍","N3","eggrolls;N3低频;原词性:名;音调:④;カタカナ語"
"ファッション","ファッション","流行，时尚","名词","ファッションにこだわる","讲究穿着","N3","eggrolls;N3中频;原词性:名;音调:①;カタカナ語"
"ファン","ファン","风扇；粉丝","名词","ファンで送風する","用鼓风机送风","N3","eggrolls;N3中频;原词性:名;音调:①;カタカナ語"
"ぶつかる","ぶつかる","碰撞；冲突；遇到","动词/自动词/五段动词","壁にぶつかる","撞到墙上","N3","eggrolls;N3中频;原词性:自動1;音调:⓪"
"ぶつける","ぶつける","投掷；撞上；发泄","动词/他动词/一段动词","石を投げて人にぶつける","扔石头砸人","N3","eggrolls;N3中频;原词性:他動2;音调:⓪"
"フライパン","フライパン","平底锅，煎锅","名词","テフロン加工のフライパン","特氟龙涂层的不粘锅","N3","eggrolls;N3中频;原词性:名;音调:⓪;カタカナ語"
"ブラシ","ブラシ","刷子","名词","歯ブラシ","牙刷","N3","eggrolls;N3低频;原词性:名;音调:①;カタカナ語"
"プラス","プラス","加；加号；正数；正极；有用；阳性；盈利","サ变动词/名词","3プラス5は8","三加五得八","N3","eggrolls;N3中频;原词性:他動3・名;音调:①⓪;カタカナ語"
"プラスチック","プラスチック","塑料","名词","石油からプラスチック製品を作る","用石油制造塑料制品","N3","eggrolls;N3中频;原词性:名;音调:④;カタカナ語"
"フランス","フランス","法国","名词","フランス料理","法国菜，法餐","N3","eggrolls;N3低频;原词性:名;音调:⓪;カタカナ語"
"プリント","プリント","印刷品；打印","サ变动词/名词","試験問題のプリントを配る","分发考卷","N3","eggrolls;N3中频;原词性:他動3・名;音调:⓪;カタカナ語"
"ブレーキ","ブレーキ","刹车；制止","名词","ブレーキをかける","踩刹车；制止","N3","eggrolls;N3低频;原词性:名;音调:②;カタカナ語"
"プログラム","プログラム","节目单；计划表；（电脑）程序","サ变动词/名词","きょうのプログラムはなんですか","今天的节目是什么？","N3","eggrolls;N3高频;原词性:他動3・名;音调:③;カタカナ語"
"ベランダ","ベランダ","阳台","名词","ベランダに洗濯物を干す","把洗的衣服晾到阳台上","N3","eggrolls;N3中频;原词性:名;音调:⓪;カタカナ語"
"マーク","マーク","记号，标志；商标","サ变动词/名词","地図の上にマークをつける","在地图上做上标记","N3","eggrolls;N3中频;原词性:他動3・名;音调:①;カタカナ語"
"まあまあ","まあまあ","好了好了；过得去，勉强","な形容词/副词/感叹词","まあまあそんなに怒らないで","好了好了，别那么生气","N3","eggrolls;N3中频;原词性:ナ形・副・感;音调:①+①、③;オノマトペ"
"または","または","或，或者","接续词","雨または雪の降る確率は20%です","降雨或降雪率为百分之二十","N3","eggrolls;N3中频;原词性:接;音调:②"
"まとめる","まとめる","汇集，归纳；商定，谈妥","动词/他动词/一段动词","要点をまとめる","归纳要点","N3","eggrolls;N3低频;原词性:他動2;音调:⓪"
"まぶしい","まぶしい","耀眼的，晃眼的；光彩夺目的","い形容词","太陽がまぶしい","太阳晃眼","N3","eggrolls;N3中频;原词性:イ形;音调:③"
"マフラー","マフラー","围巾；（车的）消音器","名词","マフラーを巻く","围上围巾","N3","eggrolls;N3中频;原词性:名;音调:①;カタカナ語"
"ママ","ママ","（儿童用语）妈妈；女掌柜，妈妈桑","名词","ママに聞いてみよう","去问妈妈吧","N3","eggrolls;N3低频;原词性:名;音调:①;カタカナ語"
"まるで","まるで","简直，好像；完全（不）","副词","まるで夢のようだ","简直像是在做梦","N3","eggrolls;N3中频;原词性:副;音调:⓪"
"めでたい","めでたい","值得祝贺的；圆满的","い形容词","めでたい日","喜庆的日子","N3","eggrolls;N3高频;原词性:イ形;音调:③"
"メンバー","メンバー","成员，分子","名词","メンバーを募集する","招募成员","N3","eggrolls;N3中频;原词性:名;音调:①;カタカナ語"
"もともと","もともと","原来，本来","副词","もともと忘れっぽい","本来就记性不好","N3","eggrolls;N3低频;原词性:副;音调:⓪"
"ユーモア","ユーモア","幽默，诙谐","名词","ユーモアの通じない人","不懂幽默的人","N3","eggrolls;N3低频;原词性:名;音调:①;カタカナ語"
"ようこそ","ようこそ","热烈欢迎","副词","ようこそ沖縄へ","欢迎来到冲绳","N3","eggrolls;N3低频;原词性:副;音调:①"
"ようやく","ようやく","总算","副词","ようやく合格できた","总算及格了","N3","eggrolls;N3高频;原词性:副;音调:⓪"
"ラッシュアワー","ラッシュアワー","（上下班）高峰时间","名词","ラッシュアワーを避けて早めに出勤する","避开高峰时段提前上班","N3","eggrolls;N3低频;原词性:名;音调:④;カタカナ語"
"ランチ","ランチ","午餐","名词","簡単なランチですませる","吃个简单的午餐","N3","eggrolls;N3中频;原词性:名;音调:①;カタカナ語"
"リサイクル","リサイクル","（废品）再利用","名词/サ变动词","資源をリサイクルする","回收利用资源","N3","eggrolls;N3高频;原词性:名・他動3;音调:②;カタカナ語"
"リスト","リスト","名单；一览表","名词","ブラックリスト","黑名单","N3","eggrolls;N3中频;原词性:名;音调:①;カタカナ語"
"ロッカー","ロッカー","衣帽柜，存放柜","名词","コインロッカー","投币式物品存放柜","N3","eggrolls;N3低频;原词性:名;音调:①;カタカナ語"
"ロビー","ロビー","大堂，门厅","名词","ロビーで客と面会する","在大厅与客人见面","N3","eggrolls;N3中频;原词性:名;音调:①;カタカナ語"
"ワンピース","ワンピース","连衣裙","名词","彼女は白いワンピースを着ていたよ","她穿着白色的连衣裙哦","N3","eggrolls;N3低频;原词性:名;音调:③;カタカナ語"
"暗記","あんき","背诵","名词/サ变动词","英単語を暗記する","背英语单词","N3","eggrolls;N3低频;原词性:名・他動3;音调:⓪"
"案外","あんがい","意外，出乎意料","な形容词/副词","案外安かった","没想到还很便宜","N3","eggrolls;N3低频;原词性:ナ形・副;音调:①⓪"
"以降","いこう","以后，之后","名词","5時以降は会社にいない","五点之后不在公司","N3","eggrolls;N3高频;原词性:名;音调:①"
"囲む","かこむ","包围","动词/他动词/五段动词","日本は海に囲まれている","日本四面环海","N3","eggrolls;N3高频;原词性:他動1;音调:⓪"
"意外","いがい","出乎意料","な形容词/名词","つりあげてみたら、意外に大きな魚だった","钓上来一看，没想到是条大鱼","N3","eggrolls;N3高频;原词性:ナ形・名;音调:⓪"
"意志","いし","意志，志向","名词","意志の強い人","意志坚强的人","N3","eggrolls;N3中频;原词性:名;音调:①"
"意識","いしき","神智；意识","名词/サ变动词","意識を失う","失去知觉","N3","eggrolls;N3高频;原词性:名・他動3;音调:①"
"移動","いどう","移动，转移","名词/サ变动词","車を移動してください","请把车挪一下","N3","eggrolls;N3高频;原词性:名・自他動3;音调:⓪"
"胃","い","胃","名词","胃が痛い","胃痛","N3","eggrolls;N3高频;原词性:名;音调:⓪"
"医師","いし","医生","名词","医師免許","医师执照","N3","eggrolls;N3中频;原词性:名;音调:①"
"育つ","そだつ","发育，生长","动词/自动词/五段动词","寝る子は育つ","能睡的孩子长得快","N3","eggrolls;N3高频;原词性:自動1;音调:②"
"一人一人","ひとりひとり","每个人，各自","名词/副词","一人一人の名前を呼ぶ","一个一个地叫名字","N3","eggrolls;N3中频;原词性:名・副;音调:⑤④"
"一度に","いちどに","同时，一下子","副词","皆の顔と名前を一度には覚えられません","没办法一次记住所有人的长相和名字","N3","eggrolls;N3中频;原词性:副;音调:③"
"一般","いっぱん","一般，普遍","名词","一般の会社","普通公司","N3","eggrolls;N3中频;原词性:名;音调:⓪"
"一流","いちりゅう","第一流，最好的","名词","一流大学","一流大学","N3","eggrolls;N3中频;原词性:名;音调:⓪"
"印刷","いんさつ","印刷","名词/サ变动词","その本はいま印刷中です","这本书正在印刷中","N3","eggrolls;N3高频;原词性:名・他動3;音调:⓪"
"印象","いんしょう","印象","名词","第一印象","第一印象","N3","eggrolls;N3高频;原词性:名;音调:⓪"
"引き受ける","ひきうける","承担，接受；保证","动词/他动词/一段动词","注文を引き受ける","接受订货","N3","eggrolls;N3高频;原词性:他動2;音调:④"
"引っ張る","ひっぱる","拉，拽；拉拢；硬拉","动词/他动词/五段动词","ロープを引っ張る","拉绳子","N3","eggrolls;N3低频;原词性:他動1;音调:③"
"院生","いんせい","研究生","名词","学部生","大学生，本科生","N3","eggrolls;N3低频;原词性:名;音调:⓪"
"隠す","かくす","隐藏；掩饰","动词/他动词/五段动词","日記を引き出しの奥に隠す","把日记藏在抽屉最里边","N3","eggrolls;N3中频;原词性:他動1;音调:②"
"餌","えさ","饵食；诱饵","名词","ネコに餌をやる","喂猫","N3","eggrolls;N3中频;原词性:名;音调:②⓪"
"影","かげ","影子；映像","名词","カーテンに映る人の影","映在窗帘上的人影","N3","eggrolls;N3低频;原词性:名;音调:①"
"栄養","えいよう","营养","名词","栄養が足りない","缺少营养","N3","eggrolls;N3高频;原词性:名;音调:⓪"
"液体","えきたい","液体，液态","名词","固体が溶けて液体になる","固体溶化成液体","N3","eggrolls;N3低频;原词性:名;音调:⓪"
"延ばす","のばす","延长（距离）；拖延（时间）","动词/他动词/五段动词","線路を延ばす","延长铁轨","N3","eggrolls;N3低频;原词性:他動1;音调:②"
"演奏","えんそう","演奏","名词/サ变动词","ピアノを演奏する","弹钢琴","N3","eggrolls;N3中频;原词性:名・他動3;音调:⓪"
"猿","さる","猴子，猿猴","名词","猿に芸を教える","训练猴子表演才艺","N3","eggrolls;N3低频;原词性:名;音调:①"
"塩辛い","しおからい","咸","い形容词","塩辛い漬物","咸腌菜","N3","eggrolls;N3低频;原词性:イ形;音调:④"
"往復","おうふく","往返，来回；来往","名词/サ变动词","往復の切符","往返车票","N3","eggrolls;N3中频;原词性:名・自動3;音调:⓪"
"応用","おうよう","应用，运用","名词/サ变动词","理論を実践に応用する","理论运用于实践","N3","eggrolls;N3低频;原词性:名・他動3;音调:⓪"
"押さえる","おさえる","按住；捂住；抓住","动词/他动词/一段动词","両手でポスターを押さえる","用双手按住海报","N3","eggrolls;N3中频;原词性:他動2;音调:③②"
"屋根","やね","屋顶，房顶","名词","自動車の屋根","车顶","N3","eggrolls;N3低频;原词性:名;音调:①"
"下ろす","おろす","拿下；卸下","动词/他动词/五段动词","商品を棚から下ろす","从货架上把商品拿下来","N3","eggrolls;N3中频;原词性:他動1;音调:②"
"化粧","けしょう","化妆；装饰，装潢","名词/サ变动词","化粧を落とす","卸妆","N3","eggrolls;N3低频;原词性:名・自他動3;音调:②"
"何とか","なんとか","想办法；费了好大劲终于，勉强","副词/连语","何とかなるだろう","总会有办法的","N3","eggrolls;N3中频;原词性:副・連語;音调:①"
"価値","かち","价值","名词","価値が高い","价值高","N3","eggrolls;N3中频;原词性:名;音调:①"
"加える","くわえる","加上；加入一伙；施加","动词/他动词/一段动词","説明を加える","加以说明","N3","eggrolls;N3中频;原词性:他動2;音调:⓪③"
"家賃","やちん","房租","名词","家賃を払う","交房租","N3","eggrolls;N3中频;原词性:名;音调:①"
"科目","かもく","科目，学科","名词","受験科目","考试科目","N3","eggrolls;N3中频;原词性:名;音调:⓪"
"歌手","かしゅ","歌手","名词","アイドル歌手","偶像歌星","N3","eggrolls;N3高频;原词性:名;音调:①"
"火災","かさい","火灾","名词","火災が起こる","发生火灾","N3","eggrolls;N3低频;原词性:名;音调:⓪"
"稼ぐ","かせぐ","赚钱；争取，获得","动词/自他动词/五段动词","学費を稼ぐ","赚学费","N3","eggrolls;N3中频;原词性:自他動1;音调:②"
"花火","はなび","焰火，花火","名词","打ち上げ花火","高空礼花","N3","eggrolls;N3中频;原词性:名;音调:①"
"課","か","科；课","名词","営業課","销售科","N3","eggrolls;N3高频;原词性:名;音调:①"
"我慢","がまん","忍耐，忍受","名词/サ变动词","痛みを我慢する","忍受痛苦","N3","eggrolls;N3高频;原词性:名・他動3;音调:①"
"会員","かいいん","会员","名词","会員を募集する","招募会员","N3","eggrolls;N3高频;原词性:名;音调:⓪"
"解く","とく","解开；解答","动词/他动词/五段动词","靴の紐を解く","解开鞋带","N3","eggrolls;N3中频;原词性:他動1;音调:①"
"解ける","とける","松了；（情绪等）缓解；解开","动词/自动词/一段动词","靴のひもが解けた","鞋带开了","N3","eggrolls;N3低频;原词性:自動2;音调:②"
"怪しい","あやしい","奇怪的，可疑的；靠不住的，令人怀疑的","い形容词","怪しい男","可疑的男子","N3","eggrolls;N3中频;原词性:イ形;音调:⓪③"
"悔しい","くやしい","令人懊悔，不甘心","い形容词","負けたのが悔しい","输了很不甘心","N3","eggrolls;N3高频;原词性:イ形;音调:③"
"懐かしい","なつかしい","留恋的，怀念的","い形容词","懐かしい味","令人怀念的味道","N3","eggrolls;N3高频;原词性:イ形;音调:④"
"改札口","かいさつぐち","检票口","名词","駅の改札口のところで待っていてください","请在车站检票口等我","N3","eggrolls;N3中频;原词性:名;音调:④"
"絵葉書","えはがき","美术明信片","名词","絵葉書を出す","寄美术明信片","N3","eggrolls;N3低频;原词性:名;音调:②"
"外出","がいしゅつ","外出","名词/サ变动词","夜間の外出は禁止されている","不准夜里外出","N3","eggrolls;N3高频;原词性:名・自動3;音调:⓪"
"蓋","ふた","盖子","名词","なべに蓋をして弱火で煮込む","盖上锅盖，用小火慢炖","N3","eggrolls;N3中频;原词性:名;音调:⓪"
"各駅停車","かくえきていしゃ","慢车，每站停车","名词","各駅停車の電車を追い越す","超越各站停车的电车","N3","eggrolls;N3中频;原词性:名;音调:⑤"
"各国","かっこく","各国","名词","各国の外交代表","各国的外交代表","N3","eggrolls;N3低频;原词性:名;音调:①⓪"
"各地","かくち","各地","名词","全国各地から集まる","来自全国各地","N3","eggrolls;N3中频;原词性:名;音调:①"
"確かめる","たしかめる","弄清，确认","动词/他动词/一段动词","真相を確かめる","确认真相","N3","eggrolls;N3中频;原词性:他動2;音调:④"
"角","かく","方形；角度","名词","角に切る","切成方形","N3","eggrolls;N3低频;原词性:名;音调:①⓪"
"学科","がっか","专业，学科","名词","君は何学科ですか","你是什么专业的？","N3","eggrolls;N3低频;原词性:名;音调:⓪"
"学期","がっき","学期","名词","新学期が始まったね","新学期开始了呢","N3","eggrolls;N3高频;原词性:名;音调:⓪"
"学歴","がくれき","学历","名词","履歴書に学歴を書く","在简历上填写学历","N3","eggrolls;N3低频;原词性:名;音调:⓪"
"楽器","がっき","乐器","名词","楽器を演奏する","演奏乐器","N3","eggrolls;N3中频;原词性:名;音调:⓪"
"割れる","われる","裂开，碎；分裂","动词/自动词/一段动词","コップが落ちて割れた","杯子掉在地上摔破了","N3","eggrolls;N3中频;原词性:自動2;音调:⓪"
"割引","わりびき","折扣，减价","名词/サ变动词","2割引で売る","打八折出售","N3","eggrolls;N3高频;原词性:名・他動3;音调:⓪"
"割合","わりあい","比例","名词","男女の割合","男女比例","N3","eggrolls;N3中频;原词性:名;音调:⓪"
"乾燥","かんそう","干燥","名词/サ变动词","空気が乾燥する","空气干燥","N3","eggrolls;N3低频;原词性:名・自他動3;音调:⓪"
"勧める","すすめる","劝告；劝诱","动词/他动词/一段动词","両親に旅行を勧める","劝父母去旅行","N3","eggrolls;N3低频;原词性:他動2;音调:⓪"
"完成","かんせい","完成","名词/サ变动词","工事が完成する","施工完成","N3","eggrolls;N3高频;原词性:名・自他動3;音调:⓪"
"完全","かんぜん","完全，完整，完美","名词/な形容词","完全に失敗した","完全失败了","N3","eggrolls;N3中频;原词性:名・ナ形;音调:⓪"
"完了","かんりょう","完结，完成","名词/サ变动词","準備が完了する","准备完成","N3","eggrolls;N3低频;原词性:名・自他動3;音调:⓪"
"干す","ほす","晒干，晾干","动词/他动词/五段动词","洗濯物を干す","把洗好的衣物晾晒","N3","eggrolls;N3中频;原词性:他動1;音调:①"
"感情","かんじょう","感情，情绪","名词","感情を抑える","压抑情感","N3","eggrolls;N3中频;原词性:名;音调:⓪"
"感想","かんそう","感想","名词","感想を述べる","谈感想","N3","eggrolls;N3高频;原词性:名;音调:⓪"
"感動","かんどう","感动","名词/サ变动词","感動して涙を流した","感动得流出了眼泪","N3","eggrolls;N3高频;原词性:名・自動3;音调:⓪"
"歓迎","かんげい","欢迎，款待","名词/サ变动词","心から歓迎する","衷心欢迎","N3","eggrolls;N3高频;原词性:名・他動3;音调:⓪"
"汗","あせ","汗，汗水","名词","汗をかく","出汗","N3","eggrolls;N3中频;原词性:名;音调:①"
"管理","かんり","管理，管辖","名词/サ变动词","品質管理","品质管理","N3","eggrolls;N3中频;原词性:名・他動3;音调:①"
"緩い","ゆるい","肥大的；宽松的；和缓的","い形容词","ズボンが緩い","裤子肥大","N3","eggrolls;N3中频;原词性:イ形;音调:②"
"間","ま","空隙；时间","名词","10センチずつ間を置いて並べる","每隔十厘米摆放","N3","eggrolls;N3低频;原词性:名;音调:⓪"
"間隔","かんかく","间隔","名词","間隔を詰める","压缩间隔","N3","eggrolls;N3中频;原词性:名;音调:⓪"
"関する","かんする","与……有关，关于","サ变动词","地震に関するニュース","关于地震的新闻","N3","eggrolls;N3低频;原词性:自動3;音调:③"
"関わる","かかわる","关系到；有牵连；拘泥","动词/自动词/五段动词","新会社の設立に関わる","与新公司设立有关","N3","eggrolls;N3中频;原词性:自動1;音调:③⓪"
"関心","かんしん","关心，感兴趣","名词","関心を持つ","感兴趣","N3","eggrolls;N3高频;原词性:名;音调:⓪"
"岩","いわ","岩石","名词","岩のように硬い","像岩石一般硬","N3","eggrolls;N3低频;原词性:名;音调:②"
"願う","ねがう","希望，祝愿；请求，拜托","动词/他动词/五段动词","二人の幸せを願う","祝愿两人幸福","N3","eggrolls;N3高频;原词性:他動1;音调:②"
"基礎","きそ","根基；基础","名词","基礎を固める","巩固基础","N3","eggrolls;N3中频;原词性:名;音调:①②"
"基本","きほん","基本，基础","名词","日本語を基本から始める","从头开始学日语","N3","eggrolls;N3中频;原词性:名;音调:⓪"
"期間","きかん","期间；期限","名词","期間が過ぎた","过了期限","N3","eggrolls;N3高频;原词性:名;音调:①②"
"期限","きげん","期限","名词","有効期限","有效期限","N3","eggrolls;N3中频;原词性:名;音调:①"
"期末","きまつ","期末","名词","期末試験","期末考试","N3","eggrolls;N3低频;原词性:名;音调:⓪"
"帰宅","きたく","回家","名词/サ变动词","8時に帰宅する","八点回家","N3","eggrolls;N3中频;原词性:名・自動3;音调:⓪"
"気の毒","きのどく","可怜，悲惨","な形容词/名词/サ变动词","彼のことを気の毒に思っている","觉得他很可怜","N3","eggrolls;N3低频;原词性:ナ形・名・自動3;音调:③④"
"記事","きじ","新闻，报道","名词","記事を書く","撰写报道","N3","eggrolls;N3高频;原词性:名;音调:①"
"記入","きにゅう","填写","名词/サ变动词","名前を記入する","填写姓名","N3","eggrolls;N3低频;原词性:名・他動3;音调:⓪"
"記録","きろく","记载，记录","名词/サ变动词","事件の経過を記録する","把事件的经过记录下来","N3","eggrolls;N3高频;原词性:名・他動3;音调:⓪"
"輝く","かがやく","闪耀；充满；光荣","动词/自动词/五段动词","太陽が空に輝く","太阳在空中照耀","N3","eggrolls;N3低频;原词性:自動1;音调:③"
"疑う","うたがう","怀疑，不相信；猜疑，猜测","动词/他动词/五段动词","神の実在を疑う","怀疑神的存在","N3","eggrolls;N3高频;原词性:他動1;音调:⓪"
"休講","きゅうこう","停课","名词/サ变动词","来週の授業は休講にします","下周的课停课","N3","eggrolls;N3低频;原词性:名・自動3;音调:⓪"
"居間","いま","起居室","名词","リビングルーム","起居室","N3","eggrolls;N3低频;原词性:名;音调:②"
"共通","きょうつう","共同","名词/な形容词/サ变动词","共通の要求","共同要求","N3","eggrolls;N3高频;原词性:名・ナ形・自動3;音调:⓪"
"禁止","きんし","禁止","名词/サ变动词","出入り禁止","禁止出入","N3","eggrolls;N3高频;原词性:名・他動3;音调:⓪"
"区別","くべつ","区别；辨别","名词/サ变动词","夢と現実を区別する","区分梦境与现实","N3","eggrolls;N3中频;原词性:名・他動3;音调:①"
"苦労","くろう","辛苦，艰苦，费事","な形容词/名词/サ变动词","苦労を重ねた両親","历尽艰辛的父母","N3","eggrolls;N3高频;原词性:ナ形・名・自動3;音调:①"
"偶然","ぐうぜん","意想不到；偶然","な形容词/副词/名词","偶然の出来事","偶然的事件","N3","eggrolls;N3高频;原词性:ナ形・副・名;音调:⓪"
"掘る","ほる","挖，挖掘","动词/他动词/五段动词","トンネルを掘る","挖隧道","N3","eggrolls;N3低频;原词性:他動1;音调:①"
"経つ","たつ","（时间）流逝，过去","动词/自动词/五段动词","あれから14年が経ちました","从那之后已经过了十四年","N3","eggrolls;N3高频;原词性:自動1;音调:①"
"経営","けいえい","经营，运营","名词/サ变动词","事業を経営する","经营事业","N3","eggrolls;N3高频;原词性:名・他動3;音调:⓪"
"計算","けいさん","计算；考虑","名词/サ变动词","運賃を計算する","计算运费","N3","eggrolls;N3中频;原词性:名・他動3;音调:⓪"
"芸術","げいじゅつ","艺术","名词","芸術のための芸術","为艺术而艺术","N3","eggrolls;N3中频;原词性:名;音调:⓪"
"決まり","きまり","规定；了结；惯例","名词","決まりを守る","遵守规定","N3","eggrolls;N3中频;原词性:名;音调:⓪"
"決心","けっしん","决心，决意","名词/サ变动词","なかなか決心がつかない","怎么也下不了决心","N3","eggrolls;N3低频;原词性:名・自他動3;音调:①"
"穴","あな","洞；漏洞；亏空","名词","穴を埋める","填补亏空","N3","eggrolls;N3中频;原词性:名;音调:②"
"結ぶ","むすぶ","系，扎，结；结成，结合；缔结；连接","动词/他动词/五段动词","二本のひもを結ぶ","将两条绳子系在一起","N3","eggrolls;N3高频;原词性:他動1;音调:⓪"
"結局","けっきょく","（发生了很多事情之后）最后还是","名词/副词","結局誰も来なかった","结果还是谁也没来","N3","eggrolls;N3高频;原词性:名・副;音调:⓪"
"血液","けつえき","血液","名词","血液型","血型","N3","eggrolls;N3中频;原词性:名;音调:②"
"月末","げつまつ","月底","名词","月末に引っ越す","月底搬家","N3","eggrolls;N3中频;原词性:名;音调:⓪"
"券","けん","票据，票","名词","乗車券","车票","N3","eggrolls;N3高频;原词性:名;音调:①"
"嫌がる","いやがる","讨厌，不愿意","动词/他动词/五段动词","勉強を嫌がる","不愿意学习","N3","eggrolls;N3低频;原词性:他動1;音调:③"
"建築","けんちく","建造；建筑物","名词/サ变动词","校舎を建築する","建筑校舍","N3","eggrolls;N3中频;原词性:名・他動3;音调:⓪"
"懸命","けんめい","竭尽全力","な形容词/名词","懸命に努力すれば必ず道は開ける","努力奋斗必有前途","N3","eggrolls;N3高频;原词性:ナ形・名;音调:⓪"
"検査","けんさ","检查；检验","名词/サ变动词","学力検査","学习能力测试","N3","eggrolls;N3高频;原词性:名・他動3;音调:①"
"検討","けんとう","讨论，探讨研究","名词/サ变动词","検討を重ねる","反复讨论","N3","eggrolls;N3中频;原词性:名・他動3;音调:⓪"
"見つめる","みつめる","凝视；关注","动词/他动词/一段动词","相手の顔を見つめる","凝视对方的面孔","N3","eggrolls;N3低频;原词性:他動2;音调:⓪③"
"見送る","みおくる","目送；送行；搁置","动词/他动词/五段动词","離陸した飛行機を見送る","目送着起飞的飞机","N3","eggrolls;N3中频;原词性:他動1;音调:⓪③"
"見方","みかた","看法；见解","名词","地図の見方","地图的看法","N3","eggrolls;N3低频;原词性:名;音调:③②"
"原料","げんりょう","原料","名词","ワインはブドウを原料としている","葡萄酒以葡萄为原料","N3","eggrolls;N3中频;原词性:名;音调:③"
"減らす","へらす","减少，削减","动词/他动词/五段动词","人数を減らす","减少人数","N3","eggrolls;N3高频;原词性:他動1;音调:⓪"
"減少","げんしょう","减少","名词/サ变动词","人口が減少する","人口减少","N3","eggrolls;N3中频;原词性:名・自他動3;音调:⓪"
"現れる","あらわれる","显现；出现","动词/自动词/一段动词","効果が現れる","见效","N3","eggrolls;N3低频;原词性:自動2;音调:④"
"現金","げんきん","现金","名词","品物を売って現金に換える","出售物品换成现款","N3","eggrolls;N3中频;原词性:名;音调:③"
"個人","こじん","个人","名词","これは私個人の意見です","这是我个人的意见","N3","eggrolls;N3中频;原词性:名;音调:①"
"呼吸","こきゅう","呼吸","名词/サ变动词","深く呼吸する","作深呼吸","N3","eggrolls;N3中频;原词性:名・自他動3;音调:⓪"
"固まる","かたまる","凝固；聚集到一起；稳固","动词/自动词/五段动词","コンクリートが固まる","混凝土凝固","N3","eggrolls;N3中频;原词性:自動1;音调:⓪"
"故郷","こきょう","故乡，家乡","名词","故郷を離れる","离开故乡","N3","eggrolls;N3低频;原词性:名;音调:①"
"故障","こしょう","故障","名词/サ变动词","洗濯機が故障する","洗衣机发生故障","N3","eggrolls;N3中频;原词性:名・自動3;音调:⓪"
"枯れる","かれる","凋零，枯萎","动词/自动词/一段动词","木が枯れる","树木枯萎","N3","eggrolls;N3中频;原词性:自動2;音调:⓪"
"互い","たがい","互相，相互；彼此","名词","お互いに助け合う","互相帮助","N3","eggrolls;N3中频;原词性:名;音调:⓪"
"語る","かたる","谈，讲述","动词/他动词/五段动词","体験を語る","谈体会","N3","eggrolls;N3中频;原词性:他動1;音调:⓪"
"交換","こうかん","交换","名词/サ变动词","名刺交換","交换名片","N3","eggrolls;N3中频;原词性:名・他動3;音调:⓪"
"交流","こうりゅう","交流，往来；交流电","名词/サ变动词","国際交流","国际交流","N3","eggrolls;N3高频;原词性:名・自動3;音调:⓪"
"公共","こうきょう","公共","名词","公共施設","公共设施","N3","eggrolls;N3低频;原词性:名;音调:⓪"
"向かい","むかい","对面，正对面","名词","先生は私の家の向かいに住んでいます","老师住在我家的对门","N3","eggrolls;N3低频;原词性:名;音调:⓪"
"向く","むく","朝；适合","动词/自他动词/五段动词","東に向いた窓から海が見える","从朝东的窗户可以看见大海","N3","eggrolls;N3中频;原词性:自他動1;音调:⓪"
"向ける","むける","向，对；派遣","动词/自他动词/一段动词","ロンドンに向けて飛ぶ","飞往伦敦","N3","eggrolls;N3中频;原词性:自他動2;音调:⓪"
"広がる","ひろがる","（面积）扩大；（范围）扩大，蔓延","动词/自动词/五段动词","砂漠が広がりつつある","沙漠不断扩大","N3","eggrolls;N3高频;原词性:自動1;音调:⓪"
"広げる","ひろげる","扩大（物理上的面积）；扩大（范围）","动词/他动词/一段动词","机に地図を広げる","在桌子上打开地图","N3","eggrolls;N3低频;原词性:他動2;音调:⓪"
"慌てる","あわてる","惊慌；急忙","动词/自动词/一段动词","地震のときは慌ててはいけない","地震的时候不要惊慌","N3","eggrolls;N3高频;原词性:自動2;音调:⓪"
"絞る","しぼる","拧；绞尽脑汁；缩小（范围）","动词/他动词/五段动词","雑巾を絞る","拧抹布","N3","eggrolls;N3低频;原词性:他動1;音调:②"
"高速","こうそく","高速；（「高速道路」の略）高速公路","な形容词/名词","高速で飛行する","高速飞行","N3","eggrolls;N3低频;原词性:ナ形・名;音调:⓪"
"合計","ごうけい","总计","名词/サ变动词","合計でいくらですか","一共多少钱？","N3","eggrolls;N3中频;原词性:名・他動3;音调:⓪"
"合図","あいず","信号；暗号","名词/サ变动词","合図の旗","信号旗","N3","eggrolls;N3中频;原词性:名・自他動3;音调:①"
"国立","こくりつ","国立","名词","国立の大学","国立大学","N3","eggrolls;N3低频;原词性:名;音调:⓪"
"骨","ほね","骨；骨架；骨气","名词","転んで足の骨を折った","摔了一跤把腿摔断了","N3","eggrolls;N3低频;原词性:名;音调:②"
"骨折","こっせつ","骨折","名词/サ变动词","骨折して歩けない","骨折了，不能走路","N3","eggrolls;N3低频;原词性:名・自他動3;音调:⓪"
"根","ね","根；起源；性质","名词","根から抜く","连根拔","N3","eggrolls;N3中频;原词性:名;音调:①"
"左右","さゆう","左右；周围；支配","名词/サ变动词","左右を見てから横断歩道を渡りなさい","过马路前请先左右看看","N3","eggrolls;N3中频;原词性:名・他動3;音调:①"
"最終","さいしゅう","最后，最末尾","名词","最終駅","终点站","N3","eggrolls;N3高频;原词性:名;音调:⓪"
"最低","さいてい","最低；最坏","名词/な形容词","一日の最低気温","一天中的最低气温","N3","eggrolls;N3低频;原词性:名・ナ形;音调:⓪"
"細長い","ほそながい","细长的","い形容词","細長い指","细长的手指","N3","eggrolls;N3低频;原词性:イ形;音调:④⓪"
"載せる","のせる","放上；刊载","动词/他动词/一段动词","ご飯の上に天ぷらを載せる","在饭上摆上天妇罗","N3","eggrolls;N3低频;原词性:他動2;音调:⓪"
"載る","のる","放在……上；登载","动词/自动词/五段动词","棚に荷物が載っている","架子上放着行李","N3","eggrolls;N3低频;原词性:自動1;音调:⓪"
"削る","けずる","削；削减","动词/他动词/五段动词","ナイフで鉛筆を削る","用小刀削铅笔","N3","eggrolls;N3中频;原词性:他動1;音调:⓪"
"昨日","さくじつ","（书面语）昨日，昨天","名词","昨日","昨天","N3","eggrolls;N3低频;原词性:名;音调:②"
"雑巾","ぞうきん","抹布","名词","雑巾で拭く","用抹布擦","N3","eggrolls;N3中频;原词性:名;音调:⓪"
"参考","さんこう","参考，参照","名词","参考にする","作为参考","N3","eggrolls;N3中频;原词性:名;音调:⓪"
"算数","さんすう","算术；计算","名词","算数が得意だ","擅长算术","N3","eggrolls;N3低频;原词性:名;音调:③"
"使用","しよう","使用，用","名词/サ变动词","この製品を使用する前に、説明書をお読みください","使用本产品前，请先阅读说明书","N3","eggrolls;N3高频;原词性:名・他動3;音调:⓪"
"司会","しかい","主持，主持人","名词/サ变动词","司会者","主持人","N3","eggrolls;N3中频;原词性:名・自他動3;音调:⓪"
"始発","しはつ","起点，始发；头班车","名词","始発駅","起点站","N3","eggrolls;N3低频;原词性:名;音调:⓪"
"市場","いちば","（具体）集市，市场","名词","青物市場","菜市场","N3","eggrolls;N3中频;原词性:名;音调:①"
"市場","しじょう","（抽象）市场；交易所","名词","株式市場","股票市场；股票交易所","N3","eggrolls;N3中频;原词性:名;音调:⓪"
"市内","しない","市内","名词","市内に住む","住在市内","N3","eggrolls;N3中频;原词性:名;音调:①"
"指示","しじ","指示，命令","名词/サ变动词","指示を受ける","收到指示","N3","eggrolls;N3低频;原词性:名・他動3;音调:①"
"指定","してい","指定","名词/サ变动词","指定の場所","指定地点","N3","eggrolls;N3高频;原词性:名・他動3;音调:⓪"
"指導","しどう","指导","名词/サ变动词","今後ともよろしくご指導をお願いいたします","今后也请您多加指教","N3","eggrolls;N3高频;原词性:名・他動3;音调:⓪"
"支店","してん","分店，分公司","名词","海外支店","海外分公司","N3","eggrolls;N3高频;原词性:名;音调:⓪"
"支払う","しはらう","支付","动词/他动词/五段动词","給料を支払う","支付工资","N3","eggrolls;N3高频;原词性:他動1;音调:③"
"氏名","しめい","姓名","名词","住所氏名を書く","填写住址姓名","N3","eggrolls;N3低频;原词性:名;音调:①"
"資源","しげん","资源","名词","資源を開発する","开发资源","N3","eggrolls;N3高频;原词性:名;音调:①"
"飼う","かう","饲养","动词/他动词/五段动词","金魚を飼う","养金鱼","N3","eggrolls;N3高频;原词性:他動1;音调:①"
"歯磨き","はみがき","刷牙；牙膏","名词/サ变动词","歯磨きする子は丈夫な子","刷牙的孩子才是健康的孩子","N3","eggrolls;N3中频;原词性:名・自動3;音调:②"
"事情","じじょう","情况，缘故","名词","事情を詳しく説明する","详细说明情况","N3","eggrolls;N3中频;原词性:名;音调:⓪"
"事務","じむ","事务，办公","名词","事務に精通している","精通事务工作","N3","eggrolls;N3高频;原词性:名;音调:①"
"持ち帰る","もちかえる","带回（东西）","动词/他动词/五段动词","この本は中国から持ち帰ったものです","这本书是从中国带回来的","N3","eggrolls;N3高频;原词性:他動1;音调:③⓪"
"時期","じき","时期，期间","名词","入学試験の時期","入学考试的时期","N3","eggrolls;N3高频;原词性:名;音调:①"
"時刻","じこく","时刻；时间","名词","時刻表","时刻表","N3","eggrolls;N3低频;原词性:名;音调:①"
"次々","つぎつぎ","连续不断，相继","副词","次々と作品を発表する","陆续发表作品","N3","eggrolls;N3中频;原词性:副;音调:②"
"示す","しめす","出示，给对方看；表示；指示","动词/他动词/五段动词","実物を示す","拿出实物给（对方）看","N3","eggrolls;N3中频;原词性:他動1;音调:②⓪"
"実","み","果实；内容","名词","このブドウはよく実がなる","这种葡萄结得多","N3","eggrolls;N3低频;原词性:名;音调:⓪"
"実に","じつに","实在，的确","副词","実に美しい","实在是漂亮","N3","eggrolls;N3中频;原词性:副;音调:②"
"実験","じっけん","实验","名词/サ变动词","うまくいくかどうか実験してみる","做个实验看看是否可行","N3","eggrolls;N3高频;原词性:名・他動3;音调:⓪"
"実行","じっこう","实行","名词/サ变动词","計画を実行する","实行计划","N3","eggrolls;N3中频;原词性:名・他動3;音调:⓪"
"実習","じっしゅう","实习","名词/サ变动词","工場へ実習に行く","去工厂实习","N3","eggrolls;N3低频;原词性:名・他動3;音调:⓪"
"実用","じつよう","实用","名词","実用とスタイルを兼ねている","既实用又美观","N3","eggrolls;N3低频;原词性:名;音调:⓪"
"実力","じつりょく","实力","名词","実力を持っている","具有实力","N3","eggrolls;N3中频;原词性:名;音调:⓪"
"芝生","しばふ","草坪","名词","芝生に入るべからず","请勿进入草坪","N3","eggrolls;N3低频;原词性:名;音调:⓪"
"煮る","にる","煮，炖","动词/他动词/一段动词","大根を煮る","煮萝卜","N3","eggrolls;N3中频;原词性:他動2;音调:⓪"
"車内","しゃない","车内","名词","車内放送","车内广播","N3","eggrolls;N3低频;原词性:名;音调:①"
"主張","しゅちょう","主张，论点","名词/サ变动词","自分の主張を通す","坚持自己的主张","N3","eggrolls;N3低频;原词性:名・他動3;音调:⓪"
"主要","しゅよう","主要","な形容词","主要メンバー","主要成员","N3","eggrolls;N3中频;原词性:ナ形;音调:⓪"
"取り出す","とりだす","拿出；（从众多事物中）选出","动词/他动词/五段动词","かばんから書類を取り出す","从包中拿出文件","N3","eggrolls;N3中频;原词性:他動1;音调:③⓪"
"取り消す","とりけす","取消；吊销","动词/他动词/五段动词","注文を取り消す","取消订货","N3","eggrolls;N3中频;原词性:他動1;音调:⓪③"
"取り替える","とりかえる","更换；互换","动词/他动词/一段动词","電池を取り替える","更换电池","N3","eggrolls;N3中频;原词性:他動2;音调:⓪"
"手術","しゅじゅつ","手术","名词/サ变动词","胃の手術をする","做胃的手术","N3","eggrolls;N3中频;原词性:名・他動3;音调:①"
"手段","しゅだん","手段","名词","手段を選ばない","不择手段","N3","eggrolls;N3中频;原词性:名;音调:①"
"首相","しゅしょう","首相","名词","首相としてリーダーシップを発揮する","作为首相发挥领导能力","N3","eggrolls;N3低频;原词性:名;音调:⓪"
"首都","しゅと","首都","名词","日本の首都は東京である","日本的首都是东京","N3","eggrolls;N3低频;原词性:名;音调:①②"
"受験","じゅけん","报考","名词/サ变动词","大学を受験する","报考大学","N3","eggrolls;N3中频;原词性:名・自他動3;音调:⓪"
"就職","しゅうしょく","就职，找到工作","名词/サ变动词","就職活動","找工作的一系列活动","N3","eggrolls;N3高频;原词性:名・自動3;音调:⓪"
"終了","しゅうりょう","结束","名词/サ变动词","試合が終了する","比赛结束","N3","eggrolls;N3低频;原词性:名・自他動3;音调:⓪"
"集中","しゅうちゅう","集中","名词/サ变动词","人口が都会に集中する","人口集中在城市","N3","eggrolls;N3高频;原词性:名・自他動3;音调:⓪"
"従う","したがう","跟随；听从；依照；（「…に従って」）随着……","动词/自动词/五段动词","兄に従って魚釣りに行く","跟着哥哥去钓鱼","N3","eggrolls;N3高频;原词性:自動1;音调:⓪③"
"重なる","かさなる","重叠；赶在一起","动词/自动词/五段动词","落ち葉が重なる","落叶重重","N3","eggrolls;N3中频;原词性:自動1;音调:⓪"
"重ねる","かさねる","重叠地堆放；反复","动词/他动词/一段动词","本を重ねる","把书叠放在一起","N3","eggrolls;N3高频;原词性:他動2;音调:⓪"
"重大","じゅうだい","重大，重要，严重","な形容词","重大な責任","重大的责任","N3","eggrolls;N3中频;原词性:ナ形;音调:⓪"
"祝い","いわい","祝贺，祝福，祝愿","名词","祝いの言葉を述べる","致贺词；致祝辞","N3","eggrolls;N3中频;原词性:名;音调:⓪"
"塾","じゅく","补习班","名词","進学塾","升学补习班","N3","eggrolls;N3低频;原词性:名;音调:①"
"出勤","しゅっきん","出勤，上班","名词/サ变动词","地下鉄で出勤する","坐地铁上班","N3","eggrolls;N3高频;原词性:名・自動3;音调:⓪"
"出身","しゅっしん","籍贯；出身；毕业","名词","ご出身はどちらですか","您是哪里人？","N3","eggrolls;N3中频;原词性:名;音调:⓪"
"順番","じゅんばん","顺序，依次，轮流","名词","順番に答える","依次回答","N3","eggrolls;N3高频;原词性:名;音调:⓪"
"初級","しょきゅう","初级","名词","これは初級の教科書です","这是初级教科书","N3","eggrolls;N3低频;原词性:名;音调:⓪"
"女子","じょし","女孩子；女子","名词","女子高生","女高中生","N3","eggrolls;N3低频;原词性:名;音调:①"
"商業","しょうぎょう","商业","名词","商業の中心地","商业中心","N3","eggrolls;N3中频;原词性:名;音调:①"
"商店","しょうてん","商店","名词","駅前はにぎやかな商店街になっている","车站前是热闹的商店街","N3","eggrolls;N3低频;原词性:名;音调:①"
"商品","しょうひん","商品","名词","商品を注文する","订货","N3","eggrolls;N3高频;原词性:名;音调:①"
"奨学金","しょうがくきん","奖学金；助学贷款","名词","奨学金を申し込む","申请奖学金","N3","eggrolls;N3高频;原词性:名;音调:⓪"
"小型","こがた","小型","名词/な形容词","小型自動車","小型汽车","N3","eggrolls;N3低频;原词性:名・ナ形;音调:⓪"
"小遣い","こづかい","零钱，零用钱","名词","子どもにお小遣いをやる","给孩子零用钱","N3","eggrolls;N3中频;原词性:名;音调:①"
"小指","こゆび","小拇指","名词","親指・人差し指・中指・薬指","拇指・食指・中指・无名指","N3","eggrolls;N3低频;原词性:名;音调:⓪"
"小麦","こむぎ","小麦","名词","小麦を作る","种小麦","N3","eggrolls;N3低频;原词性:名;音调:⓪②"
"少しも","すこしも","一点也（不）……","副词","少しも痛くない","一点也不疼","N3","eggrolls;N3中频;原词性:副;音调:②⓪"
"招待","しょうたい","招待，邀请","名词/サ变动词","パーティーに招待する","邀请参加派对","N3","eggrolls;N3中频;原词性:名・他動3;音调:①"
"消極的","しょうきょくてき","消极的","な形容词","消極的な態度","消极的态度","N3","eggrolls;N3低频;原词性:ナ形;音调:⓪"
"消費","しょうひ","消费；花费","名词/サ变动词","この車はガソリンの消費量が少ない","这辆车耗油量低","N3","eggrolls;N3高频;原词性:名・他動3;音调:⓪"
"証明","しょうめい","证明；证据","名词/サ变动词","無罪を証明する","证明无罪","N3","eggrolls;N3中频;原词性:名・他動3;音调:⓪"
"上級","じょうきゅう","上级；高年级","名词","上級生","高年级生","N3","eggrolls;N3低频;原词性:名;音调:⓪"
"乗せる","のせる","载，乘；诱骗","动词/他动词/一段动词","子どもを自転車に乗せる","把孩子驮在自行车上","N3","eggrolls;N3高频;原词性:他動2;音调:⓪"
"乗車","じょうしゃ","乘车","名词/サ变动词","2列に並んで順序よくご乗車ください","请排成两队按顺序上车","N3","eggrolls;N3低频;原词性:名・自動3;音调:⓪"
"常に","つねに","时常，经常","副词","常にあること","常有的事","N3","eggrolls;N3中频;原词性:副;音调:①"
"畳む","たたむ","叠；合上；关闭；藏在心里","动词/他动词/五段动词","布団を畳む","叠被褥","N3","eggrolls;N3中频;原词性:他動1;音调:⓪"
"飾り","かざり","装饰","名词","帽子に飾りを付ける","在帽子上装上装饰品","N3","eggrolls;N3中频;原词性:名;音调:⓪"
"拭く","ふく","擦，抹","动词/他动词/五段动词","雑巾で机を拭く","用抹布擦桌子","N3","eggrolls;N3高频;原词性:他動1;音调:⓪"
"触れる","ふれる","碰触；涉及","动词/自他动词/一段动词","手で軽く触れる","用手轻轻摸一下","N3","eggrolls;N3中频;原词性:自他動2;音调:⓪"
"食器","しょっき","餐具","名词","洋食器","西式餐具","N3","eggrolls;N3中频;原词性:名;音调:⓪"
"食品","しょくひん","食品","名词","冷凍食品","冷冻食品","N3","eggrolls;N3低频;原词性:名;音调:⓪"
"食欲","しょくよく","食欲","名词","食欲不振","食欲不振","N3","eggrolls;N3中频;原词性:名;音调:⓪②"
"伸ばす","のばす","伸长；发挥","动词/他动词/五段动词","アイロンでしわを伸ばす","用熨斗烫平褶皱","N3","eggrolls;N3高频;原词性:他動1;音调:②"
"伸びる","のびる","伸长；发展；（能力）增强","动词/自动词/一段动词","背が伸びる","个子长高","N3","eggrolls;N3低频;原词性:自動2;音调:②"
"心臓","しんぞう","心脏","名词","祖母は心臓が悪いんだ","祖母的心脏不好","N3","eggrolls;N3低频;原词性:名;音调:⓪"
"振る","ふる","挥；撒","动词/他动词/五段动词","手を振る","挥手","N3","eggrolls;N3中频;原词性:他動1;音调:⓪"
"森林","しんりん","森林","名词","森林公園","森林公园","N3","eggrolls;N3低频;原词性:名;音调:⓪"
"申し込む","もうしこむ","申请；提议","动词/他动词/五段动词","工場見学を申し込む","报名参观工厂","N3","eggrolls;N3高频;原词性:他動1;音调:④⓪"
"申し訳ない","もうしわけない","十分抱歉","い形容词","約束をやぶって申し訳ない","很抱歉违背了约定","N3","eggrolls;N3中频;原词性:イ形;音调:⑥"
"親指","おやゆび","大拇指","名词","人差し指・中指・薬指・小指","食指・中指・无名指・小指","N3","eggrolls;N3低频;原词性:名;音调:⓪"
"親友","しんゆう","亲密的朋友","名词","ぼくと彼とは親友の間柄だ","我和他是挚友","N3","eggrolls;N3低频;原词性:名;音调:⓪"
"診察","しんさつ","看病，检查","名词/サ变动词","大きな病院で診察してもらうほうがいいよ","最好到大医院去检查检查","N3","eggrolls;N3中频;原词性:名・他動3;音调:⓪"
"身長","しんちょう","身高","名词","身長が伸びる","个子长高","N3","eggrolls;N3中频;原词性:名;音调:⓪"
"進学","しんがく","升学","名词/サ变动词","高校に進学する","升入高中","N3","eggrolls;N3中频;原词性:名・自動3;音调:⓪"
"進歩","しんぽ","进步","名词/サ变动词","科学の進歩はめざましい","科技的进步日新月异","N3","eggrolls;N3中频;原词性:名・自動3;音调:①"
"針","はり","针；刺；指针","名词","針に糸を通す","穿针","N3","eggrolls;N3低频;原词性:名;音调:①"
"人生","じんせい","一生；人生","名词","輝かしい人生","辉煌的一生","N3","eggrolls;N3中频;原词性:名;音调:①"
"酢","す","醋","名词","酢でもむ","醋拌","N3","eggrolls;N3低频;原词性:名;音调:①"
"図","ず","图表；地图","名词","実物大の図","与实物一般大的图","N3","eggrolls;N3中频;原词性:名;音调:⓪"
"性別","せいべつ","性别","名词","性別に関係なく","不拘性别","N3","eggrolls;N3中频;原词性:名;音调:⓪"
"成績","せいせき","成绩，成果","名词","数学の成績が下がった","数学的成绩下降了","N3","eggrolls;N3高频;原词性:名;音调:⓪"
"正面","しょうめん","正面，前方；直接，面对面","名词","まっすぐ正面を見てください","请看正前方","N3","eggrolls;N3低频;原词性:名;音调:③"
"生","なま","生；直接","名词","野菜を生で食べる","生吃蔬菜","N3","eggrolls;N3低频;原词性:名;音调:①"
"生き物","いきもの","生物，动物；有生命力的东西","名词","生き物をかわいがる","爱护动物","N3","eggrolls;N3中频;原词性:名;音调:③②"
"生け花","いけばな","插花；（用艺术手法）插的花","名词","生け花を習う","学习插花","N3","eggrolls;N3低频;原词性:名;音调:②"
"生まれ","うまれ","出生；出生地；出身","名词","昭和生まれ","昭和年代出生","N3","eggrolls;N3高频;原词性:名;音调:⓪"
"生年月日","せいねんがっぴ","出生年月日","名词","あなたの生年月日を教えてください","请告诉我你的出生日期","N3","eggrolls;N3低频;原词性:名;音调:⑤"
"生物","せいぶつ","生物","名词","多種多様な生物が存在する","存在着多种多样的生物","N3","eggrolls;N3低频;原词性:名;音调:①"
"製品","せいひん","制品，产品","名词","製品を輸出する","出口产品","N3","eggrolls;N3高频;原词性:名;音调:⓪"
"税金","ぜいきん","税款，税金","名词","税金を納める","纳税","N3","eggrolls;N3低频;原词性:名;音调:⓪"
"惜しい","おしい","可惜；珍惜；惋惜","い形容词","この時計は捨てるには惜しい","这只表丢掉太可惜了","N3","eggrolls;N3中频;原词性:イ形;音调:②"
"石油","せきゆ","石油","名词","石油が噴き出す","石油喷涌而出","N3","eggrolls;N3中频;原词性:名;音调:⓪"
"先日","せんじつ","前几天，前些日子","名词","先日の件はどうなりましたか","前几天那件事怎么样了？","N3","eggrolls;N3高频;原词性:名;音调:⓪"
"宣伝","せんでん","宣传","名词/サ变动词","新製品を宣伝する","宣传新产品","N3","eggrolls;N3高频;原词性:名・他動3;音调:⓪"
"洗剤","せんざい","洗涤剂，洗衣剂","名词","この洗剤は泡立ちがよい","这个洗涤剂很容易起泡","N3","eggrolls;N3中频;原词性:名;音调:⓪"
"羨ましい","うらやましい","令人羡慕的","い形容词","羨ましいとは思わない","不感到羡慕","N3","eggrolls;N3中频;原词性:イ形;音调:⑤"
"選択","せんたく","选择，挑选","名词/サ变动词","材料を選択する","选择材料","N3","eggrolls;N3高频;原词性:名・他動3;音调:⓪"
"前後","ぜんご","前后；前后颠倒；相继","名词/サ变动词","20歳前後","二十岁左右","N3","eggrolls;N3低频;原词性:名・自動3;音调:①"
"素敵","すてき","极好，绝妙","な形容词","素敵な女性","优秀的女性","N3","eggrolls;N3高频;原词性:ナ形;音调:⓪"
"組み立てる","くみたてる","组织；装配；安装","动词/他动词/一段动词","ガンプラを組み立てています","正在组装高达模型","N3","eggrolls;N3中频;原词性:他動2;音调:④⓪"
"倉庫","そうこ","仓库","名词","倉庫に入れる","放入仓库","N3","eggrolls;N3中频;原词性:名;音调:①"
"想像","そうぞう","想象","名词/サ变动词","想像がつかない","无法想象","N3","eggrolls;N3中频;原词性:名・他動3;音调:⓪"
"掃く","はく","扫","动词/他动词/五段动词","箒で庭を掃く","用扫帚打扫院子","N3","eggrolls;N3低频;原词性:他動1;音调:①"
"増やす","ふやす","增加，增长","动词/他动词/五段动词","資本を増やす","增加资本","N3","eggrolls;N3高频;原词性:他動1;音调:②"
"増加","ぞうか","增加，增多","名词/サ变动词","売り上げが増加した","销售额增加了","N3","eggrolls;N3中频;原词性:名・自他動3;音调:⓪"
"憎らしい","にくらしい","可恶的，可憎的；（反语）优秀到令人感到可恨的地步","い形容词","ほんとに憎らしいやつだ","真是个讨厌的家伙","N3","eggrolls;N3中频;原词性:イ形;音调:④"
"速度","そくど","速度","名词","速度を落とす","降低速度","N3","eggrolls;N3低频;原词性:名;音调:①"
"袖","そで","袖子，衣袖","名词","半袖のブラウス","短袖女衬衫","N3","eggrolls;N3低频;原词性:名;音调:⓪"
"尊敬","そんけい","尊敬，敬仰","名词/サ变动词","私の尊敬する人物","我尊敬的人","N3","eggrolls;N3中频;原词性:名・他動3;音调:⓪"
"多少","たしょう","多少；稍微","名词/副词","多少にかかわらずご注文ください","无论量多量少，均请订购","N3","eggrolls;N3高频;原词性:名・副;音调:⓪"
"体重","たいじゅう","体重","名词","体重が増える","体重增加","N3","eggrolls;N3中频;原词性:名;音调:⓪"
"対する","たいする","面对；对待；比较；关于","サ变动词","黒板に対して立つ","面对黑板站立","N3","eggrolls;N3高频;原词性:自動3;音调:③"
"待ち合わせる","まちあわせる","等候，碰头，会面，约定","动词/他动词/一段动词","公園で待ち合わせる","在公园碰头","N3","eggrolls;N3中频;原词性:他動2;音调:⑤⓪"
"滞在","たいざい","逗留，旅居","名词/サ变动词","日本に滞在している","旅居日本","N3","eggrolls;N3中频;原词性:名・自動3;音调:⓪"
"代金","だいきん","货款，款","名词","代金を受け取る","收取款项","N3","eggrolls;N3高频;原词性:名;音调:①"
"代表","だいひょう","代表","名词/サ变动词","私は会社の代表として来ました","我是作为公司的代表来的","N3","eggrolls;N3中频;原词性:名・他動3;音调:⓪"
"大会","たいかい","大会，大赛","名词","陸上競技大会","田径运动会","N3","eggrolls;N3高频;原词性:名;音调:⓪"
"大小","だいしょう","大与小","名词","大小の差がある","有大小之别","N3","eggrolls;N3中频;原词性:名;音调:①"
"単位","たんい","（计算中使用的）单位；学分","名词","長さの単位","长度单位","N3","eggrolls;N3低频;原词性:名;音调:①"
"単語","たんご","单词","名词","重要単語","重要单词","N3","eggrolls;N3低频;原词性:名;音调:⓪"
"男子","だんし","男孩子；男子","名词","男子を産む","生男孩","N3","eggrolls;N3低频;原词性:名;音调:①"
"知識","ちしき","知识","名词","深くて広い知識","渊博的知识","N3","eggrolls;N3中频;原词性:名;音调:①"
"地味","じみ","素净；质朴","名词/な形容词","地味な色","素净的颜色","N3","eggrolls;N3低频;原词性:名・ナ形;音调:②"
"着替え","きがえ","换衣服；换的衣服","名词/サ变动词","急いで着替えをする","急急忙忙换衣服","N3","eggrolls;N3中频;原词性:名・自動3;音调:⓪"
"中身","なかみ","容纳的东西，内容","名词","中身を空にする","把里面的东西倒空","N3","eggrolls;N3中频;原词性:名;音调:②"
"仲","なか","关系，交情","名词","二人は仲がいい","他们俩感情很好","N3","eggrolls;N3中频;原词性:名;音调:①"
"注ぐ","そそぐ","流入；倒入；灌注，倾注","动词/自他动词/五段动词","川が湾に注ぐ","河流注入海湾","N3","eggrolls;N3低频;原词性:自他動1;音调:⓪②"
"注文","ちゅうもん","订购；要求","名词/サ变动词","料理を注文する","点菜","N3","eggrolls;N3高频;原词性:名・他動3;音调:⓪"
"眺める","ながめる","眺望；盯着看","动词/他动词/一段动词","車窓から眺める","从车窗眺望","N3","eggrolls;N3中频;原词性:他動2;音调:③"
"調査","ちょうさ","调查","名词/サ变动词","原因を調査する","调查原因","N3","eggrolls;N3高频;原词性:名・他動3;音调:①"
"沈む","しずむ","下沉；郁闷","动词/自动词/五段动词","沈んだ気持ち","郁闷的心情","N3","eggrolls;N3中频;原词性:自動1;音调:⓪"
"追う","おう","追赶，追求；赶走","动词/他动词/五段动词","ネコがネズミを追っている","猫在追老鼠","N3","eggrolls;N3低频;原词性:他動1;音调:⓪"
"痛む","いたむ","疼痛；痛苦","动词/自动词/五段动词","歯が痛む","牙痛","N3","eggrolls;N3低频;原词性:自動1;音调:②"
"通学","つうがく","上下学","名词/サ变动词","電車で通学する","坐电车上下学","N3","eggrolls;N3中频;原词性:名・自動3;音调:⓪"
"通勤","つうきん","通勤，上下班","名词/サ变动词","毎日バスで通勤する","每天坐公交车上下班","N3","eggrolls;N3高频;原词性:名・自動3;音调:⓪"
"通行","つうこう","通行","名词/サ变动词","右側を通行してください","请靠右通行","N3","eggrolls;N3低频;原词性:名・自動3;音调:⓪"
"通知","つうち","通知，告知","名词/サ变动词","合格通知","合格通知","N3","eggrolls;N3中频;原词性:名・他動3;音调:⓪"
"通訳","つうやく","口译","名词/サ变动词","フランス語の通訳をする","口译法语","N3","eggrolls;N3中频;原词性:名・他動3;音调:①"
"釣り","つり","钓鱼；零钱","名词","釣りが上手だ","很会钓鱼","N3","eggrolls;N3中频;原词性:名;音调:⓪"
"停電","ていでん","停电","名词/サ变动词","停電の知らせ","停电通知","N3","eggrolls;N3低频;原词性:名・自動3;音调:⓪"
"定員","ていいん","定员，规定的人数","名词","定員を超過する","超员","N3","eggrolls;N3低频;原词性:名;音调:⓪"
"定期券","ていきけん","月票，定期车票","名词","この定期券は期限切れだ","这张月票已过期","N3","eggrolls;N3低频;原词性:名;音调:③"
"程度","ていど","程度；（数量）……左右","名词","この程度の傷ならすぐ治る","这种程度的伤马上就好","N3","eggrolls;N3中频;原词性:名;音调:①⓪"
"締める","しめる","系紧，勒紧；节约","动词/他动词/一段动词","ネクタイを締める","系好领带","N3","eggrolls;N3高频;原词性:他動2;音调:②"
"締め切り","しめきり","截止日期","名词","締め切りに間に合う","赶上截止日期","N3","eggrolls;N3中频;原词性:名;音调:⓪"
"諦める","あきらめる","放弃，死心","动词/他动词/一段动词","進学を諦める","放弃升学","N3","eggrolls;N3高频;原词性:他動2;音调:④"
"敵","てき","敌人；对手","名词","敵と戦う","与敌人战斗","N3","eggrolls;N3低频;原词性:名;音调:⓪"
"適当","てきとう","适当，酌情；随便，敷衍","名词/な形容词","適当な湿度","适宜的湿度","N3","eggrolls;N3中频;原词性:名・ナ形;音调:⓪"
"鉄","てつ","铁；钢铁般的，坚强的","名词","このドアは鉄でできている","这个门是金属做的","N3","eggrolls;N3低频;原词性:名;音调:⓪"
"鉄道","てつどう","铁路，铁道","名词","事故のため鉄道は不通になっている","由于事故，铁路暂停运行","N3","eggrolls;N3中频;原词性:名;音调:⓪"
"点く","つく","点着；（灯）开着","动词/自动词/五段动词","火がつく","火点着","N3","eggrolls;N3低频;原词性:自動1;音调:①②"
"点数","てんすう","分数；（表示物品的）件数","名词","試験でいい点数を取る","在考试中取得好分数","N3","eggrolls;N3中频;原词性:名;音调:③"
"電卓","でんたく","电子计算器","名词","小型電卓","小型计算器","N3","eggrolls;N3低频;原词性:名;音调:⓪"
"電池","でんち","电池","名词","電池を取り替える","换电池","N3","eggrolls;N3低频;原词性:名;音调:①"
"吐く","はく","吐；呕吐；冒出；吐露","动词/他动词/五段动词","つばを吐く","吐口水","N3","eggrolls;N3中频;原词性:他動1;音调:①"
"登山","とざん","爬山","名词/サ变动词","富士登山をする","攀登富士山","N3","eggrolls;N3中频;原词性:名・自動3;音调:⓪①"
"登場","とうじょう","登场；出现","名词/サ变动词","ここで主役の登場","主角登场","N3","eggrolls;N3中频;原词性:名・自動3;音调:⓪"
"怒鳴る","どなる","大声喊叫；大声训斥","动词/自他动词/五段动词","『全員集合！』と大きな声で怒鳴る","大声喊“全员集合！”","N3","eggrolls;N3中频;原词性:自他動1;音调:②"
"凍る","こおる","结冰","动词/自动词/五段动词","川が凍る","河流结冰","N3","eggrolls;N3中频;原词性:自動1;音调:⓪"
"当日","とうじつ","当日，当天","名词","当日限り有効の切符","当天有效的门票","N3","eggrolls;N3高频;原词性:名;音调:⓪"
"頭痛","ずつう","头痛；烦恼","名词","少し頭痛がする","有些头痛","N3","eggrolls;N3低频;原词性:名;音调:⓪"
"動作","どうさ","动作","名词/サ变动词","動作が鈍い","动作迟钝","N3","eggrolls;N3低频;原词性:名・自動3;音调:①"
"同時","どうじ","同时","名词","同時通訳","同声传译","N3","eggrolls;N3低频;原词性:名;音调:⓪"
"憧れる","あこがれる","憧憬，向往","动词/自动词/一段动词","都会の生活に憧れる","憧憬都市生活","N3","eggrolls;N3中频;原词性:自動2;音调:⓪"
"道路","どうろ","道路","名词","高速道路","高速公路","N3","eggrolls;N3高频;原词性:名;音调:①"
"得る","える","得到；能够","动词/他动词/一段动词","信頼を得る","受到信任","N3","eggrolls;N3中频;原词性:他動2;音调:①"
"特徴","とくちょう","特征，特色","名词","特徴のある声","独特的嗓音","N3","eggrolls;N3高频;原词性:名;音调:⓪"
"毒","どく","毒","名词","このキノコは毒がある","这个蘑菇有毒","N3","eggrolls;N3低频;原词性:名;音调:②"
"突然","とつぜん","突然","副词","彼は突然やってきた","他突然出现了","N3","eggrolls;N3高频;原词性:副;音调:⓪"
"日帰り","ひがえり","当天往返","名词","日帰りの旅行","当天就回来的旅行","N3","eggrolls;N3低频;原词性:名;音调:④⓪"
"日常","にちじょう","日常，平时","名词","日本語の日常会話を習う","学习日语日常对话","N3","eggrolls;N3高频;原词性:名;音调:⓪"
"日程","にってい","日程","名词","旅行の日程を組む","安排旅行日程","N3","eggrolls;N3高频;原词性:名;音调:⓪"
"入力","にゅうりょく","输入","名词/サ变动词","パソコンにデータを入力する","将数据输入电脑","N3","eggrolls;N3中频;原词性:名・他動3;音调:⓪"
"年寄り","としより","老人，上年纪的人","名词","お年寄りを気遣う","关怀长者","N3","eggrolls;N3高频;原词性:名;音调:③④"
"年齢","ねんれい","年龄","名词","年齢を問わず","不分年龄","N3","eggrolls;N3中频;原词性:名;音调:⓪"
"悩む","なやむ","烦恼，苦恼；（因疾病）感到痛苦","动词/自动词/五段动词","将来について悩む","为未来担忧","N3","eggrolls;N3高频;原词性:自動1;音调:②"
"納得","なっとく","理解，同意","名词/サ变动词","相手が納得するまで説明する","解释到对方完全理解为止","N3","eggrolls;N3高频;原词性:名・他動3;音调:⓪"
"農業","のうぎょう","农业","名词","農業の機械化","农业机械化","N3","eggrolls;N3中频;原词性:名;音调:①"
"波","なみ","波浪；潮流；起伏","名词","波が立つ","起浪","N3","eggrolls;N3低频;原词性:名;音调:②"
"派手","はで","华丽，花哨；阔绰，浮夸","名词/な形容词","派手なドレス","华丽的礼裙","N3","eggrolls;N3中频;原词性:名・ナ形;音调:②"
"破る","やぶる","撕裂，弄破；损坏；违规；破（纪录）","动词/他动词/五段动词","障子を破る","把纸拉窗弄破","N3","eggrolls;N3中频;原词性:他動1;音调:②"
"破れる","やぶれる","撕破；打破；决裂","动词/自动词/一段动词","服が破れる","衣服破了","N3","eggrolls;N3中频;原词性:自動2;音调:③"
"梅","うめ","梅树；梅子","名词","梅の花","梅花","N3","eggrolls;N3低频;原词性:名;音调:⓪"
"売り切れる","うりきれる","全部售完","动词/自动词/一段动词","あっという間に売り切れた","瞬间售罄","N3","eggrolls;N3中频;原词性:自動2;音调:④"
"剝く","むく","剥","动词/他动词/五段动词","栗の皮をむく","剥栗子皮","N3","eggrolls;N3中频;原词性:他動1;音调:⓪"
"泊める","とめる","留人住下；让船进港","动词/他动词/一段动词","あのホテルは1000人の客を泊められる","那家饭店可以住一千名客人","N3","eggrolls;N3中频;原词性:他動2;音调:⓪"
"畑","はたけ","田地；专业的领域","名词","畑にムギを作る","在田里种麦子","N3","eggrolls;N3高频;原词性:名;音调:⓪"
"発売","はつばい","卖，发售","名词/サ变动词","来月発売の予定だ","预定下个月发售","N3","eggrolls;N3中频;原词性:名・他動3;音调:⓪"
"発表","はっぴょう","发表，公布","名词/サ变动词","試験の結果を発表する","公布考试结果","N3","eggrolls;N3高频;原词性:名・他動3;音调:⓪"
"抜ける","ぬける","漏掉；脱落","动词/自动词/一段动词","2ページが抜けている","缺了两页","N3","eggrolls;N3低频;原词性:自動2;音调:⓪"
"比較","ひかく","比较","名词/サ变动词","大きさを比較する","比较大小","N3","eggrolls;N3中频;原词性:名・他動3;音调:⓪"
"飛び出す","とびだす","飞出，跑出；突然出现；鼓出，突出","动词/自动词/五段动词","子どもが露地から飛び出す","小孩从巷子里突然跑出来","N3","eggrolls;N3低频;原词性:自動1;音调:③"
"美容","びよう","美容","名词","美容院","美容院；美发厅","N3","eggrolls;N3中频;原词性:名;音调:⓪"
"膝","ひざ","膝盖","名词","子どもを膝にのせる","把孩子放在腿上","N3","eggrolls;N3低频;原词性:名;音调:⓪"
"必ずしも","かならずしも","（后接否定）未必","副词","お金持ちが必ずしも幸せではない","有钱人不一定幸福","N3","eggrolls;N3中频;原词性:副;音调:④⑤"
"筆者","ひっしゃ","笔者，作者","名词","この文の筆者は明らかでない","此文作者不详","N3","eggrolls;N3低频;原词性:名;音调:①"
"紐","ひも","带子，细绳","名词","紐をほどく","解开绳子","N3","eggrolls;N3中频;原词性:名;音调:⓪"
"氷","こおり","冰","名词","池の氷がとける","池塘的冰融化","N3","eggrolls;N3低频;原词性:名;音调:⓪"
"表","ひょう","表格；……表","名词/造语成分","表を作る","制表","N3","eggrolls;N3高频;原词性:名・造;音调:⓪"
"表現","ひょうげん","表现，表达","名词/サ变动词","言葉では表現できない","无法用言语表达","N3","eggrolls;N3低频;原词性:名・他動3;音调:③"
"表面","ひょうめん","表面；外表","名词","表面を滑らかにする","将表面弄光滑","N3","eggrolls;N3中频;原词性:名;音调:③"
"描く","えがく","画；描写；想象","动词/他动词/五段动词","海の風景を描く","描绘海景","N3","eggrolls;N3高频;原词性:他動1;音调:②"
"描く","かく","画","动词/他动词/五段动词","絵を描く","画画","N3","eggrolls;N3中频;原词性:他動1;音调:①"
"秒","びょう","秒","名词","秒を刻む","一秒一秒地过去","N3","eggrolls;N3中频;原词性:名;音调:①"
"品","しな","物品；商品；质量","名词","品が切れる","售罄","N3","eggrolls;N3低频;原词性:名;音调:⓪"
"貧しい","まずしい","贫穷；贫乏","い形容词","貧しい暮らし","穷困的生活","N3","eggrolls;N3中频;原词性:イ形;音调:③"
"不足","ふそく","不足；不满足","名词/な形容词/サ变动词","人手が不足する","人手不够","N3","eggrolls;N3中频;原词性:名・ナ形・自動3;音调:⓪"
"付き合う","つきあう","交往；陪同","动词/自动词/五段动词","友だちと付き合う","和朋友交往","N3","eggrolls;N3中频;原词性:自動1;音调:③"
"父母","ふぼ","父母","名词","父母の恩","父母的恩情","N3","eggrolls;N3低频;原词性:名;音调:①"
"部品","ぶひん","零件，部件","名词","部品を組み立てる","组装零件","N3","eggrolls;N3中频;原词性:名;音调:⓪"
"部分","ぶぶん","部分，一部分","名词","シャツのえりの部分がよごれる","衬衫的领子部分脏了","N3","eggrolls;N3高频;原词性:名;音调:①"
"物価","ぶっか","物价","名词","物価が上がる","物价上涨","N3","eggrolls;N3低频;原词性:名;音调:⓪"
"分","ぶん","部分；份；程度；地位","名词","余った分は捨てる","多余的部分丢掉","N3","eggrolls;N3高频;原词性:名;音调:①"
"粉","こな","粉，粉末","名词","米の粉","米粉","N3","eggrolls;N3中频;原词性:名;音调:②"
"文句","もんく","词句；牢骚","名词","お経の文句","经文","N3","eggrolls;N3高频;原词性:名;音调:①"
"平気","へいき","冷静，不介意，不在乎","名词/な形容词","平気な顔をする","一副满不在乎的表情","N3","eggrolls;N3中频;原词性:名・ナ形;音调:⓪"
"平均","へいきん","平均；平均值","名词/サ变动词","季節を問わず売り上げが平均している","不论什么季节营业额都很平均","N3","eggrolls;N3中频;原词性:名・自他動3;音调:⓪"
"平等","びょうどう","平等，同等","名词/な形容词","人を平等に扱う","平等待人","N3","eggrolls;N3低频;原词性:名・ナ形;音调:⓪"
"柄","がら","体格；人品；身份；花样","名词","柄が小さい","身材矮小","N3","eggrolls;N3中频;原词性:名;音调:⓪"
"癖","くせ","习惯，毛病；（非比寻常的）特点","名词","夜更かしが癖になる","熬夜成瘾","N3","eggrolls;N3中频;原词性:名;音调:②"
"別々","べつべつ","分别；各自","名词/な形容词","物を別々にしておく","把东西分开放","N3","eggrolls;N3中频;原词性:名・ナ形;音调:⓪"
"別れ","わかれ","分离，告别；永别","名词","別れを告げる","告别","N3","eggrolls;N3中频;原词性:名;音调:③"
"片道","かたみち","单程","名词","片道の切符","单程票","N3","eggrolls;N3低频;原词性:名;音调:⓪"
"歩道","ほどう","人行道","名词","横断歩道","人行横道，斑马线","N3","eggrolls;N3中频;原词性:名;音调:⓪"
"募集","ぼしゅう","募集，招募","名词/サ变动词","参加者を募集する","征集参加者","N3","eggrolls;N3高频;原词性:名・他動3;音调:⓪"
"包み","つつみ","包裹，包装","名词","包みを開く","打开包装","N3","eggrolls;N3中频;原词性:名;音调:③"
"包丁","ほうちょう","菜刀","名词","肉に包丁を入れる","用菜刀切肉","N3","eggrolls;N3中频;原词性:名;音调:⓪"
"抱く","いだく","抱；怀有","动词/他动词/五段动词","山々に抱かれた村","被群山环绕的村庄","N3","eggrolls;N3中频;原词性:他動1;音调:②"
"抱く","だく","抱，搂","动词/他动词/五段动词","子どもを抱く","抱孩子","N3","eggrolls;N3低频;原词性:他動1;音调:⓪"
"放る","ほうる","抛；丢开，放弃","动词/他动词/五段动词","窓の外へ放る","扔出窗外","N3","eggrolls;N3低频;原词性:他動1;音调:⓪"
"訪問","ほうもん","访问，拜访","名词/サ变动词","首相のアメリカ訪問が決定した","首相已决定访问美国","N3","eggrolls;N3中频;原词性:名・他動3;音调:⓪"
"飽きる","あきる","厌烦，厌倦","动词/自动词/一段动词","フォアグラを飽きるほどに食べてみたい","想吃鹅肝吃到腻","N3","eggrolls;N3中频;原词性:自動2;音调:②"
"防ぐ","ふせぐ","防御；阻挡；预防","动词/他动词/五段动词","敵の攻撃を防ぐ","防备敌人的进攻","N3","eggrolls;N3高频;原词性:他動1;音调:②"
"本人","ほんにん","本人","名词","本人の意思を尊重する","尊重本人的意愿","N3","eggrolls;N3高频;原词性:名;音调:①"
"埋める","うめる","填；填满；弥补","动词/他动词/一段动词","掘った穴を埋める","把挖的坑填上","N3","eggrolls;N3中频;原词性:他動2;音调:⓪"
"満点","まんてん","满分；绝佳","名词","満点をつける","打满分","N3","eggrolls;N3低频;原词性:名;音调:③"
"未来","みらい","未来，将来","名词","明るい未来","光明的未来","N3","eggrolls;N3中频;原词性:名;音调:①"
"夢中","むちゅう","热衷","名词/な形容词","映画に夢中になる","着迷于电影","N3","eggrolls;N3低频;原词性:名・ナ形;音调:⓪"
"無料","むりょう","免费","名词","送料無料","免运费","N3","eggrolls;N3高频;原词性:名;音调:⓪①"
"名刺","めいし","名片","名词","名刺を交換する","交换名片","N3","eggrolls;N3中频;原词性:名;音调:⓪"
"明ける","あける","天亮；（季节、时期等）结束","动词/自动词/一段动词","夜が明ける","天亮","N3","eggrolls;N3低频;原词性:自動2;音调:⓪"
"免許","めんきょ","许可；执照","名词/サ变动词","運転免許を取る","取得驾照","N3","eggrolls;N3中频;原词性:名・他動3;音调:①"
"面接","めんせつ","面试","名词/サ变动词","筆記試験は自信があるが面接は不安だ","对笔试有信心，但对面试感到不安","N3","eggrolls;N3中频;原词性:名・自動3;音调:⓪"
"面倒","めんどう","麻烦；照顾","名词/な形容词","彼は面倒な事件に巻き込まれた","他被卷入麻烦事里了","N3","eggrolls;N3高频;原词性:名・ナ形;音调:③"
"目標","もくひょう","目标，指标","名词","目標を達成する","达成目标","N3","eggrolls;N3高频;原词性:名;音调:⓪"
"役所","やくしょ","官署，机关","名词","役所に勤める","在机关里工作","N3","eggrolls;N3高频;原词性:名;音调:③"
"約","やく","约定；简要；大约","名词/副词","約を結ぶ","缔约","N3","eggrolls;N3低频;原词性:名・副;音调:①"
"訳","わけ","意思；理由，原因","名词","訳がわからない","莫名其妙","N3","eggrolls;N3中频;原词性:名;音调:①"
"優勝","ゆうしょう","冠军","名词/サ变动词","試合で優勝する","在比赛中获胜","N3","eggrolls;N3高频;原词性:名・自動3;音调:⓪"
"予報","よほう","预报，天气预报","名词/サ变动词","予報が当たる","预报准确","N3","eggrolls;N3高频;原词性:名・他動3;音调:⓪"
"与える","あたえる","给，给予；使蒙受","动词/他动词/一段动词","機会を与える","给机会","N3","eggrolls;N3高频;原词性:他動2;音调:⓪"
"来店","らいてん","来店","名词/サ变动词","ご来店をお待ちいたしております","恭候光顾本店","N3","eggrolls;N3低频;原词性:名・自動3;音调:⓪"
"頼る","たよる","依靠，依赖","动词/自他动词/五段动词","親に頼って生活する","靠父母生活","N3","eggrolls;N3中频;原词性:自他動1;音调:②"
"落ち着く","おちつく","沉着；安定；平静（下来）","动词/自动词/五段动词","落ち着いた態度","沉着的态度","N3","eggrolls;N3高频;原词性:自動1;音调:⓪"
"理科","りか","理科","名词","大学の理科に進む","考进大学的理科","N3","eggrolls;N3低频;原词性:名;音调:①"
"理想","りそう","理想","名词","理想と現実のギャップ","理想与现实的差距","N3","eggrolls;N3低频;原词性:名;音调:⓪"
"離す","はなす","使离开；隔开","动词/他动词/五段动词","手を離す","放开手","N3","eggrolls;N3中频;原词性:他動1;音调:②"
"流れ","ながれ","流，流水；流程；潮流","名词","車の流れ","车流","N3","eggrolls;N3高频;原词性:名;音调:③"
"流行","りゅうこう","流行；（疾病）蔓延","名词/サ变动词","流行歌","流行歌曲","N3","eggrolls;N3高频;原词性:名・自動3;音调:⓪"
"留守番","るすばん","看家，看家人","名词/サ变动词","店の留守番をする","看店","N3","eggrolls;N3中频;原词性:名・自動3;音调:⓪"
"旅","たび","旅行，旅游","名词","旅に出る","出去旅游","N3","eggrolls;N3中频;原词性:名;音调:②"
"両替","りょうがえ","兑换（货币）","名词/サ变动词","人民元をドルに両替する","将人民币兑换成美元","N3","eggrolls;N3中频;原词性:名・他動3;音调:⓪"
"量","りょう","分量，数量","名词","量が足りない","分量不够","N3","eggrolls;N3高频;原词性:名;音调:①"
"冷ます","さます","冷却；泼冷水","动词/他动词/五段动词","お湯を吹いて冷ます","把开水吹凉","N3","eggrolls;N3低频;原词性:他動1;音调:②"
"冷める","さめる","变冷；减退","动词/自动词/一段动词","冷めないうちにお召し上がりください","请您趁热吃吧","N3","eggrolls;N3高频;原词性:自動2;音调:②"
"冷やす","ひやす","冰镇；使冷静","动词/他动词/五段动词","スイカを冷やす","冰镇西瓜","N3","eggrolls;N3低频;原词性:他動1;音调:②"
"話しかける","はなしかける","打招呼；开始说","动词/自他动词/一段动词","知らない人に話しかけられる","被不认识的人搭话","N3","eggrolls;N3高频;原词性:自他動2;音调:⑤"
"話し合う","はなしあう","谈话，商量","动词/他动词/五段动词","みんなで話し合ってから決める","大家商量以后再决定","N3","eggrolls;N3高频;原词性:他動1;音调:⓪④"
"嗅ぐ","かぐ","闻","动词/他动词/五段动词","香りを嗅ぐ","闻香味","N3","eggrolls;N3中频;原词性:他動1;音调:⓪"
"かゆい","かゆい","痒","い形容词","蚊に刺されたところがかゆい","被蚊子叮的地方很痒","N3","eggrolls;N3中频;原词性:イ形;音调:②"
"箇所","かしょ","……处；地方","名词","ゴミは1箇所に集める","把垃圾放在一处","N3","eggrolls;N3低频;原词性:名;音调:①"
"向き","むき","朝向……；适合……","名词","南向きの明るい部屋","朝南光线明亮的房间","N3","eggrolls;N3中频;原词性:名;音调:①"
"向け","むけ","面向……，以……为对象","接尾词","子ども向けのテレビ番組","面向孩子的电视节目","N3","eggrolls;N3低频;原词性:接尾"
"合う","あう","互相……，一起……","动词/自动词/五段动词","助け合う","互相帮助","N3","eggrolls;N3低频;原词性:自動1"
"込み","こみ","包含……在内","名词","税込み","含税","N3","eggrolls;N3高频;原词性:名"
"作り","つくり","（用……）做的；构造，样式；（つくり）体格；装作","名词","手作り／この家は作りがしっかりしている","手工制作的／这所房屋结构很坚固","N3","eggrolls;N3高频;原词性:名;音调:③"
"産","さん","……生产","名词","米国産の豚肉","美国产的猪肉","N3","eggrolls;N3低频;原词性:名"
"寺","じ","……寺","接尾词","法隆寺","（世界遗产，位于日本奈良）法隆寺","N3","eggrolls;N3低频;原词性:接尾"
"所","しょ","……所","接尾词","事務所","事务所","N3","eggrolls;N3低频;原词性:接尾"
"書","しょ","……书，……单据","接尾词","請求書","账单","N3","eggrolls;N3低频;原词性:接尾"
"場","じょう","……场","造语成分","運動場","运动场","N3","eggrolls;N3低频;原词性:造"
"性","せい","……性；性别；性质","接尾词/名词","安全性","安全性","N3","eggrolls;N3中频;原词性:接尾・名;音调:①"
"足","そく","……双","接尾词","靴下1足","一双袜子","N3","eggrolls;N3低频;原词性:接尾"
"通","つう","（书信或文件等）……封，……份","接尾词","診断書が2通ある","有两份诊断书","N3","eggrolls;N3低频;原词性:接尾"
"泊","はく","……宿","接尾词","京都に一泊する","在京都住一宿","N3","eggrolls;N3低频;原词性:接尾"
"費","ひ","……费","造语成分","生活費","生活费","N3","eggrolls;N3低频;原词性:造"
"料","りょう","……费；……材料","接尾词","手数料","手续费","N3","eggrolls;N3低频;原词性:接尾"
"あくび","あくび","（打）哈欠","名词","大きなあくびをする","打个大哈欠","N3","eggrolls;N3中频;原词性:名;音调:⓪"
"いくらでも","いくらでも","很多；不论多少","副词","時間はいくらでもある","时间很多","N3","eggrolls;N3低频;原词性:副;音调:①⓪"
"うがい","うがい","漱口","名词/サ变动词","うがいコップ","漱口杯","N3","eggrolls;N3低频;原词性:名・自動3;音调:⓪"
"うろうろ","うろうろ","到处走动，徘徊","副词/サ变动词","うろうろと歩き回る","徘徊","N3","eggrolls;N3低频;原词性:副・自動3;音调:①;オノマトペ"
"おいて","おいて","在……，于……","连语","大会は北京において1週間にわたって開かれた","大会在北京举行，为期一周","N3","eggrolls;N3高频;原词性:連語;音调:①⓪"
"おお","おお","（表示感动、吃惊）啊；（粗鲁的应答）嗯；（突然想起）啊","感叹词","おお、痛い","喔唷，好疼！","N3","eggrolls;N3低频;原词性:感;音调:①"
"オーダー","オーダー","顺序；订货","サ变动词/名词","バッティングオーダー","击球顺序","N3","eggrolls;N3低频;原词性:他動3・名;音调:①⓪;カタカナ語"
"おむつ","おむつ","尿布，尿裤","名词","紙おむつ","纸尿布","N3","eggrolls;N3低频;原词性:名;音调:②"
"お年玉","おとしだま","压岁钱","名词","お年玉をもらう","收压岁钱","N3","eggrolls;N3低频;原词性:名;音调:⓪"
"罹る","かかる","患（病），遭（灾）","动词/自动词/五段动词","災難にかかる","遭遇灾难","N3","eggrolls;N3低频;原词性:自動1;音调:②"
"搔く","かく","搔；扒；出（汗）","动词/他动词/五段动词","背中をかく","挠背","N3","eggrolls;N3高频;原词性:他動1;音调:①"
"カフェ","カフェ","咖啡；咖啡厅","名词","カフェラテ","拿铁咖啡","N3","eggrolls;N3中频;原词性:名;音调:①;カタカナ語"
"からから","からから","干燥，干巴巴","副词/な形容词","空気がからからだ","空气很干燥","N3","eggrolls;N3中频;原词性:副・ナ形;音调:⓪;オノマトペ"
"がらがら","がらがら","（坚硬的物体碰撞或破裂时发出很大的声音）轰隆；（里面的人和物很少）空旷；声音沙哑","副词/サ变动词/な形容词","がらがらと雨戸を開ける","哗啦一声打开木板套窗","N3","eggrolls;N3中频;原词性:副①・自動3①・ナ形⓪;音调:⓪①;オノマトペ"
"かわいらしい","かわいらしい","讨人喜欢的；小巧玲珑的","い形容词","かわいらしい娘","可爱的姑娘","N3","eggrolls;N3低频;原词性:イ形;音调:⑤"
"ぐらぐら","ぐらぐら","（牙齿、房屋、决心等）摇晃状⓪；（水等烧沸时）咕嘟咕嘟声①","副词/サ变动词","地震で家がぐらぐら揺れる","地震把房子震得摇摇晃晃","N3","eggrolls;N3中频;原词性:副・自動3;音调:①⓪;オノマトペ"
"クリーム","クリーム","奶油；乳液；冰激凌","名词","生クリーム","生奶油","N3","eggrolls;N3中频;原词性:名;音调:②;カタカナ語"
"こぼす","こぼす","洒，泼；抱怨","动词/他动词/五段动词","お茶をこぼす","把茶洒了","N3","eggrolls;N3中频;原词性:他動1;音调:②"
"こぼれる","こぼれる","洒；洋溢","动词/自动词/一段动词","涙がこぼれる","落泪","N3","eggrolls;N3中频;原词性:自動2;音调:③"
"サークル","サークル","圆；小组，社团","名词","ストーンサークル","巨石阵","N3","eggrolls;N3低频;原词性:名;音调:⓪①;カタカナ語"
"ざあざあ","ざあざあ","（雨）哗啦哗啦","副词","雨がざあざあ降る","雨哗啦哗啦地下着","N3","eggrolls;N3低频;原词性:副;音调:①;オノマトペ"
"サボる","さぼる","偷懒；逃学，旷工","动词/自他动词/五段动词","学校をサボる","逃学","N3","eggrolls;N3低频;原词性:自他動1;音调:②;カタカナ語"
"スケジュール","スケジュール","日程（表）","名词","スケジュールを立てる","制订日程表","N3","eggrolls;N3中频;原词性:名;音调:②③;カタカナ語"
"ずるい","ずるい","狡猾，奸猾","い形容词","ずるいことをして勝つ","以奸猾的方式取胜","N3","eggrolls;N3低频;原词性:イ形;音调:②"
"その場","そのば","当场；当时","名词","その場で決める","当场决定","N3","eggrolls;N3高频;原词性:名;音调:⓪③"
"それでも","それでも","即使那样","接续词","天気は悪かったが、それでも彼は出かけた","天气不好，但他还是出去了","N3","eggrolls;N3高频;原词性:接;音调:③"
"たった","たった","只，仅","副词","たった3日間","仅仅三天","N3","eggrolls;N3中频;原词性:副;音调:⓪"
"だるい","だるい","发倦，慵懒","い形容词","寝不足でだるい","因睡眠不足而懒倦","N3","eggrolls;N3中频;原词性:イ形;音调:②"
"ちかちか","ちかちか","（光亮等）一闪一灭；（眼睛因受到强光刺激而）刺痛","副词/サ变动词","星がちかちか光る","星光闪烁","N3","eggrolls;N3低频;原词性:副・自動3;音调:①;オノマトペ"
"ところが","ところが","然而，可是","接续助词/接续词","うまくいくと思ったところが、失敗した","本以为会顺利进行的，然而失败了","N3","eggrolls;N3高频;原词性:接助・接;音调:③"
"ドレッシング","ドレッシング","调味汁，沙拉酱","名词","サラダにドレッシングをかける","在色拉上倒上调味汁","N3","eggrolls;N3低频;原词性:名;音调:②;カタカナ語"
"なぜか","なぜか","不知道为什么","副词","彼はなぜか発言しなかった","他不知为何没有发言","N3","eggrolls;N3高频;原词性:副;音调:①"
"なんか","なんか","之类，等","副助词","映画なんかあまり興味がない","电影之类的不怎么感兴趣","N3","eggrolls;N3高频;原词性:副助"
"ピーマン","ピーマン","青椒，灯笼椒","名词","ピーマンが大嫌いだ","最讨厌吃青椒","N3","eggrolls;N3低频;原词性:名;音调:①;カタカナ語"
"ヒント","ヒント","暗示，启发","名词","ヒントを与える","给予暗示","N3","eggrolls;N3中频;原词性:名;音调:①;カタカナ語"
"ぺらぺら","ぺらぺら","（外语等）流利","副词/な形容词/サ变动词","彼は日本語がぺらぺらだ","他的日语说得很流利","N3","eggrolls;N3中频;原词性:副・ナ形・自動3;音调:①;オノマトペ"
"ベンチ","ベンチ","长椅，长凳","名词","公園のベンチに腰をおろしてしばらく休む","坐在公园的长椅上休息一会","N3","eggrolls;N3低频;原词性:名;音调:①;カタカナ語"
"ホームステイ","ホームステイ","（留学生）寄宿在别人家中","名词","夏休みはアメリカへホームステイに行くつもりだ","暑假期间打算到美国去寄宿留学","N3","eggrolls;N3中频;原词性:名;音调:⑤;カタカナ語"
"まあ","まあ","（表示吃惊、感叹）哎哟，哎呀；还可以；（安慰或鼓励对方）好了好了","感叹词/副词","まあ、きれい","哎呀，好漂亮","N3","eggrolls;N3中频;原词性:感・副;音调:①"
"マラソン","マラソン","马拉松","名词","マラソンランナー","马拉松运动员","N3","eggrolls;N3高频;原词性:名;音调:⓪;カタカナ語"
"もったいない","もったいない","浪费，可惜；不胜惶恐，受之有愧","い形容词","捨てるのはもったいない","扔了就可惜了","N3","eggrolls;N3高频;原词性:イ形;音调:⑤"
"やり直す","やりなおす","重做，再做","动词/他动词/五段动词","何度もやり直す","重做很多次","N3","eggrolls;N3中频;原词性:他動1;音调:④"
"レシート","レシート","收据","名词","レシートは大丈夫ですか","收据需要吗？","N3","eggrolls;N3低频;原词性:名;音调:②;カタカナ語"
"レシピ","レシピ","烹调法，菜谱","名词","料理人にレシピを教わる","向厨师请教菜谱","N3","eggrolls;N3中频;原词性:名;音调:①;カタカナ語"
"愛用","あいよう","喜欢用","名词/サ变动词","長財布を愛用する","喜欢用长款的钱包","N3","eggrolls;N3低频;原词性:名・他動3;音调:⓪"
"暗証番号","あんしょうばんごう","密码","名词","キャッシュカードの暗証番号","银行卡密码","N3","eggrolls;N3中频;原词性:名;音调:⑤"
"異常","いじょう","异常，反常","名词/な形容词","異常な暑さ","异常炎热","N3","eggrolls;N3低频;原词性:名・ナ形;音调:⓪"
"一応","いちおう","（大致做了）一下，姑且","副词","一応調べてみた","大致查了一下","N3","eggrolls;N3中频;原词性:副;音调:⓪"
"一時","いちじ","某时，当时；暂时，片刻；一时，临时","名词","一時外国に住んでいた","曾经在国外生活过一段时间","N3","eggrolls;N3高频;原词性:名;音调:②"
"一人暮らし","ひとりぐらし","一个人生活","名词","4月から東京で一人暮らしを始める","从四月开始在东京单身生活","N3","eggrolls;N3高频;原词性:名;音调:④"
"一晩","ひとばん","一晚，一晚上","名词","一晩考える","考虑一晚上","N3","eggrolls;N3低频;原词性:名;音调:②"
"一部分","いちぶぶん","一部分","名词","ビルの一部分を建て直す","改建大楼的一部分","N3","eggrolls;N3低频;原词性:名;音调:③"
"飲料","いんりょう","饮料","名词","飲料水","饮用水","N3","eggrolls;N3低频;原词性:名;音调:③"
"運休","うんきゅう","（公共交通）停驶","名词/サ变动词","電車の運休で歩いて帰る","电车停驶，所以走路回去","N3","eggrolls;N3低频;原词性:名・自動3;音调:⓪"
"越える","こえる","越过","动词/自动词/一段动词","谷を越える","越过山谷","N3","eggrolls;N3中频;原词性:自動2;音调:⓪"
"汚す","よごす","弄脏","动词/他动词/五段动词","ワイシャツを汚す","弄脏衬衫","N3","eggrolls;N3中频;原词性:他動1;音调:⓪"
"応募","おうぼ","应募，报名参加","名词/サ变动词","スピーチコンテストに応募する","报名参加演讲比赛","N3","eggrolls;N3高频;原词性:名・自他動3;音调:⓪"
"可","か","可，可以；及格","名词","その方法を可とする","认为那个方法可以","N3","eggrolls;N3低频;原词性:名;音调:①"
"可能性","かのうせい","可能性","名词","可能性がまったくない","丝毫没有可能性","N3","eggrolls;N3中频;原词性:名;音调:⓪"
"花壇","かだん","花坛","名词","花壇に花を植える","在花坛里种花","N3","eggrolls;N3低频;原词性:名;音调:①"
"花瓶","かびん","花瓶","名词","花を花瓶に挿す","把花插在花瓶里","N3","eggrolls;N3中频;原词性:名;音调:⓪"
"画家","がか","画家","名词","水彩画家","水彩画家","N3","eggrolls;N3中频;原词性:名;音调:⓪"
"会計","かいけい","会计；结账","名词","会計を務める","当会计","N3","eggrolls;N3中频;原词性:名;音调:⓪"
"解決","かいけつ","解决","名词/サ变动词","問題を解決する","解决问题","N3","eggrolls;N3高频;原词性:名・自他動3;音调:⓪"
"回す","まわす","转动；依次传递","动词/他动词/五段动词","ドアのノブを回す","拧动门把手","N3","eggrolls;N3中频;原词性:他動1;音调:⓪"
"回り","まわり","旋转","名词","車輪の回りが速い","车轮转得快","N3","eggrolls;N3中频;原词性:名;音调:⓪"
"回収","かいしゅう","回收；收回","名词/サ变动词","資源ゴミを回収する","回收资源垃圾","N3","eggrolls;N3高频;原词性:名・他動3;音调:⓪"
"外食","がいしょく","在外面吃饭","名词/サ变动词","外食が多い","经常在外面吃饭","N3","eggrolls;N3中频;原词性:名・自動3;音调:⓪"
"柿","かき","柿子","名词","干し柿","柿饼","N3","eggrolls;N3低频;原词性:名;音调:⓪"
"各〜","かく〜","各，每个","接头词","各地","各地","N3","eggrolls;N3低频;原词性:接頭;音调:①"
"乾かす","かわかす","弄干","动词/他动词/五段动词","濡れたコートを乾かす","把湿外套弄干","N3","eggrolls;N3低频;原词性:他動1;音调:③"
"巻","かん","（书籍）卷，书","名词","全3巻の本","全套三卷的书","N3","eggrolls;N3低频;原词性:名;音调:①"
"たまる","たまる","忍耐，忍受；存；积累","动词/自动词/五段动词/补助动词","そんなことをされてたまるものか／水がたまる","怎么能忍受那种事呢／积水","N3","eggrolls;N3中频;原词性:自動1・補動;音调:⓪;原词性:自動1"
"観察","かんさつ","观察","名词/サ变动词","アリを観察する","观察蚂蚁","N3","eggrolls;N3高频;原词性:名・他動3;音调:⓪"
"丘","おか","山岗，小山","名词","丘を越える","越过山岗","N3","eggrolls;N3中频;原词性:名;音调:⓪"
"共通点","きょうつうてん","共同点","名词","二つの話には共通点がある","两个故事有共同点","N3","eggrolls;N3低频;原词性:名;音调:③"
"曲げる","まげる","弄弯；歪曲","动词/他动词/一段动词","ペンチで針金を曲げる","用钳子弄弯钢丝","N3","eggrolls;N3中频;原词性:他動2;音调:⓪"
"空き","あき","空缺；空闲；空的物品；空地，空隙","名词","ポストに空きができた","职位上有空缺","N3","eggrolls;N3中频;原词性:名;音调:⓪"
"空席","くうせき","空座；空缺的职位","名词","会場は空席が目立った","会场上空位子很多","N3","eggrolls;N3低频;原词性:名;音调:⓪"
"掲示板","けいじばん","布告栏","名词","電子掲示板","电子布告栏","N3","eggrolls;N3高频;原词性:名;音调:⓪"
"経由","けいゆ","经由；通过","名词/サ变动词","名古屋経由で大阪に行く","经由名古屋去大阪","N3","eggrolls;N3中频;原词性:名・自動3;音调:⓪①"
"件","けん","事情；……件","名词","例の件ですが、…","关于上次说的事情，…","N3","eggrolls;N3中频;原词性:名;音调:①"
"建設","けんせつ","建设","名词/サ变动词","ダムを建設する","建设大坝","N3","eggrolls;N3高频;原词性:名・他動3;音调:⓪"
"現存","げんそん","现存，现有","名词/サ变动词","現存する世界最古の城","现存世界上最古老的城堡","N3","eggrolls;N3低频;原词性:名・自動3;音调:⓪"
"言い直す","いいなおす","重说；换个说法","动词/他动词/五段动词","名前を間違えてすぐ言い直した","叫错了名字马上又重说了一遍","N3","eggrolls;N3低频;原词性:他動1;音调:④"
"向かい合う","むかいあう","相对，面对面","动词/自动词/五段动词","向かい合って話をする","面对面说话","N3","eggrolls;N3低频;原词性:自動1;音调:④"
"広告","こうこく","广告，宣传","名词/サ变动词","新商品をテレビで広告する","在电视上宣传新产品","N3","eggrolls;N3高频;原词性:名・他動3;音调:⓪"
"広場","ひろば","广场","名词","駅前広場","站前广场","N3","eggrolls;N3中频;原词性:名;音调:①"
"行き先","いきさき","目的地，去的地方","名词","行き先も告げずに出かける","不告而别","N3","eggrolls;N3中频;原词性:名;音调:⓪"
"降り出す","ふりだす","（雨、雪等）开始下","动词/自动词/五段动词","雨が降り出しそうだ","眼看就要下雨了","N3","eggrolls;N3低频;原词性:自動1;音调:③⓪"
"降り続く","ふりつづく","持续下（雨、雪）","动词/自动词/五段动词","この雨はいつまで降り続くのだろうか","这场雨要下到什么时候呢？","N3","eggrolls;N3低频;原词性:自動1;音调:④⓪"
"今頃","いまごろ","现在，这个时候；现在才","名词/副词","今頃学校に着いただろう","现在到学校了吧","N3","eggrolls;N3低频;原词性:名・副;音调:⓪"
"混ぜる","まぜる","掺和；混合","动词/他动词/一段动词","綿に麻を交ぜる","将棉与麻混合","N3","eggrolls;N3高频;原词性:他動2;音调:②"
"再","さい","再……，重新……","造语成分","再放送","重播","N3","eggrolls;N3低频;原词性:造"
"最多","さいた","最多","名词","最多出場記録","最多出场记录","N3","eggrolls;N3低频;原词性:名;音调:⓪"
"最中","さいちゅう","最盛时期，正在进行","名词","今は試合の最中だ","现在比赛正在进行中","N3","eggrolls;N3低频;原词性:名;音调:①"
"作り出す","つくりだす","开始做；创造出；生产","动词/他动词/五段动词","誕生日会のための料理を、朝から作り出す","从早上开始就为生日派对准备食物","N3","eggrolls;N3低频;原词性:他動1;音调:④⓪"
"作り直す","つくりなおす","重新做","动词/他动词/五段动词","カードをなくしても、1年以内であれば、無料で作り直してもらえる","就算弄丢了卡片，只要在一年之内都可以免费补办","N3","eggrolls;N3高频;原词性:他動1;音调:⑤⓪"
"残業","ざんぎょう","加班","名词/サ变动词","きのうは3時間残業した","昨天加了三个小时的班","N3","eggrolls;N3中频;原词性:名・自動3;音调:⓪"
"市役所","しやくしょ","市政府","名词","卒業して市役所の職員になった","毕业后当了市政府的工作人员","N3","eggrolls;N3高频;原词性:名;音调:②"
"思える","おもえる","觉得，感到","动词/自他动词/一段动词","彼の様子が変に思える","觉得他的样子奇怪","N3","eggrolls;N3中频;原词性:自他動2;音调:③"
"支出","ししゅつ","支出，开支","名词/サ变动词","支出を抑える","缩减支出","N3","eggrolls;N3中频;原词性:名・他動3;音调:⓪"
"試食","ししょく","试吃","名词/サ变动词","新商品の試食会を行う","举行新产品试吃会","N3","eggrolls;N3中频;原词性:名・他動3;音调:⓪"
"持ち帰り","もちかえり","带回去；外带","名词","持ち帰りの弁当","外卖的盒饭","N3","eggrolls;N3中频;原词性:名;音调:⓪"
"持ち物","もちもの","所有物；携带物品","名词","自分の持ち物にはきちんと名前を書いてください","请在自己的携带物品上写明姓名","N3","eggrolls;N3中频;原词性:名;音调:②③"
"持ち歩く","もちあるく","拿着走","动词/他动词/五段动词","かばんを持ち歩く","拿着包走","N3","eggrolls;N3中频;原词性:他動1;音调:④⓪"
"時給","じきゅう","时薪","名词","時給1000円","时薪1000日元","N3","eggrolls;N3中频;原词性:名;音调:⓪"
"時刻表","じこくひょう","时刻表","名词","列車の時刻表","列车的行车时刻表","N3","eggrolls;N3低频;原词性:名;音调:⓪"
"治す","なおす","医治","动词/他动词/五段动词","病気を治す","治病","N3","eggrolls;N3中频;原词性:他動1;音调:②"
"自慢","じまん","自夸，骄傲","名词/サ变动词","子どもの自慢をする","夸耀自己的孩子","N3","eggrolls;N3中频;原词性:名・他動3;音调:⓪"
"室内","しつない","室内","名词","室内競技","室内竞技","N3","eggrolls;N3中频;原词性:名;音调:②"
"実家","じっか","（出生地的）老家，父母家","名词","実家に帰る","回老家","N3","eggrolls;N3中频;原词性:名;音调:⓪"
"車庫","しゃこ","车库","名词","車庫入れ","倒车入库","N3","eggrolls;N3低频;原词性:名;音调:①"
"借金","しゃっきん","借钱，欠债","名词/サ变动词","借金を返す","还债","N3","eggrolls;N3低频;原词性:名・自他動3;音调:③"
"若者","わかもの","年轻人","名词","歌は若者に人気がある","歌曲在年轻人中很受欢迎","N3","eggrolls;N3中频;原词性:名;音调:⓪"
"受かる","うかる","合格，考上","动词/自动词/五段动词","入学試験に受かる","通过入学考试","N3","eggrolls;N3低频;原词性:自動1;音调:②"
"受け取る","うけとる","接收；理解","动词/他动词/五段动词","手紙を受け取る","收信","N3","eggrolls;N3高频;原词性:他動1;音调:⓪③"
"受け入れる","うけいれる","采纳；收进","动词/他动词/一段动词","提案を受け入れる","采纳建议","N3","eggrolls;N3中频;原词性:他動2;音调:⓪④"
"修理","しゅうり","修理","名词/サ变动词","自転車を修理する","修理自行车","N3","eggrolls;N3高频;原词性:名・他動3;音调:①"
"終点","しゅうてん","终点站；终点","名词","終点で降りる","在终点站下车","N3","eggrolls;N3低频;原词性:名;音调:⓪"
"週刊誌","しゅうかんし","周刊杂志","名词","猥雑な内容の週刊誌","内容低俗的周刊杂志","N3","eggrolls;N3低频;原词性:名;音调:③"
"出し合う","だしあう","互相拿出，大家出（钱、物等）","动词/他动词/五段动词","費用は各自が出し合った","费用是由每个人摊的","N3","eggrolls;N3中频;原词性:他動1;音调:③⓪"
"出国","しゅっこく","出国，出境","名词/サ变动词","日本から出国する","从日本出境","N3","eggrolls;N3低频;原词性:名・自動3;音调:⓪"
"出入り","でいり","进出；常客；收支","名词/サ变动词","人の出入りが激しい","出入的人多","N3","eggrolls;N3低频;原词性:名・自動3;音调:⓪①"
"書き直す","かきなおす","重新写，改写","动词/他动词/五段动词","作文を書き直す","重写作文","N3","eggrolls;N3中频;原词性:他動1;音调:⓪④"
"笑い","わらい","笑；嘲笑","名词","笑いがとまらない","笑个不停","N3","eggrolls;N3中频;原词性:名;音调:⓪"
"上品","じょうひん","典雅，雅致","名词/な形容词","上品な人","高雅的人","N3","eggrolls;N3中频;原词性:名・ナ形;音调:③"
"食後","しょくご","饭后","名词","食後の休憩時間","饭后休息时间","N3","eggrolls;N3中频;原词性:名;音调:⓪"
"慎重","しんちょう","慎重，谨慎","名词/な形容词","慎重に考える","慎重考虑","N3","eggrolls;N3中频;原词性:名・ナ形;音调:⓪"
"振り","ふり","挥动；姿态，举止；假装","名词","尾をひと振り振った","摆动一下尾巴","N3","eggrolls;N3中频;原词性:名;音调:②⓪"
"振り込む","ふりこむ","存入，汇入","动词/他动词/五段动词","授業料を振り込む","汇学费","N3","eggrolls;N3中频;原词性:他動1;音调:③"
"新入","しんにゅう","新加入","名词","新入社員","新来的公司职员","N3","eggrolls;N3高频;原词性:名;音调:⓪"
"親子","おやこ","父母和子女；具有主从关系的两个事物","名词","親子ほど年が離れている","年龄相差一辈","N3","eggrolls;N3中频;原词性:名;音调:①"
"診断","しんだん","诊断；检查，分析","名词/サ变动词","健康診断","健康检查","N3","eggrolls;N3中频;原词性:名・他動3;音调:⓪"
"進んで","すすんで","自愿，主动地","副词","進んで参加する","主动参加","N3","eggrolls;N3中频;原词性:副;音调:⓪"
"人工","じんこう","人工，人造","名词","人工の花","人造花","N3","eggrolls;N3中频;原词性:名;音调:⓪"
"人差し指","ひとさしゆび","食指","名词","親指・中指・薬指・小指","拇指・中指・无名指・小指","N3","eggrolls;N3低频;原词性:名;音调:④"
"人数","にんずう","人数","名词","参加者の人数を教えてください","请告诉我参加者的人数","N3","eggrolls;N3高频;原词性:名;音调:①"
"酔う","よう","醉；晕（车、船等）；陶醉","动词/自动词/五段动词","酒に酔う","醉酒","N3","eggrolls;N3低频;原词性:自動1;音调:①"
"数年","すうねん","数年，几年","名词","わずか数年で","仅仅几年（之间）","N3","eggrolls;N3中频;原词性:名;音调:⓪"
"制限","せいげん","限制，节制","名词/サ变动词","制限を設ける","设定限制","N3","eggrolls;N3中频;原词性:名・他動3;音调:③"
"制服","せいふく","制服","名词","制服を着て登校する","穿校服上学","N3","eggrolls;N3中频;原词性:名;音调:⓪"
"正常","せいじょう","正常","名词/な形容词","正常な状態","正常状态","N3","eggrolls;N3中频;原词性:名・ナ形;音调:⓪"
"盛ん","さかん","繁荣；旺盛","な形容词","工業が盛んだ","工业发达","N3","eggrolls;N3高频;原词性:ナ形;音调:⓪"
"専門家","せんもんか","专家","名词","国際金融の専門家","国际金融专家","N3","eggrolls;N3高频;原词性:名;音调:⓪"
"洗濯物","せんたくもの","要洗的衣物；洗过的衣物","名词","洗濯物をクリーニングに出す","把衣服送到洗衣店去","N3","eggrolls;N3中频;原词性:名;音调:⓪"
"染み","しみ","（液体等）色斑，污渍；污点，玷污；（皮肤上的）斑点，老年斑","名词","コーヒーの染み","咖啡渍","N3","eggrolls;N3中频;原词性:名;音调:⓪"
"線路","せんろ","铁路，轨道","名词","鉄道の線路","铁路轨道","N3","eggrolls;N3低频;原词性:名;音调:①"
"前回","ぜんかい","上次，上回","名词","前回の優勝チーム","上一届的优胜队","N3","eggrolls;N3低频;原词性:名;音调:①"
"早め","はやめ","提前，早些","名词/な形容词","少し早めに行こう","早些去吧","N3","eggrolls;N3高频;原词性:名・ナ形;音调:⓪③"
"早める","はやめる","提前，提早","动词/他动词/一段动词","会議を早める","会议提前","N3","eggrolls;N3低频;原词性:他動2;音调:③"
"走り回る","はしりまわる","到处跑；（忙得）四处奔走","动词/自动词/五段动词","子どもが公園を走り回る","孩子们在公园里跑来跑去","N3","eggrolls;N3低频;原词性:自動1;音调:⑤"
"送信","そうしん","发送","名词/サ变动词","メールを送信する","发送电子邮件","N3","eggrolls;N3中频;原词性:名・自他動3;音调:⓪"
"測る","はかる","（长度、高度、面积等）测量","动词/他动词/五段动词","距離を測る","测量距离","N3","eggrolls;N3中频;原词性:他動1;音调:②"
"足音","あしおと","脚步声；（比喻）来临的迹象","名词","足音が消えた","脚步声消失了","N3","eggrolls;N3低频;原词性:名;音调:③④"
"孫","まご","孙子，孙女","名词","昨日、孫が生まれました","昨天，我的孙子/孙女出生了","N3","eggrolls;N3中频;原词性:名;音调:②"
"体力","たいりょく","体力","名词","体力が衰える","体力衰退","N3","eggrolls;N3高频;原词性:名;音调:①"
"退屈","たいくつ","无聊；厌倦","名词/な形容词/サ变动词","退屈な生活","无聊的生活","N3","eggrolls;N3中频;原词性:名・ナ形・自動3;音调:⓪"
"大家","おおや","房东","名词","大家さんに部屋代を払う","向房东交房租","N3","eggrolls;N3中频;原词性:名;音调:①"
"大量","たいりょう","大量，多量","名词","大量の品物","大量的物品","N3","eggrolls;N3中频;原词性:名;音调:⓪"
"奪う","うばう","抢夺；剥夺；强烈地吸引","动词/他动词/五段动词","自由を奪う","剥夺自由","N3","eggrolls;N3中频;原词性:他動1;音调:②"
"単に","たんに","（不）仅，（不）只","副词","単にお金だけの問題ではない","不仅仅是钱的问题","N3","eggrolls;N3高频;原词性:副;音调:①"
"担当","たんとう","担任，担当","名词/サ变动词","会計係を担当する","负责会计","N3","eggrolls;N3低频;原词性:名・他動3;音调:⓪"
"担任","たんにん","担任，担当","名词/サ变动词","担任教師","班主任","N3","eggrolls;N3中频;原词性:名・他動3;音调:⓪"
"短気","たんき","性情急躁","名词/な形容词","短気な性格","急性子","N3","eggrolls;N3中频;原词性:名・ナ形;音调:①"
"団体","だんたい","集团，团体","名词","団体で行動する","集体行动","N3","eggrolls;N3中频;原词性:名;音调:⓪"
"知り合う","しりあう","结识，认识","动词/自他动词/五段动词","知り合って3か月で結婚した","认识三个月就结婚了","N3","eggrolls;N3中频;原词性:自他動1;音调:③"
"中古","ちゅうこ","半旧半新，二手","名词","中古車","二手车","N3","eggrolls;N3中频;原词性:名;音调:⓪①"
"仲直り","なかなおり","和好，言归于好","名词/サ变动词","彼と仲直りをした","和他言归于好了","N3","eggrolls;N3低频;原词性:名・自動3;音调:③"
"調味料","ちょうみりょう","调料，佐料","名词","調味料を加える","加调料","N3","eggrolls;N3中频;原词性:名;音调:③"
"長時間","ちょうじかん","长时间","名词","長時間にわたって討議する","长时间讨论","N3","eggrolls;N3中频;原词性:名;音调:③"
"通りかかる","とおりかかる","恰巧路过","动词/自动词/五段动词","通りかかった人に聞く","向路过的人打听","N3","eggrolls;N3低频;原词性:自動1;音调:⑤⓪"
"通り過ぎる","とおりすぎる","走过，越过","动词/自动词/一段动词","挨拶もしないで通り過ぎる","连招呼都没打就走过去","N3","eggrolls;N3中频;原词性:自動2;音调:⑤⓪"
"通帳","つうちょう","存折","名词","銀行の預金通帳","银行存折","N3","eggrolls;N3低频;原词性:名;音调:⓪"
"程","ほど","程度；限度；左右","名词/副助词","星の数程ある","数不胜数，非常多","N3","eggrolls;N3低频;原词性:名・副助;音调:⓪"
"締まる","しまる","紧，紧绷；紧张","动词/自动词/五段动词","ねじが固く締まっている","螺丝拧得很紧","N3","eggrolls;N3中频;原词性:自動1;音调:②"
"天井","てんじょう","顶棚，天花板；物体内部最高处","名词","この部屋は天井が低い","这间屋子天棚低","N3","eggrolls;N3低频;原词性:名;音调:⓪"
"店長","てんちょう","店长","名词","店長おすすめ商品","店长特荐品","N3","eggrolls;N3高频;原词性:名;音调:①"
"転ぶ","ころぶ","跌倒","动词/自动词/五段动词","おばあちゃんがお風呂場で転んだ","奶奶在浴室里摔倒了","N3","eggrolls;N3高频;原词性:自動1;音调:⓪"
"電球","でんきゅう","电灯泡","名词","電球を取り換える","换灯泡","N3","eggrolls;N3低频;原词性:名;音调:⓪"
"登り","のぼり","攀登，登上","名词","木登り","爬树","N3","eggrolls;N3中频;原词性:名;音调:⓪"
"度","たび","次，回；每当","名词","この度はお世話になりました","这次承蒙您的关照了","N3","eggrolls;N3高频;原词性:名;音调:②"
"土地","とち","土地；当地","名词","広い土地に家を建てる","在广阔的土地上建房子","N3","eggrolls;N3高频;原词性:名;音调:⓪"
"東側","ひがしがわ","东侧","名词","東側の駐車場は現在工事中のため、南側の駐車場をご利用ください","东侧的停车场目前正在施工，请使用南侧的停车场","N3","eggrolls;N3低频;原词性:名;音调:⓪"
"豆","まめ","豆；小型的","名词/接头词","コーヒー豆","咖啡豆","N3","eggrolls;N3高频;原词性:名・接頭;音调:②"
"同級生","どうきゅうせい","同班同学，同年级同学","名词","高校時代の同級生","高中时代的同学","N3","eggrolls;N3中频;原词性:名;音调:③"
"特長","とくちょう","特长","名词","各人の特長を生かす","发挥各人的特长","N3","eggrolls;N3低频;原词性:名;音调:⓪"
"内科","ないか","内科","名词","内科を受診する","看内科","N3","eggrolls;N3低频;原词性:名;音调:⓪①"
"謎","なぞ","谜；暗示；谜语","名词","宇宙の謎","宇宙之谜","N3","eggrolls;N3低频;原词性:名;音调:⓪"
"日時","にちじ","日期和时间","名词","結婚式の日時","婚礼的日期和时间","N3","eggrolls;N3高频;原词性:名;音调:①"
"年間","ねんかん","年代；一年","名词","昭和年間","昭和年代","N3","eggrolls;N3高频;原词性:名;音调:⓪"
"売り上げ","うりあげ","销售额，营业额","名词","売り上げを伸ばす","提高销售额","N3","eggrolls;N3低频;原词性:名;音调:⓪"
"縛る","しばる","捆；束缚","动词/他动词/五段动词","ほどけないようにきつく縛る","捆得很紧以免散开","N3","eggrolls;N3中频;原词性:他動1;音调:②"
"発言","はつげん","发言","名词/サ变动词","自由に発言する","自由发表意见","N3","eggrolls;N3低频;原词性:名・自他動3;音调:⓪"
"発生","はっせい","发生；出现","名词/サ变动词","交通事故が発生する","发生交通事故","N3","eggrolls;N3中频;原词性:名・自他動3;音调:⓪"
"半々","はんはん","各半，一半对一半","名词","賛成と反対が半々だ","一半赞成一半反对","N3","eggrolls;N3中频;原词性:名;音调:③⓪"
"反〜","はん〜","反……","接头词","反作用","反作用","N3","eggrolls;N3低频;原词性:接頭"
"秘書","ひしょ","秘书","名词","社長秘書","总裁秘书","N3","eggrolls;N3中频;原词性:名;音调:②①"
"非常","ひじょう","紧急；非常","名词/な形容词","非常の場合","紧急的场合","N3","eggrolls;N3中频;原词性:名・ナ形;音调:⓪"
"美容院","びよういん","美容院；美发厅","名词","美容院でシャンプーしてもらう","在美容院洗发","N3","eggrolls;N3中频;原词性:名;音调:②"
"不〜","ふ〜","不……","接头词","不健康","不健康","N3","eggrolls;N3低频;原词性:接頭"
"不動産","ふどうさん","房地产，不动产","名词","不動産屋","房产中介","N3","eggrolls;N3低频;原词性:名;音调:②⓪"
"夫婦","ふうふ","夫妇，夫妻","名词","その夫婦はとても仲がいい","那对夫妻感情很好","N3","eggrolls;N3高频;原词性:名;音调:①"
"府","ふ","（地方行政区单位）府；（政府机关）部门","名词","大阪府","大阪府","N3","eggrolls;N3低频;原词性:名;音调:①"
"腐る","くさる","腐烂；腐朽；消沉","动词/自动词/五段动词","腐ったりんご","腐烂的苹果","N3","eggrolls;N3中频;原词性:自動1;音调:②"
"副","ふく","副……","名词/造语成分","副店長","副店长","N3","eggrolls;N3低频;原词性:名・造"
"服装","ふくそう","服装，穿着","名词","服装にこだわる","讲究穿着","N3","eggrolls;N3中频;原词性:名;音调:⓪"
"物語","ものがたり","故事；传说","名词","「竹取物語」は日本でいちばん古い物語だ","《竹取物语》是日本最古老的故事","N3","eggrolls;N3中频;原词性:名;音调:③"
"片方","かたほう","两个中的一个","名词","道の片方はまだ雪がとけていない","道路的一侧积雪尚未融化","N3","eggrolls;N3低频;原词性:名;音调:②"
"返信","へんしん","回信","名词/サ变动词","返信をお待ちします","盼您回信","N3","eggrolls;N3中频;原词性:名・自他動3;音调:⓪"
"歩き回る","あるきまわる","到处走动，徘徊","动词/自动词/五段动词","世界を歩き回る","周游世界","N3","eggrolls;N3低频;原词性:自動1;音调:⑤⓪"
"歩行者","ほこうしゃ","步行者，行人","名词","自動車が歩行者をはねた","汽车撞了行人","N3","eggrolls;N3低频;原词性:名;音调:②"
"泡","あわ","泡，沫，水花","名词","石けんの泡","肥皂泡","N3","eggrolls;N3低频;原词性:名;音调:②"
"本日","ほんじつ","本日，今天","名词","この切符は本日限り有効です","此票限于本日有效","N3","eggrolls;N3高频;原词性:名;音调:①"
"本文","ほんぶん","正文；本文，原文","名词","条約の本文","条约的正文","N3","eggrolls;N3中频;原词性:名;音调:①"
"木の葉","このは","树叶","名词","木の葉が散る","树叶散落","N3","eggrolls;N3中频;原词性:名;音调:①"
"薬局","やっきょく","药房，取药处","名词","薬局で薬を買う","在药店买药","N3","eggrolls;N3中频;原词性:名;音调:⓪"
"薬指","くすりゆび","无名指","名词","薬指に指輪をしている","无名指上戴着戒指","N3","eggrolls;N3低频;原词性:名;音调:③"
"予想","よそう","预想，预料","名词/サ变动词","予想が外れる","出乎意料","N3","eggrolls;N3高频;原词性:名・他動3;音调:⓪"
"予想外","よそうがい","出乎预料","名词/な形容词","予想外の大成功","出乎意料的巨大成功","N3","eggrolls;N3低频;原词性:名・ナ形;音调:②"
"余る","あまる","剩余","动词/自动词/五段动词","予算が1万円余る","预算剩了一万日元","N3","eggrolls;N3中频;原词性:自動1;音调:②"
"洋式","ようしき","西式","名词","洋式トイレ","西式厕所，坐便","N3","eggrolls;N3低频;原词性:名;音调:⓪"
"洋食","ようしょく","西餐","名词","洋食の食べ方には不慣れだ","我不习惯西餐的吃法","N3","eggrolls;N3低频;原词性:名;音调:⓪"
"溶ける","とける","溶化；融化；熔化","动词/自动词/一段动词","塩は水に溶ける","盐溶于水","N3","eggrolls;N3中频;原词性:自動2;音调:②"
"用量","ようりょう","（药物的）用量，剂量","名词","飲み薬の用量を守る","遵守口服药的剂量","N3","eggrolls;N3中频;原词性:名;音调:③⓪"
"翌日","よくじつ","次日，第二天，翌日","名词","運動会の翌日は休みになった","运动会的隔天放假了","N3","eggrolls;N3高频;原词性:名;音调:⓪"
"翌年","よくねん","次年，第二年，翌年","名词","翌年の計画","下一年的计划","N3","eggrolls;N3低频;原词性:名;音调:⓪"
"領収書","りょうしゅうしょ","发票","名词","領収書を発行する","开收据","N3","eggrolls;N3低频;原词性:名;音调:⓪⑤"
"冷凍","れいとう","冷冻","名词/サ变动词","野菜を冷凍する","冷冻蔬菜","N3","eggrolls;N3中频;原词性:名・他動3;音调:⓪"
"連休","れんきゅう","连假","名词","3日間の連休がある","有三天连假","N3","eggrolls;N3低频;原词性:名;音调:⓪"
"和菓子","わがし","日式点心","名词","ほろ苦い抹茶風味の和菓子が人気だ","微苦的抹茶风味日式点心很受欢迎","N3","eggrolls;N3低频;原词性:名;音调:②"
"和室","わしつ","日式房间","名词","洋室","西式房间","N3","eggrolls;N3低频;原词性:名;音调:⓪"
"働き","はたらき","工作；功绩；功能","名词","働きに出る","去工作","N3","eggrolls;N3高频;原词性:名;音调:⓪"
"切れ","きれ","锋利程度；切片；机敏；……用完","名词","切れがいい","（刀）快","N3","eggrolls;N3高频;原词性:名;音调:②"
"どっと","どっと","一齐发出声音状；突然蜂拥而至；突然倒下","副词","みんながどっと笑う","大家哄堂大笑","N3","eggrolls;N3低频;原词性:副;音调:⓪①;オノマトペ"
"成る","なる","完成；实现；能够做到；由……构成","动词/自动词/五段动词","ローマは一日にして成らず","罗马非一日而成","N3","eggrolls;N3高频;原词性:自動1;音调:①"
"詰める","つめる","塞满；堵住；缩短","动词/他动词/一段动词","バッグに荷物を詰める","把行李塞进包里","N3","eggrolls;N3中频;原词性:他動2;音调:②"
"越す","こす","越过；翻过；超过","动词/自动词/五段动词","峠を越す","跨越山口；度过最艰难的时期","N3","eggrolls;N3中频;原词性:自動1;音调:⓪"
"浮く","うく","浮，漂浮；心神不宁","动词/自动词/五段动词","落ち葉が池に浮いている","落叶漂浮在池塘里","N3","eggrolls;N3中频;原词性:自動1;音调:⓪"
"勢い","いきおい","气势，势头；趋势；顺势","名词","勢いに乗る","乘势","N3","eggrolls;N3中频;原词性:名;音调:③"
"プロ","プロ","职业的，专家","名词","プロの選手","职业选手","N3","eggrolls;N3中频;原词性:名;音调:①;カタカナ語"
"高価","こうか","高价，大价钱的","名词/な形容词","高価な化粧品","高价化妆品","N3","eggrolls;N3中频;原词性:名・ナ形;音调:①"
"縮小","しゅくしょう","缩小，缩减","名词/サ变动词","生産を縮小する","缩小生产规模","N3","eggrolls;N3中频;原词性:名・自他動3;音调:⓪"
"不規則","ふきそく","无规律的，不整齐的","名词/な形容词","不規則な生活","无规律的生活","N3","eggrolls;N3中频;原词性:名・ナ形;音调:②③"
"嫌う","きらう","讨厌","动词/他动词/五段动词","威張る上司は部下から嫌われる","爱摆架子的上司会被下属讨厌","N3","eggrolls;N3中频;原词性:他動1;音调:⓪"
"右折","うせつ","右拐，右转弯","名词/サ变动词","右折禁止","禁止右转","N3","eggrolls;N3低频;原词性:名・自動3;音调:⓪"
"入社","にゅうしゃ","进入公司，就职","名词/サ变动词","入社試験","入职考试","N3","eggrolls;N3高频;原词性:名・自動3;音调:⓪"
"複数","ふくすう","复数，有两个以上","名词","「人々」は「人」の複数です","“人々”是“人”的复数","N3","eggrolls;N3中频;原词性:名;音调:③"
"地下","ちか","地下；阴间","名词","スタジオは地下にあります","摄影棚在地下","N3","eggrolls;N3中频;原词性:名;音调:①②"
"直後","ちょくご","紧接在……后面","名词","帰宅直後に雨が降った","刚回到家就下起了雨","N3","eggrolls;N3低频;原词性:名;音调:①"
"下線","かせん","下划线","名词","下線を引く","画下划线","N3","eggrolls;N3低频;原词性:名;音调:⓪"
"それなのに","それなのに","尽管那样……还是……","接续词","彼はあまり勉強しない。それなのに、成績は優秀だ","他不怎么学习，但是成绩很好","N3","eggrolls;N3低频;原词性:接;音调:③"
"訓練","くんれん","训练，培训","名词/サ变动词","避難訓練","防灾演习","N3","eggrolls;N3中频;原词性:名・他動3;音调:①"
"平和","へいわ","和睦，和平","名词/な形容词","世界の平和を守る","守卫世界和平","N3","eggrolls;N3低频;原词性:名・ナ形;音调:⓪"
"感覚","かんかく","感觉，知觉；感受","名词","寒さで手の感覚がなくなる","冷到手都没知觉了","N3","eggrolls;N3中频;原词性:名;音调:⓪"
"伝言","でんごん","传话，带口信","名词/サ变动词","他の人に伝言してもらう","让别人捎口信","N3","eggrolls;N3中频;原词性:名・他動3;音调:⓪"
"相変わらず","あいかわらず","依然，照旧","连语","相変わらず忙しい","每天还是很忙","N3","eggrolls;N3低频;原词性:連語;音调:⓪"
"判子","はんこ","印章，图章","名词","判子を押す","盖章","N3","eggrolls;N3中频;原词性:名;音调:③"
"ふと","ふと","不经意，无意中，突然","副词","ふと思い出す","突然想起","N3","eggrolls;N3中频;原词性:副;音调:①⓪;オノマトペ"
"申し込み","もうしこみ","提议；申请，报名，预约","名词","試合の申し込みをする","提议进行比赛","N3","eggrolls;N3高频;原词性:名;音调:⓪"
"受け取り","うけとり","收，领；收据","名词","受け取り済み","收讫","N3","eggrolls;N3中频;原词性:名;音调:⓪"
"くたびれる","くたびれる","疲劳；穿旧，用旧","动词/自动词/一段动词","15キロも走ったのでほんとうにくたびれてしまった","跑了十五公里路，真累坏了","N3","eggrolls;N3中频;原词性:自動2;音调:④"
"同様","どうよう","同样，一样","名词/な形容词","以下同様","以下相同","N3","eggrolls;N3低频;原词性:名・ナ形;音调:⓪"
"取り込む","とりこむ","拿进来；采用，采纳","动词/他动词/五段动词","洗濯物を取り込む","把晒的衣服拿进来","N3","eggrolls;N3中频;原词性:他動1;音调:⓪③"
"あふれる","あふれる","溢出；很多","动词/自动词/一段动词","風呂の水があふれる","澡盆里的水漫出来","N3","eggrolls;N3中频;原词性:自動2;音调:③"
"おやつ","おやつ","点心，零食","名词","おやつにビスケットを食べる","吃饼干当午后的点心","N3","eggrolls;N3低频;原词性:名;音调:②"
"はう","はう","爬","动词/自动词/五段动词","蛇がはう","蛇爬行","N3","eggrolls;N3低频;原词性:自動1;音调:①"
"姪","めい","侄女，外甥女","名词","甥","侄子，外甥","N3","eggrolls;N3中频;原词性:名;音调:⓪①"
"もっとも","もっとも","话虽如此，可是；合理，正当","な形容词/接续词","たんぱく質は体にいい。もっとも、摂りすぎてはいけない","蛋白质对身体有益，但也不能摄入过量","N3","eggrolls;N3低频;原词性:ナ形・接;音调:③①"
"ろうそく","ろうそく","蜡烛","名词","ろうそくを点す","点亮蜡烛","N3","eggrolls;N3中频;原词性:名;音调:③④"
"ゆでる","ゆでる","煮，烫；焯水","动词/他动词/一段动词","ゆで卵をゆでる","煮水煮蛋","N3","eggrolls;N3低频;原词性:他動2;音调:②"
"くわえる","くわえる","衔，叼","动词/他动词/一段动词","タバコをくわえる","叼香烟","N3","eggrolls;N3中频;原词性:他動2;音调:⓪③"
"かじる","かじる","咬，啃；略懂一二","动词/他动词/五段动词","りんごをかじる","啃苹果","N3","eggrolls;N3低频;原词性:他動1;音调:②"
"あらゆる","あらゆる","所有的，一切的","连体词","あらゆるところを探す","找遍所有地方","N3","eggrolls;N3低频;原词性:連体;音调:③"
"アレルギー","アレルギー","过敏","名词","ぼくは魚アレルギーだ","我吃鱼就过敏","N3","eggrolls;N3中频;原词性:名;音调:②③;カタカナ語"
"ガイドブック","ガイドブック","指导手册，指南","名词","海外旅行のガイドブック","海外旅行指南","N3","eggrolls;N3中频;原词性:名;音调:④;カタカナ語"
"カルチャー","カルチャー","文化","名词","カルチャーショック","文化冲击","N3","eggrolls;N3低频;原词性:名;音调:①;カタカナ語"
"クイズ","クイズ","竞猜，智力问答","名词","クイズを出す","出智力题","N3","eggrolls;N3中频;原词性:名;音调:①;カタカナ語"
"グランド","グランド","宏大，盛大","接头词","グランドオペラ","大型歌剧","N3","eggrolls;N3低频;原词性:接頭;音调:⓪;カタカナ語"
"コーナー","コーナー","拐角；柜台，专柜；专栏，节目","名词","部屋のコーナーを利用する","利用屋角","N3","eggrolls;N3中频;原词性:名;音调:①;カタカナ語"
"コミュニケーション","コミュニケーション","交流，沟通","名词","コミュニケーション能力","沟通能力","N3","eggrolls;N3中频;原词性:名;音调:④;カタカナ語"
"ゴム","ゴム","橡胶，用橡胶制作的东西","名词","合成ゴム","合成橡胶","N3","eggrolls;N3低频;原词性:名;音调:①;カタカナ語"
"御無沙汰","ごぶさた","好久未见，久疏问候","名词/サ变动词","御無沙汰しております","好久不见了","N3","eggrolls;N3低频;原词性:名・自動3;音调:⓪"
"さらさら","さらさら","沙沙声；流畅地；干燥","副词/な形容词/サ变动词","木の葉のさらさらという音","树叶的沙沙响声","N3","eggrolls;N3低频;原词性:副・ナ形・自動3;音调:①;オノマトペ"
"しつこい","しつこい","浓烈的；纠缠不休的","い形容词","この料理はとてもしつこい","这道菜非常油腻","N3","eggrolls;N3低频;原词性:イ形;音调:③"
"スタンド","スタンド","台，座；看台，观览席","名词","自転車のスタンド","自行车支架","N3","eggrolls;N3低频;原词性:名;音调:⓪;カタカナ語"
"スピーカー","スピーカー","扬声器，扩音器；说话的人","名词","ポータブルスピーカー","便携式音箱","N3","eggrolls;N3低频;原词性:名;音调:②⓪;カタカナ語"
"そっと","そっと","静悄悄地；偷偷地","副词","ドアをそっとしめる","轻轻地关上门","N3","eggrolls;N3高频;原词性:副;音调:⓪;オノマトペ"
"だらしない","だらしない","散漫的，邋遢的；没出息的","い形容词","だらしない格好をする","邋遢打扮；衣冠不整","N3","eggrolls;N3中频;原词性:イ形;音调:④"
"チャレンジ","チャレンジ","挑战","名词/サ变动词","日本語能力試験にチャレンジする","挑战日语能力考试","N3","eggrolls;N3高频;原词性:名・自動3;音调:②①;カタカナ語"
"トレーニング","トレーニング","训练，锻炼","名词/サ变动词","筋肉のトレーニング","锻炼肌肉","N3","eggrolls;N3中频;原词性:名・自動3;音调:②;カタカナ語"
"ハイキング","ハイキング","远足，徒步旅行","名词","ハイキングに行く","去远足","N3","eggrolls;N3低频;原词性:名;音调:①;カタカナ語"
"バレエ","バレエ","芭蕾舞","名词","バレエダンサー","芭蕾舞演员","N3","eggrolls;N3低频;原词性:名;音调:①;カタカナ語"
"ヒーター","ヒーター","电热器；取暖装置","名词","ヒーターで湯を沸かす","用电炉烧开水","N3","eggrolls;N3低频;原词性:名;音调:①;カタカナ語"
"ピクニック","ピクニック","郊游，野炊","名词","遠足","远足，郊游","N3","eggrolls;N3中频;原词性:名;音调:①③;カタカナ語"
"ファスナー","ファスナー","拉链","名词","ファスナーを締める","拉上拉锁","N3","eggrolls;N3低频;原词性:名;音调:①;カタカナ語"
"ブーツ","ブーツ","长靴","名词","長靴","雨靴，长靴","N3","eggrolls;N3低频;原词性:名;音调:①;カタカナ語"
"ペットボトル","ペットボトル","塑料瓶","名词","ペットボトルをリユースする","重复使用塑料瓶","N3","eggrolls;N3高频;原词性:名;音调:④;カタカナ語"
"ペンキ","ペンキ","油漆","名词","ペンキを塗り替える","重涂油漆","N3","eggrolls;N3低频;原词性:名;音调:⓪;カタカナ語"
"マイク","マイク","麦克风，话筒","名词","マイクが壊れて使えない","麦克风坏了，无法使用","N3","eggrolls;N3中频;原词性:名;音调:①;カタカナ語"
"もしかしたら","もしかしたら","或许，可能","副词","もしかしたら雨が降るかもしれない","可能要下雨了","N3","eggrolls;N3中频;原词性:副;音调:①"
"ラケット","ラケット","球拍","名词","ラケットのラバーを張り替える","换贴球拍胶面","N3","eggrolls;N3低频;原词性:名;音调:②;カタカナ語"
"レンズ","レンズ","透镜，镜片","名词","カメラのレンズにキャップをはめる","把相机镜头盖盖上","N3","eggrolls;N3低频;原词性:名;音调:①;カタカナ語"
"ロケット","ロケット","火箭，火箭发动机","名词","ロケットを打ち上げる","发射火箭","N3","eggrolls;N3低频;原词性:名;音调:①②;カタカナ語"
"扱う","あつかう","对待；处理，应对；操作","动词/他动词/五段动词","客として扱う","以客相待","N3","eggrolls;N3中频;原词性:他動1;音调:⓪③"
"案","あん","想法，主意；方案","名词","いい案を思いつく","想出一个好点子","N3","eggrolls;N3中频;原词性:名;音调:①"
"慰める","なぐさめる","安慰；抚慰","动词/他动词/一段动词","友だちを慰める","安慰朋友","N3","eggrolls;N3低频;原词性:他動2;音调:④"
"衣服","いふく","衣服，衣裳","名词","衣服を着替える","换衣服","N3","eggrolls;N3低频;原词性:名;音调:①"
"引き出す","ひきだす","抽出，拉出；提取；激发","动词/他动词/五段动词","ウマを小屋から引き出す","把马从马厩里牵出来","N3","eggrolls;N3中频;原词性:他動1;音调:③"
"引っ掛ける","ひっかける","挂；溅上；欺骗","动词/他动词/一段动词","カレンダーを壁に引っ掛ける","把日历挂在墙上","N3","eggrolls;N3低频;原词性:他動2;音调:④"
"延期","えんき","延期，挪后","名词/サ变动词","出発を延期する","延迟出发","N3","eggrolls;N3中频;原词性:名・他動3;音调:⓪"
"応援","おうえん","援助；助威","名词/サ变动词","人手が足りないので応援を頼んだ","因为人手不足，所以请求支援","N3","eggrolls;N3高频;原词性:名・他動3;音调:⓪"
"応接","おうせつ","接待，招待","名词/サ变动词","応接に暇がない","应接不暇","N3","eggrolls;N3低频;原词性:名・自他動3;音调:⓪"
"屋外","おくがい","室外，户外","名词","屋外広告","室外广告","N3","eggrolls;N3低频;原词性:名;音调:②"
"仮定","かてい","假定，假设","名词/サ变动词","事実だと仮定する","假设是事实","N3","eggrolls;N3低频;原词性:名・他動3;音调:⓪"
"回数","かいすう","回数，次数","名词","乗り換えの回数が多い","换乘的次数很多","N3","eggrolls;N3中频;原词性:名;音调:③"
"快晴","かいせい","天空晴朗，大晴天","名词","快晴に恵まれる","遇上大晴天","N3","eggrolls;N3低频;原词性:名;音调:⓪"
"改札","かいさつ","检票","名词/サ变动词","自動改札機","自动检票机","N3","eggrolls;N3中频;原词性:名・自動3;音调:⓪"
"絵の具","えのぐ","绘画颜料","名词","水彩絵の具","水彩颜料","N3","eggrolls;N3低频;原词性:名;音调:⓪"
"絵画","かいが","绘画","名词","絵画を鑑賞する","赏画","N3","eggrolls;N3中频;原词性:名;音调:①"
"開会","かいかい","开会","名词/サ变动词","九時に開会します","九点开会","N3","eggrolls;N3低频;原词性:名・自他動3;音调:⓪"
"確実","かくじつ","确定，确凿","な形容词/名词","確実な証拠","确凿的证据","N3","eggrolls;N3中频;原词性:ナ形・名;音调:⓪"
"覚める","さめる","醒过来；清醒","动词/自动词/一段动词","目が覚めたら十時だった","醒来时已经十点了","N3","eggrolls;N3中频;原词性:自動2;音调:②"
"顎","あご","下巴，下颚","名词","顎髭","络腮胡子","N3","eggrolls;N3低频;原词性:名;音调:②"
"感激","かんげき","感动，激动","名词/サ变动词","観客に感激を与える","给观众带来感动","N3","eggrolls;N3中频;原词性:名・自動3;音调:⓪"
"感心","かんしん","钦佩，佩服","な形容词/名词/サ变动词","彼の我慢強さに感心する","佩服他的忍耐力","N3","eggrolls;N3中频;原词性:ナ形・名・自動3;音调:⓪"
"観客","かんきゃく","观众","名词","この映画は観客を感動させた","这部影片使观众大受感动","N3","eggrolls;N3低频;原词性:名;音调:⓪"
"基づく","もとづく","根据；起因于","动词/自动词/五段动词","法律に基づいて罰する","依法惩处","N3","eggrolls;N3低频;原词性:自動1;音调:③"
"機関","きかん","机关，组织；机械，装置","名词","金融機関","金融机构","N3","eggrolls;N3低频;原词性:名;音调:①②"
"詰まる","つまる","堵塞；塞满；窘迫","动词/自动词/五段动词","下水が詰まる","下水道堵了","N3","eggrolls;N3高频;原词性:自動1;音调:②"
"漁師","りょうし","渔民，渔夫","名词","漁夫","渔夫","N3","eggrolls;N3低频;原词性:名;音调:①"
"教わる","おそわる","向……学习，受教","动词/他动词/五段动词","先輩にやり方を教わる","向前辈学习做法","N3","eggrolls;N3中频;原词性:他動1;音调:⓪"
"響く","ひびく","响，回响；影响","动词/自动词/五段动词","列車の音が響く","列车的声音回响","N3","eggrolls;N3低频;原词性:自動1;音调:②"
"勤め","つとめ","工作，干活","名词","勤めに出る","去上班","N3","eggrolls;N3中频;原词性:名;音调:③"
"型","かた","模型；样式；（老）规矩","名词","…を型にして作る","以……为模型制作","N3","eggrolls;N3低频;原词性:名;音调:②"
"掲示","けいじ","布告，告示","名词/サ变动词","日程を掲示する","公布日期","N3","eggrolls;N3高频;原词性:名・他動3;音调:⓪"
"蛍光灯","けいこうとう","荧光灯，日光灯","名词","私の職場では、節電のため、廊下の蛍光灯を一つおきに外している","我工作的地方为了省电，走廊的萤光灯每隔一盏就拆掉一盏","N3","eggrolls;N3低频;原词性:名;音调:⓪"
"欠点","けってん","缺点","名词","欠点を補う","改正缺点","N3","eggrolls;N3中频;原词性:名;音调:③"
"血圧","けつあつ","血压","名词","血圧を測る","量血压","N3","eggrolls;N3中频;原词性:名;音调:⓪"
"見本","みほん","样品；榜样","名词","見本を取り寄せる","索取样品","N3","eggrolls;N3中频;原词性:名;音调:⓪"
"現れ","あらわれ","显露，体现","名词","幸せの現れ","幸福的体现","N3","eggrolls;N3中频;原词性:名;音调:⓪④③"
"呼びかける","よびかける","打招呼；呼吁，号召","动词/他动词/一段动词","遠くの人に大声で呼びかける","向远处的人大声呼喊","N3","eggrolls;N3中频;原词性:他動2;音调:④"
"語学","ごがく","外语；语言学","名词","語学教師","外语教师","N3","eggrolls;N3高频;原词性:名;音调:①⓪"
"工夫","くふう","设法；动脑筋","名词/サ变动词","工夫をこらす","想方设法","N3","eggrolls;N3高频;原词性:名・他動3;音调:⓪"
"校庭","こうてい","校园，操场","名词","校庭で野球をする","在操场上打棒球","N3","eggrolls;N3低频;原词性:名;音调:⓪"
"構わない","かまわない","没关系；不在意","连语","どんなに高くても構わない","多贵都没关系","N3","eggrolls;N3低频;原词性:連語;音调:③"
"講演","こうえん","演讲，演说","名词/サ变动词","学会での講演","在学会做的报告","N3","eggrolls;N3高频;原词性:名・自他動3;音调:⓪"
"今にも","いまにも","眼看，就要","副词","今にも泣き出しそうだ","眼看着就要哭出来了","N3","eggrolls;N3高频;原词性:副;音调:①"
"混雑","こんざつ","拥挤，杂乱","名词/サ变动词","大通りは車で混雑している","大马路上车辆拥挤不堪","N3","eggrolls;N3中频;原词性:名・自動3;音调:①"
"採る","とる","采；录用","动词/他动词/五段动词","血を採る","抽血","N3","eggrolls;N3低频;原词性:他動1;音调:①"
"作物","さくもつ","农作物，庄稼","名词","作物を収穫する","收庄稼","N3","eggrolls;N3低频;原词性:名;音调:②"
"札","さつ","纸币，钞票","名词","札を数える","数钞票","N3","eggrolls;N3低频;原词性:名;音调:⓪"
"姿勢","しせい","姿势；态度，姿态","名词","姿勢を正して本を読む","端正姿势看书","N3","eggrolls;N3高频;原词性:名;音调:⓪"
"思いつく","おもいつく","忽然想出；想起","动词/他动词/五段动词","いいアイデアを思いつく","想到一个好主意","N3","eggrolls;N3中频;原词性:他動1;音调:④"
"支払い","しはらい","支付，付款","名词","支払い方法","支付方式","N3","eggrolls;N3中频;原词性:名;音调:⓪"
"旨","むね","中心思想，要点，大意；以……为宗旨","名词","お話の旨はよくわかりました","您说的意思我完全明白了","N3","eggrolls;N3低频;原词性:名;音调:②①"
"持参","じさん","带来，带去","サ变动词/名词","必ず筆記具を持参してください","请务必自带笔来/去","N3","eggrolls;N3中频;原词性:他動3・名;音调:⓪"
"次第","しだい","顺序；情况，缘由","名词","式の次第を掲示する","公布仪式流程","N3","eggrolls;N3高频;原词性:名;音调:⓪"
"自宅","じたく","私宅，自己的房子","名词","週末はたいてい自宅にいる","周末一般都在家","N3","eggrolls;N3高频;原词性:名;音调:⓪"
"湿気","しっけ","湿气，潮气","名词","湿気を防ぐ","防潮","N3","eggrolls;N3低频;原词性:名;音调:⓪③"
"実物","じつぶつ","实物","名词","実物を見てから判断する","见过实物之后再判断","N3","eggrolls;N3中频;原词性:名;音调:⓪"
"斜め","ななめ","倾斜，歪；心情差","名词/な形容词","斜め向かい","斜对面","N3","eggrolls;N3低频;原词性:名・ナ形;音调:②"
"車道","しゃどう","车道","名词","車道を横切る","横穿车道","N3","eggrolls;N3低频;原词性:名;音调:⓪"
"取っ手","とって","把手","名词","引き出しの取っ手","抽屉的拉手","N3","eggrolls;N3低频;原词性:名;音调:③⓪"
"取り上げる","とりあげる","拿起，举起；采纳，受理；没收，征收","动词/他动词/一段动词","受話器を取り上げる","拿起听筒","N3","eggrolls;N3中频;原词性:他動2;音调:⓪④"
"したがって","したがって","因此，因而","接续词","賛成60票、反対55票。したがって本件は可決されました","赞成60票，反对55票。因此本案获得通过","N3","eggrolls;N3高频;原词性:接;音调:⓪③"
"汁","しる","汁液，浆；（味噌）汤","名词","レモンの汁","柠檬汁","N3","eggrolls;N3低频;原词性:名;音调:①"
"勝ち","かち","赢，胜利","名词","勝ちを収める","赢得胜利","N3","eggrolls;N3中频;原词性:名;音调:②"
"少数","しょうすう","少数，数量少","名词","少数派","少数派","N3","eggrolls;N3低频;原词性:名;音调:③"
"上下","じょうげ","上下；上下级","名词/サ变动词","それじゃ上下さかさまだ","那样的话，就上下颠倒了","N3","eggrolls;N3低频;原词性:名・自他動3;音调:①"
"城","しろ","城郭，城堡","名词","日本の城は、ほり、石がき、天守閣などがある","日本的城有护城河、石墙和天守阁等","N3","eggrolls;N3低频;原词性:名;音调:⓪"
"職人","しょくにん","工匠，手工艺人","名词","腕のいい職人","能工巧匠","N3","eggrolls;N3低频;原词性:名;音调:⓪"
"申し訳","もうしわけ","申辩，辩解","名词","申し訳が立たない","对不起","N3","eggrolls;N3高频;原词性:名;音调:⓪"
"申請","しんせい","申请","名词/サ变动词","ビザを申請する","申请签证","N3","eggrolls;N3中频;原词性:名・他動3;音调:⓪"
"芯","しん","芯；核心，中心","名词","鉛筆の芯","铅笔芯","N3","eggrolls;N3低频;原词性:名;音调:①"
"図書","としょ","图书，书籍","名词","図書を出版する","出版书籍","N3","eggrolls;N3高频;原词性:名;音调:①"
"水筒","すいとう","水筒，水壶","名词","水筒を持参する","携带水壶","N3","eggrolls;N3低频;原词性:名;音调:⓪"
"世紀","せいき","世纪","名词","世紀の大発見","本世纪的重大发现","N3","eggrolls;N3中频;原词性:名;音调:①"
"正門","せいもん","正门，前门","名词","正門から入る","从正门进去","N3","eggrolls;N3低频;原词性:名;音调:⓪"
"清潔","せいけつ","干净；纯洁","名词/な形容词","清潔な服装","干净的服装","N3","eggrolls;N3中频;原词性:名・ナ形;音调:⓪"
"清掃","せいそう","清扫，打扫","名词/サ变动词","町を清掃する","清扫街道","N3","eggrolls;N3低频;原词性:名・他動3;音调:⓪"
"生える","はえる","生，长","动词/自动词/一段动词","歯が生える","长牙","N3","eggrolls;N3中频;原词性:自動2;音调:②"
"双子","ふたご","孪生，双胞胎","名词","双子座","（星座）双子座","N3","eggrolls;N3低频;原词性:名;音调:⓪"
"葬式","そうしき","葬礼，丧事","名词","葬式に出る","参加葬礼","N3","eggrolls;N3低频;原词性:名;音调:⓪"
"束","たば","束，捆，把","名词","花束","花束","N3","eggrolls;N3低频;原词性:名;音调:①"
"足跡","あしあと","脚印；踪迹；成就","名词","足跡を残す","留下脚印","N3","eggrolls;N3低频;原词性:名;音调:③"
"続き","つづき","连接情况，接续；续编，后续；接在名词后表示持续或与之相连","名词","文章の続きがよくない","文章连接得不好","N3","eggrolls;N3中频;原词性:名;音调:⓪"
"帯","おび","（和服的）腰带；带状物","名词","帯を結ぶ","系带子","N3","eggrolls;N3低频;原词性:名;音调:①"
"達する","たっする","到达；达到，达成","サ变动词","目的地に達する","到达目的地","N3","eggrolls;N3低频;原词性:自他動3;音调:⓪"
"単純","たんじゅん","单纯，简单；天真","名词/な形容词","仕事が単純でつまらない","工作单调乏味","N3","eggrolls;N3中频;原词性:名・ナ形;音调:⓪"
"地面","じめん","地面；土地","名词","地面に水たまりがある","地面上有水洼","N3","eggrolls;N3中频;原词性:名;音调:①"
"中間","ちゅうかん","中间；中途","名词","緑と黄色の中間の色","介于黄绿之间的颜色","N3","eggrolls;N3中频;原词性:名;音调:⓪"
"虫歯","むしば","蛀牙，龋齿","名词","虫歯を予防する","预防蛀牙","N3","eggrolls;N3中频;原词性:名;音调:⓪"
"朝刊","ちょうかん","晨报，早报","名词","夕刊","晚报","N3","eggrolls;N3低频;原词性:名;音调:⓪"
"眺め","ながめ","眺望的景色，观景","名词","眺めがいい","景致好","N3","eggrolls;N3中频;原词性:名;音调:③"
"直前","ちょくぜん","即将……之前；正前方","名词","試験の直前に","在快要考试之前","N3","eggrolls;N3中频;原词性:名;音调:⓪"
"追い越す","おいこす","超过，赶过","动词/他动词/五段动词","トラックが乗用車を追い越した","卡车超过了小汽车","N3","eggrolls;N3低频;原词性:他動1;音调:③"
"追い抜く","おいぬく","超过","动词/他动词/五段动词","前の車を追い抜く","超车","N3","eggrolls;N3低频;原词性:他動1;音调:③"
"追いつく","おいつく","追上，赶上","动词/自动词/五段动词","前の車に追いつく","追上前面的车","N3","eggrolls;N3低频;原词性:自動1;音调:③"
"停車","ていしゃ","停车","名词/サ变动词","次の駅で停車する","下一站停车","N3","eggrolls;N3中频;原词性:名・自動3;音调:⓪"
"定期","ていき","定期","名词","定期検診","定期检查","N3","eggrolls;N3低频;原词性:名;音调:①"
"定休日","ていきゅうび","固定休息日","名词","火曜を定休日にする","将星期二定作固定休息日","N3","eggrolls;N3低频;原词性:名;音调:③"
"溺れる","おぼれる","溺水；沉溺于","动词/自动词/一段动词","溺れかけている人を助ける","搭救要淹死的人","N3","eggrolls;N3中频;原词性:自動2;音调:⓪"
"展覧","てんらん","展览","サ变动词/名词","書画を展覧する","展览书画","N3","eggrolls;N3中频;原词性:他動3・名;音调:⓪"
"点ける","つける","点燃；打开（电源）","动词/他动词/一段动词","火を点ける","点火","N3","eggrolls;N3低频;原词性:他動2;音调:②"
"逃がす","にがす","放跑；错过","动词/他动词/五段动词","カメを海へ逃してやる","把海龟放回大海","N3","eggrolls;N3低频;原词性:他動1;音调:②"
"道順","みちじゅん","路线","名词","駅まで行く道順","去车站的路线","N3","eggrolls;N3低频;原词性:名;音调:⓪"
"独立","どくりつ","独立","名词/サ变动词","独立宣言を発表する","发表独立宣言","N3","eggrolls;N3低频;原词性:名・自動3;音调:⓪"
"配達","はいたつ","配送，投递","名词/サ变动词","新聞を配達する","送报纸","N3","eggrolls;N3高频;原词性:名・他動3;音调:⓪"
"売り切れ","うりきれ","卖完，售罄","名词","本日売り切れ","今日售罄","N3","eggrolls;N3中频;原词性:名;音调:⓪"
"販売","はんばい","出售，卖","名词/サ变动词","お土産を販売する","卖土特产","N3","eggrolls;N3中频;原词性:名・他動3;音调:⓪"
"否定","ひてい","否定，否认","名词/サ变动词","うわさを否定する","辟谣","N3","eggrolls;N3中频;原词性:名・他動3;音调:⓪"
"飛ばす","とばす","放，抛；飞溅；疾驶；跳过","动词/他动词/五段动词","水を飛ばす","水花四溅","N3","eggrolls;N3低频;原词性:他動1;音调:⓪"
"飛行","ひこう","飞行，在空中航行","名词/サ变动词","夜間飛行","夜间飞行","N3","eggrolls;N3高频;原词性:名・自動3;音调:⓪"
"微妙","びみょう","微妙的","な形容词/名词","微妙な違い","微妙的差别","N3","eggrolls;N3低频;原词性:ナ形・名;音调:⓪"
"付き合い","つきあい","交际，交往","名词","彼は付き合いがいいから誘えば来るだろう","他很喜欢交际，一叫他就会来","N3","eggrolls;N3中频;原词性:名;音调:③⓪"
"負け","まけ","输","名词","負けを認める","认输","N3","eggrolls;N3高频;原词性:名;音调:⓪"
"沸く","わく","烧开；激动，兴奋","动词/自动词/五段动词","風呂が沸く","洗澡水烧热","N3","eggrolls;N3中频;原词性:自動1;音调:⓪"
"分類","ぶんるい","分类","名词/サ变动词","価格によって分類する","依照价格进行分类","N3","eggrolls;N3低频;原词性:名・他動3;音调:⓪"
"方角","ほうがく","方位，方向","名词","北東の方角","东北方向","N3","eggrolls;N3中频;原词性:名;音调:⓪"
"棒","ぼう","棒；直线","名词","棒を立てて目印にする","竖了根棍子作标记","N3","eggrolls;N3低频;原词性:名;音调:⓪"
"吠える","ほえる","叫，吼","动词/自动词/一段动词","犬がワンワンと吠える","狗汪汪叫","N3","eggrolls;N3低频;原词性:自動2;音调:②"
"本来","ほんらい","原本；普通，平常","名词/副词","本来性質のいい人","原本品行良好的人","N3","eggrolls;N3低频;原词性:名・副;音调:①"
"枕","まくら","枕头","名词","頭に枕を当てて寝る","枕着枕头睡觉","N3","eggrolls;N3低频;原词性:名;音调:①"
"名字","みょうじ","姓","名词","名字は林で名前は正男です","姓林，名正男","N3","eggrolls;N3低频;原词性:名;音调:①"
"明かり","あかり","光亮，光线；灯火","名词","蝋燭の明かり","烛光","N3","eggrolls;N3中频;原词性:名;音调:⓪"
"明後日","みょうごにち","后天","名词","一昨日","前天","N3","eggrolls;N3中频;原词性:名;音调:③"
"鳴らす","ならす","使……发出声响","动词/他动词/五段动词","ベルを鳴らす","打铃，敲响铃","N3","eggrolls;N3低频;原词性:他動1;音调:⓪"
"毛布","もうふ","毛毯，毯子","名词","毛布を掛ける","盖上毛毯","N3","eggrolls;N3低频;原词性:名;音调:①"
"目覚まし","めざまし","叫醒，醒来；闹钟","名词","目覚ましにコーヒーを飲む","喝咖啡提神","N3","eggrolls;N3中频;原词性:名;音调:②"
"問い合わせ","といあわせ","询问，打听","名词","製品に関する問い合わせ","有关产品的一些咨询","N3","eggrolls;N3低频;原词性:名;音调:⓪"
"友情","ゆうじょう","友情，友谊","名词","二人の間に友情がめばえる","两人之间萌生了友谊","N3","eggrolls;N3低频;原词性:名;音调:⓪"
"郵送","ゆうそう","邮寄，邮递","名词/サ变动词","推薦状を郵送する","邮寄推荐信","N3","eggrolls;N3中频;原词性:名・他動3;音调:⓪"
"夕日","ゆうひ","夕阳","名词","夕日が沈む","夕阳西下","N3","eggrolls;N3低频;原词性:名;音调:⓪"
"預かる","あずかる","代为保管；担任，管理","动词/他动词/五段动词","貴重品を預かる","代为保管贵重物品","N3","eggrolls;N3高频;原词性:他動1;音调:③"
"預ける","あずける","寄存，委托别人保管","动词/他动词/一段动词","銀行にお金を預ける","把钱存入银行","N3","eggrolls;N3高频;原词性:他動2;音调:③"
"容器","ようき","容器","名词","飲料水を容器に移す","把饮用水倒入容器中","N3","eggrolls;N3中频;原词性:名;音调:①"
"揺れる","ゆれる","摇晃；动摇","动词/自动词/一段动词","吊り橋が揺れる","吊桥摇晃","N3","eggrolls;N3低频;原词性:自動2;音调:⓪"
"陽気","ようき","（宜人的）时节；开朗","名词/な形容词","けっこうな陽気になった","到了温暖宜人的时节","N3","eggrolls;N3低频;原词性:名・ナ形;音调:⓪"
"抑える","おさえる","抑制，限制；镇压","动词/他动词/一段动词","出費を抑える","控制支出","N3","eggrolls;N3低频;原词性:他動2;音调:③②"
"来日","らいにち","访日，来日本","名词/サ变动词","来日公演","来日演出","N3","eggrolls;N3低频;原词性:名・自動3;音调:⓪"
"恋しい","こいしい","想念，爱慕，眷恋","い形容词","故郷が恋しい","想念故乡","N3","eggrolls;N3中频;原词性:イ形;音调:③"
"連れ","つれ","同伴，随从","名词","いい連れがある","有个好伴","N3","eggrolls;N3高频;原词性:名;音调:⓪"
"録音","ろくおん","录音","名词/サ变动词","録音を再生する","放录音","N3","eggrolls;N3低频;原词性:名・他動3;音调:⓪"
"話し合い","はなしあい","商量，协商","名词","話し合いの上で決める","经协商后决定","N3","eggrolls;N3中频;原词性:名;音调:⓪"
"くさい","くさい","有……的味道；……似的","い形容词","酒くさい","酒气重","N3","eggrolls;N3高频;原词性:イ形"
"ごと","ごと","每……","接尾词","試合をするごとに強くなる","每场比赛都变得更强","N3","eggrolls;N3低频;原词性:接尾"
"沿い","ぞい","（接在名词后面）沿着……","造语成分","川沿い","河边，沿岸","N3","eggrolls;N3低频;原词性:造"
"期","き","……时期","名词/造语成分","就職氷河期","就业难的时期","N3","eggrolls;N3低频;原词性:名・造"
"系","けい","……体系；……类型","名词","癒し系","治愈系","N3","eggrolls;N3低频;原词性:名"
"込む","こむ","进入……；充分……","动词/五段动词","風が吹き込む","风吹进来","N3","eggrolls;N3高频;原词性:動1"
"紙","し","……纸；……报纸","造语成分","包装紙","包装纸","N3","eggrolls;N3低频;原词性:造"
"持ち","もち","持有……；……负担（费用等）；（もち）持久性","名词","力持ち","有力气，大力士","N3","eggrolls;N3高频;原词性:名;音调:②"
"帳","ちょう","……本子，……簿","接尾词","電話帳","电话簿","N3","eggrolls;N3低频;原词性:接尾"
"届け","とどけ","（向政府、公司、学校等提出的）申请，登记","名词","欠席届け","请假条","N3","eggrolls;N3高频;原词性:名;音调:③"
"流","りゅう","等级；……做法，……流派","接尾词","一流の品","一级品","N3","eggrolls;N3低频;原词性:接尾"
"アンケート","アンケート","问卷调查","サ变动词/名词","アンケートを実施する","进行问卷调查","N3","eggrolls;N3高频;原词性:他動3・名;音调:①③;カタカナ語"
"炒める","いためる","炒（菜）","动词/他动词/一段动词","野菜を炒める","炒蔬菜","N3","eggrolls;N3低频;原词性:他動2;音调:③"
"お決まり","おきまり","常规，惯例","名词","お決まり文句","陈词老调","N3","eggrolls;N3低频;原词性:名;音调:②⓪"
"からす","からす","乌鸦","名词","からすが鳴く","乌鸦叫","N3","eggrolls;N3低频;原词性:名;音调:①"
"ずきずき","ずきずき","（伤口、头等）一跳一跳地剧痛","副词/サ变动词","虫歯がずきずき痛む","虫牙一跳一跳地疼","N3","eggrolls;N3低频;原词性:副・自動3;音调:①;オノマトペ"
"タイトル","タイトル","标题","名词","タイトルをつける","加标题","N3","eggrolls;N3高频;原词性:名;音调:①⓪;カタカナ語"
"たとえ","たとえ","即使","副词","たとえ雨が降っても、予定通り試合を行う","即使下雨，也按原定计划进行比赛","N3","eggrolls;N3高频;原词性:副;音调:⓪②"
"データ","データ","资料；数据","名词","データを集める","收集资料","N3","eggrolls;N3低频;原词性:名;音调:①⓪;カタカナ語"
"どれだけ","どれだけ","多少；多么地","副词/名词","どれだけの資金が必要なのだろう","需要多少资金呢？","N3","eggrolls;N3中频;原词性:副・名;音调:⓪①"
"なめる","なめる","舔，品尝；经历；轻视；烧光","动词/他动词/一段动词","猫がミルクをなめる","猫舔牛奶","N3","eggrolls;N3低频;原词性:他動2;音调:②"
"なんと","なんと","如何；哎呀；多么，何等","副词/感叹词","これは一体なんとしたことか","这到底是怎么回事？","N3","eggrolls;N3中频;原词性:副・感;音调:①"
"はず","はず","（客观性的）应该；预计；箭尾","名词","司会者の彼女は来るはずだ","她作为主持人，应该会来的","N3","eggrolls;N3高频;原词性:名;音调:⓪"
"ばらばら","ばらばら","凌乱；不统一；圆圆小小的东西掉落的样子","な形容词/副词","いったんばらばらに分解してまた組み立てる","先拆开然后再重新组装","N3","eggrolls;N3中频;原词性:ナ形⓪・副①;音调:①⓪;オノマトペ"
"まして","まして","何况，况且","副词","先生でも解けないのに、まして僕にできるものか","连老师都无法解答，我怎么可能会呢？","N3","eggrolls;N3高频;原词性:副;音调:①⓪"
"もしかすると","もしかすると","或许，说不定","副词","もしかすると彼は来ないかもしれない","也许他不会来","N3","eggrolls;N3低频;原词性:副;音调:①"
"やった","やった","太好了，太棒了","感叹词","やった、合格した！","太棒了，合格了！","N3","eggrolls;N3高频;原词性:感;音调:③"
"ラッシュ","ラッシュ","高峰；高峰时间","名词","帰省ラッシュ","返乡潮","N3","eggrolls;N3低频;原词性:名;音调:①;カタカナ語"
"リーダー","リーダー","领导人，指导者","名词","テニスクラブのリーダーを務める","当网球俱乐部的负责人","N3","eggrolls;N3低频;原词性:名;音调:①;カタカナ語"
"衣類","いるい","衣服","名词","冬物衣類","冬天的衣服","N3","eggrolls;N3低频;原词性:名;音调:①"
"育ち","そだち","发育，成长情况；成长环境，家教","名词","育ちの早い木","长得快的树","N3","eggrolls;N3中频;原词性:名;音调:③"
"一〜","ひと〜","一个……，整个……；稍微……","接头词","一晩","一夜","N3","eggrolls;N3低频;原词性:接頭"
"一段","いちだん","一级，一段，一层；（いちだんと）更加，格外","副词/名词","一段ずつ階段を上がる","一级一级地上楼梯","N3","eggrolls;N3低频;原词性:副・名;音调:⓪"
"運び","はこび","搬运；进行，进展；（お運び）来、去的尊敬语","名词","荷物の運びを手伝う","帮助搬东西","N3","eggrolls;N3中频;原词性:名;音调:⓪"
"応答","おうとう","应答，回答","名词/サ变动词","速やかに応答する","迅速作出回答","N3","eggrolls;N3中频;原词性:名・自他動3;音调:⓪"
"押し込む","おしこむ","硬塞；闯入（抢劫或偷盗）","动词/自他动词/五段动词","乗客を無理に押し込む","把乘客硬挤进去","N3","eggrolls;N3低频;原词性:自他動1;音调:③"
"開館","かいかん","建馆；开馆","名词/サ变动词","新しい映画館が開館する","新电影院开业","N3","eggrolls;N3低频;原词性:名・自他動3;音调:⓪"
"割り引く","わりびく","打折；低估，打折扣","动词/他动词/五段动词","割り引いて安く売る","打折便宜卖","N3","eggrolls;N3低频;原词性:他動1;音调:③"
"教科","きょうか","课程，教学科目","名词","基礎教科","基础课程","N3","eggrolls;N3中频;原词性:名;音调:①"
"驚き","おどろき","惊讶，震惊","名词","内心の驚きを隠せない","掩饰不住内心的惊恐","N3","eggrolls;N3高频;原词性:名;音调:⓪④"
"襟","えり","衣领，领子","名词","襟つきのシャツ","有领衬衫","N3","eggrolls;N3中频;原词性:名;音调:②"
"近道","ちかみち","近道；捷径","名词/サ变动词","学校への近道","上学的近路","N3","eggrolls;N3低频;原词性:名・自動3;音调:②"
"愚痴","ぐち","抱怨，发牢骚","名词","愚痴をこぼす","发牢骚","N3","eggrolls;N3中频;原词性:名;音调:⓪"
"月間","げっかん","一个月期间","名词","彼は月間のベストエンプロイーに選ばれた","他被选为月度最佳员工","N3","eggrolls;N3低频;原词性:名;音调:⓪"
"原","はら","平原；荒原","名词","この原は自然が豊かだ","这个原野自然丰富","N3","eggrolls;N3中频;原词性:名;音调:①"
"後半","こうはん","后半，后半部分","名词","後半戦","下半场","N3","eggrolls;N3中频;原词性:名;音调:⓪"
"後方","こうほう","后方","名词","敵は後方から攻撃してきた","敌人从后方攻击","N3","eggrolls;N3低频;原词性:名;音调:⓪"
"交通機関","こうつうきかん","交通工具","名词","大雪で交通機関が止まる","大雪导致交通工具停运","N3","eggrolls;N3低频;原词性:名;音调:⑤⑥"
"向き合う","むきあう","面对面","动词/自动词/五段动词","向き合って話をする","面对面交谈","N3","eggrolls;N3低频;原词性:自動1;音调:③"
"好物","こうぶつ","喜欢的东西，爱吃的东西","名词","大好物","特别喜欢的东西","N3","eggrolls;N3低频;原词性:名;音调:①"
"行き","ゆき","去；方向","名词","行きは地下鉄で、帰りはバスだ","去时坐地铁，回来坐公交车","N3","eggrolls;N3低频;原词性:名;音调:⓪"
"仕様","しよう","方式，方法；规格","名词","住所がわからないので連絡の仕様がない","因为不知道住处，所以无法联系","N3","eggrolls;N3高频;原词性:名;音调:⓪"
"市長","しちょう","市长","名词","市長は市の発展に貢献している","市长为城市发展做出了贡献","N3","eggrolls;N3低频;原词性:名;音调:②①"
"施設","しせつ","设施，设备","名词/サ变动词","公共施設","公共设施","N3","eggrolls;N3低频;原词性:名・他動3;音调:①②"
"次第に","しだいに","渐渐，缓缓地","副词","次第に冬が近づく","冬天的脚步渐近","N3","eggrolls;N3高频;原词性:副;音调:⓪"
"取り付ける","とりつける","安装；达成（协议）","动词/他动词/一段动词","クーラーを取り付ける","安装空调","N3","eggrolls;N3中频;原词性:他動2;音调:④⓪"
"受け入れ","うけいれ","（物）收进；承认，答应；（人）接纳，收容","名词","図書の受け入れ","（图书馆）书籍的收进","N3","eggrolls;N3中频;原词性:名;音调:⓪"
"受け付ける","うけつける","受理（申请）；（不）接受（意见等）；（不）吸收（营养、水分等）","动词/他动词/一段动词","参加申し込みは常時受け付ける","随时接受报名","N3","eggrolls;N3中频;原词性:他動2;音调:④⓪"
"重ねて","かさねて","再三，反复","副词","重ねてお願いいたします","再次恳请","N3","eggrolls;N3中频;原词性:副;音调:⓪"
"助け","たすけ","帮助，救助","名词","助けを求める","求助","N3","eggrolls;N3中频;原词性:名;音调:③"
"小声","こごえ","小声，低声","名词","小声で話す","小声说话","N3","eggrolls;N3低频;原词性:名;音调:⓪"
"小銭","こぜに","零钱；少量资金","名词","小銭入れ","零钱包","N3","eggrolls;N3中频;原词性:名;音调:⓪"
"焦げる","こげる","（烧）焦","动词/自动词/一段动词","ご飯が焦げる","饭烧焦了","N3","eggrolls;N3低频;原词性:自動2;音调:②"
"上る","のぼる","上升；上溯；高达；被提出","动词/自动词/五段动词","階段を上る","上楼梯","N3","eggrolls;N3高频;原词性:自動1;音调:⓪"
"情けない","なさけない","可鄙的；可悲的","い形容词","動物をいじめるのは情けない人のすることだ","虐待动物是没良心的人才会做的事","N3","eggrolls;N3低频;原词性:イ形;音调:④"
"進み","すすみ","进度；进步，长进","名词","仕事の進みが速い","工作进度快","N3","eggrolls;N3中频;原词性:名;音调:⓪"
"進行","しんこう","前进；进展；发展","名词/サ变动词","列車が進行する","列车行驶","N3","eggrolls;N3中频;原词性:名・自他動3;音调:⓪"
"人間関係","にんげんかんけい","人际关系","名词","職場の人間関係が重要だ","职场的人际关系很重要","N3","eggrolls;N3中频;原词性:名;音调:⑤"
"数〜","すう〜","数个……，若干……","接头词","数か国","几个国家","N3","eggrolls;N3低频;原词性:接頭;音调:①"
"正","せい","正确；正式；正好；正数","名词/接头词","正邪を決する","辨明是非","N3","eggrolls;N3低频;原词性:名・接頭;音调:①"
"生み出す","うみだす","（産）生出；（生）生产出，创造","动词/他动词/五段动词","カエルがたまごを産み出す","青蛙产卵","N3","eggrolls;N3低频;原词性:他動1;音调:③"
"選択肢","せんたくし","选项","名词","ほかに選択肢はない","没有其他选择","N3","eggrolls;N3高频;原词性:名;音调:④③"
"待ち合わせ","まちあわせ","等待，会面","名词","駅で待ち合わせをする","在车站会合","N3","eggrolls;N3中频;原词性:名;音调:⓪"
"貸し出す","かしだす","出借；放贷","动词/他动词/五段动词","図書館が本を貸し出す","图书馆借出书籍","N3","eggrolls;N3中频;原词性:他動1;音调:③"
"退学","たいがく","退学","名词/サ变动词","退学処分","退学处分","N3","eggrolls;N3低频;原词性:名・自動3;音调:⓪"
"段","だん","台阶；段落；等级","名词","石の段","石阶","N3","eggrolls;N3中频;原词性:名;音调:①"
"中旬","ちゅうじゅん","中旬","名词","7月の中旬に休暇を取る予定だ","计划在7月中旬休假","N3","eggrolls;N3低频;原词性:名;音调:⓪"
"注","ちゅう","注释，注解","名词/造语成分","注をつける","标明注解，加注","N3","eggrolls;N3高频;原词性:名・造;音调:⓪"
"跳ぶ","とぶ","跳，跳起，跳跃","动词/自动词/五段动词","カエルがぴょんぴょんと跳んでいる","青蛙跳来跳去","N3","eggrolls;N3低频;原词性:自動1;音调:⓪"
"発券","はっけん","发行（车票、入场券、钞票等）","サ变动词/名词","発券機","售票机","N3","eggrolls;N3低频;原词性:他動3・名;音调:⓪"
"沸騰","ふっとう","沸腾；情绪激昂","名词/サ变动词","湯が沸騰した","水开了","N3","eggrolls;N3中频;原词性:名・自動3;音调:⓪"
"聞き取り","ききとり","听取；听懂","名词","聞き取り調査","询问调查","N3","eggrolls;N3低频;原词性:名;音调:⓪"
"聞き上手","ききじょうず","擅长倾听（的人）","名词/な形容词","聞き上手の人は話もうまい","善于倾听的人也擅长说话","N3","eggrolls;N3低频;原词性:名・ナ形;音调:③"
"閉館","へいかん","闭馆；停业","名词/サ变动词","図書館は午後5時に閉館する","图书馆五点关门","N3","eggrolls;N3低频;原词性:名・自他動3;音调:⓪"
"返る","かえる","返还；恢复；（对方）回应","动词/自动词/五段动词","貸した本が返る","借的书还回来了","N3","eggrolls;N3高频;原词性:自動1;音调:①"
"放題","ほうだい","随便，自由","接尾词","食べ放題","自助餐，畅吃","N3","eggrolls;N3低频;原词性:接尾;音调:①"
"未〜","み〜","未……，没……","接头词","未解決","尚未解决","N3","eggrolls;N3低频;原词性:接頭"
"目覚める","めざめる","睡醒；觉醒；醒悟","动词/自动词/一段动词","朝早く目覚める","早晨很早醒来","N3","eggrolls;N3低频;原词性:自動2;音调:③"
"夕焼け","ゆうやけ","晚霞","名词","西の空が夕焼けで赤くなった","西边天空被晚霞映红","N3","eggrolls;N3低频;原词性:名;音调:⓪"
"用品","ようひん","用品","名词","スポーツ用品","体育用品","N3","eggrolls;N3中频;原词性:名;音调:⓪"
"要は","ようは","重要的是，总之","副词","要は本人の努力次第だ","关键是看本人的努力了","N3","eggrolls;N3高频;原词性:副;音调:①"
"翌〜","よく〜","翌，下一个……","接头词","翌10日","翌十日；翌日十日","N3","eggrolls;N3低频;原词性:接頭;音调:⓪①"
"来〜","らい〜","下个……","接头词","来年度","下一年度","N3","eggrolls;N3低频;原词性:接頭"
"裏側","うらがわ","背面，反面","名词","カードの裏側に署名してください","请在卡片的背面签名","N3","eggrolls;N3低频;原词性:名;音调:⓪"
"アイドル","アイドル","偶像","名词","アイドル歌手","偶像歌星，偶像派歌手","N3","eggrolls;N3低频;原词性:名;音调:①;カタカナ語"
"アップ","アップ","提高；特写","名词/サ变动词","人件費のアップ","人事费用的增加","N3","eggrolls;N3低频;原词性:名・自他動3;音调:①;カタカナ語"
"いざ","いざ","来吧，走吧；一旦……","感叹词/副词","いざ行かん","出发吧！","N3","eggrolls;N3中频;原词性:感・副;音调:①"
"ウイルス","ウイルス","病毒","名词","ウイルス性の肝炎","病毒性肝炎","N3","eggrolls;N3低频;原词性:名;音调:②;カタカナ語"
"オリエンテーション","オリエンテーション","新人培训；入学说明会","名词","新入生に対するオリエンテーション","为新生举办的说明会","N3","eggrolls;N3低频;原词性:名;音调:⑤;カタカナ語"
"かい","かい","价值，意义","名词","かいがある","值得，有价值","N3","eggrolls;N3中频;原词性:名;音调:⓪"
"ジャズ","ジャズ","爵士音乐","名词","ジャズシンガー","爵士乐歌手","N3","eggrolls;N3低频;原词性:名;音调:①;カタカナ語"
"だぶだぶ","だぶだぶ","肥大；（液体）满","副词/サ变动词/な形容词","だぶだぶとしたズボン","肥大的裤子","N3","eggrolls;N3低频;原词性:副①・自動3①・ナ形⓪;音调:①⓪;オノマトペ"
"チェンジ","チェンジ","改变；交换","名词/サ变动词","イメージチェンジ","改变形象","N3","eggrolls;N3低频;原词性:名・自他動3;音调:①;カタカナ語"
"デザート","デザート","餐后甜点","名词","デザートは何になさいますか","请问您要什么甜点？","N3","eggrolls;N3中频;原词性:名;音调:②;カタカナ語"
"はらはら","はらはら","（小而轻的东西）飘落；（眼泪）扑簌扑簌；捏一把汗，心惊胆战","副词/サ变动词","サクラの花びらがはらはらと散る","樱花花瓣纷纷飘落","N3","eggrolls;N3低频;原词性:副・自動3;音调:①;オノマトペ"
"はるか","はるか","（时间或距离）相隔很远；（程度）相差很大","な形容词/副词","はるかに広がるブドウ畑","一望无际的葡萄园","N3","eggrolls;N3低频;原词性:ナ形・副;音调:①"
"ぶらぶら","ぶらぶら","（悬空的东西）摇晃⓪；闲逛①；无所事事①","副词/サ变动词","ちょうちんが風でぶらぶらしている","灯笼在风中摇曳","N3","eggrolls;N3低频;原词性:副・自動3;音调:①⓪;オノマトペ"
"フロント","フロント","正面，前方；服务台","名词","フロントガラス","挡风玻璃","N3","eggrolls;N3中频;原词性:名;音调:⓪;カタカナ語"
"ぺこぺこ","ぺこぺこ","凹陷①；肚子饿⓪；点头哈腰①","副词/な形容词/サ变动词","ボールがぺこぺこになる","球瘪了","N3","eggrolls;N3中频;原词性:副・ナ形・自動3;音调:①⓪;オノマトペ"
"ベスト","ベスト","最好；全力","名词","そのやり方がベストだ","那个办法最好","N3","eggrolls;N3低频;原词性:名;音调:①;カタカナ語"
"メッセージ","メッセージ","（电脑、手机等的）信息；留言；致辞","名词","未読メッセージ","未读消息","N3","eggrolls;N3高频;原词性:名;音调:①;カタカナ語"
"レッスン","レッスン","课程","名词","ピアノのレッスンに通う","去学习钢琴","N3","eggrolls;N3高频;原词性:名;音调:①;カタカナ語"
"レンジ","レンジ","烤炉","名词","電子レンジ","微波炉","N3","eggrolls;N3中频;原词性:名;音调:①;カタカナ語"
"ロープ","ロープ","绳索，钢缆","名词","クライマーたちはロープで結ばれていた","登山运动员们用绳索绑在一起","N3","eggrolls;N3低频;原词性:名;音调:①;カタカナ語"
"意地","いじ","心术；固执，倔强；贪婪","名词","意地が悪い","心术不正","N3","eggrolls;N3低频;原词性:名;音调:②"
"一様","いちよう","一样，同样；平常，普通","名词/な形容词","経営者は一様に利益を求めている","经营者都一样追求着利益","N3","eggrolls;N3低频;原词性:名・ナ形;音调:⓪"
"引き落とす","ひきおとす","（从银行账户）支付，转账；拉倒，拽倒","动词/他动词/五段动词","電気料金を引き落とす","从银行账户扣除电费","N3","eggrolls;N3低频;原词性:他動1;音调:④"
"円高","えんだか","日元升值","名词","円高が進んで1ドルが100円をきった","日元不断升值，一美元已不到一百日元","N3","eggrolls;N3低频;原词性:名;音调:⓪"
"何かと","なにかと","这个那个地，各方面","副词","このごろは何かと忙しい","近来这个那个地忙得很","N3","eggrolls;N3低频;原词性:副;音调:①⓪"
"介護","かいご","护理","名词/サ变动词","寝たきりの父を介護する","护理卧病在床的父亲","N3","eggrolls;N3低频;原词性:名・他動3;音调:①"
"開店","かいてん","开门营业；开设店铺","名词/サ变动词","あの書店は九時に開店する","那家书店九点开门","N3","eggrolls;N3高频;原词性:名・自他動3;音调:⓪"
"久しい","ひさしい","（相隔）好久，许久","い形容词","久しく会っていない","好久没见","N3","eggrolls;N3高频;原词性:イ形;音调:③"
"休める","やすめる","使休息；使平静","动词/他动词/一段动词","疲れた体を休めてください","请让疲惫的身体休息一下","N3","eggrolls;N3低频;原词性:他動2;音调:③"
"駆ける","かける","快跑，飞奔","动词/自动词/一段动词","全力で駆ける","全力奔跑","N3","eggrolls;N3低频;原词性:自動2;音调:②"
"空き地","あきち","空地","名词","子供たちは空き地で遊んでいる","孩子们在空地上玩耍","N3","eggrolls;N3低频;原词性:名;音调:⓪"
"うつろ","うつろ","空洞；空虚，发呆","な形容词","木の幹の内部が腐ってうつろになる","树干内部腐烂变成空洞","N3","eggrolls;N3低频;原词性:ナ形;音调:⓪"
"経る","へる","经过；经历","动词/自动词/一段动词","すでに五年を経る","已经过了五年","N3","eggrolls;N3高频;原词性:自動2;音调:①"
"建て直す","たてなおす","重建（经济、公司等）","动词/他动词/五段动词","古い家を建て直す","重建旧房子","N3","eggrolls;N3低频;原词性:他動1;音调:④⓪"
"古本","ふるほん","旧书","名词","古本屋","旧书店","N3","eggrolls;N3低频;原词性:名;音调:⓪"
"行い","おこない","行为；品行","名词","行いを慎む","谨言慎行","N3","eggrolls;N3低频;原词性:名;音调:⓪"
"左利き","ひだりきき","左撇子","名词","左利きだが右手も利く","虽然是左撇子，但右手也很灵活","N3","eggrolls;N3低频;原词性:名;音调:⓪"
"再生","さいせい","起死回生；重新做人；回收，再生；（音频、视频）重新播放","名词/サ变动词","再生の思いがする","觉得死里逃生","N3","eggrolls;N3低频;原词性:名・自他動3;音调:⓪"
"最新","さいしん","最新","名词","最新の技術","最新技术","N3","eggrolls;N3高频;原词性:名;音调:⓪"
"察する","さっする","判断，察觉；体谅，谅察","サ变动词","津波の危険を察して避難命令を出した","察觉到海啸的危险，发出避难命令","N3","eggrolls;N3中频;原词性:他動3;音调:⓪③"
"支給","しきゅう","支付","名词/サ变动词","従業員にボーナスを支給する","向员工支付奖金","N3","eggrolls;N3中频;原词性:名・他動3;音调:⓪"
"時差","じさ","时差","名词","海外旅行で時差ボケになる","海外旅行时差倒不过来","N3","eggrolls;N3低频;原词性:名;音调:①"
"芝","しば","（草坪的）草","名词","公園の芝でピクニックをする","在公园的草地上野餐","N3","eggrolls;N3低频;原词性:名;音调:⓪"
"取り囲む","とりかこむ","包围，环绕","动词/他动词/五段动词","警官が現場を取り囲む","警察包围现场","N3","eggrolls;N3低频;原词性:他動1;音调:④⓪"
"振り込み","ふりこみ","存入，汇","名词","家賃の振り込みを忘れてしまった","忘了转房租了","N3","eggrolls;N3中频;原词性:名;音调:⓪"
"身近","みぢか","切身；身边","名词/な形容词","大自然を身近に感じる","切身感受大自然","N3","eggrolls;N3中频;原词性:名・ナ形;音调:⓪"
"人体","じんたい","人体","名词","人体解剖","人体解剖","N3","eggrolls;N3低频;原词性:名;音调:①"
"切り替える","きりかえる","切换，转换","动词/他动词/一段动词","考え方を切り替える","转换思维方式","N3","eggrolls;N3低频;原词性:他動2;音调:④③⓪"
"大空","おおぞら","天空","名词","大空へはばたく","振翅飞向天空","N3","eggrolls;N3低频;原词性:名;音调:③"
"朝市","あさいち","早市","名词","ここに朝市が立つ","这里有早市","N3","eggrolls;N3低频;原词性:名;音调:②③"
"定食","ていしょく","套餐","名词","日替わり定食","每日不同的套餐","N3","eggrolls;N3低频;原词性:名;音调:⓪"
"当たり","あたり","打中，命中；中（奖）；头绪","名词","（射撃で）弾の当たりが悪い","子弹打得不准","N3","eggrolls;N3中频;原词性:名;音调:⓪"
"内緒","ないしょ","秘密","名词","友達に内緒の話をする","和朋友说悄悄话","N3","eggrolls;N3低频;原词性:名;音调:③⓪"
"日夜","にちや","昼夜；不分昼夜","名词/副词","日夜勉学にいそしむ","日以继夜地努力学习","N3","eggrolls;N3低频;原词性:名・副;音调:①②"
"避難","ひなん","避难","名词/サ变动词","避難訓練","避难训练","N3","eggrolls;N3低频;原词性:名・自動3;音调:①"
"貧乏","びんぼう","贫穷","な形容词/名词/サ变动词","貧乏な家に生まれる","出生于贫苦的家庭","N3","eggrolls;N3低频;原词性:ナ形・名・自動3;音调:①"
"不調","ふちょう","状态不佳；（谈判等）破裂","名词/な形容词","体の不調を訴える","（感觉）身体不适","N3","eggrolls;N3中频;原词性:名・ナ形;音调:⓪"
"文書","ぶんしょ","文书，文件，公文","名词","外交文書","外交公文","N3","eggrolls;N3低频;原词性:名;音调:①"
"返却","へんきゃく","归还，退还","名词/サ变动词","返却期限","归还期限","N3","eggrolls;N3低频;原词性:名・他動3;音调:⓪"
"歩行","ほこう","步行","名词/サ变动词","道路の右側を歩行する","靠道路右侧行走","N3","eggrolls;N3低频;原词性:名・自動3;音调:⓪"
"無効","むこう","无效；（法律上）不生效","名词/な形容词","契約が無効となる","合同无效","N3","eggrolls;N3低频;原词性:名・ナ形;音调:⓪"
"名札","なふだ","名牌，姓名牌","名词","会議で名札を付ける","在会议上佩戴名牌","N3","eggrolls;N3低频;原词性:名;音调:⓪"
"高","たか","……数量；……金额；……升值","名词/接尾词","生産高","生产量","N3","eggrolls;N3低频;原词性:名・接尾;音调:②①"
"合わせ","あわせ","使……一致，配合；比赛","名词","顔合わせ","碰头，碰面","N3","eggrolls;N3高频;原词性:名"
"士","し","具有特别资格的人","接尾词","弁護士","律师","N3","eggrolls;N3低频;原词性:接尾"
"止め","とめ","止住，停止，禁止","名词","通行止め","禁止通行","N3","eggrolls;N3高频;原词性:名"
"アクセス","アクセス","访问，存取；交通","名词/サ变动词","データベースにアクセスする","访问数据库","N3","eggrolls;N3中频;原词性:名・自動3;音调:①;カタカナ語"
"インフォメーション","インフォメーション","情报，信息","名词","インフォメーションセンター","问讯处","N3","eggrolls;N3低频;原词性:名;音调:④;カタカナ語"
"お返し","おかえし","回礼；报复；找回的钱","名词","これ、先日のお返しです","这是前几天的回礼","N3","eggrolls;N3中频;原词性:名;音调:⓪"
"カウンセラー","カウンセラー","心理咨询师","名词","カウンセラーと話し合う","和心理医生商谈","N3","eggrolls;N3低频;原词性:名;音调:②①;カタカナ語"
"サイト","サイト","地点；网站","名词","キャンプサイト","露营地","N3","eggrolls;N3中频;原词性:名;音调:⓪①;カタカナ語"
"したたか","したたか","坚强不屈，难对付；大量，猛烈","な形容词/副词","したたかなやつ","难对付的家伙","N3","eggrolls;N3中频;原词性:ナ形・副;音调:⓪②"
"ダビング","ダビング","（电影，广播等）复制，拷贝","サ变动词/名词","テープをダビングする","拷贝录音带","N3","eggrolls;N3低频;原词性:他動3・名;音调:⓪;カタカナ語"
"ちなみに","ちなみに","顺便，附带","接续词","ちなみに言う","附带说一下","N3","eggrolls;N3中频;原词性:接;音调:⓪"
"パパ","パパ","（儿童用语）爸爸","名词","ママ","（儿童用语）妈妈；女掌柜，妈妈桑","N3","eggrolls;N3低频;原词性:名;音调:①;カタカナ語"
"ビジネスマン","ビジネスマン","（特指事务类工作的）职员；实业家","名词","ビジネスマン必携の書","商务人士必备之书","N3","eggrolls;N3低频;原词性:名;音调:④;カタカナ語"
"プレー","プレー","游戏；比赛；戏剧","名词/サ变动词","プレールーム","游戏室","N3","eggrolls;N3低频;原词性:名・自動3;音调:②;カタカナ語"
"プレーヤー","プレーヤー","运动员；（音乐）播放器；表演者","名词","一流プレーヤーの仲間入りを果たす","跻身于一流选手的行列","N3","eggrolls;N3低频;原词性:名;音调:②⓪;カタカナ語"
"ホスト","ホスト","（男）主人；男招待","名词","ホスト役を務める","当东道主；作东","N3","eggrolls;N3高频;原词性:名;音调:①;カタカナ語"
"ミリ","ミリ","毫，千分之一","名词","精度をミリ単位で計る","以毫米为单位测量精度","N3","eggrolls;N3低频;原词性:名;音调:①;カタカナ語"
"もしかして","もしかして","如果；可能","副词","もしかして電車に遅れたのかもしれない","可能错过了电车","N3","eggrolls;N3中频;原词性:副;音调:①"
"所以","ゆえん","原因，理由","名词","学生の学生たる所以は勉学にはげむところにある","学生之所以为学生，在于勤奋学习","N3","eggrolls;N3中频;原词性:名;音调:⓪"
"ルーム","ルーム","屋子，房间","名词","ワンルームマンション","一室公寓，单间公寓","N3","eggrolls;N3低频;原词性:名;音调:①;カタカナ語"
"牡蠣","かき","牡蛎，生蚝","名词","牡蠣フライ","炸牡蛎","N3","eggrolls;N3低频;原词性:名;音调:①"
"下記","かき","以下，如下","名词","下記の通りに進める","按照下文进行","N3","eggrolls;N3低频;原词性:名;音调:①"
"会費","かいひ","会费","名词","このクラブの会費は月に2000円です","这个俱乐部的会费是每月2000日元","N3","eggrolls;N3中频;原词性:名;音调:⓪"
"株式","かぶしき","股份制；股票","名词","株式会社を設立する","成立股份公司","N3","eggrolls;N3低频;原词性:名;音调:②"
"慣れ","なれ","习惯，习惯化","名词","慣れからくる油断","因习惯化而麻痹大意","N3","eggrolls;N3高频;原词性:名;音调:②"
"球場","きゅうじょう","棒球场","名词","球場で野球の試合が行われた","在棒球场进行了一场棒球比赛","N3","eggrolls;N3低频;原词性:名;音调:⓪"
"共","とも","一起，共同；一共；都","名词/接尾词","苦楽を共にする","同甘共苦","N3","eggrolls;N3高频;原词性:名・接尾;音调:⓪①"
"蛍光","けいこう","荧光","名词","蛍光灯","荧光灯；日光灯","N3","eggrolls;N3低频;原词性:名;音调:⓪"
"決まって","きまって","一定，总是","副词","雨の日は、決まって遅れてくる学生がいる","一到雨天，总有学生迟到","N3","eggrolls;N3低频;原词性:副;音调:⓪"
"結び","むすび","结，系；结束，结尾；饭团","名词","友情の結びを深める","加深友谊的纽带","N3","eggrolls;N3低频;原词性:名;音调:⓪"
"厳禁","げんきん","严禁","サ变动词/名词","校内での喫煙は厳禁です","校内禁止吸烟","N3","eggrolls;N3低频;原词性:他動3・名;音调:⓪"
"後日","ごじつ","日后；事后","名词","後日改めてお伺いします","日后再来拜访","N3","eggrolls;N3中频;原词性:名;音调:①⓪"
"合わせて","あわせて","（合）共计；（併）同时","连语","入場者合わせて50万人","入场人数共计50万人次","N3","eggrolls;N3高频;原词性:連語;音调:②"
"最上","さいじょう","最上面；最高，最好","名词","ビルの最上階","大楼顶楼","N3","eggrolls;N3低频;原词性:名;音调:⓪"
"策","さく","策划，谋略","名词","万全の策を講じる","寻求万全之策","N3","eggrolls;N3低频;原词性:名;音调:①②"
"勝者","しょうしゃ","胜者，胜利的人","名词","勝者には賞金が与えられる","获胜者将得到奖金","N3","eggrolls;N3中频;原词性:名;音调:①"
"上空","じょうくう","上空，高空","名词","飛行機が関東の上空を飛んでいる","飞机正在关东地区的上空飞行","N3","eggrolls;N3低频;原词性:名;音调:⓪"
"上場","じょうじょう","（经济）上市；上演","名词/サ变动词","上場企業","上市公司","N3","eggrolls;N3低频;原词性:名・他動3;音调:⓪"
"新型","しんがた","新型","名词","新型のスマートフォンが人気を集めている","新型智能手机受到了大家的欢迎","N3","eggrolls;N3低频;原词性:名;音调:⓪"
"水族館","すいぞくかん","水族馆","名词","子どもたちは水族館に行くのをとても楽しみにしている","孩子们非常期待去水族馆","N3","eggrolls;N3低频;原词性:名;音调:③④"
"扇子","せんす","折扇，扇子","名词","扇子であおぐ","扇扇子","N3","eggrolls;N3低频;原词性:名;音调:⓪"
"前方","ぜんぽう","前面，前方","名词","前方に進む","向前方进发","N3","eggrolls;N3低频;原词性:名;音调:⓪"
"早朝","そうちょう","早晨","名词","早朝の公園は静かで空気が清々しい","清晨的公园静谧而空气清新","N3","eggrolls;N3低频;原词性:名;音调:⓪"
"大雪","おおゆき","大雪","名词","大雪で交通が麻痺した","大雪导致交通瘫痪","N3","eggrolls;N3中频;原词性:名;音调:⓪"
"投げ捨てる","なげすてる","扔掉，丢弃；（把做了一半的工作等）丢在一边","动词/他动词/一段动词","ゴミを道に投げ捨てるのは良くない","在路上乱扔垃圾是不好的","N3","eggrolls;N3低频;原词性:他動2;音调:④⓪"
"動的","どうてき","具有动感的，生动的","な形容词","動的に表現する","生动地表现","N3","eggrolls;N3中频;原词性:ナ形;音调:⓪"
"入門","にゅうもん","入门；拜师","名词/サ变动词","哲学入門","哲学入门","N3","eggrolls;N3中频;原词性:名・自動3;音调:⓪"
"美術","びじゅつ","美术","名词","現代美術","现代美术","N3","eggrolls;N3高频;原词性:名;音调:①"
"不要","ふよう","不需要；没用","名词/な形容词","この情報は不要だ","这个信息是不需要的","N3","eggrolls;N3高频;原词性:名・ナ形;音调:⓪"
"保育","ほいく","保育（婴幼儿）","名词/サ变动词","彼女は保育士として働いている","她作为保育师工作","N3","eggrolls;N3低频;原词性:名・他動3;音调:①⓪"
"万人","ばんにん","万人，大众","名词","この映画は万人に愛されている","这部电影受到了大众的喜爱","N3","eggrolls;N3中频;原词性:名;音调:⓪③"
"気になる","きになる","担心；有意，有心，想要；在意","成句","息子の行く末がたいへん気になる","非常担心儿子的将来","N3","eggrolls;N3高频;原词性:成句"
"件名","けんめい","（电子邮件的）标题；（从某一特定角度分类的）项目名","名词","メールの件名","邮件标题","N3","eggrolls;N3中频;原词性:名;音调:⓪"
"交通費","こうつうひ","交通费","名词","交通費を支給する","发交通费","N3","eggrolls;N3中频;原词性:名;音调:③"
"掃除機","そうじき","吸尘器","名词","掃除機をかける","用吸尘器清扫","N3","eggrolls;N3中频;原词性:名;音调:③"
"当","とう","这个，那个，当","名词/造语成分","当店","本店","N3","eggrolls;N3低频;原词性:名・造"
"付き","つき","附着；燃烧；运气","名词","付きの悪い粘着テープ","黏性不强的胶带","N3","eggrolls;N3中频;原词性:名;音调:②"
"ついては","ついては","因而，因此","接续词","審議会を開きます。ついては午後一時までに御参集ください","将召开审议会。请于下午一点前到场","N3","eggrolls;N3低频;原词性:接;音调:①"
"察し","さっし","体察，理解，体会","名词","お察しのとおり","如您所料","N3","eggrolls;N3中频;原词性:名;音调:⓪"
"左折","させつ","左转，左拐弯","名词/サ变动词","二つ目の信号を左折する","在第二个红绿灯处左转","N3","eggrolls;N3低频;原词性:名・自動3;音调:⓪"
"屋内","おくない","室内，屋内","名词","屋内運動場","室内运动场","N3","eggrolls;N3低频;原词性:名;音调:②"
"用具","ようぐ","用具，工具","名词","運動用具","运动器材","N3","eggrolls;N3低频;原词性:名;音调:⓪①"
"たんす","たんす","衣橱，衣柜","名词","冬物をたんすにしまう","把冬天的衣服收进衣柜里","N3","eggrolls;N3中频;原词性:名;音调:⓪"
"入試","にゅうし","入学考试","名词","大学入試","大学入学考试；高考","N3","eggrolls;N3低频;原词性:名;音调:⓪"
"変人","へんじん","古怪的人，怪人，异常的人","名词","変人扱いされる","被当作古怪的人看待","N3","eggrolls;N3低频;原词性:名;音调:⓪"
"いとも","いとも","非常，十分，很","副词","いとも簡単にやってのけた","轻而易举地完成","N3","eggrolls;N3中频;原词性:副;音调:①"
"チャーハン","チャーハン","炒饭","名词","五目炒飯","什锦炒饭","N3","eggrolls;N3低频;原词性:名;音调:①"
"身につける","みにつける","穿在身上；学习并掌握（知识、习惯及技能等）","成句","ネックレスを身につける","戴项链","N3","eggrolls;N3低频;原词性:成句"
"伝う","つたう","顺，沿","动词/自动词/五段动词","涙がほおを伝って流れる","泪水从脸颊滑落","N3","eggrolls;N3中频;原词性:自動1;音调:⓪"
"掛け合う","かけあう","互相搭话；相互泼；交涉，谈判","动词/自他动词/五段动词","声を掛け合う","互相打招呼","N3","eggrolls;N3低频;原词性:自他動1;音调:⓪③"
"同じく","おなじく","同，又；同样地","副词/接续词","卒業生A、同じくB、同じくC","毕业生A，同B，同C","N3","eggrolls;N3中频;原词性:副・接;音调:②"
"数日","すうじつ","（二、三天到五、六天之间）几天，数日","名词","数日前","前几天","N3","eggrolls;N3低频;原词性:名;音调:⓪"
"中でも","なかでも","尤其，其中尤以……","副词","今学期は成績が悪い、中でも数学がひどい","这学期的成绩不好，其中尤其数学最差","N3","eggrolls;N3中频;原词性:副;音调:①"
"起き上がる","おきあがる","起来，站起来，爬起来","动词/自动词/五段动词","転んで、すぐには起き上がれない","跌倒了，一时爬不起来","N3","eggrolls;N3低频;原词性:自動1;音调:⓪④"
"誘い","さそい","邀请；引诱；劝诱","名词","誘いを受ける","接受邀请","N3","eggrolls;N3中频;原词性:名;音调:⓪"
"眠り","ねむり","睡觉，睡眠","名词","浅い眠り","浅睡","N3","eggrolls;N3中频;原词性:名;音调:⓪"
"翌朝","よくあさ","第二天早晨，次晨","名词","翌朝は大雪だった","第二天早上下起了大雪","N3","eggrolls;N3低频;原词性:名;音调:⓪"
"北海道","ほっかいどう","北海道","名词","北海道へ旅行する","去北海道旅行","N3","eggrolls;N3低频;原词性:名;音调:③"
"図書室","としょしつ","图书室","名词","図書室で勉強した","在图书室学习","N3","eggrolls;N3低频;原词性:名;音调:②"
"開閉","かいへい","开关，开闭","名词/サ变动词","扉を開閉する","开门和关门","N3","eggrolls;N3低频;原词性:名・自他動3;音调:⓪"
"多め","おおめ","多一些，略多些","名词/な形容词","カルシウムを多めにとる","多补点钙","N3","eggrolls;N3中频;原词性:名・ナ形;音调:⓪③"
"交通事故","こうつうじこ","交通事故，车祸","名词","交通事故に遭う","遭遇交通事故","N3","eggrolls;N3中频;原词性:名;音调:⑤"
"アイス","アイス","冰；冰激凌","名词","アイスティー","冰红茶","N3","eggrolls;N3高频;原词性:名;音调:①;カタカナ語"
"新聞紙","しんぶんし","报纸；旧报纸","名词","新聞紙で弁当箱を包む","用报纸把便当盒包起来","N3","eggrolls;N3低频;原词性:名;音调:③"
"芸術家","げいじゅつか","艺术家","名词","それによって感じたものを音楽や絵で表すことのできる人が、芸術家なのではないでしょうか","能够将这种感觉用音乐或绘画表现出来的人，不就是艺术家吗？","N3","eggrolls;N3低频;原词性:名;音调:⓪"
"一回り","ひとまわり","一周，一圈；十二年，一轮","名词/サ变动词","朝近くの公園を一回り散歩する","早晨在附近的公园溜达一圈","N3","eggrolls;N3低频;原词性:名・自動3;音调:②③"
"飲食店","いんしょくてん","饭馆，餐厅","名词","飲食店を経営する","经营餐饮店","N3","eggrolls;N3中频;原词性:名;音调:③④"
"木の実","このみ","果实；坚果","名词","竿で木の実を打ち落とす","用竿子打落树上的果实","N3","eggrolls;N3低频;原词性:名;音调:①"
"愛着","あいちゃく","留恋，依依难舍，难以忘怀","名词","母校に愛着を感じる","对母校感到留恋","N3","eggrolls;N3低频;原词性:名;音调:⓪"
"音量","おんりょう","音量","名词","音量をしぼる","把音量调小","N3","eggrolls;N3低频;原词性:名;音调:⓪③"
"とんとん","とんとん","顺利进行，毫无阻碍的样子；轻轻连续敲击的声音","副词","宿題がとんとんかたづく","作业顺利完成","N3","eggrolls;N3中频;原词性:副;音调:⓪③①;オノマトペ"
"館内","かんない","馆内","名词","館内を清掃する","对馆内进行清扫","N3","eggrolls;N3低频;原词性:名;音调:①"
"マット","マット","蹭鞋垫；（体操）垫子，厚垫；垫子地板","名词","マットを敷く","铺上垫子","N3","eggrolls;N3低频;原词性:名;音调:①;カタカナ語"
"腹痛","ふくつう","腹痛","名词","腹痛のため学校を休む","因肚子痛而请假不去上学","N3","eggrolls;N3低频;原词性:名;音调:⓪"
"煮物","にもの","煮（的菜），炖菜","名词","煮物に味付けをする","给炖菜调味","N3","eggrolls;N3低频;原词性:名;音调:⓪"
"来す","きたす","引起，造成，招致","动词/他动词/五段动词","不便を来す","造成不便","N3","eggrolls;N3低频;原词性:他動1;音调:⓪②"
"カウンセリング","カウンセリング","心理咨询","名词","カウンセリングを受ける","接受心理咨询","N3","eggrolls;N3低频;原词性:名;音调:②⓪①;カタカナ語"
"組み立て","くみたて","构造，结构；组装","名词","文の組み立て方がおかしい","句子结构不自然","N3","eggrolls;N3中频;原词性:名;音调:⓪"
"リュックサック","リュックサック","背包，（登山）背囊","名词","リュックサックを背負う","背背包","N3","eggrolls;N3低频;原词性:名;音调:④;カタカナ語"
"消費者","しょうひしゃ","消费者，用户","名词","農産物は地方から都会の消費者に送られる","农产品从产地送到都市的消费者手上","N3","eggrolls;N3中频;原词性:名;音调:③"
"開場","かいじょう","开门，入场","名词/サ变动词","事故で開場が遅れた","由于事故入场时间推迟了","N3","eggrolls;N3低频;原词性:名・自動3;音调:⓪"
"酵素","こうそ","酵素，酶","名词","消化酵素","酵母","N3","eggrolls;N3低频;原词性:名;音调:①"
"緑地","りょくち","绿地，公园","名词","大都市の緑地化計画を進める","推进大城市的绿化计划","N3","eggrolls;N3低频;原词性:名;音调:⓪①"
"網棚","あみだな","行李架","名词","荷物を網棚に載せる","把行李放到行李架上","N3","eggrolls;N3低频;原词性:名;音调:⓪"
"言い方","いいかた","说法","名词","言い方に気をつける","注意说话方式","N3","eggrolls;N3中频;原词性:名;音调:⓪"
"捜す","さがす","寻找，搜查（不见的东西）","动词/他动词/五段动词","警察が踏み込んで容疑者の家を捜す","警察破门而入搜查嫌疑人的家","N3","eggrolls;N3低频;原词性:他動1;音调:⓪"
"具体的","ぐたいてき","具体的，实际","な形容词","具体的な計画はまだ立っていない","具体计划尚未拟定","N3","eggrolls;N3中频;原词性:ナ形;音调:⓪"
"自分自身","じぶんじしん","自己","名词","自分自身の問題","自身的问题","N3","eggrolls;N3中频;原词性:名;音调:④"
"積極的","せっきょくてき","积极的","な形容词","積極的にボランティア活動をする","积极参与志愿者活动","N3","eggrolls;N3高频;原词性:ナ形;音调:⓪"
"一般的","いっぱんてき","一般的","な形容词","一般的に言って親の方に問題がある","一般来说，问题出在父母身上","N3","eggrolls;N3中频;原词性:ナ形;音调:⓪"
"朝食","ちょうしょく","早餐","名词","七時に朝食をとる","七点吃早饭","N3","eggrolls;N3中频;原词性:名;音调:⓪"
"なぜなら","なぜなら","因为，原因是","接续词","なぜなら、電車がおくれているからだ","因为电车误点了","N3","eggrolls;N3低频;原词性:接"
"言い返す","いいかえす","顶嘴，还口","动词/他动词/五段动词","負けずに強く言い返した","不服输地回嘴","N3","eggrolls;N3中频;原词性:他動1;音调:③"
"生まれ変わる","うまれかわる","转生；新生，脱胎换骨","动词/自动词/五段动词","今度は鳥に生まれ変わりたい","下次想转生成鸟","N3","eggrolls;N3低频;原词性:自動1;音调:⑤"
"急ぎ","いそぎ","急，急忙，急迫","名词","急ぎの用事ができた","突然有急事","N3","eggrolls;N3中频;原词性:名;音调:③"
"繰り返し","くりかえし","反复，重复","副词/名词","繰り返しの部分をもう一度歌う","重复的部分再唱一次","N3","eggrolls;N3中频;原词性:副・名;音调:⓪"
"政治家","せいじか","政治家","名词","彼はなかなかの政治家だ","他是一位相当出色的政治家","N3","eggrolls;N3低频;原词性:名;音调:⓪"
"同席","どうせき","同席，在座","名词/サ变动词","有名な作家と同席する","与知名作家同席","N3","eggrolls;N3低频;原词性:名・自動3;音调:⓪"
"数回","すうかい","（三四次、五六次）数回，数次","名词","1000万円を数回にわたって支払った","分数次支付了一千万日元","N3","eggrolls;N3低频;原词性:名;音调:⓪①"
"リビング","リビング","生活；（「リビングルーム」の略）客厅","名词","リビング用品","生活用品","N3","eggrolls;N3中频;原词性:名;音调:①;カタカナ語"
"訊ねる","たずねる","（以强硬的语气）询问","动词/他动词/一段动词","警察に訊ねられる","被警察盘问","N3","eggrolls;N3中频;原词性:他動2;音调:③"
"羊","ひつじ","绵羊","名词","羊の毛を刈る","剪羊毛","N3","eggrolls;N3低频;原词性:名;音调:⓪"
"ロック","ロック","锁；岩石；摇滚（乐）","サ变动词/名词","電子ロック／パンクロック","电子锁／朋克摇滚","N3","eggrolls;N3中频;原词性:他動3・名;音调:①;カタカナ語;原词性:名"
"ジャケット","ジャケット","夹克衫，短上衣","名词","実はおとといスーツのジャケット汚しちゃって、今クリーニングに出しているんです","其实前天我不小心弄脏了西装外套，现在正在送洗","N3","eggrolls;N3中频;原词性:名;音调:①②⓪;カタカナ語"
"ストーリー","ストーリー","故事，小说；情节，结构","名词","ラブストーリー","爱情故事","N3","eggrolls;N3中频;原词性:名;音调:②;カタカナ語"
"飼い主","かいぬし","饲养主","名词","飼い主のいない猫","无主的猫","N3","eggrolls;N3低频;原词性:名;音调:①②"
"家庭教師","かていきょうし","家庭教师，家教","名词","家庭教師について勉強する","跟家教学习","N3","eggrolls;N3低频;原词性:名;音调:④"
"坂道","さかみち","坡道，斜坡","名词","急な坂道を登る","爬上陡坡","N3","eggrolls;N3中频;原词性:名;音调:②"
"ライオン","ライオン","狮子","名词","ライオンがほえる","狮子吼叫","N3","eggrolls;N3中频;原词性:名;音调:⓪;カタカナ語"
"一位","いちい","首位；一位","名词","一位を占める","居首位","N3","eggrolls;N3低频;原词性:名;音调:②"
"それだけ","それだけ","那种程度；相应的","副词","それだけできればじゅうぶんだ","只要能做到那样就足够了","N3","eggrolls;N3中频;原词性:副;音调:⓪"
"かき混ぜる","かきまぜる","搅拌，混合","动词/他动词/一段动词","セメントをかき混ぜる","搅拌水泥","N3","eggrolls;N3低频;原词性:他動2;音调:⓪④"
"生活費","せいかつひ","生活费","名词","いなかは都会より生活費がかからない","在乡下生活比城里省钱","N3","eggrolls;N3低频;原词性:名;音调:③④"
"閉店","へいてん","关门，打烊；歇业，倒闭","名词/サ变动词","六時に閉店する","晚上六点打烊","N3","eggrolls;N3中频;原词性:名・自他動3;音调:⓪"
"一泊","いっぱく","一宿，住一夜","名词/サ变动词","一泊料金は税込みで1万円","一宿的费用含税一万日元","N3","eggrolls;N3低频;原词性:名・自動3;音调:⓪"
"銀座","ぎんざ","（东京）银座；繁华街","名词","特に印象に残ったのは、新宿や銀座などの、いつもは車でいっぱいの大都会の道を走ることの気持ちよさだった","其中最让我印象深刻的，就是奔驰在平时总是堵车的新宿和银座等大都市道路上的快感","N3","eggrolls;N3低频;原词性:名;音调:⓪"
"小麦粉","こむぎこ","面粉","名词","小麦粉をこねる","揉面粉","N3","eggrolls;N3低频;原词性:名;音调:⓪"
"焼きそば","やきそば","炒面","名词","五目焼きそば","什锦炒面","N3","eggrolls;N3中频;原词性:名;音调:⓪"
"段ボール","だんぼーる","瓦楞纸，硬纸板","名词","段ボール箱","纸板箱","N3","eggrolls;N3中频;原词性:名;音调:③"
"車椅子","くるまいす","轮椅","名词","電動車椅子","电动轮椅","N3","eggrolls;N3低频;原词性:名;音调:③"
"ドーナツ","ドーナツ","甜甜圈","名词","朝食はドーナツにコーヒーだった","早饭是甜甜圈和咖啡","N3","eggrolls;N3低频;原词性:名;音调:①;カタカナ語"
"トースト","トースト","烤面包（片），吐司","サ变动词/名词","トースト1枚","一片吐司","N3","eggrolls;N3低频;原词性:他動3・名;音调:⓪①;カタカナ語"
"観光地","かんこうち","观光景点，旅游胜地","名词","僕は観光地に行くより、地図を持って、自分の知らない町を歩くのが好きなんだ","比起去观光景点，我更喜欢拿着地图，在自己不熟悉的城镇里漫步","N3","eggrolls;N3中频;原词性:名;音调:③"
"町内","ちょうない","街道里","名词","町内活動","街道活动","N3","eggrolls;N3中频;原词性:名;音调:①"
"ソーセージ","ソーセージ","香肠，红肠，腊肠","名词","ポークソーセージ","猪肉香肠","N3","eggrolls;N3低频;原词性:名;音调:①③;カタカナ語"
"結集","けっしゅう","集结，集聚，集中","名词/サ变动词","彼らは総力を結集して難局に当たった","他们集结全部力量应付了困难局面","N3","eggrolls;N3低频;原词性:名・自他動3;音调:⓪"
"フライ","フライ","（西餐的）油炸食品","名词","牡蠣フライ","炸牡蛎","N3","eggrolls;N3中频;原词性:名;音调:⓪;カタカナ語"
"レタス","レタス","莴苣，生菜","名词","焼肉をレタスにくるんで食べる","用生菜包着烤肉吃","N3","eggrolls;N3低频;原词性:名;音调:①;カタカナ語"
"空き家","あきや","空房","名词","あの家はいま空き家になっている","那所房子现在空着","N3","eggrolls;N3低频;原词性:名;音调:⓪"
"山村","さんそん","山村","名词","雪に閉ざされて孤絶した山村","大雪封山、与世隔绝的山村","N3","eggrolls;N3低频;原词性:名;音调:⓪"
"朝焼け","あさやけ","朝霞","名词","朝焼けは雨、夕焼けは晴れ","朝霞雨，晚霞晴；朝霞不出门，晚霞行千里","N3","eggrolls;N3低频;原词性:名;音调:⓪"
"洋菓子","ようがし","西点，西式点心","名词","ケーキ、プディング、クッキー、ビスケット、チョコレートなどは洋菓子です","蛋糕，布丁，曲奇，饼干，巧克力等都是西式点心","N3","eggrolls;N3低频;原词性:名;音调:③"
"山登り","やまのぼり","爬山，登山","名词","健康のために山登りをする","为了健康去爬山","N3","eggrolls;N3中频;原词性:名;音调:③"
"言葉遊び","ことばあそび","语言游戏","名词","言葉遊びを使って面白いサービスをしている","利用文字游戏提供有趣的服务","N3","eggrolls;N3低频;原词性:名;音调:④"
"白菜","はくさい","白菜，大白菜","名词","白菜の漬物","腌白菜","N3","eggrolls;N3低频;原词性:名;音调:②③"
"クリップ","クリップ","夹子；曲别针","名词","書類をクリップで留める","用曲别针夹住文件","N3","eggrolls;N3中频;原词性:名;音调:②①;カタカナ語"
"鳥類","ちょうるい","鸟类","名词","獣類と鳥類","兽类和鸟类","N3","eggrolls;N3低频;原词性:名;音调:①"
"孵る","かえる","孵化","动词/自动词/五段动词","カエルの卵が孵った","青蛙的卵孵化了","N3","eggrolls;N3低频;原词性:自動1;音调:①"
"呼びかけ","よびかけ","招呼，呼唤；号召，呼吁","名词","一人の呼び掛けで大勢が集まる","一个人的号召聚集起很多人","N3","eggrolls;N3中频;原词性:名;音调:⓪"
"スパゲッティ","スパゲッティ","意大利面（条）","名词","スパゲッティナポリタン","拿坡里意大利面","N3","eggrolls;N3中频;原词性:名;音调:③;カタカナ語"
"シャーベット","シャーベット","果子露冰激凌，果冰","名词","リンゴシャーベット","苹果汁冰激凌","N3","eggrolls;N3低频;原词性:名;音调:①;カタカナ語"
"不用","ふよう","不需要，没用","な形容词/名词","それはもう不用です","那个已经没用了","N3","eggrolls;N3低频;原词性:ナ形・名;音调:⓪"
"機長","きちょう","（飞机的）机长","名词","機長は最後のフライトを終えて退職した","机长结束最后一趟飞行后退休了","N3","eggrolls;N3低频;原词性:名;音调:①②"
"ブック","ブック","书","名词","ガイドブック","旅行指南；参考手册","N3","eggrolls;N3中频;原词性:名;音调:①;カタカナ語"
"例文","れいぶん","例句","名词","辞書の例文","词典例句","N3","eggrolls;N3低频;原词性:名;音调:⓪"
"サイクリング","サイクリング","自行车旅行","名词","郊外へサイクリングに出かける","骑自行车去郊游","N3","eggrolls;N3低频;原词性:名;音调:①;カタカナ語"
"ホチキス","ホチキス","订书机","名词","ホチキスで書類をとじる","用钉书器装订文件","N3","eggrolls;N3中频;原词性:名;音调:①;カタカナ語"
"休館","きゅうかん","停止开放","名词/サ变动词","美術館の休館日","美术馆休馆日","N3","eggrolls;N3低频;原词性:名・自他動3;音调:⓪"
"話し上手","はなしじょうず","能说会道（的人）","名词/な形容词","店のご主人が話し上手で、いつも楽しい話を聞かせてくれるんです","店老板很健谈，总是说些有趣的事情给我听","N3","eggrolls;N3低频;原词性:名・ナ形;音调:④"
"個人差","こじんさ","个体差异","名词","体力には個人差がある","体力因人而异","N3","eggrolls;N3低频;原词性:名;音调:②"
"部員","ぶいん","成员，队员","名词","野球部の部員","棒球社的成员","N3","eggrolls;N3低频;原词性:名;音调:⓪①"
"売れ残る","うれのこる","卖剩下，滞销","动词/自动词/五段动词","大量のハクサイが売れ残った","大量的白菜滞销了","N3","eggrolls;N3低频;原词性:自動1;音调:④"
"散らし","ちらし","传单","名词","特売のチラシを配る","派发特卖传单","N3","eggrolls;N3中频;原词性:名;音调:⓪"
"気にする","きにする","关心，介意，在乎","成句","世間の評判を気にする","在意世间的评价","N3","eggrolls;N3低频;原词性:成句"
"感情的","かんじょうてき","感情的，非理智的，感情用事的","な形容词","感情的になりやすい","容易情绪化","N3","eggrolls;N3中频;原词性:ナ形;音调:⓪"
"実際的","じっさいてき","实际，实际上","な形容词","実際的な人","务实的人","N3","eggrolls;N3低频;原词性:ナ形;音调:⓪"
"経済的","けいざいてき","经济方面的；节约的，节省的","な形容词","経済的な理由で大学を中退する","因经济原因大学中途退学","N3","eggrolls;N3低频;原词性:ナ形;音调:⓪"
"はあ","はあ","（稍微郑重地表示赞同对方的话）是；（反问或惊讶）啊","感叹词","はあ、かしこまりました","是，知道了","N3","eggrolls;N3中频;原词性:感"
"遅れ","おくれ","晚点","名词","5分遅れで到着する","晚五分钟到","N3","eggrolls;N3高频;原词性:名;音调:⓪"
"諦め","あきらめ","断念，死心","名词","諦めがつく","死心，想开","N3","eggrolls;N3中频;原词性:名;音调:⓪④"
"中級","ちゅうきゅう","中级，中等","名词","中級英語","中级英语","N3","eggrolls;N3中频;原词性:名;音调:⓪"
"持ち運び","もちはこび","搬运，携带","名词","持ち運びに便利なノートパソコン","方便携带的笔记本电脑","N3","eggrolls;N3低频;原词性:名;音调:⓪"
"ついている","ついている","运气好，走运","成句","君はついているね","你运气真好","N3","eggrolls;N3中频;原词性:成句"
"さ","さ","（接在形容词词干后构成名词）表示其程度和状态","接尾词","大きさ","大小","N3","eggrolls;N3低频;原词性:接尾"
"仲良く","なかよく","和睦，亲密","副词","仲良く暮らす","和睦相处","N3","eggrolls;N3中频;原词性:副;音调:①"
"思われる","おもわれる","表示从现场的证据和状况中自然而然得出的判断或预测","连语","景気は徐々に回復してきていると言われるが、私には一時的な現象のように思われる","虽然有人说经济正在逐渐复苏，但在我看来这似乎只是暂时的现象","N3","eggrolls;N3中频;原词性:連語"
"それを","それを","尽管如此，然而","接续词","君はいらないと言った。それを今頃返せだなんて","你说你不需要。现在却又说要还给你","N3","eggrolls;N3低频;原词性:接"
"中には","なかには","在众多之中有一些","连语","中にはいいのもある","其中也有不错的","N3","eggrolls;N3高频;原词性:連語"
"ぶらんこ","ぶらんこ","秋千","名词","ぶらんこをこぐ","荡秋千","N3","eggrolls;N3低频;原词性:名;音调:②①"
"移り住む","うつりすむ","迁居","动词/自动词/五段动词","彼は東京から地方へ移り住んだ","他从东京搬到了乡下","N3","eggrolls;N3低频;原词性:自動1;音调:④"
"古着","ふるぎ","旧衣服，二手衣服","名词","古着屋","二手衣店","N3","eggrolls;N3低频;原词性:名;音调:⓪③"
"調べ物","しらべもの","调查，搜集信息","名词","図書館で調べ物をする","在图书馆查资料","N3","eggrolls;N3低频;原词性:名;音调:⓪"
"翌週","よくしゅう","下周，翌周","名词","会議は翌週に延期された","会议延期到下周了","N3","eggrolls;N3中频;原词性:名;音调:⓪"
"話し声","はなしごえ","说话声，交谈声","名词","会場は話し声でいっぱいだった","会场里满是说话声","N3","eggrolls;N3低频;原词性:名;音调:④"
